DELETE FROM art_pricing;
DELETE FROM art;
DELETE FROM artist;

ALTER TABLE art AUTO_INCREMENT = 1;

##-----------------------------------------------------------------------------------------




INSERT INTO artist (id, name, statement, notes, display)
	VALUES(3, 'peter corbett',
	       '<p class="artist">Peter is a well established Liverpool artist who has exhibited extensively, 
both nationally and internationally (including New York, Barcelona, Sweden, and the 2007 Florence biennale)and been awarded many awards throughout Europe and the USA including
the Vincent Van Gogh award, The Albert Einstein International Academy foundation; honouree in recognition 
for outstanding achievements and the international German art prize.</p>
<p class="artist">"This work has developed from researches into cells, water and organic forms in the 1970s, 
fractal geometry and chaos theory in the 1980s and 1990s. It also tries to convey my experiences during meditation 
and the states of consciousness that accompany it. In 1987 I discovered a technique Ive called double edging 
which more effectively expresses these states. One of my other aims is to reconnect with the underlying reality
 beneath the surface of things perceived in the objective world and to signal a qualitative change to re-establish 
our spiritual roots again."
<p class="artist">"I work predominantly with oil on canvas, using the double edging technique. 
The combination of classical procedures such as glazing, washing etc, with modern, such as alla prima and the double 
edging itself; form a method of working which for me creates a fusion that captures the best of each. Instead of 
being seen as a separation of styles, this creates something new and unexpected."</p>',
	       '<p class="artist">All prints available in a variety of sizes up to 120cm squared</p>',
	       1);

##-----------------------------------------------------------------------------------------


INSERT INTO art (artist, title, media, width, height, image, pricing_info, main_image, image_width, image_height)
	VALUES(3,
	       'trisagion',
	       'oil on board',
	       61,
	       61,
	       'trisagion',
	       'framed original &pound;350',
	       0,
		635,
		 650);

INSERT INTO art_pricing(art, item_number, description, price)
	VALUES(LAST_INSERT_ID(), 'PC104', 'original', 350);

##-----------------------------------------------------------------------------------------


INSERT INTO art (artist, title, media, width, height, image, pricing_info, main_image, image_width, image_height)
	VALUES(3,
	       'elan vital II',
	       'oil on canvas',
	       150,
	       125,
	       'elan vital II',
	       'original &pound;5500',
	       0,
		650,
		 428);

INSERT INTO art_pricing(art, item_number, description, price)
	VALUES(LAST_INSERT_ID(), 'PC106', 'original', 5500);


##-----------------------------------------------------------------------------------------

INSERT INTO art (artist, title, media, width, height, image, pricing_info, main_image, image_width, image_height)
	VALUES(3,
	       'empyrean',
	       'oil on canvas',
	       150,
	       125,
	       'empyrean',
	       'original &pound;5500',
	       0,
		650,
		 428);

INSERT INTO art_pricing(art, item_number, description, price)
	VALUES(LAST_INSERT_ID(), 'PC107-1', 'original', 5500);


##-----------------------------------------------------------------------------------------

INSERT INTO art (artist, title, media, width, height, image, pricing_info, main_image, image_width, image_height)
	VALUES(3,
	       'dreamweaver',
	       'oil on canvas',
	       150,
	       125,
	       'dreamweaver',
	       'original &pound;5500',
	       0,
		650,
		 428);

INSERT INTO art_pricing(art, item_number, description, price)
	VALUES(LAST_INSERT_ID(), 'PC108-1', 'original', 5500);


##-----------------------------------------------------------------------------------------
	       
INSERT INTO art (artist, title, media, width, height, image, pricing_info, main_image, image_width, image_height)
	VALUES(3,
	       'gnosis',
	       'oil on canvas',
	       150,
	       125,
	       'gnosis',
	       'original &pound;5500',
	       0,
		650,
		 428);

INSERT INTO art_pricing(art, item_number, description, price)
	VALUES(LAST_INSERT_ID(), 'PC109-1', 'original', 5500);


##-----------------------------------------------------------------------------------------

INSERT INTO art (artist, title, media, width, height, image, pricing_info, main_image, image_width, image_height)
	VALUES(3,
	       'nozomi',
	       'oil on canvas',
	       150,
	       125,
	       'nozomi',
	       'original &pound;5500',
	       0,
		650,
		 428);

INSERT INTO art_pricing(art, item_number, description, price)
	VALUES(LAST_INSERT_ID(), 'PC111-1', 'original', 5500);


##-----------------------------------------------------------------------------------------

INSERT INTO art (artist, title, media, width, height, image, pricing_info, main_image, image_width, image_height)
	VALUES(3,
	       'pool of life II',
	       'oil on canvas',
	       125,
	       165,
	       'pool of life II',
	       'original &pound;6500',
	       0,
		650,
		 428);

INSERT INTO art_pricing(art, item_number, description, price)
	VALUES(LAST_INSERT_ID(), 'PC112-1', 'original', 6500);


##-----------------------------------------------------------------------------------------


INSERT INTO art (artist, title, media, width, height, image, pricing_info, main_image, image_width, image_height)
	VALUES(3,
	       'amanaska',
	       'oil on canvas',
	       142,
	       112,
	       'amanaska',
	       'original &pound;2200',
	       0,
		650,
		 514);

INSERT INTO art_pricing(art, item_number, description, price)
	VALUES(LAST_INSERT_ID(), 'PC114', 'original', 2200);

##-----------------------------------------------------------------------------------------


INSERT INTO art (artist, title, media, width, height, image, pricing_info, main_image, image_width, image_height)
	VALUES(3,
	       'samvega',
	       'oil on canvas',
	       112,
	       142,
	       'samvega',
	       'original &pound;2200',
	       0,
		518,
		 650);

INSERT INTO art_pricing(art, item_number, description, price)
	VALUES(LAST_INSERT_ID(), 'PC115', 'original', 2200);

##-----------------------------------------------------------------------------------------

INSERT INTO art (artist, title, media, width, height, image, pricing_info, main_image, image_width, image_height)
	VALUES(3,
	       'freshfield',
	       'oil on canvas',
	       142,
	       112,
	       'freshfield',
	       'original &pound;2200',
	       1,
		650,
		 509);

INSERT INTO art_pricing(art, item_number, description, price)
	VALUES(LAST_INSERT_ID(), 'PC116', 'original', 2200);

##-----------------------------------------------------------------------------------------

INSERT INTO art (artist, title, media, width, height, image, pricing_info, main_image, image_width, image_height)
	VALUES(3,
	       'tathata',
	       'oil on canvas',
	       142,
	       112,
	       'tathata',
	       'original &pound;2200',
	       0,
		650,
		 506);

INSERT INTO art_pricing(art, item_number, description, price)
	VALUES(LAST_INSERT_ID(), 'PC117', 'original', 2200);

##-----------------------------------------------------------------------------------------




INSERT INTO art (artist, title, media, width, height, image, pricing_info, main_image, image_width, image_height)
	VALUES(3,
	       'fuschio',
	       'oil on canvas',
	       152,
	       122,
	       'fuschio',
	       'original &pound;3000',
	       0,
		650,
		 510);

INSERT INTO art_pricing(art, item_number, description, price)
	VALUES(LAST_INSERT_ID(), 'PC118', 'original', 3000);

##-----------------------------------------------------------------------------------------
	       


INSERT INTO art (artist, title, media, width, height, image, pricing_info, main_image, image_width, image_height)
	VALUES(3,
	       'maat',
	       'oil on canvas',
	       152,
	       122,
	       'maat',
	       'original &pound;3000',
	       0,
		650,
		 531);

INSERT INTO art_pricing(art, item_number, description, price)
	VALUES(LAST_INSERT_ID(), 'PC119', 'original', 3000);

##-----------------------------------------------------------------------------------------


INSERT INTO art (artist, title, media, width, height, image, pricing_info, main_image, image_width, image_height)
	VALUES(3,
	       'kairos',
	       'oil on canvas',
	       142,
	       112,
	       'kairos',
	       'original &pound;2200',
	       0,
		650,
		 433);

INSERT INTO art_pricing(art, item_number, description, price)
	VALUES(LAST_INSERT_ID(), 'PC120', 'original', 2200);

##-----------------------------------------------------------------------------------------


INSERT INTO art (artist, title, media, width, height, image, pricing_info, main_image, image_width, image_height)
	VALUES(3,
	       'the flower of life',
	       'oil on canvas',
	       142,
	       112,
	       'the_flower_of',
	       'original &pound;2200',
	       0,
		650,
		 450);

INSERT INTO art_pricing(art, item_number, description, price)
	VALUES(LAST_INSERT_ID(), 'PC121', 'original', 2200);

##-----------------------------------------------------------------------------------------


INSERT INTO art (artist, title, media, width, height, image, pricing_info, main_image, image_width, image_height)
	VALUES(3,
	       'yume I',
	       'oil on canvas',
	       142,
	       112,
	       'yume_I',
	       'original &pound;2200',
	       0,
		650,
		 433);

INSERT INTO art_pricing(art, item_number, description, price)
	VALUES(LAST_INSERT_ID(), 'PC122', 'original', 2200);

##-----------------------------------------------------------------------------------------


INSERT INTO art (artist, title, media, width, height, image, pricing_info, main_image, image_width, image_height)
	VALUES(3,
	       'zorved',
	       'oil on canvas',
	       142,
	       112,
	       'zorved',
	       'original &pound;2200',
	       0,
		650,
		 460);

INSERT INTO art_pricing(art, item_number, description, price)
	VALUES(LAST_INSERT_ID(), 'PC123', 'original', 2200);

##-----------------------------------------------------------------------------------------

INSERT INTO artist (id, name, statement, notes, display)
	VALUES(9, 'john sutherst',
	       '<p class="artist">John is a Liverpool based artist who retired early from his career as a gynaecologist to pursue his passion for painting. He has since found great success with his wide range of vivid and striking work.</p><p class="artist">"My pictures are mainly about colour, whether they be landscapes, flowers or figure studies. Pastel is my favourite medium, as I find that it is versatile enough to cope with all of these subjects. However, it is not easy to do large scale pictures in pastel because of the need to cover them with glass; so I have recently shifted to oil on large canvases for some subjects and found that the freedom of the extra space has allowed a move to less figurative work."</p>',
	       NULL,
	       1);

INSERT INTO art (artist, title, media, width, height, image, pricing_info, main_image, image_width, image_height)
	VALUES(9,
	       'susie',
	       'pastel',
	       40,
	       48,
	       'susie',
	       'limited edition print, &pound;35',
	       0,
		453,
		 650);

INSERT INTO art_pricing(art, item_number, description, price)
	VALUES(LAST_INSERT_ID(), 'JS101', 'limited edition print', 35);

##----------------------------------------------------------------------------------------------

INSERT INTO art (artist, title, media, width, height, image, pricing_info, main_image, image_width, image_height)
	VALUES(9,
	       'old men arguing',
	       'pastel',
	       60,
	       42,
	       'old_men',
	       'limited edition print, &pound;35',
	       0,
		650,
		 454);

INSERT INTO art_pricing(art, item_number, description, price)
	VALUES(LAST_INSERT_ID(), 'JS102', 'limited edition print', 35);

##----------------------------------------------------------------------------------------------

INSERT INTO art (artist, title, media, width, height, image, pricing_info, main_image, image_width, image_height)
	VALUES(9,
	       'orange begonia',
	       'pastel',
	       33,
	       45,
	       'orange_begonia',
	       'limited edition print, &pound;35',
	       0,
		465,
		 650);

INSERT INTO art_pricing(art, item_number, description, price)
	VALUES(LAST_INSERT_ID(), 'JS103', 'limited edition print', 35);

##-----------------------------------------------------------------------------------------------

INSERT INTO art (artist, title, media, width, height, image, pricing_info, main_image, image_width, image_height)
	VALUES(9,
	       'caribbean dance',
	       'pastel',
	       48,
	       39,
	       'caribbean_dance',
	       'limited edition print, &pound;35',
	       0,
		650,
		 529);

INSERT INTO art_pricing(art, item_number, description, price)
	VALUES(LAST_INSERT_ID(), 'JS104', 'limited edition print', 35);

##-----------------------------------------------------------------------------------------------

INSERT INTO art (artist, title, media, width, height, image, pricing_info, main_image, image_width, image_height)
	VALUES(9,
	       'honfleur I',
	       'pastel',
	       40,
	       40,
	       'honfleur_I',
	       'limited edition print, &pound;35',
	       0,
		637,
		 650);

INSERT INTO art_pricing(art, item_number, description, price)
	VALUES(LAST_INSERT_ID(), 'JS105', 'limited edition print', 35);

##------------------------------------------------------------------------------------------------

INSERT INTO art (artist, title, media, width, height, image, pricing_info, main_image, image_width, image_height)
	VALUES(9,
	       'nascent tulips',
	       'pastel',
	       44,
	       58,
	       'nascent_tulips',
	       'limited edition print, &pound;35',
	       0,
		487,
		 650);

INSERT INTO art_pricing(art, item_number, description, price)
	VALUES(LAST_INSERT_ID(), 'JS106', 'limited edition print', 35);

##----------------------------------------------------------------------------------------------

INSERT INTO art (artist, title, media, width, height, image, pricing_info, main_image, image_width, image_height)
	VALUES(9,
	       'anemones',
	       'pastel',
	       59,
	       45,
	       'anemones',
	       'limited edition giclee print, &pound;100',
	       0,
		650,
		 497);

INSERT INTO art_pricing(art, item_number, description, price)
	VALUES(LAST_INSERT_ID(), 'JS107', 'limited edition print', 100);

##------------------------------------------------------------------------------------------

INSERT INTO art (artist, title, media, width, height, image, pricing_info, main_image, image_width, image_height)
	VALUES(9,
	       'beach scene',
	       'pastel',
	       41,
	       50,
	       'beach_scene',
	       'limited edition giclee print, &pound;100',
	       0,
		631,
		 650);

INSERT INTO art_pricing(art, item_number, description, price)
	VALUES(LAST_INSERT_ID(), 'JS108', 'limited edition print', 100);

##------------------------------------------------------------------------------------------

INSERT INTO art (artist, title, media, width, height, image, pricing_info, main_image, image_width, image_height)
	VALUES(9,
	       'pink hydrangea',
	       'pastel',
	       53,
	       45,
	       'pink_hydrangea',
	       'limited edition giclee print, &pound;100',
	       0,
		650,
		 458);

INSERT INTO art_pricing(art, item_number, description, price)
	VALUES(LAST_INSERT_ID(), 'JS109', 'limited edition print', 100);

##-------------------------------------------------------------------------------------------

INSERT INTO art (artist, title, media, width, height, image, pricing_info, main_image, image_width, image_height)
	VALUES(9,
	       'irises and daisies',
	       'pastel',
	       40,
	       52,
	       'irises_and_daisies',
	       'limited edition giclee print, &pound;100',
	       0,
		495,
		 650);

INSERT INTO art_pricing(art, item_number, description, price)
	VALUES(LAST_INSERT_ID(), 'JS110', 'limited edition print', 100);

##------------------------------------------------------------------------------------------

INSERT INTO art (artist, title, media, width, height, image, pricing_info, main_image, image_width, image_height)
	VALUES(9,
	       'gerbera daisies',
	       'pastel',
	       29,
	       37,
	       'gerbera_daisies',
	       'limited edition giclee print, &pound;75',
	       0,
		512,
		 650);

INSERT INTO art_pricing(art, item_number, description, price)
	VALUES(LAST_INSERT_ID(), 'JS111', 'limited edition print', 75);

##----------------------------------------------------------------------------------------

INSERT INTO art (artist, title, media, width, height, image, pricing_info, main_image, image_width, image_height)
	VALUES(9,
	       'sunflowers',
	       'oil',
	       52,
	       52,
	       'sunflowers',
	       'limited edition giclee print, &pound;150',
	       0,
		646,
		 650);

INSERT INTO art_pricing(art, item_number, description, price)
	VALUES(LAST_INSERT_ID(), 'JS112', 'limited edition print', 150);

##---------------------------------------------------------------------------------------

INSERT INTO art (artist, title, media, width, height, image, pricing_info, main_image, image_width, image_height)
	VALUES(9,
	       'honfleur II',
	       'pastel',
	       48,
	       40,
	       'honfleur_II',
	       'limited edition giclee print, &pound;100',
	       0,
		650,
		 535);

INSERT INTO art_pricing(art, item_number, description, price)
	VALUES(LAST_INSERT_ID(), 'JS113', 'limited edition print', 100);

##-----------------------------------------------------------------------------------------

INSERT INTO art (artist, title, media, width, height, image, pricing_info, main_image, image_width, image_height)
	VALUES(9,
	       'blue hydrangea I',
	       'pastel',
	       38,
	       50,
	       'blue_hydrangea_I',
	       'limited edition giclee print, &pound;100',
	       0,
		484,
		 650);

INSERT INTO art_pricing(art, item_number, description, price)
	VALUES(LAST_INSERT_ID(), 'JS114', 'limited edition print', 100);

##-----------------------------------------------------------------------------------------

INSERT INTO art (artist, title, media, width, height, image, pricing_info, main_image, image_width, image_height)
	VALUES(9,
	       'blue hydrangea II',
	       'pastel',
	       39,
	       49,
	       'blue_hydrangea_II',
	       'limited edition giclee print, &pound;100',
	       0,
		509,
		 650);

INSERT INTO art_pricing(art, item_number, description, price)
	VALUES(LAST_INSERT_ID(), 'JS115', 'limited edition print', 100);

##-----------------------------------------------------------------------------------------

INSERT INTO art (artist, title, media, width, height, image, pricing_info, main_image, image_width, image_height)
	VALUES(9,
	       'opening tulips',
	       'pastel',
	       50,
	       50,
	       'opening_tulips',
	       'limited edition giclee print, &pound;100',
	       0,
		487,
		 650);

INSERT INTO art_pricing(art, item_number, description, price)
	VALUES(LAST_INSERT_ID(), 'JS116', 'limited edition print', 100);

##-----------------------------------------------------------------------------------------

INSERT INTO art (artist, title, media, width, height, image, pricing_info, main_image, image_width, image_height)
	VALUES(9,
	       'open tulips',
	       'pastel',
	       37,
	       50,
	       'open_tulips',
	       'limited edition giclee print, &pound;100',
	       0,
		650,
		 650);

INSERT INTO art_pricing(art, item_number, description, price)
	VALUES(LAST_INSERT_ID(), 'JS117', 'limited edition print', 100);

##-----------------------------------------------------------------------------------------

INSERT INTO art (artist, title, media, width, height, image, pricing_info, main_image, image_width, image_height)
	VALUES(9,
	       'anemones (redon style)',
	       'pastel',
	       48,
	       40,
	       'anemones_(redon_style)',
	       'limited edition giclee print, &pound;100',
	       0,
		650,
		 560);

INSERT INTO art_pricing(art, item_number, description, price)
	VALUES(LAST_INSERT_ID(), 'JS118', 'limited edition print', 100);

##-----------------------------------------------------------------------------------------

INSERT INTO art (artist, title, media, width, height, image, pricing_info, main_image, image_width, image_height)
	VALUES(9,
	       ' blue anemones',
	       'pastel',
	       30,
	       38,
	       'blue_anemones',
	       'limited edition giclee print, &pound;100',
	       0,
		457,
		 650);

INSERT INTO art_pricing(art, item_number, description, price)
	VALUES(LAST_INSERT_ID(), 'JS119', 'limited edition print', 100);

##-----------------------------------------------------------------------------------------

INSERT INTO art (artist, title, media, width, height, image, pricing_info, main_image, image_width, image_height)
	VALUES(9,
	       'mother and child',
	       'pastel',
	       28,
	       36,
	       'mother_and_child',
	       'limited edition giclee print, &pound;100',
	       1,
		507,
		 650);

INSERT INTO art_pricing(art, item_number, description, price)
	VALUES(LAST_INSERT_ID(), 'JS120', 'limited edition print', 100);

##-----------------------------------------------------------------------------------------

INSERT INTO artist (id, name, statement, notes, display, keywords)
	VALUES(38, 'nathan pendlebury',
	'<p class="artist">Born in Chester in 1973. Nathan grew up in various places across the North West, including Salford, Greater Manchester and Warrington. Nathan studied Fine Art at Liverpool John Moores University from 1993 to 1996 specialising in painting. He later stayed in Liverpool and is still based there today
</p>
<p class="artist">He continued to paint after university with breaks for periods of time due to family commitments, and currently has his studio at his home in Bootle (just outside Liverpool town centre). He was a Prize-winner at the 3rd and 4th Wirral Open exhibitions at the Williamson Art Gallery, and was selected for the ''Best of Merseyside'' Exhibition in 2008 and the ''Art Merseywide'' Exhibition in 2010 at the National Conservation Centre. Nathan was also commissioned by John Lewis to produce 9 paintings for permanent display in their new Liverpool John Lewis Stores Espresso Bar (which are still on display today).</p>

<p class="artist">In 2006 Nathan turned to the medium of  Photography due to a lack of room to store and produce paintings, he approached his photography very much through the eyes of a painter, composing out of focus abstract images in camera. In 2007 he won a place in the Chelsea International Fine Art Competition in New York (with his photography), he was alongside only a handful of artists from across the globe that were chosen out of thousands of entries by esteemed Curator Tina Kukielski at the New York Whitney Museum. His photography and painting now sit side by side and he exhibits both. Nathan has recently taken to using film ''Lomography'' and ''Polaroid'' photography, which offer a new side to his portfolio, and a much more figurative dream like set of images. 
</p>

<p class="artist"<Nathan had this to say about his art:</p>

<p class="artist">"Although some of my new works on Polaroid are quite different to previous work, I see my new photographs as a natural progression, they felt right, an artist should try new things whenever he can, it keeps you fresh, and hopefully this will push me further and forward, into other new things, new subjects, and new mediums? After all Picasso tried his hand at Ceramics didn''t he? And there is an artist that everyone should aspire to."</p>',
               NULL,
	       1,
	       'nathan pendlebury, abstract painting, liverpool urban art, contemporary canvases, polaroid photography, photos of liverpool');

##-----------------------------------------------------------------------------------





INSERT INTO art (artist, title, media, width, height, image, pricing_info, main_image, image_width, image_height)
	VALUES(38,
	       'flying high',
	     'acrylic and spray paint on canvas',
	       100,
	       100,
	        'flying-high',
	       'not currently available',
	       0,
		650,
		 650);

INSERT INTO art_pricing(art, item_number, description, price)
	VALUES(LAST_INSERT_ID(), 'NP269', 'original', 1700);

##-----------------------------------------------------------------------------------------  


INSERT INTO art (artist, title, media, width, height, image, pricing_info, main_image, image_width, image_height)
	VALUES(38,
	       'gathering',
	     'acrylic and spray paint on canvas',
	       100,
	       100,
	        'gathering',
	       'original, &pound;1700',
	       0,
		650,
		 650);

INSERT INTO art_pricing(art, item_number, description, price)
	VALUES(LAST_INSERT_ID(), 'NP270', 'original', 1700);

##----------------------------------------------------------------------------------------- 


INSERT INTO art (artist, title, media, width, height, image, pricing_info, main_image, image_width, image_height)
	VALUES(38,
	       'number 2',
	     'acrylic and spray paint on canvas',
	       60,
	       60,
	        'number-2',
	       'original, &pound;800',
	       0,
		650,
		 650);

INSERT INTO art_pricing(art, item_number, description, price)
	VALUES(LAST_INSERT_ID(), 'NP271', 'original', 800);

##----------------------------------------------------------------------------------------- 


INSERT INTO art (artist, title, media, width, height, image, pricing_info, main_image, image_width, image_height)
	VALUES(38,
	       'purveyor',
	     'acrylic and spray paint and charcoal on canvas',
	       100,
	       100,
	        'purveyor',
	       'original, &pound;1700',
	       0,
		650,
		 650);

INSERT INTO art_pricing(art, item_number, description, price)
	VALUES(LAST_INSERT_ID(), 'NP272', 'original', 1700);

##-----------------------------------------------------------------------------------------  


INSERT INTO art (artist, title, media, width, height, image, pricing_info, main_image, image_width, image_height)
	VALUES(38,
	       'son of happy go laught ey',
	     'acrylic and spray paint and charcoal on canvas',
	       100,
	       100,
	        'son-of-happy',
	       'original, &pound;1700',
	       0,
		650,
		 650);

INSERT INTO art_pricing(art, item_number, description, price)
	VALUES(LAST_INSERT_ID(), 'NP273', 'original', 1700);

##-----------------------------------------------------------------------------------------  


INSERT INTO art (artist, title, media, width, height, image, pricing_info, main_image, image_width, image_height)
	VALUES(38,
	       'storm at sea',
	     'acrylic and spray paint and charcoal on canvas',
	       100,
	       100,
	        'storm-at-sea',
	       'original, &pound;1700',
	       0,
		650,
		 650);

INSERT INTO art_pricing(art, item_number, description, price)
	VALUES(LAST_INSERT_ID(), 'NP274', 'original', 1700);

##-----------------------------------------------------------------------------------------


INSERT INTO art (artist, title, media, width, height, image, pricing_info, main_image, image_width, image_height)
	VALUES(38,
	       'number 1',
	       'acrylic paint and spray paint on charcoal',
         90,
	       90,
	       'number-1',
	          'not currently available',
	       0,
		650,
		 650);

INSERT INTO art_pricing(art, item_number, description, price)
	VALUES(LAST_INSERT_ID(), 'NP208', 'original', 1340);

##----------------------------------------------------------------------------------------- 



INSERT INTO art (artist, title, media, width, height, image, pricing_info, main_image, image_width, image_height)
	VALUES(38,
	       'happy-go-laughey',
	       'acrylic paint and spray paint on canvas',
         90,
	       90,
	       'happy-go-laughey',
	   	     'original, &pound;1340',
	       0,
		650,
		 650);

INSERT INTO art_pricing(art, item_number, description, price)
	VALUES(LAST_INSERT_ID(), 'NP209', 'original', 1340);

##-----------------------------------------------------------------------------------------



INSERT INTO art (artist, title, media, width, height, image, pricing_info, main_image, image_width, image_height)
	VALUES(38,
	       'oops upside your head',
	       'acrylic paint and spray paint on canvas',
         90,
	       90,
	       'oops-upside-your',
	      'original, &pound;1340',
	       0,
		650,
		 650);

INSERT INTO art_pricing(art, item_number, description, price)
	VALUES(LAST_INSERT_ID(), 'NP210', 'original', 1340);

##-----------------------------------------------------------------------------------------



INSERT INTO art (artist, title, media, width, height, image, pricing_info, main_image, image_width, image_height)
	VALUES(38,
	       'upside down smile',
	       'acrylic paint and spray paint on canvas',
         90,
	       90,
	       'upside-down-smile',
	         'not currently available',
	       0,
		650,
		 650);

INSERT INTO art_pricing(art, item_number, description, price)
	VALUES(LAST_INSERT_ID(), 'NP211', 'original', 1340);

##-----------------------------------------------------------------------------------------






INSERT INTO art (artist, title, media, width, height, image, pricing_info, main_image, image_width, image_height)
	VALUES(38,
	       'seeing everything except rain',
	     'mixed media on canvas',
               90,
	       90,
	       'seeing-everything-except',
	       'original, &pound;1340',
	       1,
		650,
		 650);

INSERT INTO art_pricing(art, item_number, description, price)
	VALUES(LAST_INSERT_ID(), 'NP270', 'original',  1340);

##-----------------------------------------------------------------------------------------




INSERT INTO art (artist, title, media, width, height, image, pricing_info, main_image, image_width, image_height)
	VALUES(38,
	       'dancing on one leg',
	     	       'mixed media on canvas',
               50,
	       50,
	       'dancing-on-one',
	   	    'not currently available',
	       0,
		650,
		 650);

INSERT INTO art_pricing(art, item_number, description, price)
	VALUES(LAST_INSERT_ID(), 'NP209', 'original',  620);

##-----------------------------------------------------------------------------------------



INSERT INTO art (artist, title, media, width, height, image, pricing_info, main_image, image_width, image_height)
	VALUES(38,
	       'fly',
	       	       'mixed media on canvas',
               50,
	       50,
	       'fly',
	      	      'original, &pound;620',
	       0,
		650,
		 650);

INSERT INTO art_pricing(art, item_number, description, price)
	VALUES(LAST_INSERT_ID(), 'NP210', 'original',  620);

##-----------------------------------------------------------------------------------------



INSERT INTO art (artist, title, media, width, height, image, pricing_info, main_image, image_width, image_height)
	VALUES(38,
	       'jack of hearts',
	     	       'mixed media on canvas',
               40,
	       50,
	       'jack-of-hearts',
	     	      'original, &pound;530',
	       0,
		519,
		 650);

INSERT INTO art_pricing(art, item_number, description, price)
	VALUES(LAST_INSERT_ID(), 'NP212', 'original',  530);

##-----------------------------------------------------------------------------------------



INSERT INTO art (artist, title, media, width, height, image, pricing_info, main_image, image_width, image_height)
	VALUES(38,
	       'landscape',
	       'mixed media on canvas',
               20,
	       20,
	       'landscape',
	       'original, &pound;107',
	       0,
		650,
		 650);

INSERT INTO art_pricing(art, item_number, description, price)
	VALUES(LAST_INSERT_ID(), 'NP213', 'original',  107);

##-----------------------------------------------------------------------------------------





INSERT INTO art (artist, title, media, width, height, image, pricing_info, main_image, image_width, image_height)
	VALUES(38,
	       'roll with it',
	       'mixed media on canvas',
               70,
	       70,
	       'roll-with-it',
	       'original, &pound;980',
	       0,
		650,
		 650);

INSERT INTO art_pricing(art, item_number, description, price)
	VALUES(LAST_INSERT_ID(), 'NP215', 'original',  980);

##-----------------------------------------------------------------------------------------



INSERT INTO art (artist, title, media, width, height, image, pricing_info, main_image, image_width, image_height)
	VALUES(38,
	       'seeing is believing',
	       'mixed media on canvas',
               40,
	       50,
	       'seeing-is-believing',
	       'original, &pound;530',
	       0,
		524,
		 650);

INSERT INTO art_pricing(art, item_number, description, price)
	VALUES(LAST_INSERT_ID(), 'NP216', 'original',  530);

##-----------------------------------------------------------------------------------------



INSERT INTO art (artist, title, media, width, height, image, pricing_info, main_image, image_width, image_height)
	VALUES(38,
	       'sheep',
	       'mixed media on canvas',
               100,
	       100,
	       'sheep',
	      'original, &pound;1430',
	       0,
		650,
		 650);

INSERT INTO art_pricing(art, item_number, description, price)
	VALUES(LAST_INSERT_ID(), 'NP217', 'original',  1430);

##-----------------------------------------------------------------------------------------



INSERT INTO art (artist, title, media, width, height, image, pricing_info, main_image, image_width, image_height)
	VALUES(38,
	       'superfast',
	       'mixed media on canvas',
               40,
	       50,
	       'superfast',
	      	    'original, &pound;530',
	       0,
		524,
		 650);

INSERT INTO art_pricing(art, item_number, description, price)
	VALUES(LAST_INSERT_ID(), 'NP219', 'original',  530);

##-----------------------------------------------------------------------------------------




INSERT INTO art (artist, title, media, width, height, image, pricing_info, main_image, image_width, image_height)
	VALUES(38,
	       'under the bridge',
	       'mixed media on canvas',
               100,
	       100,
	       'under-the-bridge',
	    'original, &pound;1430',
	       0,
		650,
		 650);

INSERT INTO art_pricing(art, item_number, description, price)
	VALUES(LAST_INSERT_ID(), 'NP221', 'original',  1430);

##-----------------------------------------------------------------------------------------



INSERT INTO art (artist, title, media, width, height, image, pricing_info, main_image, image_width, image_height)
	VALUES(38,
	       'up',
	      	       'mixed media on canvas',
               50,
	       50,
	       'up',
	        'not currently available',
	       0,
		650,
		 640);

INSERT INTO art_pricing(art, item_number, description, price)
	VALUES(LAST_INSERT_ID(), 'NP222', 'original',  620);

##-----------------------------------------------------------------------------------------



INSERT INTO art (artist, title, media, width, height, image, pricing_info, main_image, image_width, image_height)
	VALUES(38,
	       'who me',
	       'mixed media on canvas',
               30,
	       30,
	       'who-me',
	       'original, &pound;260',
	       0,
		650,
		 650);

INSERT INTO art_pricing(art, item_number, description, price)
	VALUES(LAST_INSERT_ID(), 'NP223', 'original',  260);

##-----------------------------------------------------------------------------------------




INSERT INTO art (artist, title, media, width, height, image, pricing_info, main_image, image_width, image_height)
	VALUES(38,
	       'belly full of stars',
	       'acrylic and aerosol on canvas',
               50,
	       50,
	       'belly-full-of',
	    	 'original, &pound;620',
	       0,
		650,
		 648);

INSERT INTO art_pricing(art, item_number, description, price)
	VALUES(LAST_INSERT_ID(), 'NP224', 'original',  620);



##-----------------------------------------------------------------------------------------






INSERT INTO art (artist, title, media, width, height, image, pricing_info, main_image, image_width, image_height)
	VALUES(38,
	       'self portrait with a blue moustache',
	       'mixed media on canvas',
               91,
	       91,
	       'self-portrait-with',
	       'original, &pound;1160',
	       0,
		646,
		 650);

INSERT INTO art_pricing(art, item_number, description, price)
	VALUES(LAST_INSERT_ID(), 'NP251', 'original',  1160);

##-----------------------------------------------------------------------------------------




INSERT INTO art (artist, title, media, width, height, image, pricing_info, main_image, image_width, image_height)
	VALUES(38,
	       'liver building 1',
	     'photographic print',
	       13,
	       13,
	       'liver-building-1',
	       'limited edition print print &pound;26',
	       0,
		650,
		 650);

INSERT INTO art_pricing(art, item_number, description, price)
	VALUES(LAST_INSERT_ID(), 'NP266', 'limited edition print print', 25);

##-----------------------------------------------------------------------------------------



INSERT INTO art (artist, title, media, width, height, image, pricing_info, main_image, image_width, image_height)
	VALUES(38,
	       'liver building 2',
	     'photographic print',
	       13,
	       13,
	     'liver-building-2',
	       'limited edition print print &pound;26',
	       0,
		650,
		 650);

INSERT INTO art_pricing(art, item_number, description, price)
	VALUES(LAST_INSERT_ID(), 'NP267', 'limited edition print print', 26);

##-----------------------------------------------------------------------------------------


INSERT INTO art (artist, title, media, width, height, image, pricing_info, main_image, image_width, image_height)
	VALUES(38,
	       'liver building 1',
	     'photographic print',
	       13,
	       13,
	       	       'liver-building-3',
	       'limited edition print print &pound;26',
	       0,
		650,
		 650);

INSERT INTO art_pricing(art, item_number, description, price)
	VALUES(LAST_INSERT_ID(), 'NP268', 'limited edition print print', 26);

##-----------------------------------------------------------------------------------------







INSERT INTO artist (id, name, statement, notes, display)
	VALUES(45, 'joe thompson',
	'<p class="artist">Art has always been a passion for Joe. From his early days copying his fathers sketches, to his recent large scale works featuring his travel in the Goan region of India - Joe has produced works from all stages of his life and travels, reflecting on his time spent in the Scots guards as a teenager, through his working life in and around Liverpool. His influences include the Impressionists and post Impressionists, listing Monet and Van Gogh as his particular favourites. He also has a great deal of admiration for Bosch and Dali. </p>
<p class="artist">Joe is particularly excited by new challenges. He has had pieces of work commissioned by stars of media, sport and a number of private collectors in London. He is currently retained by one of the largest accountancy firms in the world to produce works for members of their senior staff, one of whom said of Joes work:</p>
<p class="artist">"I appreciated the time and effort Joe took to understand, develop and produce my painting. I felt he not only met but exceeded my expectations in every way. It was, in the end, a very emotional experience."</p>
<p class="artist">Although he has sculpted, used water colours and ventured into many areas of the arts his first love is working with oils. His versatility is demonstrated by the range of work on display, but he is also happy to work to commission.</p>',
               NULL,
	       1);

##-----------------------------------------------------------------------------------


INSERT INTO art (artist, title, media, width, height, image, pricing_info, main_image, image_width, image_height)
	VALUES(45,
	       'the chaser',
	       'framed oil on canvas',
	       122,
	       89,
	       'the-chaser',
	       'original &pound;500',
	       1,
		650,
		 501);

INSERT INTO art_pricing(art, item_number, description, price)
	VALUES(LAST_INSERT_ID(), 'JH160', 'original',500);
##-----------------------------------------------------------------------------------



INSERT INTO art (artist, title, media, width, height, image, pricing_info, main_image, image_width, image_height)
	VALUES(45,
	       'formby beach',
	       'framed oil on board',
	       46,
	       46,
	       'formby-beach',
	       'original &pound;250',
	       0,
		650,
		 592);

INSERT INTO art_pricing(art, item_number, description, price)
	VALUES(LAST_INSERT_ID(), 'JH162', 'original',250);

##---------------------------------------------------------------------------------- 



INSERT INTO art (artist, title, media, width, height, image, pricing_info, main_image, image_width, image_height)
	VALUES(45,
	       'a field in maghull morning time',
	       'framed oil on board',
	       36,
	       26,
	       'a-field-in',
	       'original &pound;195',
	       0,
		650,
		 488);

INSERT INTO art_pricing(art, item_number, description, price)
	VALUES(LAST_INSERT_ID(), 'JH163', 'original',195);

##----------------------------------------------------------------------------------  


INSERT INTO art (artist, title, media, width, height, image, pricing_info, main_image, image_width, image_height)
	VALUES(45,
	       'across the universe',
	       'framed oil on canvas',
	       90,
	       60,
	       'across-the-universe',
	       'original &pound;350',
	       0,
		650,
		 488);

INSERT INTO art_pricing(art, item_number, description, price)
	VALUES(LAST_INSERT_ID(), 'JH165', 'original',350);

##----------------------------------------------------------------------------------  

INSERT INTO art (artist, title, media, width, height, image, pricing_info, main_image, image_width, image_height)
	VALUES(45,
	       'athol bridge evening',
	       'oil on canvas',
	       60,
	       90,
	       'athol-bridge-evening',
	       'original &pound;325',
	       0,
		650,
		 488);

INSERT INTO art_pricing(art, item_number, description, price)
	VALUES(LAST_INSERT_ID(), 'JH166', 'original',325);

##----------------------------------------------------------------------------------  

INSERT INTO art (artist, title, media, width, height, image, pricing_info, main_image, image_width, image_height)
	VALUES(45,
	       'christ the king',
	       'oil on canvas',
	       60,
	       50,
	       'christ-the-king',
	       'original &pound;225',
	       0,
		650,
		 488);

INSERT INTO art_pricing(art, item_number, description, price)
	VALUES(LAST_INSERT_ID(), 'JH167', 'original',225);

##---------------------------------------------------------------------------------- 

INSERT INTO art (artist, title, media, width, height, image, pricing_info, main_image, image_width, image_height)
	VALUES(45,
	       'croxteth woods',
	       'oil on canvas',
	       50,
	       40,
	       'croxteth-woods',
	       'original &pound;175',
	       0,
		650,
		 488);

INSERT INTO art_pricing(art, item_number, description, price)
	VALUES(LAST_INSERT_ID(), 'JH168', 'original',175);

##---------------------------------------------------------------------------------- 

INSERT INTO art (artist, title, media, width, height, image, pricing_info, main_image, image_width, image_height)
	VALUES(45,
	       'dockers clock 2',
	       'oil on canvas',
	       90,
	       90,
	       'dockers-clock-2',
	       'original &pound;395',
	       0,
		650,
		 488);

INSERT INTO art_pricing(art, item_number, description, price)
	VALUES(LAST_INSERT_ID(), 'JH169', 'original',395);

##----------------------------------------------------------------------------------   

INSERT INTO art (artist, title, media, width, height, image, pricing_info, main_image, image_width, image_height)
	VALUES(45,
	       'eldonian village hall',
	       'oil on canvas',
	       60,
	       45,
	       'eldonian-village-hall',
	       'original &pound;175',
	       0,
		650,
		 488);

INSERT INTO art_pricing(art, item_number, description, price)
	VALUES(LAST_INSERT_ID(), 'JH170', 'original',175);

##----------------------------------------------------------------------------------   

INSERT INTO art (artist, title, media, width, height, image, pricing_info, main_image, image_width, image_height)
	VALUES(45,
	       'fading memory',
	       'framed oil on board',
	       50,
	       40,
	       'fading-memory',
	       'original &pound;195',
	       0,
		650,
		 522);

INSERT INTO art_pricing(art, item_number, description, price)
	VALUES(LAST_INSERT_ID(), 'JH171', 'original',195);

##----------------------------------------------------------------------------------    

INSERT INTO art (artist, title, media, width, height, image, pricing_info, main_image, image_width, image_height)
	VALUES(45,
	       'for no one',
	       'oil on canvas',
	       76,
	       100,
	       'for-no-one',
	       'original &pound;395',
	       0,
		650,
		 488);

INSERT INTO art_pricing(art, item_number, description, price)
	VALUES(LAST_INSERT_ID(), 'JH172', 'original',395);

##----------------------------------------------------------------------------------     

INSERT INTO art (artist, title, media, width, height, image, pricing_info, main_image, image_width, image_height)
	VALUES(45,
	       'formby point',
	       'framed oil on board',
	       24,
	       20,
	       'formby-point',
	       'original &pound;175',
	       0,
		650,
		 488);

INSERT INTO art_pricing(art, item_number, description, price)
	VALUES(LAST_INSERT_ID(), 'JH173', 'original',175);

##----------------------------------------------------------------------------------    

INSERT INTO art (artist, title, media, width, height, image, pricing_info, main_image, image_width, image_height)
	VALUES(45,
	       'fort aguada',
	       'oil on canvas',
	       40,
	       30,
	       'fort-aguada',
	       'original &pound;150',
	       0,
		650,
		 488);

INSERT INTO art_pricing(art, item_number, description, price)
	VALUES(LAST_INSERT_ID(), 'JH174', 'original',150);

##----------------------------------------------------------------------------------    

INSERT INTO art (artist, title, media, width, height, image, pricing_info, main_image, image_width, image_height)
	VALUES(45,
	       'here comes the sun',
	       'oil on canvas',
	       76,
	       100,
	       'here-comes-the',
	       'original &pound;395',
	       0,
		650,
		 488);

INSERT INTO art_pricing(art, item_number, description, price)
	VALUES(LAST_INSERT_ID(), 'JH175', 'original',395);

##----------------------------------------------------------------------------------   

INSERT INTO art (artist, title, media, width, height, image, pricing_info, main_image, image_width, image_height)
	VALUES(45,
	       'new brighton on a windy day',
	       'oil on canvas',
	       90,
	       90,
	       'new-brighton-on',
	       'original &pound;395',
	       0,
		650,
		 646);

INSERT INTO art_pricing(art, item_number, description, price)
	VALUES(LAST_INSERT_ID(), 'JH176', 'original',395);

##----------------------------------------------------------------------------------      

INSERT INTO art (artist, title, media, width, height, image, pricing_info, main_image, image_width, image_height)
	VALUES(45,
	       'the dignity of reg',
	       'framed oil on canvas',
	       50,
	       60,
	       'reg',
	       'original &pound;350',
	       0,
		488,
		 650);

INSERT INTO art_pricing(art, item_number, description, price)
	VALUES(LAST_INSERT_ID(), 'JH177', 'original',350);

##----------------------------------------------------------------------------------      

INSERT INTO art (artist, title, media, width, height, image, pricing_info, main_image, image_width, image_height)
	VALUES(45,
	       'stanley dock 2',
	       'framed oil on board',
	       28,
	       35,
	       'stanley-dock-2',
	       'original &pound;175',
	       0,
		488,
		 650);

INSERT INTO art_pricing(art, item_number, description, price)
	VALUES(LAST_INSERT_ID(), 'JH178', 'original',175);

##----------------------------------------------------------------------------------       


INSERT INTO art (artist, title, media, width, height, image, pricing_info, main_image, image_width, image_height)
	VALUES(45,
	       'the three graces',
	       'oil on canvas',
	       90,
	       90,
	       'the-three-graces',
	       'original &pound;395',
	       0,
		650,
		 488);

INSERT INTO art_pricing(art, item_number, description, price)
	VALUES(LAST_INSERT_ID(), 'JH180', 'original',395);

##----------------------------------------------------------------------------------       

INSERT INTO art (artist, title, media, width, height, image, pricing_info, main_image, image_width, image_height)
	VALUES(45,
	       'where have all the good times gone',
	       'oil on canvas',
	       100,
	       76,
	       'where-have-all',
	       'original &pound;395',
	       0,
		650,
		 488);

INSERT INTO art_pricing(art, item_number, description, price)
	VALUES(LAST_INSERT_ID(), 'JH181', 'original',395);

##----------------------------------------------------------------------------------       

INSERT INTO art (artist, title, media, width, height, image, pricing_info, main_image, image_width, image_height)
	VALUES(45,
	       'where the canal meets the locks',
	       'framed oil on board',
	       60,
	       30,
	       'where-the-canal',
	       'original &pound;195',
	       0,
		650,
		 331);

INSERT INTO art_pricing(art, item_number, description, price)
	VALUES(LAST_INSERT_ID(), 'JH182', 'original',195);

##----------------------------------------------------------------------------------        

INSERT INTO art (artist, title, media, width, height, image, pricing_info, main_image, image_width, image_height)
	VALUES(45,
	       'where they build big ships',
	       'framed oil on board',
	       80,
	       60,
	       'where-they-build',
	       'original &pound;295',
	       0,
		650,
		 488);

INSERT INTO art_pricing(art, item_number, description, price)
	VALUES(LAST_INSERT_ID(), 'JH183', 'original',295);

##----------------------------------------------------------------------------------



INSERT INTO art (artist, title, media, width, height, image, pricing_info, main_image, image_width, image_height)
	VALUES(45,
	       'road to albir',
	       'oil on canvas',
	       76,
	       61,
	       'road-to-albir',
	       'original &pound;350',
	       0,
		650,
		 438);

INSERT INTO art_pricing(art, item_number, description, price)
	VALUES(LAST_INSERT_ID(), 'JH157', 'original',350);
##-----------------------------------------------------------------------------------

INSERT INTO art (artist, title, media, width, height, image, pricing_info, main_image, image_width, image_height)
	VALUES(45,
	       'rhythm of the waves',
	       'oil on canvas',
	       122,
	       90,
	       'rythym-of-the',
	       'original &pound;500',
	       0,
		650,
		 480);

INSERT INTO art_pricing(art, item_number, description, price)
	VALUES(LAST_INSERT_ID(), 'JH158', 'original',500);
##-----------------------------------------------------------------------------------

INSERT INTO art (artist, title, media, width, height, image, pricing_info, main_image, image_width, image_height)
	VALUES(45,
	       'spring',
	       'framed oil on canvas',
	       30,
	       25,
	       'spring',
	       'original &pound;175',
	       0,
		650,
		 530);

INSERT INTO art_pricing(art, item_number, description, price)
	VALUES(LAST_INSERT_ID(), 'JH159', 'original',175);
##-----------------------------------------------------------------------------------


INSERT INTO art (artist, title, media, width, height, image, pricing_info, main_image, image_width, image_height)
	VALUES(45,
	       'the observatory tower',
	       'oil on canvas',
	       67,
	       67,
	       'the-observatory-tower',
	       'original &pound;300',
	       0,
		650,
		 488);

INSERT INTO art_pricing(art, item_number, description, price)
	VALUES(LAST_INSERT_ID(), 'JH161', 'original',300);
##-----------------------------------------------------------------------------------


INSERT INTO art (artist, title, media, width, height, image, pricing_info, main_image, image_width, image_height)
	VALUES(45,
	       'croxteth woods L11',
	       'oil on canvas',
	       51,
	       40,
	       'croxteth_woods_l11',
	       'original &pound;250',
	       0,
		650,
		 520);

INSERT INTO art_pricing(art, item_number, description, price)
	VALUES(LAST_INSERT_ID(), 'JH151', 'original', 250);
##-----------------------------------------------------------------------------------



INSERT INTO art (artist, title, media, width, height, image, pricing_info, main_image, image_width, image_height)
	VALUES(45,
	       'ness garden',
	       'oil on canvas',
	       76,
	       76,
	       'ness_garden',
	       'original &pound;375',
	       0,
		648,
		 650);

INSERT INTO art_pricing(art, item_number, description, price)
	VALUES(LAST_INSERT_ID(), 'JH155', 'original', 375);
##-----------------------------------------------------------------------------------



INSERT INTO art (artist, title, media, width, height, image, pricing_info, main_image, image_width, image_height)
	VALUES(45,
	       'kingfisher over the mersey',
	       'oil on board',
	       70,
	       46,
	       'kingfisher_over_the',
	       'original &pound;295',
	       0,
		650,
		 455);

INSERT INTO art_pricing(art, item_number, description, price)
	VALUES(LAST_INSERT_ID(), 'JH158', 'original', 295 );
##-----------------------------------------------------------------------------------

INSERT INTO art (artist, title, media, width, height, image, pricing_info, main_image, image_width, image_height)
	VALUES(45,
	       'stormy sea',
	       'oil on board',
	       45,
	       30,
	       'stormy_sea',
	       'original &pound;175',
	       0,
		650,
		 465);

INSERT INTO art_pricing(art, item_number, description, price)
	VALUES(LAST_INSERT_ID(), 'JH159', 'original', 175);
##----------------------------------------------------------------------------------



INSERT INTO art (artist, title, media, width, height, image, pricing_info, main_image, image_width, image_height)
	VALUES(45,
	       'canal meets the locks',
	       'oil on canvas',
	       61,
	       92,
	       'canal_meets_the',
	       'original &pound;400',
	       0,
		650,
		 430);

INSERT INTO art_pricing(art, item_number, description, price)
	VALUES(LAST_INSERT_ID(), 'JH107', 'original', 400);
##-----------------------------------------------------------------------------------



INSERT INTO art (artist, title, media, width, height, image, pricing_info, main_image, image_width, image_height)
	VALUES(45,
	       'kids on the corner',
	       'oil on board',
	       25,
	       13,
	       'kids_on_the',
	       'original &pound;100',
	       0,
		650,
		 306);

INSERT INTO art_pricing(art, item_number, description, price)
	VALUES(LAST_INSERT_ID(), 'JH117', 'original', 100);
##-----------------------------------------------------------------------------------


INSERT INTO art (artist, title, media, width, height, image, pricing_info, main_image, image_width, image_height)
	VALUES(45,
	       'road to albir',
	       'oil on canvas',
	       76,
	       61,
	       'road_to_albir',
	       'original &pound;250',
	       0,
		650,
		 501);

INSERT INTO art_pricing(art, item_number, description, price)
	VALUES(LAST_INSERT_ID(), 'JH121', 'original', 250);
##-----------------------------------------------------------------------------------

INSERT INTO art (artist, title, media, width, height, image, pricing_info, main_image, image_width, image_height)
	VALUES(45,
	       'road workers in goa',
	       'oil on canvas',
	       107,
	       95,
	       'roadworkers_in_goa',
	       'original &pound;500',
	       0,
		650,
		 488);

INSERT INTO art_pricing(art, item_number, description, price)
	VALUES(LAST_INSERT_ID(), 'JH122', 'original', 500);
##-----------------------------------------------------------------------------------



INSERT INTO art (artist, title, media, width, height, image, pricing_info, main_image, image_width, image_height)
	VALUES(45,
	       'the war is over the drugs have won',
	       'oil on canvas',
	       92,
	       61,
	       'the_war_is',
	       'original &pound;400',
	       0,
		650,
		 444);

INSERT INTO art_pricing(art, item_number, description, price)
	VALUES(LAST_INSERT_ID(), 'JH128', 'original', 400);
##-----------------------------------------------------------------------------------

INSERT INTO art (artist, title, media, width, height, image, pricing_info, main_image, image_width, image_height)
	VALUES(45,
	       'view from altea',
	       'oil on canvas',
	       26,
	       36,
	       'view_from_altea',
	       'original &pound;150',
	       0,
		650,
		 454);

INSERT INTO art_pricing(art, item_number, description, price)
	VALUES(LAST_INSERT_ID(), 'JH129', 'original', 150);
##-----------------------------------------------------------------------------------


INSERT INTO art (artist, title, media, width, height, image, pricing_info, main_image, image_width, image_height)
	VALUES(45,
	       'wait',
	       'oil on canvas',
	       66,
	       58,
	       'wait',
	       'original &pound;250',
	       0,
		650,
		 515);

INSERT INTO art_pricing(art, item_number, description, price)
	VALUES(LAST_INSERT_ID(), 'JH135', 'original', 250);
##-----------------------------------------------------------------------------------

INSERT INTO art (artist, title, media, width, height, image, pricing_info, main_image, image_width, image_height)
	VALUES(45,
	       'in my life',
	       'oil on canvas',
	       61,
	       51,
	       'in_my_life',
	       'framed original &pound;350',
	       0,
		650,
		 548);

INSERT INTO art_pricing(art, item_number, description, price)
	VALUES(LAST_INSERT_ID(), 'JH136', 'framed original', 350);
##-----------------------------------------------------------------------------------

INSERT INTO art (artist, title, media, width, height, image, pricing_info, main_image, image_width, image_height)
	VALUES(45,
	       'nowhere man',
	       'oil on canvas',
	       61,
	       76,
	       'nowhere_man',
	       'original &pound;300',
	       0,
		488,
		 650);

INSERT INTO art_pricing(art, item_number, description, price)
	VALUES(LAST_INSERT_ID(), 'JH137', 'original', 300);
##-----------------------------------------------------------------------------------



INSERT INTO art (artist, title, media, width, height, image, pricing_info, main_image, image_width, image_height)
	VALUES(45,
	       'daisy',
	       'oil on canvas',
	       69,
	       69,
	       'daisy',
	       'original &pound;300',
	       0,
		650,
		 645);

INSERT INTO art_pricing(art, item_number, description, price)
	VALUES(LAST_INSERT_ID(), 'JH140', 'original', 300);

##-----------------------------------------------------------------------------------

INSERT INTO art (artist, title, media, width, height, image, pricing_info, main_image, image_width, image_height)
	VALUES(45,
	       'beyond benidorm',
	       'oil on canvas',
	       61,
	       46,
	       'beyond_benidorm',
	       'framed original &pound;350',
	       0,
		650,
		 483);

INSERT INTO art_pricing(art, item_number, description, price)
	VALUES(LAST_INSERT_ID(), 'JH141', 'framed original', 350);

##-----------------------------------------------------------------------------------





INSERT INTO art (artist, title, media, width, height, image, pricing_info, main_image, image_width, image_height)
	VALUES(45,
	       'bad santa',
	       'oil on canvas',
	       61,
	       91,
	       'bad_santa',
	       'original &pound;400',
	       0,
		430,
		 650);

INSERT INTO art_pricing(art, item_number, description, price)
	VALUES(LAST_INSERT_ID(), 'JH145', 'original', 400);



##-----------------------------------------------------------------------------------

INSERT INTO art (artist, title, media, width, height, image, pricing_info, main_image, image_width, image_height)
	VALUES(45,
	       '89 96',
	       'oil on canvas',
	       122,
	       90,
	       '89-96',
	       'original &pound;500',
	       0,
		650,
		 434);

INSERT INTO art_pricing(art, item_number, description, price)
	VALUES(LAST_INSERT_ID(), 'JH150', 'original',500 );
##-----------------------------------------------------------------------------------


INSERT INTO art (artist, title, media, width, height, image, pricing_info, main_image, image_width, image_height)
	VALUES(45,
	       'cherry tree in june',
	       'oil on canvas framed',
	       45,
	       32,
	       'cherry-tree-in',
	       'original &pound;250',
	       0,
		650,
		 427);

INSERT INTO art_pricing(art, item_number, description, price)
	VALUES(LAST_INSERT_ID(), 'JH152', 'original',250);
##-----------------------------------------------------------------------------------



INSERT INTO art (artist, title, media, width, height, image, pricing_info, main_image, image_width, image_height)
	VALUES(45,
	       'grand canyon',
	       'oil on canvas',
	       76,
	       76,
	       'grand-canyon',
	       'original &pound;250',
	       0,
		650,
		 488);

INSERT INTO art_pricing(art, item_number, description, price)
	VALUES(LAST_INSERT_ID(), 'JH156', 'original',250);
##-----------------------------------------------------------------------------------



INSERT INTO art (artist, title, media, width, height, image, pricing_info, main_image, image_width, image_height)
	VALUES(45,
	       'garden in waterloo',
	       'oil on board',
	       30,
	       25,
	       'garden-in-waterloo',
	       'original &pound;195',
	       0,
		650,
		 552);

INSERT INTO art_pricing(art, item_number, description, price)
	VALUES(LAST_INSERT_ID(), 'JH159', 'original',195);
##-----------------------------------------------------------------------------------



INSERT INTO artist (id, name, statement, notes, display, keywords)
	VALUES(48, 'roy munday',
	'<p class="artist">Roy graduated from Liverpool John Moores university in 2004 with a ba (hons) in Fine Art. one of his paintings won the swiss life prize and now hangs in their liverpool headquarters. In 2004 he was awarded the Norman Moores painting and drawing fellowship. He was commissioned by John Moores University to produce a painting that now hangs in the Aldham Robarts building and has exhibited at several prestigious venues on merseyside. most recently, one of his paintings, liver buildings at sunset, has been selected by the capital of culture company to feature on merchandise in the run-up to 2008.</p>
<p class="artist">He has the following to say about his work -</p>
<p class="artist">"Many of my paintings are based on Liverpool, and its people. Liverpool is a city undergoing a radical transition and I am keen to capture some of the older parts before they are lost forever. Other work that interests me as a painter is that of narrative, paintings that that go beyond the aesthetic and which tell a story, or provide a comment about the world we live in."</p>',
               NULL,
	       1,
		'paintings of liverpool, liverpool scenes, liverpool waterfront, albert dock liverpool, oil painting liverpool, liverpool docks, maritime liverpool, paintings of the mersey, roy munday, liverpool landscapes');

##-----------------------------------------------------------------------------------



INSERT INTO art (artist, title, media, width, height, image, pricing_info, main_image, image_width, image_height)
	VALUES(48,
	       'liverpool docks 1960s',
	       'oil on canvas',
	       90,
	       80,
	       'docks',
	           'original &pound;660',
	       0,
		650,
		 497);

INSERT INTO art_pricing(art, item_number, description, price)
	VALUES(LAST_INSERT_ID(), 'RM101', 'original', 660);


##-----------------------------------------------------------------------------------



INSERT INTO art (artist, title, media, width, height, image, pricing_info, main_image, image_width, image_height)
	VALUES(48,
	       'albert dock liverpool',
	       'oil on canvas',
	       90,
	       60,
	       'albertdock-liverpool-1',
	           'original &pound;560',
	       0,
		650,
		 506);

INSERT INTO art_pricing(art, item_number, description, price)
	VALUES(LAST_INSERT_ID(), 'RM102', 'original', 560);


##-----------------------------------------------------------------------------------



INSERT INTO art (artist, title, media, width, height, image, pricing_info, main_image, image_width, image_height)
	VALUES(48,
	       'liverpool waterfront',
	       'oil on canvas',
	       90,
	       60,
	       'liverpool-3graces',
	           'original &pound;500',
	       0,
		650,
		 432);

INSERT INTO art_pricing(art, item_number, description, price)
	VALUES(LAST_INSERT_ID(), 'RM103', 'original', 500);


##-----------------------------------------------------------------------------------



INSERT INTO art (artist, title, media, width, height, image, pricing_info, main_image, image_width, image_height)
	VALUES(48,
	       'qe 2 entering the river mersey 2008',
	       'oil on canvas',
	       90,
	       80,
	       'qe-2',
	           'original &pound;800',
	       0,
		650,
		 450);

INSERT INTO art_pricing(art, item_number, description, price)
	VALUES(LAST_INSERT_ID(), 'RM104', 'original', 800);


##-----------------------------------------------------------------------------------



INSERT INTO art (artist, title, media, width, height, image, pricing_info, main_image, image_width, image_height)
	VALUES(48,
	       'tallships off liverpool 2008',
	       'oil on board',
	       50,
	       60,
	       'liverpool-tallships-7',
	           'original &pound;260',
	       0,
		650,
		 526);

INSERT INTO art_pricing(art, item_number, description, price)
	VALUES(LAST_INSERT_ID(), 'RM105', 'original', 260);


##-----------------------------------------------------------------------------------



INSERT INTO art (artist, title, media, width, height, image, pricing_info, main_image, image_width, image_height)
	VALUES(48,
	       'steamship waverley',
	       'oil on canvas',
	       90,
	       80,
	       'waverley-3',
	           'original &pound;800',
	       0,
		650,
		 502);

INSERT INTO art_pricing(art, item_number, description, price)
	VALUES(LAST_INSERT_ID(), 'RM106', 'original', 800);


##-----------------------------------------------------------------------------------



INSERT INTO art (artist, title, media, width, height, image, pricing_info, main_image, image_width, image_height)
	VALUES(48,
	       'sunset cammell lairds birkenhead',
	       'oil on canvas',
	       90,
	       50,
	       'cammell-lairds-liverpool',
	           'original &pound;380',
	       0,
		650,
		 430);

INSERT INTO art_pricing(art, item_number, description, price)
	VALUES(LAST_INSERT_ID(), 'RM107', 'original', 380);


##-----------------------------------------------------------------------------------



INSERT INTO art (artist, title, media, width, height, image, pricing_info, main_image, image_width, image_height)
	VALUES(48,
	       'the pump house liverpool',
	       'oil on canvas',
	       75,
	       75,
	       'liverbuildings-2',
	           'original &pound;260',
	       0,
		650,
		 560);

INSERT INTO art_pricing(art, item_number, description, price)
	VALUES(LAST_INSERT_ID(), 'RM108', 'original', 260);


##-----------------------------------------------------------------------------------


INSERT INTO art (artist, title, media, width, height, image, pricing_info, main_image, image_width, image_height)
	VALUES(48,
	       'first light liverpool waterfront',
	       'oil on canvas',
	       90,
	       50,
	       'liverpool-waterfront-2',
	           'original &pound;380',
	       1,
		650,
		 426);

INSERT INTO art_pricing(art, item_number, description, price)
	VALUES(LAST_INSERT_ID(), 'RM110', 'original', 380);


##-----------------------------------------------------------------------------------



INSERT INTO art (artist, title, media, width, height, image, pricing_info, main_image, image_width, image_height)
	VALUES(48,
	       'liverpool waterfront at night',
	       'oil on canvas',
	       60,
	       30,
	       'liverpool-waterfront-at',
	           'limited edition print &pound;79',
	       0,
		650,
		 335);

INSERT INTO art_pricing(art, item_number, description, price)
	VALUES(LAST_INSERT_ID(), 'RM109', 'limited edition print', 79);


##-----------------------------------------------------------------------------------

INSERT INTO artist (id, name, statement, notes, display)
	VALUES(50, 'garry lawlan',
	'<p class="artist"></p>
<p class="artist">Garry is a Liverpool based artist who graduated from Leeds university in 1978.
 His cartoon and illustration work has been published in many newspapers and books. 
He has been influenced by many artists and illustrators over the years including Picasso and Roger Dean.</p>
<p class="artist">His current work is split into two distinct themes, the surreal and fantastic watercolour landscapes
of the artists imagination, and more traditional landscape paintings including a number of scenes of Liverpool.</p>',
               NULL,
	       1);

##-----------------------------------------------------------------------------------





INSERT INTO art (artist, title, media, width, height, image, pricing_info, main_image, image_width, image_height)
	VALUES(50,
	        'liver building 7',
	       'oil on canvas',
	       120,
	       120,
	      'liver-building-7',
	       'original &pound;850',
	       0,
		517,
		 650);

INSERT INTO art_pricing(art, item_number, description, price)
	VALUES(LAST_INSERT_ID(), 'GL116', 'original', 850);


##-----------------------------------------------------------------------------------



INSERT INTO art (artist, title, media, width, height, image, pricing_info, main_image, image_width, image_height)
	VALUES(50,
	        'liver building 6',
	       'oil on canvas',
	       76,
	       200,
	      'liver-building-6',
	       'original &pound;1350',
	       0,
		218,
		 650);

INSERT INTO art_pricing(art, item_number, description, price)
	VALUES(LAST_INSERT_ID(), 'GL115', 'original', 1350);


##-----------------------------------------------------------------------------------




INSERT INTO art (artist, title, media, width, height, image, pricing_info, main_image, image_width, image_height)
	VALUES(50,
	       'liver building 4',
	       'oil on canvas',
	       122,
	       122,
	       'liver_buildings_4',
	        'original &pound;950',
	       1,
		649,
		 650);

INSERT INTO art_pricing(art, item_number, description, price)
	VALUES(LAST_INSERT_ID(), 'GL117', 'original', 950);



##-----------------------------------------------------------------------------------

INSERT INTO art (artist, title, media, width, height, image, pricing_info, main_image, image_width, image_height)
	VALUES(50,
	        'liver building 5',
	       'oil on canvas',
	       78,
	       122,
	      'liver_buildings_5',
	       'commission example',
	       0,
		429,
		 650);



##-----------------------------------------------------------------------------------



INSERT INTO art (artist, title, media, width, height, image, pricing_info, main_image, image_width, image_height)
	VALUES(50,
	       'liver building 3',
	       'oil on canvas',
	       122,
	       122,
	       'liver_buildings_3',
	     'currently unavailable',
	       0,
		649,
		 650);



##-----------------------------------------------------------------------------------





INSERT INTO art (artist, title, media, width, height, image, pricing_info, main_image, image_width, image_height)
	VALUES(50,
	       'the liver bird',
	       'oil on canvas',
	       202,
	       91,
	       'the_liver_bird',
	         'commission example',
	       0,
		488,
		 650);


##-----------------------------------------------------------------------------------


INSERT INTO art (artist, title, media, width, height, image, pricing_info, main_image, image_width, image_height)
	VALUES(50,
	       'dusk in the harbour',
	       'oil on canvas',
	       76,
	       61,
	       'dusk_in_the_harbour',
	       'original &pound;250',
	       0,
		488,
		 650);

INSERT INTO art_pricing(art, item_number, description, price)
	VALUES(LAST_INSERT_ID(), 'GL101', 'original', 250);


##-----------------------------------------------------------------------------------

INSERT INTO art (artist, title, media, width, height, image, pricing_info, main_image, image_width, image_height)
	VALUES(50,
	       'harbours day',
	       'oil on canvas',
	       200,
	       70,
	       'harbours_day',
	       'original &pound;295',
	       0,
		481,
		 650);

INSERT INTO art_pricing(art, item_number, description, price)
	VALUES(LAST_INSERT_ID(), 'GL102', 'original', 295);


##-----------------------------------------------------------------------------------

INSERT INTO art (artist, title, media, width, height, image, pricing_info, main_image, image_width, image_height)
	VALUES(50,
	       'the mill',
	       'oil on canvas',
	       76,
	       61,
	       'the_mill',
	       'original &pound;250',
	       0,
		510,
		 650);

INSERT INTO art_pricing(art, item_number, description, price)
	VALUES(LAST_INSERT_ID(), 'GL103', 'original', 250);


##-----------------------------------------------------------------------------------


INSERT INTO art (artist, title, media, width, height, image, pricing_info, main_image, image_width, image_height)
	VALUES(50,
	       'island for sale',
	       'ink and watercolour on paper',
	       74,
	       47,
	       'island_for_sale',
	       'original &pound;395',
	       0,
		496,
		 650);

INSERT INTO art_pricing(art, item_number, description, price)
	VALUES(LAST_INSERT_ID(), 'GL105', 'original', 395);


##-----------------------------------------------------------------------------------

INSERT INTO art (artist, title, media, width, height, image, pricing_info, main_image, image_width, image_height)
	VALUES(50,
	       'the industrial island',
	       'ink and watercolour on paper',
	       74,
	       47,
	       'the_industrial_island',
	       'original &pound;395',
	       0,
		496,
		 650);

INSERT INTO art_pricing(art, item_number, description, price)
	VALUES(LAST_INSERT_ID(), 'GL106', 'original', 395);


##-----------------------------------------------------------------------------------

INSERT INTO art (artist, title, media, width, height, image, pricing_info, main_image, image_width, image_height)
	VALUES(50,
	       'the remaining island',
	       'ink and watercolour on paper',
	       74,
	       47,
	       'the_remaining_island',
	       'original &pound;395',
	       0,
		481,
		 650);

INSERT INTO art_pricing(art, item_number, description, price)
	VALUES(LAST_INSERT_ID(), 'GL107', 'original', 395);


##-----------------------------------------------------------------------------------

INSERT INTO art (artist, title, media, width, height, image, pricing_info, main_image, image_width, image_height)
	VALUES(50,
	       'pleasure island',
	       'ink and watercolour on paper',
	       74,
	       47,
	       'pleasure_island',
	       'original &pound;395',
	       0,
		488,
		 650);

INSERT INTO art_pricing(art, item_number, description, price)
	VALUES(LAST_INSERT_ID(), 'GL108', 'original', 395);


##-----------------------------------------------------------------------------------

INSERT INTO art (artist, title, media, width, height, image, pricing_info, main_image, image_width, image_height)
	VALUES(50,
	       'the ferry',
	       'oil on canvas',
	       80,
	       120,
	       'the_ferry',
	       'commission example',
	       0,
		460,
		 650);



##-----------------------------------------------------------------------------------






INSERT INTO artist (id, name, statement, notes, display)
	VALUES(53, 'paul r francis',
	'<p class="artist">Paul is a designer who has recently returned to his roots in fine art. His work takes elements of pop culture, advertising and
satire and combines them to create bold, contemporary images. The artist describes his inspirations:</p>
<p class="artist">whilst studying art at school, I was introduced to the French impressionist movement which I drew parallels with the then current punk and new wave movement. I saw them fighting similar establishments 100 years apart. for Monet I saw The Sex Pistols,
renoir - The Clash, Degas - The Damned, Manet - The Stranglers, Sisley - The Buzzcocks, Pissarro - The Blockheads etc etc.
I have taken these reference points and all the mavericks in popular culture who came inbetween and realised that if you do not understand the past, you are condemned to repeat it. So I am starting to attempt to incorporate all of my previous interests and inspirations into a big artistic melting pot.</p>',
               NULL,
	       1);

##-----------------------------------------------------------------------------------




INSERT INTO art (artist, title, media, width, height, image, pricing_info, main_image, image_width, image_height)
	VALUES(53,
	       'computer chair with e-cigarette',
	       'acrylic on canvas',
	       61,
	       61,
	       'computer-chair-with',
	       'original &pound;295',
	       0,
		650,
		 650);

INSERT INTO art_pricing(art, item_number, description, price)
	VALUES(LAST_INSERT_ID(), 'PF135', 'original', 295);


##----------------------------------------------------------------------------------



INSERT INTO art (artist, title, media, width, height, image, pricing_info, main_image, image_width, image_height)
	VALUES(53,
	       'soundbite',
	       'acrylic on canvas',
	       70,
	       50,
	       'soundbite',
	       'original &pound;295',
	       0,
		650,
		 464);

INSERT INTO art_pricing(art, item_number, description, price)
	VALUES(LAST_INSERT_ID(), 'PF134', 'original', 295);


##----------------------------------------------------------------------------------


INSERT INTO art (artist, title, media, width, height, image, pricing_info, main_image, image_width, image_height)
	VALUES(53,
	       'girl with an ipod touch',
	       'acrylic on canvas',
	       46,
	       60,
	       'girl-with-an',
	       'sold',
	       1,
		492,
		 650);




##----------------------------------------------------------------------------------



INSERT INTO art (artist, title, media, width, height, image, pricing_info, main_image, image_width, image_height)
	VALUES(53,
	       'fully charged',
	       'acrylic on canvas',
	       70,
	       50,
	       'fully-charged',
	       'original &pound;295',
	       0,
		650,
		 467);

INSERT INTO art_pricing(art, item_number, description, price)
	VALUES(LAST_INSERT_ID(), 'PF132', 'original', 295);


##----------------------------------------------------------------------------------



INSERT INTO art (artist, title, media, width, height, image, pricing_info, main_image, image_width, image_height)
	VALUES(53,
	       'bursting with blackberry flavours',
	       'acrylic on canvas',
	       50,
	       60,
	       'bursting-with-blackberry',
	       'sold',
	       0,
		542,
		 650);




##----------------------------------------------------------------------------------



INSERT INTO art (artist, title, media, width, height, image, pricing_info, main_image, image_width, image_height)
	VALUES(53,
	       'bottles apples and iphone 4',
	       'acrylic on canvas',
	       60,
	       46,
	       'bottles-apples-and',
	       'sold',
	       0,
		650,
		 494);




##----------------------------------------------------------------------------------





INSERT INTO art (artist, title, media, width, height, image, pricing_info, main_image, image_width, image_height)
	VALUES(53,
	       'a lone bird caught a fair wind',
	       'acrylic on canvas',
	       50,
	       70,
	       'a-lone-bird',
	       'original &pound;295',
	       0,
		650,
		 465);

INSERT INTO art_pricing(art, item_number, description, price)
	VALUES(LAST_INSERT_ID(), 'PF129', 'original', 295);


##----------------------------------------------------------------------------------


INSERT INTO art (artist, title, media, width, height, image, pricing_info, main_image, image_width, image_height)
	VALUES(53,
	       'mersey morning',
	       'acrylic on canvas',
	       70,
	       50,
	       'mersey-morning',
	       'original &pound;295',
	       0,
		650,
		 455);

INSERT INTO art_pricing(art, item_number, description, price)
	VALUES(LAST_INSERT_ID(), 'PF128', 'original', 295);


##----------------------------------------------------------------------------------

INSERT INTO art (artist, title, media, width, height, image, pricing_info, main_image, image_width, image_height)
	VALUES(53,
	       'rc cathedral liverpool',
	       'acrylic on canvas',
	       100,
	       80,
	       'rc_cathedral_liverpool',
	      'original &pound;600',
	       0,
		650,
		 498);

INSERT INTO art_pricing(art, item_number, description, price)
	VALUES(LAST_INSERT_ID(), 'PF111', 'original', 600);


##----------------------------------------------------------------------------------




INSERT INTO art (artist, title, media, width, height, image, pricing_info, main_image, image_width, image_height)
	VALUES(53,
	       'anglican in red',
	       'acrylic on canvas',
	       127,
	       102,
	       'anglican_in_red',
	    'original &pound;800',
	       0,
		650,
		 515);

INSERT INTO art_pricing(art, item_number, description, price)
	VALUES(LAST_INSERT_ID(), 'PF112', 'original', 800);


##----------------------------------------------------------------------------------




INSERT INTO art (artist, title, media, width, height, image, pricing_info, main_image, image_width, image_height)
	VALUES(53,
	       'liver building in red',
	       'acrylic on canvas',
	       127,
	       102,
	       'liver_buildinga_red',
	       'currently unavailable',
	       0,
		650,
		 521);


##----------------------------------------------------------------------------------


INSERT INTO art (artist, title, media, width, height, image, pricing_info, main_image, image_width, image_height)
	VALUES(53,
	       'liverpool - a new approach',
	       'acrylic on canvas',
	       60,
	       50,
	       'liverpool_a_new',
	       'commission example',
	       0,
		650,
		 542);



##----------------------------------------------------------------------------------





INSERT INTO art (artist, title, media, width, height, image, pricing_info, main_image, image_width, image_height)
	VALUES(53,
	       'gianella hernandez, lima',
	       'acrylic on canvas',
	       100,
	       100,
	       'gianella_hernandez_lima',
	      'original &pound;250',
	       0,
		650,
		 643);

INSERT INTO art_pricing(art, item_number, description, price)
	VALUES(LAST_INSERT_ID(), 'PF110', 'original', 250);


##----------------------------------------------------------------------------------



INSERT INTO art (artist, title, media, width, height, image, pricing_info, main_image, image_width, image_height)
	VALUES(53,
	       'orange skies',
	       'acrylic on canvas',
	       127,
	       102,
	       'orange_skies',
	       'original &pound;800',
	       0,
		650,
		 515);

INSERT INTO art_pricing(art, item_number, description, price)
	VALUES(LAST_INSERT_ID(), 'PF125', 'original', 800);


##----------------------------------------------------------------------------------




INSERT INTO art (artist, title, media, width, height, image, pricing_info, main_image, image_width, image_height)
	VALUES(53,
	       'shadowplay',
	       'acrylic on canvas',
	       50,
	       40,
	       'shadowplay',
	       'commission example',
	       0,
		650,
		 518);


##----------------------------------------------------------------------------------



INSERT INTO art (artist, title, media, width, height, image, pricing_info, main_image, image_width, image_height)
	VALUES(53,
	       'sunrise over l1',
	       'acrylic on canvas',
	       60,
	       50,
	       'sunrise_over_l1',
	       'original &pound;250',
	       0,
		650,
		 515);

INSERT INTO art_pricing(art, item_number, description, price)
	VALUES(LAST_INSERT_ID(), 'PF126', 'original', 250);


##----------------------------------------------------------------------------------




INSERT INTO art (artist, title, media, width, height, image, pricing_info, main_image, image_width, image_height)
	VALUES(53,
	       'clean living under difficult circumstances',
	       'acrylic on canvas',
	       100,
	       80,
	       'clean_living_under',
	       'original &pound;550',
	       0,
		650,
		 520);

INSERT INTO art_pricing(art, item_number, description, price)
	VALUES(LAST_INSERT_ID(), 'PF127', 'original', 550);


##----------------------------------------------------------------------------------


INSERT INTO artist (id, name, statement, notes, display)
	VALUES(61, 'gail pickett',
	'<p class="artist">Merseyside based gail graduated from Liverpool art school in 1995, and since then has exhibited widely around Liverpool as well as the rest of the Uk, and as far afield as Germany.</p>
<p class="artist">Her work is often linked to her strong interest in natural form, and in particlular fish. She hopes to challenge and explore the sometimes misunderstood genre of nature painting and also the ambiguous relationship between painting and photography.</p>
<p class="artist">Gail discusses how she uses these contradictions and parallels in her work-</p>
<p class="artist">"Machines such as photocopiers and cameras are often believed to reproduce reality more accurately than painting but even the simple act of reproducing the same image for example the koi carp in "reproduction" leads to differences in tonality not controlled by the operator and differences in size which is controlled. Rather like selective breeding (the koi is the ultimate example of selective breeding) the outcome can never be totally guaranteed.  
I want my paintings to work as interesting images which entertain the eye. Pictures, in other words, ones which can be perhaps both about (painting) and of (nature)."</p>
',
               NULL,
	       1);


##----------------------------------------------------------------------------------



INSERT INTO art (artist, title, media, width, height, image, pricing_info, main_image, image_width, image_height)
	VALUES(61,
	       'knots',
	       'oil on linen',
	       152,
	       109,
	       'knots',
	       'original &pound;1100',
	       0,
		650,
		 459);

INSERT INTO art_pricing(art, item_number, description, price)
	VALUES(LAST_INSERT_ID(), 'GP101', 'original', 1100);

##----------------------------------------------------------------------------------


INSERT INTO art (artist, title, media, width, height, image, pricing_info, main_image, image_width, image_height)
	VALUES(61,
	       'reproduction',
	       'oil on board',
	       107,
	       107,
	       'reproduction',
	       'currently unavailable',
	       0,
		650,
		 491);


##----------------------------------------------------------------------------------

INSERT INTO art (artist, title, media, width, height, image, pricing_info, main_image, image_width, image_height)
	VALUES(61,
	       'twelve colours of the rainbow trout',
	       'oil on board',
	       61,
	       30,
	       'twelve_colours_of',
	       'original &pound;550',
	       0,
		650,
		 324);

INSERT INTO art_pricing(art, item_number, description, price)
	VALUES(LAST_INSERT_ID(), 'GP104', 'original', 550);

##----------------------------------------------------------------------------------


INSERT INTO art (artist, title, media, width, height, image, pricing_info, main_image, image_width, image_height)
	VALUES(61,
	       'ripples',
	       'oil on board',
	       76,
	       76,
	       'ripples',
	       'original &pound;715',
	       0,
		650,
		 645);

INSERT INTO art_pricing(art, item_number, description, price)
	VALUES(LAST_INSERT_ID(), 'GP105', 'original', 645);

##----------------------------------------------------------------------------------


INSERT INTO art (artist, title, media, width, height, image, pricing_info, main_image, image_width, image_height)
	VALUES(61,
	       'tickled trout',
	       'pencil on paper',
	       69,
	       51,
	       'tickled_trout',
	       'original &pound;165',
	       0,
		650,
		 488);

INSERT INTO art_pricing(art, item_number, description, price)
	VALUES(LAST_INSERT_ID(), 'GP106', 'original', 165);

##----------------------------------------------------------------------------------


INSERT INTO art (artist, title, media, width, height, image, pricing_info, main_image, image_width, image_height)
	VALUES(61,
	       'threes',
	       'oil on board',
	       30,
	       30,
	       'threes',
	       'original &pound;200',
	       1,
		650,
		 633);

INSERT INTO art_pricing(art, item_number, description, price)
	VALUES(LAST_INSERT_ID(), 'GP107', 'original', 200);

##----------------------------------------------------------------------------------


INSERT INTO art (artist, title, media, width, height, image, pricing_info, main_image, image_width, image_height)
	VALUES(61,
	       'cloth and thorns',
	       'oil on board',
	       46,
	       61,
	       'cloth_and_thorns',
	       'original &pound;250',
	       0,
		485,
		 650);

INSERT INTO art_pricing(art, item_number, description, price)
	VALUES(LAST_INSERT_ID(), 'GP108', 'original', 250);

##----------------------------------------------------------------------------------


INSERT INTO art (artist, title, media, width, height, image, pricing_info, main_image, image_width, image_height)
	VALUES(61,
	       'feather study',
	       'oil on board',
	       30,
	       30,
	       'feather_study',
	       'original &pound;200',
	       0,
		650,
		 543);

INSERT INTO art_pricing(art, item_number, description, price)
	VALUES(LAST_INSERT_ID(), 'GP109', 'original', 200);

##----------------------------------------------------------------------------------


INSERT INTO art (artist, title, media, width, height, image, pricing_info, main_image, image_width, image_height)
	VALUES(61,
	       'three geese over a reedbed',
	       'oil on canvas',
	       46,
	       38,
	       'three_geese_over',
	       'original &pound;250',
	       0,
		650,
		 534);

INSERT INTO art_pricing(art, item_number, description, price)
	VALUES(LAST_INSERT_ID(), 'GP110', 'original', 250);

##----------------------------------------------------------------------------------


INSERT INTO art (artist, title, media, width, height, image, pricing_info, main_image, image_width, image_height)
	VALUES(61,
	       'nautilus and land snails',
	       'oil on board',
	       61,
	       76,
	       'nautilus_and_land',
	       'original &pound;400',
	       0,
		488,
		 650);

INSERT INTO art_pricing(art, item_number, description, price)
	VALUES(LAST_INSERT_ID(), 'GP111', 'original', 400);

##----------------------------------------------------------------------------------


INSERT INTO art (artist, title, media, width, height, image, pricing_info, main_image, image_width, image_height)
	VALUES(61,
	       'the gatekeeper',
	       'oil on board',
	       61,
	       122,
	       'the_gatekeeper',
	  'currently unavailable',
	       0,
		323,
		 650);


##----------------------------------------------------------------------------------


INSERT INTO art (artist, title, media, width, height, image, pricing_info, main_image, image_width, image_height)
	VALUES(61,
	       'bird in the hand',
	       'oil on board',
	       122,
	       92,
	       'bird_in_the',
	       'commission example',
	       0,
		650,
		 497);


##----------------------------------------------------------------------------------


INSERT INTO artist (id, name, statement, notes, display)
	VALUES(63, 'peter carr',
	'<p class="artist">Peter Carr is a young but experienced professional photographer from Merseyside. A university graduate and former professional web designer.

His passion is simply photography. From the beauty of landscapes to the atmosphere of a gig to the lines in architecture. Capturing life and creating bold images is what drives him.
</p>
<p class="artist">He has recently been featured on the BBC Northwest news, published in calendars, magazines including one in Mexico, the BBC merseyside site, 
and has won numerous regional and national photography competitions."
.</p>
<p class="artist">Each print is produced in an edition of 200 and is sold mounted signed and numbered.</p>
<p class="artist"></p>
',
               NULL,
	       1);

##----------------------------------------------------------------------------------



INSERT INTO art (artist, title, media, width, height, image, pricing_info, main_image, image_width, image_height)
	VALUES(63,
	       'go superlambananas',
	       'photographic print',
	       41,
	       31,
	       'go_superlambananas',
	       'limited edition print &pound;50',
	       1,
		600,
		 400);

INSERT INTO art_pricing(art, item_number, description, price)
	VALUES(LAST_INSERT_ID(), 'pc116', 'limited edition print', 50);



##----------------------------------------------------------------------------------



INSERT INTO art (artist, title, media, width, height, image, pricing_info, main_image, image_width, image_height)
	VALUES(63,
	       'go superlambananas',
	       'photographic print',
	       76,
	       50,
	       'go_superlambananas',
	       'limited edition print &pound;120',
	       0,
		600,
		 400);

INSERT INTO art_pricing(art, item_number, description, price)
	VALUES(LAST_INSERT_ID(), 'pc117', 'limited edition print', 120);



##----------------------------------------------------------------------------------



INSERT INTO art (artist, title, media, width, height, image, pricing_info, main_image, image_width, image_height)
	VALUES(63,
	       'go superlambananas',
	       'photographic print',
	       100,
	       67,
	       'go_superlambananas',
	       'limited edition print on canvas &pound;500',
	       0,
		600,
		 400);

INSERT INTO art_pricing(art, item_number, description, price)
	VALUES(LAST_INSERT_ID(), 'pc118', 'limited edition print on canvas', 500);



##----------------------------------------------------------------------------------


INSERT INTO art (artist, title, media, width, height, image, pricing_info, main_image, image_width, image_height)
	VALUES(63,
	       'gods house',
	       'photographic print',
	       42,
	       29,
	       'gods_house',
	       'limited edition print &pound;50',
	       0,
		650,
		 427);

INSERT INTO art_pricing(art, item_number, description, price)
	VALUES(LAST_INSERT_ID(), 'pc104', 'limited edition print', 50);

##----------------------------------------------------------------------------------

INSERT INTO art (artist, title, media, width, height, image, pricing_info, main_image, image_width, image_height)
	VALUES(63,
	       'reflected docks',
	       'photographic print',
	       42,
	       29,
	       'reflected_docks',
	       'limited edition print &pound;50',
	       0,
		650,
		 433);

INSERT INTO art_pricing(art, item_number, description, price)
	VALUES(LAST_INSERT_ID(), 'pc105', 'limited edition print', 50);


##----------------------------------------------------------------------------------

INSERT INTO art (artist, title, media, width, height, image, pricing_info, main_image, image_width, image_height)
	VALUES(63,
	       'an evening to reflect on',
	       'photographic print',
	       42,
	       29,
	       'an_evening_to',
	       'limited edition print &pound;50',
	       0,
		650,
		 432);

INSERT INTO art_pricing(art, item_number, description, price)
	VALUES(LAST_INSERT_ID(), 'pc106', 'limited edition print', 50);


##----------------------------------------------------------------------------------

INSERT INTO art (artist, title, media, width, height, image, pricing_info, main_image, image_width, image_height)
	VALUES(63,
	       'bill shankly',
	       'photographic print',
	       42,
	       29,
	       'bill_shankly',
	       'limited edition print &pound;50',
	       0,
		500,
		 333);

INSERT INTO art_pricing(art, item_number, description, price)
	VALUES(LAST_INSERT_ID(), 'pc107', 'limited edition print', 50);


##----------------------------------------------------------------------------------

INSERT INTO art (artist, title, media, width, height, image, pricing_info, main_image, image_width, image_height)
	VALUES(63,
	       'braving the storm',
	       'photographic print',
	       42,
	       29,
	       'braving_the_storm',
	       'limited edition print &pound;50',
	       0,
		500,
		 331);

INSERT INTO art_pricing(art, item_number, description, price)
	VALUES(LAST_INSERT_ID(), 'pc108', 'limited edition print', 50);


##----------------------------------------------------------------------------------

INSERT INTO art (artist, title, media, width, height, image, pricing_info, main_image, image_width, image_height)
	VALUES(63,
	       'dixie dean',
	       'photographic print',
	       29,
	       42,
	       'dixie_dean',
	       'limited edition print &pound;50',
	       0,
		334,
		 500);

INSERT INTO art_pricing(art, item_number, description, price)
	VALUES(LAST_INSERT_ID(), 'pc109', 'limited edition print', 50);


##----------------------------------------------------------------------------------

INSERT INTO art (artist, title, media, width, height, image, pricing_info, main_image, image_width, image_height)
	VALUES(63,
	       'light dancing',
	       'photographic print',
	       42,
	       29,
	       'light_dancing',
	       'limited edition print &pound;50',
	       0,
		500,
		 329);

INSERT INTO art_pricing(art, item_number, description, price)
	VALUES(LAST_INSERT_ID(), 'pc110', 'limited edition print', 50);


##----------------------------------------------------------------------------------

INSERT INTO art (artist, title, media, width, height, image, pricing_info, main_image, image_width, image_height)
	VALUES(63,
	       'majesty',
	       'photographic print',
	       42,
	       29,
	       'majesty',
	       'limited edition print &pound;50',
	       0,
		500,
		 332);

INSERT INTO art_pricing(art, item_number, description, price)
	VALUES(LAST_INSERT_ID(), 'pc111', 'limited edition print', 50);


##----------------------------------------------------------------------------------

INSERT INTO art (artist, title, media, width, height, image, pricing_info, main_image, image_width, image_height)
	VALUES(63,
	       'the liver building',
	       'photographic print',
	       42,
	       29,
	       'the_liver_building',
	       'limited edition print &pound;50',
	       0,
		500,
		 333);

INSERT INTO art_pricing(art, item_number, description, price)
	VALUES(LAST_INSERT_ID(), 'pc112', 'limited edition print', 50);


##----------------------------------------------------------------------------------

INSERT INTO art (artist, title, media, width, height, image, pricing_info, main_image, image_width, image_height)
	VALUES(63,
	       'welcome to chinatown',
	       'photographic print',
	       42,
	       29,
	       'welcome_to_chinatown',
	       'limited edition print &pound;50',
	       0,
		500,
		 332);

INSERT INTO art_pricing(art, item_number, description, price)
	VALUES(LAST_INSERT_ID(), 'pc113', 'limited edition print', 50);


##----------------------------------------------------------------------------------

INSERT INTO art (artist, title, media, width, height, image, pricing_info, main_image, image_width, image_height)
	VALUES(63,
	       'gods house',
	       'photographic print',
	       76,
	       50,
	       'gods_house',
	       'limited edition print &pound;120',
	       0,
		650,
		 427);

INSERT INTO art_pricing(art, item_number, description, price)
	VALUES(LAST_INSERT_ID(), 'pc101', 'limited edition print', 120);

##----------------------------------------------------------------------------------

INSERT INTO art (artist, title, media, width, height, image, pricing_info, main_image, image_width, image_height)
	VALUES(63,
	       'reflected docks',
	       'photographic print',
	       76,
	       50,
	       'reflected_docks',
	       'limited edition print &pound;120',
	       0,
		650,
		 433);

INSERT INTO art_pricing(art, item_number, description, price)
	VALUES(LAST_INSERT_ID(), 'pc102', 'limited edition print', 120);

##----------------------------------------------------------------------------------

INSERT INTO art (artist, title, media, width, height, image, pricing_info, main_image, image_width, image_height)
	VALUES(63,
	       'an evening to reflect on',
	       'photographic print',
	       76,
	       50,
	       'an_evening_to',
	       'limited edition print &pound;120',
	       0,
		650,
		 432);

INSERT INTO art_pricing(art, item_number, description, price)
	VALUES(LAST_INSERT_ID(), 'pc103', 'limited edition print', 120);

##----------------------------------------------------------------------------------

INSERT INTO art (artist, title, media, width, height, image, pricing_info, main_image, image_width, image_height)
	VALUES(63,
	       'QE2',
	       'photographic print',
	       42,
	       29,
	       'qe2',
	       'limited edition print &pound;50',
	       0,
		650,
		 435);

INSERT INTO art_pricing(art, item_number, description, price)
	VALUES(LAST_INSERT_ID(), 'pc114', 'limited edition print', 50);

##----------------------------------------------------------------------------------

INSERT INTO art (artist, title, media, width, height, image, pricing_info, main_image, image_width, image_height)
	VALUES(63,
	       'another place',
	       'photographic print',
	       42,
	       29,
	       'another_place',
	       'limited edition print &pound;50',
	       0,
		650,
		 435);

INSERT INTO art_pricing(art, item_number, description, price)
	VALUES(LAST_INSERT_ID(), 'pc115', 'limited edition print', 50);



##----------------------------------------------------------------------------------


INSERT INTO artist (id, name, statement, notes, display)
	VALUES(66, 'grahame ashcroft',
	'<p class="artist">Grahame is a professional artist based in Merseyside, NW England. His works are in private & municipal collections both in the UK & abroad.</p>
<p class="artist">Describing the process behind his work, he says
-</p>
<p class="artist">"My paintings arrive like strangers at the door.  I invite them in, get to know their stories. Exterior landscapes, interior landscapes; the seen & the imagined. Perhaps, after all, they''re the same thing."</p>

<p class="artist">Please note, framed work is not glazed.</p>
',
               NULL,
	       1);


##----------------------------------------------------------------------------------



INSERT INTO art (artist, title, media, width, height, image, pricing_info, main_image, image_width, image_height)
	VALUES(66,

	       'woods at ore 1',
	       'oil on canvas',
	       89,
	       112,
	       'woods-at-ore1',
	       'original &pound;1515',
	       0,
		488,
		650);

INSERT INTO art_pricing(art, item_number, description, price)
	VALUES(LAST_INSERT_ID(), 'ga101', 'original', 1515);

##----------------------------------------------------------------------------------



INSERT INTO art (artist, title, media, width, height, image, pricing_info, main_image, image_width, image_height)
	VALUES(66,

	       'woods at ore 2',
	       'oil on canvas',
	       89,
	       107,
	       'woods-at-ore2',
	       'original &pound;1400',
	       0,
		488,
		650);

INSERT INTO art_pricing(art, item_number, description, price)
	VALUES(LAST_INSERT_ID(), 'ga102', 'original', 1400);

##----------------------------------------------------------------------------------



INSERT INTO art (artist, title, media, width, height, image, pricing_info, main_image, image_width, image_height)
	VALUES(66,

	       'parkland 1',
	       'oil on canvas',
	       69,
	       119,
	       'parkland-1',
	       'original &pound;1200',
	       0,
		488,
		650);

INSERT INTO art_pricing(art, item_number, description, price)
	VALUES(LAST_INSERT_ID(), 'ga103', 'original', 1200);

##----------------------------------------------------------------------------------



INSERT INTO art (artist, title, media, width, height, image, pricing_info, main_image, image_width, image_height)
	VALUES(66,

	       'parkland 2',
	       'oil on canvas',
	       69,
	       119,
	       'parkland-2',
	       'original &pound;1200',
	       1,
		488,
		650);

INSERT INTO art_pricing(art, item_number, description, price)
	VALUES(LAST_INSERT_ID(), 'ga104', 'original', 1200);

##----------------------------------------------------------------------------------



INSERT INTO art (artist, title, media, width, height, image, pricing_info, main_image, image_width, image_height)
	VALUES(66,

	       'the leaves are dancing',
	       'oil on canvas',
	       69,
	       119,
	       'the-leaves-are',
	       'original &pound;1200',
	       0,
		488,
		650);

INSERT INTO art_pricing(art, item_number, description, price)
	VALUES(LAST_INSERT_ID(), 'ga105', 'original', 1200);

##----------------------------------------------------------------------------------



INSERT INTO art (artist, title, media, width, height, image, pricing_info, main_image, image_width, image_height)
	VALUES(66,

	       'parkland stairway',
	       'oil on canvas',
	       46,
	       61,
	       'parkland-stairway',
	       'original &pound;550',
	       0,
		488,
		650);

INSERT INTO art_pricing(art, item_number, description, price)
	VALUES(LAST_INSERT_ID(), 'ga106', 'original', 550);

##----------------------------------------------------------------------------------


INSERT INTO art (artist, title, media, width, height, image, pricing_info, main_image, image_width, image_height)
	VALUES(66,

	       'woods edge ore',
	       'oil on canvas',
	       69,
	       119,
	       'woods-edge-ore',
	       'original &pound;1200',
	       0,
		488,
		650);

INSERT INTO art_pricing(art, item_number, description, price)
	VALUES(LAST_INSERT_ID(), 'ga107', 'original', 1200);

##----------------------------------------------------------------------------------

INSERT INTO art (artist, title, media, width, height, image, pricing_info, main_image, image_width, image_height)
	VALUES(66,

	       'bluebell woods (woodland path 1)',
	       'oil on canvas',
	       89,
	       114,
	       'woodland_path_1',
	       'original &pound;1575',
	       0,
		488,
		650);

INSERT INTO art_pricing(art, item_number, description, price)
	VALUES(LAST_INSERT_ID(), 'ga108', 'original', 1575);

##----------------------------------------------------------------------------------


INSERT INTO art (artist, title, media, width, height, image, pricing_info, main_image, image_width, image_height)
	VALUES(66,

	       'bluebell woods (woodland path 2)',
	       'oil on canvas',
	       89,
	       114,
	       'woodland_path_2',
	       'original &pound;1575',
	       0,
		488,
		650);

INSERT INTO art_pricing(art, item_number, description, price)
	VALUES(LAST_INSERT_ID(), 'ga109', 'original', 1575);

##----------------------------------------------------------------------------------

INSERT INTO art (artist, title, media, width, height, image, pricing_info, main_image, image_width, image_height)
	VALUES(66,

	       'bluebell woods (woodland path 3)',
	       'oil on canvas',
	       89,
	       76,
	       'woodland_path_3',
	       'original &pound;1050',
	       0,
		650,
		488);

INSERT INTO art_pricing(art, item_number, description, price)
	VALUES(LAST_INSERT_ID(), 'ga110', 'original', 1050);

##----------------------------------------------------------------------------------




INSERT INTO art (artist, title, media, width, height, image, pricing_info, main_image, image_width, image_height)
	VALUES(66,

	       'bluebell woods (the clearing)',
	       'oil on canvas',
	       114,
	       89,
	       'the_clearing',
	       'original &pound;1575',
	       0,
		650,
		488);

INSERT INTO art_pricing(art, item_number, description, price)
	VALUES(LAST_INSERT_ID(), 'ga111', 'original', 1575);

##----------------------------------------------------------------------------------



INSERT INTO art (artist, title, media, width, height, image, pricing_info, main_image, image_width, image_height)
	VALUES(66,

	       'bluebell woods (new clearing)',
	       'oil on canvas',
	       79,
	       66,
	       'new_clearing',
	       'original &pound;805',
	       0,
		650,
		488);

INSERT INTO art_pricing(art, item_number, description, price)
	VALUES(LAST_INSERT_ID(), 'ga112', 'original', 805);

##----------------------------------------------------------------------------------




INSERT INTO art (artist, title, media, width, height, image, pricing_info, main_image, image_width, image_height)
	VALUES(66,

	       'bluebell woods (the glade)',
	       'oil on canvas',
	       46,
	       61,
	       'the_glade',
	       'original &pound;500',
	       0,
		488,
		650);

INSERT INTO art_pricing(art, item_number, description, price)
	VALUES(LAST_INSERT_ID(), 'ga113', 'original', 500);

##----------------------------------------------------------------------------------

INSERT INTO art (artist, title, media, width, height, image, pricing_info, main_image, image_width, image_height)
	VALUES(66,

	       'field',
	       'acrylic on canvas',
	       112,
	       112,
	       'field',
	       'original &pound;2200',
	       0,
		650,
		488);

INSERT INTO art_pricing(art, item_number, description, price)
	VALUES(LAST_INSERT_ID(), 'ga114', 'original', 2200);

##----------------------------------------------------------------------------------

INSERT INTO art (artist, title, media, width, height, image, pricing_info, main_image, image_width, image_height)
	VALUES(66,

	       'reedbed',
	       'acrylic on canvas',
	       114,
	       114,
	       'reedbed',
	       'original &pound;2250',
	       0,
		650,
		488);

INSERT INTO art_pricing(art, item_number, description, price)
	VALUES(LAST_INSERT_ID(), 'ga115', 'original', 2250);

##----------------------------------------------------------------------------------

INSERT INTO art (artist, title, media, width, height, image, pricing_info, main_image, image_width, image_height)
	VALUES(66,
	      
               'coppice and cornfield 1',
	       'oil on paper',
	       117,
	       145,
	       'coppice_and_cornfield_1',
	       'framed original &pound;2650',
	       0,
		529,
		650);

INSERT INTO art_pricing(art, item_number, description, price)
	VALUES(LAST_INSERT_ID(), 'ga116', 'original', 2650);

##----------------------------------------------------------------------------------

INSERT INTO art (artist, title, media, width, height, image, pricing_info, main_image, image_width, image_height)
	VALUES(66,
	      
               'coppice and cornfield 2',
	       'oil on paper',
	       122,
	       147,
	       'coppice_and_cornfield_2',
	        'framed original &pound;2850',
	       0,
		570,
		650);

INSERT INTO art_pricing(art, item_number, description, price)
	VALUES(LAST_INSERT_ID(), 'ga117', 'original', 2850);


##----------------------------------------------------------------------------------

INSERT INTO art (artist, title, media, width, height, image, pricing_info, main_image, image_width, image_height)
	VALUES(66,
	       
               'coppice and cornfield 3',
	       'oil on paper',
	       117,
	       145,
	       'coppice_and_cornfield_3',
	       'framed original &pound;2650',
	       0,
		533,
		650);

INSERT INTO art_pricing(art, item_number, description, price)
	VALUES(LAST_INSERT_ID(), 'ga118', 'original', 2650);

##----------------------------------------------------------------------------------

INSERT INTO art (artist, title, media, width, height, image, pricing_info, main_image, image_width, image_height)
	VALUES(66,
	       
               'coppice bescar 1',
	       'oil on paper',
	       117,
	       145,
	       'coppice_bescar_1',
	       'framed original &pound;2650',
	       0,
		517,
		650);

INSERT INTO art_pricing(art, item_number, description, price)
	VALUES(LAST_INSERT_ID(), 'ga119', 'original', 2650);

##----------------------------------------------------------------------------------

INSERT INTO art (artist, title, media, width, height, image, pricing_info, main_image, image_width, image_height)
	VALUES(66,
	      
              'landscape',
	       'oil on paper',
	       145,
	       117,
	       'landscape',
	       'currently unavailable',
	       0,
		650,
		538);

##----------------------------------------------------------------------------------

INSERT INTO art (artist, title, media, width, height, image, pricing_info, main_image, image_width, image_height)
	VALUES(66,
	      
              'garden in warden',
	       'oil on canvas',
	       117,
	       178,
	       'garden_in _warden',
	       'framed original &pound;3250',
	       0,
		427,
		650);

INSERT INTO art_pricing(art, item_number, description, price)
	VALUES(LAST_INSERT_ID(), 'ga120', 'original', 3250);

##----------------------------------------------------------------------------------

INSERT INTO art (artist, title, media, width, height, image, pricing_info, main_image, image_width, image_height)
	VALUES(66,
	       
               'hale fields',
	       'oil on canvas',
	       25,
	       30,
	       'hale_fields',
	      'framed original &pound;250',
	       0,
		433,
		650);

INSERT INTO art_pricing(art, item_number, description, price)
	VALUES(LAST_INSERT_ID(), 'ga121', 'original', 250);


##----------------------------------------------------------------------------------

INSERT INTO art (artist, title, media, width, height, image, pricing_info, main_image, image_width, image_height)
	VALUES(66,
	      
              'hillside and lake',
	       'oil on canvas',
	       80,
	       90,
	       'hillside_and_lake',
	       'framed original &pound;1175',
	       0,
		541,
		650);

INSERT INTO art_pricing(art, item_number, description, price)
	VALUES(LAST_INSERT_ID(), 'ga122', 'original',1175);

##----------------------------------------------------------------------------------

INSERT INTO art (artist, title, media, width, height, image, pricing_info, main_image, image_width, image_height)
	VALUES(66,
	      
              'in the sculpture park',
	       'oil on canvas',
	       61,
	       61,
	       'in_the_sculpture',
	       'framed original &pound;600',
	       0,
		650,
		631);

INSERT INTO art_pricing(art, item_number, description, price)
	VALUES(LAST_INSERT_ID(), 'ga123', 'original', 600);

##----------------------------------------------------------------------------------



INSERT INTO art (artist, title, media, width, height, image, pricing_info, main_image, image_width, image_height)
	VALUES(66,
	       'palisade',
	       'oil on canvas',
	       75,
	       90,
	       'palisade',
	       'original &pound;1100',
	       0,
		506,
		650);

INSERT INTO art_pricing(art, item_number, description, price)
	VALUES(LAST_INSERT_ID(), 'ga124', 'original', 1100);

##----------------------------------------------------------------------------------

INSERT INTO art (artist, title, media, width, height, image, pricing_info, main_image, image_width, image_height)
	VALUES(66,

	       'bluebell park',
	       'oil on canvas',
	       61,
	       46,
	       'bluebell_park',
	       'original &pound;450',
	       0,
		650,
		488);

INSERT INTO art_pricing(art, item_number, description, price)
	VALUES(LAST_INSERT_ID(), 'ga125', 'original', 450);


##----------------------------------------------------------------------------------


INSERT INTO art (artist, title, media, width, height, image, pricing_info, main_image, image_width, image_height)
	VALUES(66,

	       'woods edge and field',
	       'oil on paper',
	       127,
	       127,
	       'woods_edge_and',
	       'framed original &pound;2550',
	       0,
		649,
		650);

INSERT INTO art_pricing(art, item_number, description, price)
	VALUES(LAST_INSERT_ID(), 'ga126', 'original', 2550);


##----------------------------------------------------------------------------------


INSERT INTO art (artist, title, media, width, height, image, pricing_info, main_image, image_width, image_height)
	VALUES(66,

	       'in the park',
	       'mixed media on paper',
	       117,
	       145,
	       'in_the_park',
	       'original &pound;2650',
	       0,
		511,
		650);

INSERT INTO art_pricing(art, item_number, description, price)
	VALUES(LAST_INSERT_ID(), 'ga127', 'original', 2650);

##----------------------------------------------------------------------------------

INSERT INTO art (artist, title, media, width, height, image, pricing_info, main_image, image_width, image_height)
	VALUES(66,

	       'number 17',
	       'oil on canvas',
	       77,
	       104,
	       'number_17',
	       'framed original &pound;2650',
	       0,
		500,
		650);

INSERT INTO art_pricing(art, item_number, description, price)
	VALUES(LAST_INSERT_ID(), 'ga128', 'original', 2650);


##----------------------------------------------------------------------------------

INSERT INTO art (artist, title, media, width, height, image, pricing_info, main_image, image_width, image_height)
	VALUES(66,

	       'paddock',
	       'oil on canvas',
	       75,
	       90,
	       'paddock',
	       'original &pound;1050',
	       0,
		433,
		650);

INSERT INTO art_pricing(art, item_number, description, price)
	VALUES(LAST_INSERT_ID(), 'ga129', 'original', 1050);


##----------------------------------------------------------------------------------

INSERT INTO art (artist, title, media, width, height, image, pricing_info, main_image, image_width, image_height)
	VALUES(66,

	       'saddleback',
	       'oil on canvas',
	       25,
	       20,
	       'saddleback',
	       'framed original &pound;250',
	       0,
		433,
		650);

INSERT INTO art_pricing(art, item_number, description, price)
	VALUES(LAST_INSERT_ID(), 'ga130', 'original', 250);



##----------------------------------------------------------------------------------

INSERT INTO art (artist, title, media, width, height, image, pricing_info, main_image, image_width, image_height)
	VALUES(66,

	       'suburban landscape',
	       'oil on canvas',
	       90,
	       117,
	       'surburban_landscape',
	       'framed original &pound;1700',
	       0,
		507,
		650);

INSERT INTO art_pricing(art, item_number, description, price)
	VALUES(LAST_INSERT_ID(), 'ga131', 'original', 1700);


##----------------------------------------------------------------------------------

INSERT INTO art (artist, title, media, width, height, image, pricing_info, main_image, image_width, image_height)
	VALUES(66,

	       'the yellow field',
	       'oil on paper',
	       127,
	       127,
	       'the_yellow_field',
	       'framed original &pound;2550',
	       0,
		650,
		635);

INSERT INTO art_pricing(art, item_number, description, price)
	VALUES(LAST_INSERT_ID(), 'ga132', 'original', 2550);

##----------------------------------------------------------------------------------

INSERT INTO art (artist, title, media, width, height, image, pricing_info, main_image, image_width, image_height)
	VALUES(66,

	       'victoria park',
	       'oil on canvas',
	       85,
	       65,
	       'victoria_park',
	       'framed original &pound;1100',
	       0,
		508,
		650);

INSERT INTO art_pricing(art, item_number, description, price)
	VALUES(LAST_INSERT_ID(), 'ga133', 'original', 1100);

##----------------------------------------------------------------------------------

INSERT INTO art (artist, title, media, width, height, image, pricing_info, main_image, image_width, image_height)
	VALUES(66,

	       'to the lighthouse',
	       'oil on canvas',
	       25,
	       30,
	       'to_the_lighthouse',
	       'framed original &pound;250',
	       0,
		433,
		650);

INSERT INTO art_pricing(art, item_number, description, price)
	VALUES(LAST_INSERT_ID(), 'ga134', 'original', 250);


##----------------------------------------------------------------------------------

INSERT INTO art (artist, title, media, width, height, image, pricing_info, main_image, image_width, image_height)
	VALUES(66,

	       'morecambe bay',
	       'oil on canvas',
	       25,
	       30,
	       'morecambe_bay',
	     'framed original &pound;250',
	       0,
		433,
		650);

INSERT INTO art_pricing(art, item_number, description, price)
	VALUES(LAST_INSERT_ID(), 'ga135', 'original', 250);



##----------------------------------------------------------------------------------

INSERT INTO art (artist, title, media, width, height, image, pricing_info, main_image, image_width, image_height)
	VALUES(66,
	      
               'kent estuary',
	       'oil on canvas',
	       25,
	       30,
	       'kent_estuary',
	       'framed original &pound;250',
	       0,
		433,
		650);

INSERT INTO art_pricing(art, item_number, description, price)
	VALUES(LAST_INSERT_ID(), 'ga136', 'original', 250);


##----------------------------------------------------------------------------------


INSERT INTO art (artist, title, media, width, height, image, pricing_info, main_image, image_width, image_height)
	VALUES(66,
	      
               'coast 1',
	       'oil on canvas',
	       44,
	       43,
	       'coast_1',
	       'framed original &pound;325',
	       0,
		433,
		650);

INSERT INTO art_pricing(art, item_number, description, price)
	VALUES(LAST_INSERT_ID(), 'ga138', 'original', 325);


##----------------------------------------------------------------------------------




INSERT INTO art (artist, title, media, width, height, image, pricing_info, main_image, image_width, image_height)
	VALUES(66,

	       'beach 1',
	       'oil on canvas',
	       46,
	       61,
	       'beach_1',
	       'original &pound;450',
	       0,
		488,
		650);

INSERT INTO art_pricing(art, item_number, description, price)
	VALUES(LAST_INSERT_ID(), 'ga139', 'original', 450);

##----------------------------------------------------------------------------------


INSERT INTO art (artist, title, media, width, height, image, pricing_info, main_image, image_width, image_height)
	VALUES(66,

	       'waterloo',
	       'oil on canvas',
	       46,
	       61,
	       'waterloo',
	       'original &pound;450',
	       0,
		488,
		650);

INSERT INTO art_pricing(art, item_number, description, price)
	VALUES(LAST_INSERT_ID(), 'ga140', 'original', 450);

##----------------------------------------------------------------------------------


INSERT INTO art (artist, title, media, width, height, image, pricing_info, main_image, image_width, image_height)
	VALUES(66,

	       'formby point',
	       'oil on canvas',
	       46,
	       61,
	       'formby_point',
	       'original &pound;450',
	       0,
		488,
		650);

INSERT INTO art_pricing(art, item_number, description, price)
	VALUES(LAST_INSERT_ID(), 'ga141', 'original', 450);


##----------------------------------------------------------------------------------

INSERT INTO art (artist, title, media, width, height, image, pricing_info, main_image, image_width, image_height)
	VALUES(66,

	       'mersey estuary',
	       'oil on canvas',
	       46,
	       61,
	       'mersey-estuary',
	       'original &pound;500',
	       0,
		488,
		650);

INSERT INTO art_pricing(art, item_number, description, price)
	VALUES(LAST_INSERT_ID(), 'ga142', 'original', 500);

##----------------------------------------------------------------------------------



INSERT INTO art (artist, title, media, width, height, image, pricing_info, main_image, image_width, image_height)
	VALUES(66,
	       
               'liverpool bay',
	       'oil on canvas',
	       69,
	       102,
	       'liverpool-bay',
	       'original &pound;1200',
	       0,
		650,
		456);

INSERT INTO art_pricing(art, item_number, description, price)
	VALUES(LAST_INSERT_ID(), 'ga143', 'original', 1200);

##----------------------------------------------------------------------------------




INSERT INTO art (artist, title, media, width, height, image, pricing_info, main_image, image_width, image_height)
	VALUES(66,
	       'burbo flats',
	       'oil on canvas',
	       80,
	       80,
	       'burbo-flats',
	       'original &pound;1100',
	       0,
		650,
		649);

INSERT INTO art_pricing(art, item_number, description, price)
	VALUES(LAST_INSERT_ID(), 'ga144', 'original', 1100);

##----------------------------------------------------------------------------------



INSERT INTO art (artist, title, media, width, height, image, pricing_info, main_image, image_width, image_height)
	VALUES(66,

	       'in the wake of the dublin packet',
	       'oil on canvas',
	       61,
	       115,
	       'in-the-wake',
	       'original &pound;1100',
	       0,
		394,
		650);

INSERT INTO art_pricing(art, item_number, description, price)
	VALUES(LAST_INSERT_ID(), 'ga176', 'original', 1100);



##----------------------------------------------------------------------------------


INSERT INTO art (artist, title, media, width, height, image, pricing_info, main_image, image_width, image_height)
	VALUES(66,

	       'egg buoy and contrail',
	       'oil on canvas',
	       61,
	       115,
	       'egg-buoy-and',
	       'original &pound;1100',
	       0,
		390,
		650);

INSERT INTO art_pricing(art, item_number, description, price)
	VALUES(LAST_INSERT_ID(), 'ga177', 'original', 1100);



##----------------------------------------------------------------------------------



INSERT INTO art (artist, title, media, width, height, image, pricing_info, main_image, image_width, image_height)
	VALUES(66,

	       'summer-sunset-2',
	       'oil on canvas',
	       46,
	       61,
	       'summer-sunset-2',
	       'original &pound;450',
	       0,
		485,
		650);

INSERT INTO art_pricing(art, item_number, description, price)
	VALUES(LAST_INSERT_ID(), 'ga178', 'original', 450);



##----------------------------------------------------------------------------------


INSERT INTO art (artist, title, media, width, height, image, pricing_info, main_image, image_width, image_height)
	VALUES(66,

	       'siesta',
	       'oil on paper',
	       117,
	       145,
	       'siesta',
	       'framed original &pound;2650',
	       0,
		539,
		650);

INSERT INTO art_pricing(art, item_number, description, price)
	VALUES(LAST_INSERT_ID(), 'ga145', 'original', 2650);


##----------------------------------------------------------------------------------


INSERT INTO art (artist, title, media, width, height, image, pricing_info, main_image, image_width, image_height)
	VALUES(66,
	      
              'blue lester',
	       'oil on paper',
	       117,
	       145,
	       'blue_lester',
	       'framed original &pound;2650',
	       0,
		532,
		650);

INSERT INTO art_pricing(art, item_number, description, price)
	VALUES(LAST_INSERT_ID(), 'ga146', 'original', 2650);


##----------------------------------------------------------------------------------

INSERT INTO art (artist, title, media, width, height, image, pricing_info, main_image, image_width, image_height)
	VALUES(66,

	       'kitchen',
	       'mixed media on paper',
	       117,
	       145,
	       'kitchen',
	       'framed original &pound;2650',
	       0,
		525,
		650);

INSERT INTO art_pricing(art, item_number, description, price)
	VALUES(LAST_INSERT_ID(), 'ga147', 'original', 2650);


##---------------------------------------------------------------------------------

INSERT INTO art (artist, title, media, width, height, image, pricing_info, main_image, image_width, image_height)
	VALUES(66,
	       
              'in walked bud',
	       'oil on canvas',
	       122,
	       152,
	       'in_walked_bud',
	       'framed original &pound;3000',
	       0,
		521,
		650);

INSERT INTO art_pricing(art, item_number, description, price)
	VALUES(LAST_INSERT_ID(), 'ga148', 'original', 3000);


##----------------------------------------------------------------------------------



INSERT INTO art (artist, title, media, width, height, image, pricing_info, main_image, image_width, image_height)
	VALUES(66,

	       'my man (billie on holiday)',
	       'oil on paper on canvas',
	       84,
	       57,
	       'my_man',
	       'framed original &pound;750',
	       0,
		650,
		544);

INSERT INTO art_pricing(art, item_number, description, price)
	VALUES(LAST_INSERT_ID(), 'ga149', 'original', 750);

##----------------------------------------------------------------------------------

INSERT INTO art (artist, title, media, width, height, image, pricing_info, main_image, image_width, image_height)
	VALUES(66,

	       'hartleys',
	       'oil on canvas',
	       78,
	       91,
	       'hartleys',
	       'original &pound;1100',
	       0,
		650,
		575);

INSERT INTO art_pricing(art, item_number, description, price)
	VALUES(LAST_INSERT_ID(), 'ga150', 'original', 1100);

##----------------------------------------------------------------------------------

INSERT INTO art (artist, title, media, width, height, image, pricing_info, main_image, image_width, image_height)
	VALUES(66,
	      
               'birds confronting foliage',
	       'oil on paper',
	       55,
	       80,
	       'birds_confronting_foliage',
	       'currently unavailable',
	       0,
		471,
		650);



##----------------------------------------------------------------------------------


INSERT INTO art (artist, title, media, width, height, image, pricing_info, main_image, image_width, image_height)
	VALUES(66,
	       'woman in blue red lester too',
	       'oil on canvas',
	       73,
	       85,
	       'women-in-blue',
	       'original &pound;1100',
	       0,
		550,
		650);

INSERT INTO art_pricing(art, item_number, description, price)
	VALUES(LAST_INSERT_ID(), 'ga151', 'original', 1100);

##----------------------------------------------------------------------------------

INSERT INTO art (artist, title, media, width, height, image, pricing_info, main_image, image_width, image_height)
	VALUES(66,

	       'bird table',
	       'oil on canvas',
	       66,
	       92,
	       'bird_table',
	      'framed original &pound;900',
	       0,
		518,
		650);

INSERT INTO art_pricing(art, item_number, description, price)
	VALUES(LAST_INSERT_ID(), 'ga152', 'original', 900);

##----------------------------------------------------------------------------------

INSERT INTO art (artist, title, media, width, height, image, pricing_info, main_image, image_width, image_height)
	VALUES(66,

	       'the blue clock',
	       'oil on canvas',
	       95,
	       114,
	       'the_blue_clock',
	       'unframed original &pound;1500',
	       0,
		494,
		650);

INSERT INTO art_pricing(art, item_number, description, price)
	VALUES(LAST_INSERT_ID(), 'ga153', 'original', 1500);


##-----------------------------------------------------------------------------------------------------


INSERT INTO art (artist, title, media, width, height, image, pricing_info, main_image, image_width, image_height)
	VALUES(66,

	       'naiad',
	       'oil on canvas',
	       84,
	       65,
	       'naiad',
	       'original &pound;850',
	       0,
		650,
		488);

INSERT INTO art_pricing(art, item_number, description, price)
	VALUES(LAST_INSERT_ID(), 'ga154', 'original', 850);


##----------------------------------------------------------------------------------


INSERT INTO art (artist, title, media, width, height, image, pricing_info, main_image, image_width, image_height)
	VALUES(66,

	       'window with ducks and elephant',
	       'oil on canvas',
	       89,
	       112,
	       'window_with_ducks',
	       'original &pound;2000',
	       0,
		488,
		650);

INSERT INTO art_pricing(art, item_number, description, price)
	VALUES(LAST_INSERT_ID(), 'ga155', 'original', 2000);


##----------------------------------------------------------------------------------


INSERT INTO art (artist, title, media, width, height, image, pricing_info, main_image, image_width, image_height)
	VALUES(66,

	       'ba-lue bogata ba-lues (king coca)',
	       'mixed media on canvas',
	       61,
	       46,
	       'ba_lue_bogata',
	       'framed original &pound;500',
	       0,
		650,
		488);

INSERT INTO art_pricing(art, item_number, description, price)
	VALUES(LAST_INSERT_ID(), 'ga156', 'original', 500);

##----------------------------------------------------------------------------------


INSERT INTO art (artist, title, media, width, height, image, pricing_info, main_image, image_width, image_height)
	VALUES(66,
	       'lucy b',
	       'oil on canvas',
	       77,
	       90,
	       'lucy_b',
	       'commission example',
	       0,
		488,
		650);




##----------------------------------------------------------------------------------


INSERT INTO art (artist, title, media, width, height, image, pricing_info, main_image, image_width, image_height)
	VALUES(66,
	      
               'moondreams',
	       'oil on canvas',
	       91,
	       117,
	       'moondreams',
	       'framed original &pound;1700',
	       0,
		482,
		650);

INSERT INTO art_pricing(art, item_number, description, price)
	VALUES(LAST_INSERT_ID(), 'ga158', 'original', 1700);



##----------------------------------------------------------------------------------




INSERT INTO art (artist, title, media, width, height, image, pricing_info, main_image, image_width, image_height)
	VALUES(66,
	      
               'adagio',
	       'oil on canvas',
	       80,
	       89,
	       'adagio',
	       'original &pound;1150',
	       0,
		433,
		650);

INSERT INTO art_pricing(art, item_number, description, price)
	VALUES(LAST_INSERT_ID(), 'ga159', 'original', 1150);




##----------------------------------------------------------------------------------

INSERT INTO art (artist, title, media, width, height, image, pricing_info, main_image, image_width, image_height)
	VALUES(66,

	       'locomotif',
	       'oil on canvas',
	       86,
	       116,
	       'locomotif',
	       'framed original &pound;1650',
	       0,
		488,
		650);

INSERT INTO art_pricing(art, item_number, description, price)
	VALUES(LAST_INSERT_ID(), 'ga160', 'original', 1650);



##----------------------------------------------------------------------------------



INSERT INTO art (artist, title, media, width, height, image, pricing_info, main_image, image_width, image_height)
	VALUES(66,
	      
            'barcelona (mirror mirror)',
	       'oil on canvas',
	       100,
	       100,
	       'barcelona',
	       'original &pound;1650',
	       0,
		649,
		650);

INSERT INTO art_pricing(art, item_number, description, price)
	VALUES(LAST_INSERT_ID(), 'ga161', 'original', 1650);

##----------------------------------------------------------------------------------



INSERT INTO art (artist, title, media, width, height, image, pricing_info, main_image, image_width, image_height)
	VALUES(66,
	       
              'mythologies (the peacocks)',
	       'oil on canvas',
	       89,
	       114,
	       'mythologies',
	       'original &pound;1575',
	       0,
		495,
		650);

INSERT INTO art_pricing(art, item_number, description, price)
	VALUES(LAST_INSERT_ID(), 'ga162', 'original', 1575);

##----------------------------------------------------------------------------------



INSERT INTO art (artist, title, media, width, height, image, pricing_info, main_image, image_width, image_height)
	VALUES(66,
	      
               'big top',
	       'oil on canvas',
	       86,
	       122,
	       'big_top',
	       'original &pound;1650',
	       0,
		488,
		650);

INSERT INTO art_pricing(art, item_number, description, price)
	VALUES(LAST_INSERT_ID(), 'ga163', 'original', 1650);

##----------------------------------------------------------------------------------


INSERT INTO art (artist, title, media, width, height, image, pricing_info, main_image, image_width, image_height)
	VALUES(66,
	       
               'days of slowness',
	       'oil on canvas',
	       89,
	       114,
	       'days_of_slowness',
	       'original &pound;1585',
	       0,
		488,
		650);

INSERT INTO art_pricing(art, item_number, description, price)
	VALUES(LAST_INSERT_ID(), 'ga164', 'original', 1585);

##----------------------------------------------------------------------------------


INSERT INTO art (artist, title, media, width, height, image, pricing_info, main_image, image_width, image_height)
	VALUES(66,
	       
              'in the picture (the opening)',
	       'oil on canvas',
	       89,
	       114,
	       'in_the_picture',
	       'original &pound;1575',
	       0,
		488,
		650);

INSERT INTO art_pricing(art, item_number, description, price)
	VALUES(LAST_INSERT_ID(), 'ga165', 'original', 1575);

##----------------------------------------------------------------------------------


INSERT INTO art (artist, title, media, width, height, image, pricing_info, main_image, image_width, image_height)
	VALUES(66,
	      

                'cadenza',
	       'oil on canvas',
	       89,
	       100,
	       'cadenza',
	       'original &pound;1200',
	       0,
		488,
		650);

INSERT INTO art_pricing(art, item_number, description, price)
	VALUES(LAST_INSERT_ID(), 'ga166', 'original', 1200);


##----------------------------------------------------------------------------------


INSERT INTO art (artist, title, media, width, height, image, pricing_info, main_image, image_width, image_height)
	VALUES(66,
	     
              'at le jardin de paris',
	       'oil on canvas',
	       89,
	       114,
	       'at_le_jardin',
	       'original &pound;1575',
	       0,
		488,
		650);

INSERT INTO art_pricing(art, item_number, description, price)
	VALUES(LAST_INSERT_ID(), 'ga167', 'original', 1575);

##----------------------------------------------------------------------------------



INSERT INTO art (artist, title, media, width, height, image, pricing_info, main_image, image_width, image_height)
	VALUES(66,
	    
              'high theatrics (footit and the acrobat)',
	       'oil on canvas',
	       89,
	       114,
	       'high_theatrics',
	       'original &pound;1575',
	       0,
		506,
		650);

INSERT INTO art_pricing(art, item_number, description, price)
	VALUES(LAST_INSERT_ID(), 'ga168', 'original', 1575);

##----------------------------------------------------------------------------------



INSERT INTO art (artist, title, media, width, height, image, pricing_info, main_image, image_width, image_height)
	VALUES(66,
	      
               'curtain call',
	       'oil on canvas',
	       100,
	       100,
	       'curtain_call',
	       'original &pound;1650',
	       0,
		650,
		488);

INSERT INTO art_pricing(art, item_number, description, price)
	VALUES(LAST_INSERT_ID(), 'ga169', 'original', 1650);


##----------------------------------------------------------------------------------


INSERT INTO art (artist, title, media, width, height, image, pricing_info, main_image, image_width, image_height)
	VALUES(66,
	       'towards a far horizon',
	       'oil on canvas',
	       76,
	       89,
	       'towards-the-far',
	       'original &pound;1100',
	       0,
		448,
		650);

INSERT INTO art_pricing(art, item_number, description, price)
	VALUES(LAST_INSERT_ID(), 'ga170', 'original', 1100);

##----------------------------------------------------------------------------------


INSERT INTO art (artist, title, media, width, height, image, pricing_info, main_image, image_width, image_height)
	VALUES(66,

	       'musician and prince',
	       'oil on canvas',
	       70,
	       80,
	       'musician_and_prince',
	       'original &pound;900',
	       0,
		517,
		650);

INSERT INTO art_pricing(art, item_number, description, price)
	VALUES(LAST_INSERT_ID(), 'ga171', 'original', 900);

##----------------------------------------------------------------------------------


INSERT INTO art (artist, title, media, width, height, image, pricing_info, main_image, image_width, image_height)
	VALUES(66,

	       'ragamala',
	       'oil on canvas',
	       80,
	       90,
	       'ragamala',
	       'original &pound;1100',
	       0,
		561,
		650);

INSERT INTO art_pricing(art, item_number, description, price)
	VALUES(LAST_INSERT_ID(), 'ga172', 'original', 1100);

##----------------------------------------------------------------------------------


INSERT INTO art (artist, title, media, width, height, image, pricing_info, main_image, image_width, image_height)
	VALUES(66,

	       'two musicians (sitar and tabla)',
	       'oil on canvas',
	       80,
	       90,
	       'two_musicians_1',
	       'original &pound;1100',
	       0,
		557,
		650);

INSERT INTO art_pricing(art, item_number, description, price)
	VALUES(LAST_INSERT_ID(), 'ga173', 'original', 1100);

##----------------------------------------------------------------------------------

INSERT INTO art (artist, title, media, width, height, image, pricing_info, main_image, image_width, image_height)
	VALUES(66,

	       'two musicians (violin and mridangam)',
	       'oil on canvas',
	       65,
	       90,
	       'two_musicians_2',
	       'original &pound;1100',
	       0,
		464,
		650);

INSERT INTO art_pricing(art, item_number, description, price)
	VALUES(LAST_INSERT_ID(), 'ga174', 'original', 1100);

##----------------------------------------------------------------------------------


INSERT INTO art (artist, title, media, width, height, image, pricing_info, main_image, image_width, image_height)
	VALUES(66,

	       'veena',
	       'oil on canvas',
	       89,
	       76,
	       'veena',
	       'original &pound;1100',
	       0,
		650,
		488);

INSERT INTO art_pricing(art, item_number, description, price)
	VALUES(LAST_INSERT_ID(), 'ga175', 'original', 1100);



##----------------------------------------------------------------------------------









INSERT INTO artist (id, name, statement, notes, display)
	VALUES(68, 'ken lewis',
	'<p class="artist">Ken is a freelance photographer and travel writer, based 
in merseyside. he has been producing limited edition fine art prints of his work for over five years,
 and now sells them in several places around liverpool, as well and the lake district
 and scotland.</p>
<p class="artist">this series of work depicting liverpool has taken him seven months to
complete, and his passion for the city can be seen in these iconic images. Here
 ken describes the process-</p>
<p class="artist">"I will never forget January 2006.  I lined up my camera and tripod to take the Liverpool waterfront at twilight and a 
full moon began to rise behind the Liver Buildings and the wind dropped to 
give me that stunning reflection on the River Mersey. It makes me so proud 
to live on Merseyside.  There is an old clich, every picture tells a story, 
and this portfolio is the Merseyside part of mine."</p>
<p class="artist">Each work is produced in a series of 250, with the exception
of the prints on acrylic, which have a run of 100. Each print is supplied with
a certificate of authenticity. All of the inks used are Epson fade resistant archival inks. The canvas limited edition prints are guaranteed to remain crisp and vibrant for 75 years. Each canvas print is heat sealed with a clear membrane for ultimate protection against scratches, abrasions, fading and water splashes. All of the prints are printed in Britain by Photoartistry, one of the UK?s leading Large Format Digital Printing Company.

</p>
<p class="artist">All prints can also be produced on lightweight aluminium, and canvas on 
mdf board. 
please email info@dot-art.com for more details.  </p>
',
               NULL,
	       1);


##----------------------------------------------------------------------------------
INSERT INTO art (artist, title, media, width, height, image, pricing_info, main_image, image_width, image_height)
	VALUES(68,
	       'albert dock liverpool',
	       'photograph',
	       51,
	       35,
	       'albert_dock',
	       'limited edition print on canvas &pound;153',
	       0,
		504,
		360);

INSERT INTO art_pricing(art, item_number, description, price)
	VALUES(LAST_INSERT_ID(), 'kl101', 'limited edition print', 153);

##----------------------------------------------------------------------------------

INSERT INTO art (artist, title, media, width, height, image, pricing_info, main_image, image_width, image_height)
	VALUES(68,
	       'anglican cathedral liverpool',
	       'photograph',
	       51,
	       35,
	       'anglican_cathedral',
	       'limited edition print on canvas &pound;153',
	       0,
		504,
		344);

INSERT INTO art_pricing(art, item_number, description, price)
	VALUES(LAST_INSERT_ID(), 'kl102', 'limited edition print', 153);

##----------------------------------------------------------------------------------
INSERT INTO art (artist, title, media, width, height, image, pricing_info, main_image, image_width, image_height)
	VALUES(68,
	       'chinese arch liverpool',
	       'photograph',
	       51,
	       35,
	       'chinese_arch',
	       'limited edition print on canvas &pound;153',
	       0,
		504,
		361);

INSERT INTO art_pricing(art, item_number, description, price)
	VALUES(LAST_INSERT_ID(), 'kl103', 'limited edition print', 153);

##----------------------------------------------------------------------------------
INSERT INTO art (artist, title, media, width, height, image, pricing_info, main_image, image_width, image_height)
	VALUES(68,
	       'inside the metropolitan cathedral liverpool',
	       'photograph',
	       51,
	       35,
	       'inside_the_metropolitan',
	       'limited edition print on canvas &pound;153',
	       0,
		352,
		504);

INSERT INTO art_pricing(art, item_number, description, price)
	VALUES(LAST_INSERT_ID(), 'kl104', 'limited edition print', 153);

##----------------------------------------------------------------------------------
INSERT INTO art (artist, title, media, width, height, image, pricing_info, main_image, image_width, image_height)
	VALUES(68,
	       'king edward vii statue, pier head',
	       'photograph',
	       51,
	       35,
	       'king_edward_statue',
	       'limited edition print on canvas &pound;153',
	       0,
		352,
		504);

INSERT INTO art_pricing(art, item_number, description, price)
	VALUES(LAST_INSERT_ID(), 'kl105', 'limited edition print', 153);

##----------------------------------------------------------------------------------
INSERT INTO art (artist, title, media, width, height, image, pricing_info, main_image, image_width, image_height)
	VALUES(68,
	       'liver buildings pier head',
	       'photograph',
	       51,
	       35,
	       'liver_buildings',
	       'limited edition print on canvas &pound;153',
	       0,
		504,
		352);

INSERT INTO art_pricing(art, item_number, description, price)
	VALUES(LAST_INSERT_ID(), 'kl106', 'limited edition print', 153);

##----------------------------------------------------------------------------------
INSERT INTO art (artist, title, media, width, height, image, pricing_info, main_image, image_width, image_height)
	VALUES(68,
	       'liverpool waterfront (black and white)',
	       'photograph',
	       61,
	       35,
	       'liverpool_waterfront_bl',
	       'limited edition print on canvas &pound;170',
	       0,
		504,
		349);

INSERT INTO art_pricing(art, item_number, description, price)
	VALUES(LAST_INSERT_ID(), 'kl107', 'limited edition print', 170);

##----------------------------------------------------------------------------------

INSERT INTO art (artist, title, media, width, height, image, pricing_info, main_image, image_width, image_height)
	VALUES(68,
	       'liverpool waterfront (black and white)',
	       'photograph',
	       68,
	       41,
	       'liverpool_waterfront_bl',
	       'limited edition print on acrylic &pound;388',
	       0,
		504,
		349);

INSERT INTO art_pricing(art, item_number, description, price)
	VALUES(LAST_INSERT_ID(), 'kl108', 'limited edition print', 388);

##----------------------------------------------------------------------------------

INSERT INTO art (artist, title, media, width, height, image, pricing_info, main_image, image_width, image_height)
	VALUES(68,
	       'liverpool waterfront (colour)',
	       'photograph',
	       61,
	       35,
	       'liverpool_waterfront_col',
	       'limited edition print on canvas &pound;170',
	       0,
		504,
		352);

INSERT INTO art_pricing(art, item_number, description, price)
	VALUES(LAST_INSERT_ID(), 'kl109', 'limited edition print', 170);

##----------------------------------------------------------------------------------

INSERT INTO art (artist, title, media, width, height, image, pricing_info, main_image, image_width, image_height)
	VALUES(68,
	       'liverpool waterfront (colour)',
	       'photograph',
	       68,
	       41,
	       'liverpool_waterfront_col',
	       'limited edition print on acrylic &pound;388',
	       0,
		504,
		352);

INSERT INTO art_pricing(art, item_number, description, price)
	VALUES(LAST_INSERT_ID(), 'kl110', 'limited edition print', 388);

##----------------------------------------------------------------------------------

INSERT INTO art (artist, title, media, width, height, image, pricing_info, main_image, image_width, image_height)
	VALUES(68,
	       'metropolitan cathderal liverpool',
	       'photograph',
	       51,
	       35,
	       'metropolitan_cathedral',
	       'limited edition print on canvas &pound;153',
	       0,
		504,
		329);

INSERT INTO art_pricing(art, item_number, description, price)
	VALUES(LAST_INSERT_ID(), 'kl111', 'limited edition print', 153);

##----------------------------------------------------------------------------------
INSERT INTO art (artist, title, media, width, height, image, pricing_info, main_image, image_width, image_height)
	VALUES(68,
	       'princes dock liverpool',
	       'photograph',
	       51,
	       35,
	       'princes_dock',
	       'limited edition print on canvas &pound;153',
	       0,
		504,
		312);

INSERT INTO art_pricing(art, item_number, description, price)
	VALUES(LAST_INSERT_ID(), 'kl112', 'limited edition print', 153);

##----------------------------------------------------------------------------------
INSERT INTO art (artist, title, media, width, height, image, pricing_info, main_image, image_width, image_height)
	VALUES(68,
	       'salthouse dock liverpool',
	       'photograph',
	       51,
	       35,
	       'salthouse_dock',
	       'limited edition print on canvas &pound;153',
	       0,
		504,
		337);

INSERT INTO art_pricing(art, item_number, description, price)
	VALUES(LAST_INSERT_ID(), 'kl113', 'limited edition print', 153);

##----------------------------------------------------------------------------------
INSERT INTO art (artist, title, media, width, height, image, pricing_info, main_image, image_width, image_height)
	VALUES(68,
	       'the palm house liverpool',
	       'photograph',
	       51,
	       35,
	       'the_palm_house',
	       'limited edition print on canvas &pound;153',
	       0,
		504,
		365);

INSERT INTO art_pricing(art, item_number, description, price)
	VALUES(LAST_INSERT_ID(), 'kl114', 'limited edition print', 153);

##----------------------------------------------------------------------------------
INSERT INTO art (artist, title, media, width, height, image, pricing_info, main_image, image_width, image_height)
	VALUES(68,
	       'walker art gallery liverpool',
	       'photograph',
	       51,
	       35,
	       'walker_art_gallery',
	       'limited edition print on canvas &pound;153',
	       0,
		504,
		356);

INSERT INTO art_pricing(art, item_number, description, price)
	VALUES(LAST_INSERT_ID(), 'kl115', 'limited edition print', 153);

##----------------------------------------------------------------------------------

INSERT INTO art (artist, title, media, width, height, image, pricing_info, main_image, image_width, image_height)
	VALUES(68,
	       'qe2',
	       'photograph',
	       51,
	       35,
	       'qe2',
	       'limited edition print on canvas &pound;153',
	       0,
		650,
		414);

INSERT INTO art_pricing(art, item_number, description, price)
	VALUES(LAST_INSERT_ID(), 'kl116', 'limited edition print', 153);

##----------------------------------------------------------------------------------


INSERT INTO art (artist, title, media, width, height, image, pricing_info, main_image, image_width, image_height)
	VALUES(68,
	       'another place colour',
	       'photograph',
	       51,
	       35,
	       'another_place_colour',
	       'limited edition print on canvas &pound;153',
	       0,
		374,
		650);

INSERT INTO art_pricing(art, item_number, description, price)
	VALUES(LAST_INSERT_ID(), 'kl117', 'limited edition print', 153);


##----------------------------------------------------------------------------------



INSERT INTO art (artist, title, media, width, height, image, pricing_info, main_image, image_width, image_height)
	VALUES(68,
	       'another place sepia',
	       'photograph',
	       51,
	       35,
	       'another_place_sepia',
	       'limited edition print on canvas &pound;153',
	       0,
		374,
		650);

INSERT INTO art_pricing(art, item_number, description, price)
	VALUES(LAST_INSERT_ID(), 'kl118', 'limited edition print', 153);


##----------------------------------------------------------------------------------



INSERT INTO art (artist, title, media, width, height, image, pricing_info, main_image, image_width, image_height)
	VALUES(68,
	       'superlambanana',
	       'photograph',
	       51,
	       35,
	       'superlambanana',
	       'limited edition print on canvas &pound;153',
	       0,
		450,
		650);

INSERT INTO art_pricing(art, item_number, description, price)
	VALUES(LAST_INSERT_ID(), 'kl119', 'limited edition print', 153);


##----------------------------------------------------------------------------------




INSERT INTO art (artist, title, media, width, height, image, pricing_info, main_image, image_width, image_height)
	VALUES(68,
	       'transition of light',
	       'photograph',
	       51,
	       35,
	       'transition_of_light',
	       'limited edition print on canvas &pound;153',
	       0,
		650,
		450);

INSERT INTO art_pricing(art, item_number, description, price)
	VALUES(LAST_INSERT_ID(), 'kl120', 'limited edition print', 153);


##----------------------------------------------------------------------------------




INSERT INTO art (artist, title, media, width, height, image, pricing_info, main_image, image_width, image_height)
	VALUES(68,
	       'another place b&w',
	       'photograph',
	       51,
	       35,
	       'another_place_bw',
	       'limited edition print on canvas &pound;153',
	       0,
		379,
		650);

INSERT INTO art_pricing(art, item_number, description, price)
	VALUES(LAST_INSERT_ID(), 'kl121', 'limited edition print', 153);


##----------------------------------------------------------------------------------




INSERT INTO art (artist, title, media, width, height, image, pricing_info, main_image, image_width, image_height)
	VALUES(68,
	       'new liverpool',
	       'photograph',
	       51,
	       35,
	       'new_liverpool',
	       'limited edition print on canvas &pound;153',
	       1,
		650,
		461);

INSERT INTO art_pricing(art, item_number, description, price)
	VALUES(LAST_INSERT_ID(), 'kl122', 'limited edition print', 153);


##----------------------------------------------------------------------------------


INSERT INTO art (artist, title, media, width, height, image, pricing_info, main_image, image_width, image_height)
	VALUES(68,
	       'new liverpool pier head',
	       'photograph',
	       61,
	       41,
	       'new_liverpool_pier',
	       'limited edition print on canvas &pound;170',
	       0,
		650,
		450);

INSERT INTO art_pricing(art, item_number, description, price)
	VALUES(LAST_INSERT_ID(), 'kl124', 'limited edition print', 170);


##----------------------------------------------------------------------------------




INSERT INTO art (artist, title, media, width, height, image, pricing_info, main_image, image_width, image_height)
	VALUES(68,
	       'new liverpool panorama',
	       'photograph',
	       89,
	       25,
	       'new_liverpool_panorama',
	       'limited edition print on canvas &pound;185',
	       0,
		650,
		186);

INSERT INTO art_pricing(art, item_number, description, price)
	VALUES(LAST_INSERT_ID(), 'kl123', 'limited edition print', 185);


##----------------------------------------------------------------------------------




INSERT INTO art (artist, title, media, width, height, image, pricing_info, main_image, image_width, image_height)
	VALUES(68,
	       'new liverpool panorama',
	       'photograph',
	       107,
	       30,
	       'new_liverpool_panorama',
	       'limited edition print on canvas &pound;239',
	       0,
		650,
		186);

INSERT INTO art_pricing(art, item_number, description, price)
	VALUES(LAST_INSERT_ID(), 'kl125', 'limited edition print', 239);


##----------------------------------------------------------------------------------




INSERT INTO art (artist, title, media, width, height, image, pricing_info, main_image, image_width, image_height)
	VALUES(68,
	       'new liverpool panorama',
	       'photograph',
	       175,
	       51,
	       'new_liverpool_panorama',
	       'limited edition print on canvas &pound;445',
	       0,
		650,
		186);

INSERT INTO art_pricing(art, item_number, description, price)
	VALUES(LAST_INSERT_ID(), 'kl126', 'limited edition print', 445);


##----------------------------------------------------------------------------------




INSERT INTO art (artist, title, media, width, height, image, pricing_info, main_image, image_width, image_height)
	VALUES(68,
	       'new liverpool panorama',
	       'photograph',
	       107,
	       30,
	       'new_liverpool_panorama',
	       'limited edition print on round wrap canvas &pound;255',
	       0,
		650,
		186);

INSERT INTO art_pricing(art, item_number, description, price)
	VALUES(LAST_INSERT_ID(), 'kl127', 'limited edition print', 255);


##----------------------------------------------------------------------------------




INSERT INTO art (artist, title, media, width, height, image, pricing_info, main_image, image_width, image_height)
	VALUES(68,
	       'liverpool panorama at twilight',
	       'photograph',
	       107,
	       25,
	       'liverpool_panorama_night',
	       'limited edition print on flat wrap canvas &pound;200',
	       0,
		650,
		155);

INSERT INTO art_pricing(art, item_number, description, price)
	VALUES(LAST_INSERT_ID(), 'kl128', 'limited edition print', 200);


##----------------------------------------------------------------------------------





INSERT INTO art (artist, title, media, width, height, image, pricing_info, main_image, image_width, image_height)
	VALUES(68,
	       'liverpool panorama at twilight',
	       'photograph',
	       107,
	       25,
	       'liverpool_panorama_night',
	       'limited edition print on round wrap canvas &pound;255',
	       0,
		650,
		155);

INSERT INTO art_pricing(art, item_number, description, price)
	VALUES(LAST_INSERT_ID(), 'kl129', 'limited edition print', 255);


##----------------------------------------------------------------------------------






INSERT INTO art (artist, title, media, width, height, image, pricing_info, main_image, image_width, image_height)
	VALUES(68,
	       'queen victoria',
	       'print on box canvas',
	       107,
	       30,
	       'queen-victoria',
	       'limited edition print &pound;239',
	       0,
		650,
		248);

INSERT INTO art_pricing(art, item_number, description, price)
	VALUES(LAST_INSERT_ID(), 'kl130', 'limited edition print', 239);


##----------------------------------------------------------------------------------






INSERT INTO art (artist, title, media, width, height, image, pricing_info, main_image, image_width, image_height)
	VALUES(68,
	       'queen victoria',
	       'round wrap canvas',
	       107,
	       30,
	       'queen-victoria',
	       'limited edition print &pound;255',
	       0,
		650,
		248);

INSERT INTO art_pricing(art, item_number, description, price)
	VALUES(LAST_INSERT_ID(), 'kl131', 'limited edition print', 255);


##----------------------------------------------------------------------------------






INSERT INTO art (artist, title, media, width, height, image, pricing_info, main_image, image_width, image_height)
	VALUES(68,
	       'salt house dock and wheel',
	       'print on box canvas',
	       51,
	       35,
	       'salt-house-dock-and',
	       'limited edition print &pound;153',
	       0,
		650,
		452);

INSERT INTO art_pricing(art, item_number, description, price)
	VALUES(LAST_INSERT_ID(), 'kl132', 'limited edition print', 153);


##----------------------------------------------------------------------------------






INSERT INTO art (artist, title, media, width, height, image, pricing_info, main_image, image_width, image_height)
	VALUES(68,
	       'st georges hall',
	       'print on box canvas',
	       51,
	       35,
	       'st-georges-hall',
	       'limited edition print &pound;153',
	       0,
		650,
		404);

INSERT INTO art_pricing(art, item_number, description, price)
	VALUES(LAST_INSERT_ID(), 'kl133', 'limited edition print', 153);


##----------------------------------------------------------------------------------






INSERT INTO art (artist, title, media, width, height, image, pricing_info, main_image, image_width, image_height)
	VALUES(68,
	       'the echo wheel',
	       'print on box canvas',
	       51,
	       35,
	       'the-echo-wheel',
	       'limited edition print &pound;153',
	       0,
		455,
		650);

INSERT INTO art_pricing(art, item_number, description, price)
	VALUES(LAST_INSERT_ID(), 'kl134', 'limited edition print', 153);


##----------------------------------------------------------------------------------




INSERT INTO art (artist, title, media, width, height, image, pricing_info, main_image, image_width, image_height)
	VALUES(68,
	       'the old waterfront',
	       'print on box canvas',
	       61,
	       35,
	       'the-old-waterfront',
	       'limited edition print &pound;170',
	       0,
		650,
		384);

INSERT INTO art_pricing(art, item_number, description, price)
	VALUES(LAST_INSERT_ID(), 'kl135', 'limited edition print', 170);


##----------------------------------------------------------------------------------






INSERT INTO art (artist, title, media, width, height, image, pricing_info, main_image, image_width, image_height)
	VALUES(68,
	       'liverpool daylight sepia panorama',
	       'print on box canvas',
	       107,
	       30,
	       'liverpool-daylight-sepia',
	       'limited edition print &pound;239',
	       0,
		650,
		186);

INSERT INTO art_pricing(art, item_number, description, price)
	VALUES(LAST_INSERT_ID(), 'kl136', 'limited edition print', 239);


##----------------------------------------------------------------------------------






INSERT INTO art (artist, title, media, width, height, image, pricing_info, main_image, image_width, image_height)
	VALUES(68,
	       'liverpool daylight sepia panorama',
	       'round wrap canvas',
	       107,
	       30,
	       'liverpool-daylight-sepia',
	       'limited edition print &pound;255',
	       0,
		650,
		186);

INSERT INTO art_pricing(art, item_number, description, price)
	VALUES(LAST_INSERT_ID(), 'kl137', 'limited edition print', 255);


##----------------------------------------------------------------------------------






INSERT INTO art (artist, title, media, width, height, image, pricing_info, main_image, image_width, image_height)
	VALUES(68,
	       'sepia twilight liverpool panorama',
	       'print on box canvas',
	       107,
	       30,
	       'sepia-twilight-liverpool',
	       'limited edition print &pound;239',
	       0,
		650,
		186);

INSERT INTO art_pricing(art, item_number, description, price)
	VALUES(LAST_INSERT_ID(), 'kl138', 'limited edition print', 239);


##----------------------------------------------------------------------------------






INSERT INTO art (artist, title, media, width, height, image, pricing_info, main_image, image_width, image_height)
	VALUES(68,
	       'sepia twilight liverpool panorama',
	       'round wrap canvas',
	       107,
	       30,
	       'sepia-twilight-liverpool',
	       'limited edition print &pound;255',
	       0,
		650,
		186);

INSERT INTO art_pricing(art, item_number, description, price)
	VALUES(LAST_INSERT_ID(), 'kl139', 'limited edition print', 255);


##----------------------------------------------------------------------------------






INSERT INTO art (artist, title, media, width, height, image, pricing_info, main_image, image_width, image_height)
	VALUES(68,
	       'panorama pre twilight',
	       'print on box canvas',
	       107,
	       30,
	       'panorama-pre-twilight',
	       'limited edition print &pound;239',
	       0,
		650,
		186);

INSERT INTO art_pricing(art, item_number, description, price)
	VALUES(LAST_INSERT_ID(), 'kl140', 'limited edition print', 239);


##----------------------------------------------------------------------------------






INSERT INTO art (artist, title, media, width, height, image, pricing_info, main_image, image_width, image_height)
	VALUES(68,
	       'panorama pre twilight',
	       'round wrap canvas',
	       107,
	       30,
	       'panorama-pre-twilight',
	       'limited edition print &pound;255',
	       0,
		650,
		186);

INSERT INTO art_pricing(art, item_number, description, price)
	VALUES(LAST_INSERT_ID(), 'kl141', 'limited edition print', 255);


##----------------------------------------------------------------------------------






INSERT INTO art (artist, title, media, width, height, image, pricing_info, main_image, image_width, image_height)
	VALUES(68,
	       'queen elizabeth daylight',
	       'print on box canvas',
	       107,
	       30,
	       'queen-elizabeth-daylight',
	       'limited edition print &pound;239',
	       0,
		650,
		201);

INSERT INTO art_pricing(art, item_number, description, price)
	VALUES(LAST_INSERT_ID(), 'kl142', 'limited edition print', 239);


##----------------------------------------------------------------------------------






INSERT INTO art (artist, title, media, width, height, image, pricing_info, main_image, image_width, image_height)
	VALUES(68,
	       'queen elizabeth daylight',
	       'round wrap canvas',
	       107,
	       30,
	       'queen-elizabeth-daylight',
	       'limited edition print &pound;255',
	       0,
		650,
		201);

INSERT INTO art_pricing(art, item_number, description, price)
	VALUES(LAST_INSERT_ID(), 'kl143', 'limited edition print', 255);


##----------------------------------------------------------------------------------




INSERT INTO art (artist, title, media, width, height, image, pricing_info, main_image, image_width, image_height)
	VALUES(68,
	       'waterfront with harvest moon',
	       'print on box canvas',
	       107,
	       30,
	       'waterfront-with-harvest',
	       'limited edition print &pound;239',
	       0,
		650,
		191);

INSERT INTO art_pricing(art, item_number, description, price)
	VALUES(LAST_INSERT_ID(), 'kl144', 'limited edition print', 239);


##----------------------------------------------------------------------------------




INSERT INTO art (artist, title, media, width, height, image, pricing_info, main_image, image_width, image_height)
	VALUES(68,
	       'waterfront with harvest moon',
	       'round wrap canvas',
	       107,
	       30,
	       'waterfront-with-harvest',
	       'limited edition print &pound;255',
	       0,
		650,
		191);

INSERT INTO art_pricing(art, item_number, description, price)
	VALUES(LAST_INSERT_ID(), 'kl145', 'limited edition print', 255);


##----------------------------------------------------------------------------------




INSERT INTO art (artist, title, media, width, height, image, pricing_info, main_image, image_width, image_height)
	VALUES(68,
	       'queen mary 2 panorama twilight',
	       'print on box canvas',
	       107,
	       30,
	       'queen-mary-panorama',
	       'limited edition print &pound;239',
	       0,
		650,
		186);

INSERT INTO art_pricing(art, item_number, description, price)
	VALUES(LAST_INSERT_ID(), 'kl146', 'limited edition print', 239);


##----------------------------------------------------------------------------------




INSERT INTO art (artist, title, media, width, height, image, pricing_info, main_image, image_width, image_height)
	VALUES(68,
	       'queen mary 2 panorama twilight',
	       'round wrap canvas',
	       107,
	       30,
	       'queen-mary-panorama',
	       'limited edition print &pound;255',
	       0,
		650,
		186);

INSERT INTO art_pricing(art, item_number, description, price)
	VALUES(LAST_INSERT_ID(), 'kl147', 'limited edition print', 255);


##----------------------------------------------------------------------------------




INSERT INTO art (artist, title, media, width, height, image, pricing_info, main_image, image_width, image_height)
	VALUES(68,
	       'queen mary with fireworks',
	       'print on box canvas',
	       107,
	       30,
	       'queen-mary-fireworks',
	       'limited edition print &pound;239',
	       0,
		650,
		450);

INSERT INTO art_pricing(art, item_number, description, price)
	VALUES(LAST_INSERT_ID(), 'kl148', 'limited edition print', 239);


##----------------------------------------------------------------------------------




INSERT INTO art (artist, title, media, width, height, image, pricing_info, main_image, image_width, image_height)
	VALUES(68,
	       'queen mary with fireworks',
	       'round wrap canvas',
	       107,
	       30,
	       'queen-mary-fireworks',
	       'limited edition print &pound;255',
	       0,
		650,
		450);

INSERT INTO art_pricing(art, item_number, description, price)
	VALUES(LAST_INSERT_ID(), 'kl149', 'limited edition print', 255);


##----------------------------------------------------------------------------------





INSERT INTO artist (id, name, statement, notes, display)
	VALUES(89, 'gary beach',
	'<p class="artist">Gary is a professional artist based in Merseyside, whose style of work has changed dramatically
over the years, and who has now begun to concentrate solely on the city centre as subject.
</p>
<p class="artist">He starts by taking photographs and then transforming these images into paintings. 
He works in an intuitive way, never having a set plan of how a picture will develop. The use of colour, even 
black and white, helps to create an atmospheric energy that allows the viewer an alternative look at the everyday 
happenings around them.</p>

<p class="artist">"The paintings express the hustle and bustle and, on a more personal level, 
the loneliness, isolation and anonymity that we feel in life. The city has become a concrete muse that inspires and 
surprises me, a fascination that seems strange for someone who dislikes crowded places.
"</p>

<p class="artist"></p>

<p class="artist"></p>
<p class="artist"></p>',
               NULL,
	       1);

##-----------------------------------------------------------------------------------------


INSERT INTO art (artist, title, media, width, height, image, pricing_info, main_image, image_width, image_height)
	VALUES(89,
	       'out from the crowd',
	       'acrylic on canvas',
	       50,
	       100,
	       'out-from-the',
	       'original, &pound;580',
	       1,
		650,
		 292);

INSERT INTO art_pricing(art, item_number, description, price)
         VALUES(LAST_INSERT_ID(), 'gb155', 'original',580);


##-----------------------------------------------------------------------------------------




INSERT INTO art (artist, title, media, width, height, image, pricing_info, main_image, image_width, image_height)
	VALUES(89,
	       'important call',
	       'acrylic on canvas',
	       50,
	       60,
	       'important-call',
	       'original, &pound;210',
	       0,
		508,
		 650);

INSERT INTO art_pricing(art, item_number, description, price)
         VALUES(LAST_INSERT_ID(), 'gb156', 'original',210);


##-----------------------------------------------------------------------------------------

INSERT INTO art (artist, title, media, width, height, image, pricing_info, main_image, image_width, image_height)
	VALUES(89,
	       'blue monday',
	       'acrylic on canvas',
	       50,
	       60,
	       'blue_monday',
	     'original, &pound;210',
	       0,
		650,
		 533);
INSERT INTO art_pricing(art, item_number, description, price)
         VALUES(LAST_INSERT_ID(), 'gb129', 'original',210);


##-----------------------------------------------------------------------------------------

INSERT INTO art (artist, title, media, width, height, image, pricing_info, main_image, image_width, image_height)
	VALUES(89,
	       'solitude',
	       'acrylic on canvas',
	       50,
	       60,
	       'solitude',
	       'original, &pound;250',
	       0,
		650,
		 542);
INSERT INTO art_pricing(art, item_number, description, price)
         VALUES(LAST_INSERT_ID(), 'gb122', 'original',250);


##-----------------------------------------------------------------------------------------

INSERT INTO art (artist, title, media, width, height, image, pricing_info, main_image, image_width, image_height)
	VALUES(89,
	       'bargain hunt',
	       'acrylic on canvas',
	       40,
	       40,
	       'bargain_hunt',
	      'sold',
	       0,
		650,
		 630);


##-----------------------------------------------------------------------------------------


INSERT INTO art (artist, title, media, width, height, image, pricing_info, main_image, image_width, image_height)
	VALUES(89,
	       'busy doing nothing',
	       'acrylic on canvas',
	       100,
	       76,
	       'busy_doing_nothing',
	       'sold',
	       0,
		650,
		 465);




##-----------------------------------------------------------------------------------------

INSERT INTO art (artist, title, media, width, height, image, pricing_info, main_image, image_width, image_height)
	VALUES(89,
	       'church street',
	       'acrylic on canvas',
	       90,
	       60,
	       'church_street',
	        'not currently available',
	       0,
		650,
		 485);

INSERT INTO art_pricing(art, item_number, description, price)
	VALUES(LAST_INSERT_ID(), 'gb102', 'original', 490);



##-----------------------------------------------------------------------------------------

INSERT INTO art (artist, title, media, width, height, image, pricing_info, main_image, image_width, image_height)
	VALUES(89,
	       'city talk',
	       'acrylic on canvas',
	       150,
	       100,
	       'city_talk',
	        'not currently available',
	       0,
		650,
		 485);

INSERT INTO art_pricing(art, item_number, description, price)
	VALUES(LAST_INSERT_ID(), 'gb103', 'original', 1400);



##-----------------------------------------------------------------------------------------



INSERT INTO art (artist, title, media, width, height, image, pricing_info, main_image, image_width, image_height)
	VALUES(89,
	       'passing by',
	       'acrylic on canvas',
	       76,
	       102,
	       'passing_by',
	       'original, &pound;840',
	       0,
		650,
		 488);
INSERT INTO art_pricing(art, item_number, description, price)
         VALUES(LAST_INSERT_ID(), 'gb150', 'original',840);


##-----------------------------------------------------------------------------------------


INSERT INTO art (artist, title, media, width, height, image, pricing_info, main_image, image_width, image_height)
	VALUES(89,
	       'bold street view',
	       'acrylic on canvas',
	       50,
	       60,
	       'bold_street_view',
	      'original, &pound;210',
	       0,
		489,
		 650);

INSERT INTO art_pricing(art, item_number, description, price)
         VALUES(LAST_INSERT_ID(), 'gb155', 'original',210);



##-----------------------------------------------------------------------------------------

INSERT INTO art (artist, title, media, width, height, image, pricing_info, main_image, image_width, image_height)
	VALUES(89,
	       'clayton square',
	       'acrylic on canvas',
	       100,
	       70,
	       'clayton_square',
	       'commission example',
	       0,
		650,
		 485);


##-----------------------------------------------------------------------------------------

INSERT INTO art (artist, title, media, width, height, image, pricing_info, main_image, image_width, image_height)
	VALUES(89,
	       'afternoon light',
	       'acrylic on canvas',
	       30,
	       80,
	       'afternoon_light',
	     	       'not currently available',
	       0,
		240,
		 650);
INSERT INTO art_pricing(art, item_number, description, price)
         VALUES(LAST_INSERT_ID(), 'gb106', 'original',260);


##-----------------------------------------------------------------------------------------

INSERT INTO art (artist, title, media, width, height, image, pricing_info, main_image, image_width, image_height)
	VALUES(89,
	       'city impressions',
	       'acrylic on canvas',
	       70,
	       100,
	       'city_impressions',
	       'sold',
	       0,
		470,
		 650);


##-----------------------------------------------------------------------------------------

INSERT INTO art (artist, title, media, width, height, image, pricing_info, main_image, image_width, image_height)
	VALUES(89,
	       'gossip',
	       'acrylic on canvas',
	       128,
	       100,
	       'gossip',
	       'original, &pound;1100',
	       0,
		650,
		 503);
INSERT INTO art_pricing(art, item_number, description, price)
         VALUES(LAST_INSERT_ID(), 'gb108', 'original',1100);


##-----------------------------------------------------------------------------------------

INSERT INTO art (artist, title, media, width, height, image, pricing_info, main_image, image_width, image_height)
	VALUES(89,
	       'matthew street',
	       'acrylic on canvas',
	       50,
	       60,
	       'matthew_street',
	       'original, &pound;210',
	       0,
		507,
		 650);
INSERT INTO art_pricing(art, item_number, description, price)
         VALUES(LAST_INSERT_ID(), 'gb110', 'original',210);


##-----------------------------------------------------------------------------------------

INSERT INTO art (artist, title, media, width, height, image, pricing_info, main_image, image_width, image_height)
	VALUES(89,
	       'orange',
	       'acrylic on canvas',
	       70,
	       100,
	       'orange',
	       'sold',
	       0,
		650,
		 488);


##-----------------------------------------------------------------------------------------

INSERT INTO art (artist, title, media, width, height, image, pricing_info, main_image, image_width, image_height)
	VALUES(89,
	       'chester',
	       'acrylic on canvas',
	       70,
	       100,
	       'chester',
	        'original, &pound;780',
	       0,
		650,
		 429);
INSERT INTO art_pricing(art, item_number, description, price)
         VALUES(LAST_INSERT_ID(), 'gb112', 'original',780);


##-----------------------------------------------------------------------------------------

INSERT INTO art (artist, title, media, width, height, image, pricing_info, main_image, image_width, image_height)
	VALUES(89,
	       'city abstract',
	       'acrylic on canvas',
	       40,
	       120,
	       'city_abstract',
	     'original, &pound;490',
	       0,
		650,
		 264);
INSERT INTO art_pricing(art, item_number, description, price)
         VALUES(LAST_INSERT_ID(), 'gb113', 'original',490);


##-----------------------------------------------------------------------------------------

INSERT INTO art (artist, title, media, width, height, image, pricing_info, main_image, image_width, image_height)
	VALUES(89,
	       'city abstract (small)',
	       'acrylic on canvas',
	       24,
	       30,
	       'city_abstract_(small)',
	       'original, &pound;90',
	       0,
		650,
		 488);
INSERT INTO art_pricing(art, item_number, description, price)
         VALUES(LAST_INSERT_ID(), 'gb114', 'original',90);


##-----------------------------------------------------------------------------------------

INSERT INTO art (artist, title, media, width, height, image, pricing_info, main_image, image_width, image_height)
	VALUES(89,
	       'city atmosphere',
	       'acrylic on canvas',
	       50,
	       60,
	       'city_atmosphere',
	       'original, &pound;360',
	       0,
		551,
		 650);
INSERT INTO art_pricing(art, item_number, description, price)
         VALUES(LAST_INSERT_ID(), 'gb117', 'original',360);


##-----------------------------------------------------------------------------------------

INSERT INTO art (artist, title, media, width, height, image, pricing_info, main_image, image_width, image_height)
	VALUES(89,
	       'slater street blue',
	       'acrylic on canvas',
	       30,
	       80,
	       'slater_street_blue',
	       'original, &pound;320',
	       0,
		248,
		 650);
INSERT INTO art_pricing(art, item_number, description, price)
         VALUES(LAST_INSERT_ID(), 'gb118', 'original',320);


##-----------------------------------------------------------------------------------------

INSERT INTO art (artist, title, media, width, height, image, pricing_info, main_image, image_width, image_height)
	VALUES(89,
	       'the cavern quarter',
	       'acrylic on canvas',
	       50,
	       60,
	       'the_cavern_quater',
	       'original, &pound;210',
	       0,
		538,
		 650);
INSERT INTO art_pricing(art, item_number, description, price)
         VALUES(LAST_INSERT_ID(), 'gb119', 'original',210);


##-----------------------------------------------------------------------------------------

INSERT INTO art (artist, title, media, width, height, image, pricing_info, main_image, image_width, image_height)
	VALUES(89,
	       'lord street (southport)',
	       'acrylic on canvas',
	       70,
	       100,
	       'lord_street_(southport)',
	     'original, &pound; 780',
	       0,
		467,
		 650);
INSERT INTO art_pricing(art, item_number, description, price)
         VALUES(LAST_INSERT_ID(), 'gb120', 'original',780);


##-----------------------------------------------------------------------------------------

INSERT INTO art (artist, title, media, width, height, image, pricing_info, main_image, image_width, image_height)
	VALUES(89,
	       'shopaholics',
	       'acrylic on canvas',
	       60,
	       90,
	       'shopaholics',
	       'original, &pound;550',
	       0,
		452,
		 650);
INSERT INTO art_pricing(art, item_number, description, price)
         VALUES(LAST_INSERT_ID(), 'gb121', 'original',550);


##-----------------------------------------------------------------------------------------

INSERT INTO art (artist, title, media, width, height, image, pricing_info, main_image, image_width, image_height)
	VALUES(89,
	       'out',
	       'acrylic on canvas',
	       50,
	       60,
	       'out',
	       'original, &pound;210',
	       0,
		650,
		 511);
INSERT INTO art_pricing(art, item_number, description, price)
         VALUES(LAST_INSERT_ID(), 'gb123', 'original',210);


##-----------------------------------------------------------------------------------------

INSERT INTO art (artist, title, media, width, height, image, pricing_info, main_image, image_width, image_height)
	VALUES(89,
	       'time to dare',
	       'acrylic on canvas',
	       50,
	       100,
	       'time_to_dare',
	      'sold',
	       0,
		650,
		 317);


##-----------------------------------------------------------------------------------------

INSERT INTO art (artist, title, media, width, height, image, pricing_info, main_image, image_width, image_height)
	VALUES(89,
	       'city romance',
	       'acrylic on canvas',
	       50,
	       60,
	       'city_romance',
	       'sold',
	       0,
		548,
		 650);


##-----------------------------------------------------------------------------------------

INSERT INTO art (artist, title, media, width, height, image, pricing_info, main_image, image_width, image_height)
	VALUES(89,
	       'umbrella',
	       'acrylic on canvas',
	       50,
	       60,
	       'umbrella',
	    'original, &pound;210',
	       0,
		650,
		 534);

INSERT INTO art_pricing(art, item_number, description, price)
         VALUES(LAST_INSERT_ID(), 'gb158', 'original',210);

##-----------------------------------------------------------------------------------------

INSERT INTO art (artist, title, media, width, height, image, pricing_info, main_image, image_width, image_height)
	VALUES(89,
	       'red dress',
	       'acrylic on canvas',
	       50,
	       60,
	       'red_dress',
	       'original, &pound;210',
	       0,
		529,
		 650);
INSERT INTO art_pricing(art, item_number, description, price)
         VALUES(LAST_INSERT_ID(), 'gb127', 'original',210);


##-----------------------------------------------------------------------------------------

INSERT INTO art (artist, title, media, width, height, image, pricing_info, main_image, image_width, image_height)
	VALUES(89,
	       'no messin',
	       'acrylic on canvas',
	       50,
	       60,
	       'no_messin',
	     'original, &pound;210',
	       0,
		531,
		 650);

INSERT INTO art_pricing(art, item_number, description, price)
         VALUES(LAST_INSERT_ID(), 'gb159', 'original',210);


##-----------------------------------------------------------------------------------------

INSERT INTO art (artist, title, media, width, height, image, pricing_info, main_image, image_width, image_height)
	VALUES(89,
	       'chester clock',
	       'acrylic on canvas',
	       100,
	       80,
	       'chester_clock',
	       'original, &pound;780',
	       0,
		487,
		 650);
INSERT INTO art_pricing(art, item_number, description, price)
         VALUES(LAST_INSERT_ID(), 'gb131', 'original',780);


##-----------------------------------------------------------------------------------------

INSERT INTO art (artist, title, media, width, height, image, pricing_info, main_image, image_width, image_height)
	VALUES(89,
	       'whats the scandal',
	       'acrylic on canvas',
	       102,
	       152,
	       'whats_the_scandel',
	       'original, &pound;1200',
	       0,
		650,
		 431);
INSERT INTO art_pricing(art, item_number, description, price)
         VALUES(LAST_INSERT_ID(), 'gb132', 'original',1200);


##-----------------------------------------------------------------------------------------

INSERT INTO art (artist, title, media, width, height, image, pricing_info, main_image, image_width, image_height)
	VALUES(89,
	       'very chic',
	       'acrylic on canvas',
	       50,
	       60,
	       'very_chic',
	       'original, &pound;300',
	       0,
		485,
		 650);
INSERT INTO art_pricing(art, item_number, description, price)
         VALUES(LAST_INSERT_ID(), 'gb133', 'original',300);


##-----------------------------------------------------------------------------------------

INSERT INTO art (artist, title, media, width, height, image, pricing_info, main_image, image_width, image_height)
	VALUES(89,
	       'sophistication',
	       'acrylic on canvas',
	       50,
	       50,
	       'sophistication',
	       'original, &pound;280',
	       0,
		649,
		 650);
INSERT INTO art_pricing(art, item_number, description, price)
         VALUES(LAST_INSERT_ID(), 'gb134', 'original',280);


##-----------------------------------------------------------------------------------------

INSERT INTO art (artist, title, media, width, height, image, pricing_info, main_image, image_width, image_height)
	VALUES(89,
	       'style',
	       'acrylic on canvas',
	       30,
	       60,
	       'style',
	       'original, &pound;240',
	       0,
		316,
		 650);
INSERT INTO art_pricing(art, item_number, description, price)
         VALUES(LAST_INSERT_ID(), 'gb135', 'original',240);


##-----------------------------------------------------------------------------------------

INSERT INTO art (artist, title, media, width, height, image, pricing_info, main_image, image_width, image_height)
	VALUES(89,
	       'super yellow icon',
	       'acrylic on canvas',
	       50,
	       60,
	       'super_yellow_icon',
	       'original, &pound;98',
	       0,
		650,
		 496);
INSERT INTO art_pricing(art, item_number, description, price)
         VALUES(LAST_INSERT_ID(), 'gb136', 'original',98);


##-----------------------------------------------------------------------------------------

INSERT INTO art (artist, title, media, width, height, image, pricing_info, main_image, image_width, image_height)
	VALUES(89,
	       'important date',
	       'acrylic on canvas',
	       50,
	       60,
	       'important_date',
	     'original, &pound;210',
	       0,
		650,
		 472);

INSERT INTO art_pricing(art, item_number, description, price)
         VALUES(LAST_INSERT_ID(), 'gb160', 'original',210);

##-----------------------------------------------------------------------------------------

INSERT INTO art (artist, title, media, width, height, image, pricing_info, main_image, image_width, image_height)
	VALUES(89,
	       'off to the match',
	       'acrylic on canvas',
	       40,
	       40,
	       'off_to_the',
	       'original, &pound;160',
	       0,
		650,
		 629);
INSERT INTO art_pricing(art, item_number, description, price)
         VALUES(LAST_INSERT_ID(), 'gb138', 'original',160);


##-----------------------------------------------------------------------------------------

INSERT INTO art (artist, title, media, width, height, image, pricing_info, main_image, image_width, image_height)
	VALUES(89,
	       'dock road lights',
	       'acrylic on canvas',
	       50,
	       100,
	       'dock_road_lights',
	       'original, &pound;490',
	       0,
		650,
		 319);
INSERT INTO art_pricing(art, item_number, description, price)
         VALUES(LAST_INSERT_ID(), 'gb139', 'original',490);


##-----------------------------------------------------------------------------------------

INSERT INTO art (artist, title, media, width, height, image, pricing_info, main_image, image_width, image_height)
	VALUES(89,
	       'together',
	       'acrylic on canvas',
	       20,
	       20,
	       'together',
	       'original, &pound;80',
	       0,
		637,
		 650);
INSERT INTO art_pricing(art, item_number, description, price)
         VALUES(LAST_INSERT_ID(), 'gb140', 'original',80);


##-----------------------------------------------------------------------------------------

INSERT INTO art (artist, title, media, width, height, image, pricing_info, main_image, image_width, image_height)
	VALUES(89,
	       'legs',
	       'acrylic on canvas',
	       60,
	       90,
	       'legs',
	       'original, &pound;1000',
	       0,
		427,
		 650);
INSERT INTO art_pricing(art, item_number, description, price)
         VALUES(LAST_INSERT_ID(), 'gb141', 'original',1000);


##-----------------------------------------------------------------------------------------

INSERT INTO art (artist, title, media, width, height, image, pricing_info, main_image, image_width, image_height)
	VALUES(89,
	       'bold st in red',
	       'acrylic on canvas',
	       60,
	       90,
	       'bold_st_in',
	       'original, &pound;700',
	       0,
		488,
		 650);
INSERT INTO art_pricing(art, item_number, description, price)
         VALUES(LAST_INSERT_ID(), 'gb142', 'original',700);


##-----------------------------------------------------------------------------------------

INSERT INTO art (artist, title, media, width, height, image, pricing_info, main_image, image_width, image_height)
	VALUES(89,
	       'chic',
	       'acrylic on canvas',
	       30,
	       80,
	       'chic',
	       'original, &pound;400',
	       0,
		321,
		 650);
INSERT INTO art_pricing(art, item_number, description, price)
         VALUES(LAST_INSERT_ID(), 'gb143', 'original',400);


##-----------------------------------------------------------------------------------------

INSERT INTO art (artist, title, media, width, height, image, pricing_info, main_image, image_width, image_height)
	VALUES(89,
	       'waiting',
	       'acrylic on canvas',
	       24,
	       30,
	       'wating',
	       'original, &pound;180',
	       0,
		483,
		 650);
INSERT INTO art_pricing(art, item_number, description, price)
         VALUES(LAST_INSERT_ID(), 'gb144', 'original',180);


##-----------------------------------------------------------------------------------------

INSERT INTO art (artist, title, media, width, height, image, pricing_info, main_image, image_width, image_height)
	VALUES(89,
	       'essential shop',
	       'acrylic on canvas',
	       50,
	       60,
	       'essential_shop',
	      'original, &pound;280',
	       0,
		520,
		 650);
INSERT INTO art_pricing(art, item_number, description, price)
         VALUES(LAST_INSERT_ID(), 'gb145', 'original',280);


##-----------------------------------------------------------------------------------------

INSERT INTO art (artist, title, media, width, height, image, pricing_info, main_image, image_width, image_height)
	VALUES(89,
	       'a long day',
	       'acrylic on canvas',
	       70,
	       100,
	       'a_long_day',
	       'sold',
	  	     0,
		488,
		 650);


##-----------------------------------------------------------------------------------------

INSERT INTO art (artist, title, media, width, height, image, pricing_info, main_image, image_width, image_height)
	VALUES(89,
	       'eastgate street',
	       'acrylic on canvas',
	       60,
	       90,
	       'eastgate_street',
	       'original, &pound;640',
	       0,
		488,
		 650);
INSERT INTO art_pricing(art, item_number, description, price)
         VALUES(LAST_INSERT_ID(), 'gb147', 'original',640);


##-----------------------------------------------------------------------------------------

INSERT INTO art (artist, title, media, width, height, image, pricing_info, main_image, image_width, image_height)
	VALUES(89,
	       'back in town',
	       'acrylic on canvas',
	       128,
	       100,
	       'back_in_town',
	       'original, &pound;1200',
	       0,
		650,
		 488);
INSERT INTO art_pricing(art, item_number, description, price)
         VALUES(LAST_INSERT_ID(), 'gb148', 'original',1200);


##-----------------------------------------------------------------------------------------

INSERT INTO art (artist, title, media, width, height, image, pricing_info, main_image, image_width, image_height)
	VALUES(89,
	       'hustle and bustle',
	       'acrylic on canvas',
	       76,
	       102,
	       'hustle_and_bustle',
	    	       'not currently available',
	       0,
		464,
		 650);

INSERT INTO art_pricing(art, item_number, description, price)
         VALUES(LAST_INSERT_ID(), 'gb149', 'original',900);

##-----------------------------------------------------------------------------------------
INSERT INTO art (artist, title, media, width, height, image, pricing_info, main_image, image_width, image_height)
	VALUES(89,
	       'liverpool',
	       'acrylic on canvas',
	       70,
	       60,
	       'liverpool',
	       'original, &pound;520',
	       0,
		488,
		 650);
INSERT INTO art_pricing(art, item_number, description, price)
         VALUES(LAST_INSERT_ID(), 'gb151', 'original',520);


##-----------------------------------------------------------------------------------------

INSERT INTO art (artist, title, media, width, height, image, pricing_info, main_image, image_width, image_height)
	VALUES(89,
	       'the business',
	       'acrylic on canvas',
	       50,
	       60,
	       'the_business',
	       'original, &pound;210',
	       0,
		434,
		 650);
INSERT INTO art_pricing(art, item_number, description, price)
         VALUES(LAST_INSERT_ID(), 'gb152', 'original',210);


##-----------------------------------------------------------------------------------------

INSERT INTO art (artist, title, media, width, height, image, pricing_info, main_image, image_width, image_height)
	VALUES(89,
	       'just a glance',
	       'acrylic on canvas',
	       70,
	       100,
	       'just_a_glance',
	       'original, &pound;1000',
	       0,
		488,
		 650);
INSERT INTO art_pricing(art, item_number, description, price)
         VALUES(LAST_INSERT_ID(), 'gb153', 'original',1000);


##-----------------------------------------------------------------------------------------

INSERT INTO art (artist, title, media, width, height, image, pricing_info, main_image, image_width, image_height)
	VALUES(89,
	       'towards st johns',
	       'acrylic on canvas',
	       50,
	       70,
	       'towards_st_johns',
	       'original, &pound;540',
	       0,
		467,
		 650);
INSERT INTO art_pricing(art, item_number, description, price)
         VALUES(LAST_INSERT_ID(), 'gb154', 'original',540);


##-----------------------------------------------------------------------------------------


INSERT INTO artist (id, name, statement, notes, display)
	VALUES(100, 'winston douglas',
	'<p class="artist">Merseyside based Winston has been involved with the arts
 in the area for many years, and has a keen interest in engaging and encouraging young people in 
community arts, through youth activities, projects and workshops. He has worked as both youth worker for
 Liverpool Youth Service and an Art and Craft instructor for Birkenhead social service.
</p>

<p class="artist">The work on display here has been influenced by Impressionism, 
as well as the artists extensive travels in Europe visiting galleries and viewing landscapes and cultures; 
particularly Portugal, Spain and Italy.
</p>

<p class="artist">
</p>

<p class="artist"></p>

<p class="artist"></p>


<p class="artist"></p>',
               NULL,
	       1);

##-----------------------------------------------------------------------------------------






INSERT INTO art (artist, title, media, width, height, image, pricing_info, main_image, image_width, image_height)
	VALUES(100,
	       'capri scene',
	       'acrylic on canvas',
	       40,
	       60,
	       'capri-scene',
	       'sold',
	       1,
		650,
		 460);



##----------------------------------------------------------------------------------------





INSERT INTO art (artist, title, media, width, height, image, pricing_info, main_image, image_width, image_height)
	VALUES(100,
	       'amalfi scene',
	       'acrylic on canvas',
	       30,
	       40,
	       'amalfi-scene',
	       'original, &pound;150',
	       0,
		650,
		 460);

INSERT INTO art_pricing(art, item_number, description, price)
	VALUES(LAST_INSERT_ID(), 'wd125', 'original', 150);

##----------------------------------------------------------------------------------------






INSERT INTO art (artist, title, media, width, height, image, pricing_info, main_image, image_width, image_height)
	VALUES(100,
	       'italian view',
	       'acrylic on canvas',
	       24,
	       30,
	       'italian-view',
	       'original, &pound;125',
	       0,
		490,
		 650);

INSERT INTO art_pricing(art, item_number, description, price)
	VALUES(LAST_INSERT_ID(), 'wd126', 'original', 125);

##----------------------------------------------------------------------------------------







INSERT INTO art (artist, title, media, width, height, image, pricing_info, main_image, image_width, image_height)
	VALUES(100,
	       'venice scene a',
	       'acrylic on canvas',
	       24,
	       30,
	       'venice_scene_a',
	       'original, &pound;125',
	       0,
		488,
		 650);

INSERT INTO art_pricing(art, item_number, description, price)
	VALUES(LAST_INSERT_ID(), 'wd116', 'original', 125);

##----------------------------------------------------------------------------------------



INSERT INTO art (artist, title, media, width, height, image, pricing_info, main_image, image_width, image_height)
	VALUES(100,
	       'venice scene b',
	       'acrylic on canvas',
	       24,
	       30,
	       'venice_scene_b',
	       'original, &pound;125',
	       0,
		488,
		 650);

INSERT INTO art_pricing(art, item_number, description, price)
	VALUES(LAST_INSERT_ID(), 'wd117', 'original', 125);

##----------------------------------------------------------------------------------------



INSERT INTO art (artist, title, media, width, height, image, pricing_info, main_image, image_width, image_height)
	VALUES(100,
	       'venice scene c',
	       'acrylic on canvas',
	       24,
	       30,
	       'venice_scene_c',
	       'original, &pound;125',
	       0,
		488,
		 650);

INSERT INTO art_pricing(art, item_number, description, price)
	VALUES(LAST_INSERT_ID(), 'wd118', 'original', 125);

##----------------------------------------------------------------------------------------







INSERT INTO art (artist, title, media, width, height, image, pricing_info, main_image, image_width, image_height)
	VALUES(100,
	       'across the mersey',
	       'acrylic on canvas',
	       50,
	       60,
	       'across_the_mersey',
	       'original, &pound;175',
	       0,
		488,
		 650);

INSERT INTO art_pricing(art, item_number, description, price)
	VALUES(LAST_INSERT_ID(), 'wd115', 'original', 175);

##----------------------------------------------------------------------------------------



INSERT INTO art (artist, title, media, width, height, image, pricing_info, main_image, image_width, image_height)
	VALUES(100,
	       'river view',
	       'acrylic on canvas',
	       50,
	       60,
	       'river_view',
	       'original, &pound;175',
	       0,
		488,
		 650);

INSERT INTO art_pricing(art, item_number, description, price)
	VALUES(LAST_INSERT_ID(), 'wd120', 'original', 175);

##----------------------------------------------------------------------------------------




INSERT INTO art (artist, title, media, width, height, image, pricing_info, main_image, image_width, image_height)
	VALUES(100,
	       'stroll',
	       'acrylic on canvas',
	       41,
	       51,
	       'stroll',
	       'original, &pound;150',
	       0,
		488,
		 650);

INSERT INTO art_pricing(art, item_number, description, price)
	VALUES(LAST_INSERT_ID(), 'wd103', 'original', 150);

##----------------------------------------------------------------------------------------


INSERT INTO art (artist, title, media, width, height, image, pricing_info, main_image, image_width, image_height)
	VALUES(100,
	       'sphere',
	       'acrylic on canvas',
	       23,
	       30,
	       'sphere',
	       'original, &pound;125',
	       0,
		488,
		 650);

INSERT INTO art_pricing(art, item_number, description, price)
	VALUES(LAST_INSERT_ID(), 'wd106', 'original', 125);

##----------------------------------------------------------------------------------------


INSERT INTO art (artist, title, media, width, height, image, pricing_info, main_image, image_width, image_height)
	VALUES(100,
	       'portal',
	       'acrylic on canvas',
	       30,
	       41,
	       'portal',
	       'original, &pound;125',
	       0,
		488,
		 650);

INSERT INTO art_pricing(art, item_number, description, price)
	VALUES(LAST_INSERT_ID(), 'wd107', 'original', 125);

##----------------------------------------------------------------------------------------



INSERT INTO art (artist, title, media, width, height, image, pricing_info, main_image, image_width, image_height)
	VALUES(100,
	       'glimmer',
	       'acrylic on canvas',
	       41,
	       51,
	       'glimmer',
	       'original, &pound;150',
	       0,
		488,
		 650);

INSERT INTO art_pricing(art, item_number, description, price)
	VALUES(LAST_INSERT_ID(), 'wd110', 'original', 150);

##----------------------------------------------------------------------------------------




INSERT INTO art (artist, title, media, width, height, image, pricing_info, main_image, image_width, image_height)
	VALUES(100,
	       'otterspool sands',
	       'acrylic on canvas',
	       24,
	       30,
	       'otterspool_sands',
	       'original, &pound;125',
	       0,
		650,
		 488);

INSERT INTO art_pricing(art, item_number, description, price)
	VALUES(LAST_INSERT_ID(), 'wd112', 'original', 125);

##----------------------------------------------------------------------------------------





INSERT INTO art (artist, title, media, width, height, image, pricing_info, main_image, image_width, image_height)
	VALUES(100,
	       'dancers',
	       'acrylic on canvas',
	       40,
	       50,
	       'dancers',
	       'original, &pound;150',
	       0,
		650,
		 517);

INSERT INTO art_pricing(art, item_number, description, price)
	VALUES(LAST_INSERT_ID(), 'wd113', 'original', 150);

##----------------------------------------------------------------------------------------





INSERT INTO art (artist, title, media, width, height, image, pricing_info, main_image, image_width, image_height)
	VALUES(100,
	       'portugal scene',
	       'acrylic on canvas',
	       60,
	       50,
	       'portugal_scene',
	       'original, &pound;175',
	       0,
		650,
		 488);

INSERT INTO art_pricing(art, item_number, description, price)
	VALUES(LAST_INSERT_ID(), 'wd114', 'original', 175);

##----------------------------------------------------------------------------------------


INSERT INTO art (artist, title, media, width, height, image, pricing_info, main_image, image_width, image_height)
	VALUES(100,
	       'venice scene d',
	       'acrylic on canvas',
	       24,
	       30,
	       'venice_scene_d',
	       'original, &pound;150',
	       0,
		650,
		 488);

INSERT INTO art_pricing(art, item_number, description, price)
	VALUES(LAST_INSERT_ID(), 'wd119', 'original', 150);

##----------------------------------------------------------------------------------------



INSERT INTO art (artist, title, media, width, height, image, pricing_info, main_image, image_width, image_height)
	VALUES(100,
	       'algarve',
	       'acrylic on canvas',
	       41,
	       51,
	       'algarve',
	       'original, &pound;150',
	       0,
		650,
		 488);

INSERT INTO art_pricing(art, item_number, description, price)
	VALUES(LAST_INSERT_ID(), 'wd101', 'original', 150);

##----------------------------------------------------------------------------------------



INSERT INTO art (artist, title, media, width, height, image, pricing_info, main_image, image_width, image_height)
	VALUES(100,
	       'red landscape',
	       'acrylic on canvas',
	       50,
	       40,
	       'red_landscape',
	       'original, &pound;150',
	       0,
		650,
		 488);

INSERT INTO art_pricing(art, item_number, description, price)
	VALUES(LAST_INSERT_ID(), 'wd121', 'original', 150);

##----------------------------------------------------------------------------------------





INSERT INTO art (artist, title, media, width, height, image, pricing_info, main_image, image_width, image_height)
	VALUES(100,
	       'river in blue',
	       'acrylic on canvas',
	       40,
	       50,
	       'river_in_blue',
	       'original, &pound;150',
	       0,
		488,
		 650);

INSERT INTO art_pricing(art, item_number, description, price)
	VALUES(LAST_INSERT_ID(), 'wd122', 'original', 150);

##----------------------------------------------------------------------------------------





INSERT INTO art (artist, title, media, width, height, image, pricing_info, main_image, image_width, image_height)
	VALUES(100,
	       'humanoid',
	       'acrylic on canvas',
	       50,
	       60,
	       'humanoid',
	       'original, &pound;175',
	       0,
		533,
		 650);

INSERT INTO art_pricing(art, item_number, description, price)
	VALUES(LAST_INSERT_ID(), 'wd123', 'original', 175);

##----------------------------------------------------------------------------------------


INSERT INTO art (artist, title, media, width, height, image, pricing_info, main_image, image_width, image_height)
	VALUES(100,
	       'venice scene e',
	       'acrylic on canvas',
	       40,
	       50,
	       'venice-scene-e',
	       'original, &pound;150',
	       0,
		650,
		 488);

INSERT INTO art_pricing(art, item_number, description, price)
	VALUES(LAST_INSERT_ID(), 'wd124', 'original', 150);

##----------------------------------------------------------------------------------------



INSERT INTO artist (id, name, statement, notes, display)
	VALUES(101, 'daniel john',
	'<p class="artist"></p>

<p class="artist">"I have practiced painting and drawing most of my life. Since gradating in 2003 with a 1st class honours degree in Fine Art I have practised art professionally."</p>

<p class="artist">
</p>

<p class="artist">"I am currently studio based; producing artwork, exhibiting and working on creative projects. My paintings are the result of a continual process of experimentation. I am developing a style that when I am inspired enables me to draw on my ideas about colour, form, texture. My style is constantly evolving as I experiment and strive for perfection
"</p>

<p class="artist">All work is simply framed but not glazed.</p>


<p class="artist"></p>',
               NULL,
	       1);

##-----------------------------------------------------------------------------------------



INSERT INTO art (artist, title, media, width, height, image, pricing_info, main_image, image_width, image_height)
	VALUES(101,
	       'cabarat',
	       'mixed media unframed box canvas',
	       35,
	       45,
	       'cabarat',
	       'original, &pound;300',
	       1,
		508,
		 650);

INSERT INTO art_pricing(art, item_number, description, price)
	VALUES(LAST_INSERT_ID(), 'dj108', 'original', 300);

##----------------------------------------------------------------------------------------





INSERT INTO art (artist, title, media, width, height, image, pricing_info, main_image, image_width, image_height)
	VALUES(101,
	       'comet',
	       'mixed media on paper mounted on framed board',
	       30,
	       20,
	       'comet',
	       'original, &pound;180',
	       0,
		650,
		 447);

INSERT INTO art_pricing(art, item_number, description, price)
	VALUES(LAST_INSERT_ID(), 'dj109', 'original', 180);

##----------------------------------------------------------------------------------------





INSERT INTO art (artist, title, media, width, height, image, pricing_info, main_image, image_width, image_height)
	VALUES(101,
	       'lime 2',
	       'acrylic on canvas on board',
	       95,
	       75,
	       'lime-2',
	       'original, &pound;500',
	       0,
		650,
		 481);

INSERT INTO art_pricing(art, item_number, description, price)
	VALUES(LAST_INSERT_ID(), 'dj110', 'original', 500);

##----------------------------------------------------------------------------------------





INSERT INTO art (artist, title, media, width, height, image, pricing_info, main_image, image_width, image_height)
	VALUES(101,
	       'spinning green',
	       'acrylic on box canvas ',
	       53,
	       30,
	       'spinning-green',
	       'original, &pound;300',
	       0,
		650,
		 422);

INSERT INTO art_pricing(art, item_number, description, price)
	VALUES(LAST_INSERT_ID(), 'dj111', 'original', 300);

##----------------------------------------------------------------------------------------





INSERT INTO art (artist, title, media, width, height, image, pricing_info, main_image, image_width, image_height)
	VALUES(101,
	       'spring liverpool 2011',
	       'acrylic on paper on board framed',
	       65,
	       50,
	       'spring-liverpool-2011',
	       'original, &pound;300',
	       0,
		470,
		 650);

INSERT INTO art_pricing(art, item_number, description, price)
	VALUES(LAST_INSERT_ID(), 'dj112', 'original', 300);

##----------------------------------------------------------------------------------------





INSERT INTO art (artist, title, media, width, height, image, pricing_info, main_image, image_width, image_height)
	VALUES(101,
	       'chromearc',
	       'acrylic on paper mounted on framed board',
	       30,
	       20,
	       'chromearc',
	       'original, &pound;180',
	       0,
		650,
		 477);

INSERT INTO art_pricing(art, item_number, description, price)
	VALUES(LAST_INSERT_ID(), 'dj113', 'original', 180);

##----------------------------------------------------------------------------------------





INSERT INTO art (artist, title, media, width, height, image, pricing_info, main_image, image_width, image_height)
	VALUES(101,
	       'nocturne',
	       'acrylic on paper mounted on framed board',
	       30,
	       20,
	       'nocturne',
	       'original, &pound;180',
	       0,
		650,
		 464);

INSERT INTO art_pricing(art, item_number, description, price)
	VALUES(LAST_INSERT_ID(), 'dj114', 'original', 180);

##----------------------------------------------------------------------------------------





INSERT INTO art (artist, title, media, width, height, image, pricing_info, main_image, image_width, image_height)
	VALUES(101,
	       'sefton 11',
	       'acrylic on paper mounted on framed board',
	       60,
	       45,
	       'sefton-11',
	       'original, &pound;300',
	       0,
		650,
		 920);

INSERT INTO art_pricing(art, item_number, description, price)
	VALUES(LAST_INSERT_ID(), 'dj115', 'original', 300);

##----------------------------------------------------------------------------------------





INSERT INTO art (artist, title, media, width, height, image, pricing_info, main_image, image_width, image_height)
	VALUES(101,
	       'yellow fine',
	       'acrylic on paper mounted on framed board',
	       30,
	       20,
	       'yellow-fine',
	       'original, &pound;180',
	       0,
		650,
		 451);

INSERT INTO art_pricing(art, item_number, description, price)
	VALUES(LAST_INSERT_ID(), 'dj116', 'original', 180);

##----------------------------------------------------------------------------------------


INSERT INTO art (artist, title, media, width, height, image, pricing_info, main_image, image_width, image_height)
	VALUES(101,
	       'yellow fall',
	       'framed acrylic on paper',
	       93,
	       68,
	       'yellow_fall',
	       'original, &pound;650',
	       0,
		650,
		 491);

INSERT INTO art_pricing(art, item_number, description, price)
	VALUES(LAST_INSERT_ID(), 'dj101', 'original', 650);

##----------------------------------------------------------------------------------------


INSERT INTO art (artist, title, media, width, height, image, pricing_info, main_image, image_width, image_height)
	VALUES(101,
	       'pass',
	       'framed acrylic on paper',
	       37,
	       46,
	       'pass',
	       'original, &pound;300',
	       0,
		650,
		 514);

INSERT INTO art_pricing(art, item_number, description, price)
	VALUES(LAST_INSERT_ID(), 'dj102', 'original', 300);

##----------------------------------------------------------------------------------------

INSERT INTO art (artist, title, media, width, height, image, pricing_info, main_image, image_width, image_height)
	VALUES(101,
	       'poppyfield',
	       'framed acrylic on paper',
	       67,
	       46,
	       'poppyfield',
	       'original, &pound;550',
	       0,
		465,
		 650);

INSERT INTO art_pricing(art, item_number, description, price)
	VALUES(LAST_INSERT_ID(), 'dj107', 'original', 550);

##----------------------------------------------------------------------------------------

INSERT INTO art (artist, title, media, width, height, image, pricing_info, main_image, image_width, image_height)
	VALUES(101,
	       'scarlet grid',
	       'framed acrylic on paper',
	       71,
	       51,
	       'scarlet_grid',
	       'original, &pound;650',
	       0,
		650,
		 488);

INSERT INTO art_pricing(art, item_number, description, price)
	VALUES(LAST_INSERT_ID(), 'dj104', 'original', 650);

##----------------------------------------------------------------------------------------

INSERT INTO art (artist, title, media, width, height, image, pricing_info, main_image, image_width, image_height)
	VALUES(101,
	       'pink falls',
	       'framed acrylic on paper',
	       36,
	       50,
	       'pink_falls',
	       'original, &pound;300',
	       0,
		468,
		 650);

INSERT INTO art_pricing(art, item_number, description, price)
	VALUES(LAST_INSERT_ID(), 'dj105', 'original', 300);

##----------------------------------------------------------------------------------------

INSERT INTO art (artist, title, media, width, height, image, pricing_info, main_image, image_width, image_height)
	VALUES(101,
	       'the fall',
	       'framed acrylic on paper',
	       66,
	       45,
	       'the_fall',
	       'original, &pound;400',
	       0,
		467,
		 650);

INSERT INTO art_pricing(art, item_number, description, price)
	VALUES(LAST_INSERT_ID(), 'dj106', 'original', 400);

##----------------------------------------------------------------------------------------




INSERT INTO art (artist, title, media, width, height, image, pricing_info, main_image, image_width, image_height)
	VALUES(101,
	       'union splat',
	       'framed acrylic on paper',
	       45,
	       36,
	       'union_splat',
	       'original, &pound;350',
	       0,
		650,
		 488);

INSERT INTO art_pricing(art, item_number, description, price)
	VALUES(LAST_INSERT_ID(), 'dj103', 'original', 350);

##----------------------------------------------------------------------------------------




INSERT INTO artist (id, name, statement, notes, display)
	VALUES(116, 'helene marie gilmour',
	       '<p class="artist">Helene-Marie is a Freelance Graphic Designer & Illustrator &  has worked for a number of Companies producing artwork for Childrens'' products, Homewares, Ceramics, Textiles, Greetings Cards, Giftwrapping & Packaging. She says -
	</p>
<p class="artist">"I am very lucky to have a job that I love!  I have been in the design industry for many years & I am still learning & being inspired. 
I create alot of my designs on the computer, so it''s nice to take time out & put paint to canvas. Not only is it very relaxing, but it allows me the freedom to 
explore my own style, try different approaches & get lost in my own little world!"</p>',
               '<p class="artist">
</p>',
	       1);

##--------------------------------------------------------------------------------------------




INSERT INTO art (artist, title, media, width, height, image, pricing_info, main_image, image_width, image_height)
	VALUES(116,
	       'applying blusher',
	       'pen and ink',
	       21,
	       29,
	       'applying-blusher',
	       'limited edition print, &pound;26',
	       0,
		460,
		 650);

INSERT INTO art_pricing(art, item_number, description, price)
	VALUES(LAST_INSERT_ID(), 'hg127', 'limited ed', 26);
##--------------------------------------------------------------------------------------------      




INSERT INTO art (artist, title, media, width, height, image, pricing_info, main_image, image_width, image_height)
	VALUES(116,
	       'cats rock',
	      'pen and ink',
	       21,
	       29,
	       'cats-rock',
	       'limited edition print, &pound;26',
	       0,
		459,
		 650);

INSERT INTO art_pricing(art, item_number, description, price)
	VALUES(LAST_INSERT_ID(), 'hg128', 'limited ed', 26);
##--------------------------------------------------------------------------------------------        




INSERT INTO art (artist, title, media, width, height, image, pricing_info, main_image, image_width, image_height)
	VALUES(116,
	       'i love cats',
	      'pen and ink',
	       21,
	       29,
	       'i-love-cats',
	       'limited edition print, &pound;26',
	       0,
		459,
		 650);

INSERT INTO art_pricing(art, item_number, description, price)
	VALUES(LAST_INSERT_ID(), 'hg129', 'limited ed', 26);
##--------------------------------------------------------------------------------------------         



INSERT INTO art (artist, title, media, width, height, image, pricing_info, main_image, image_width, image_height)
	VALUES(116,
	       'rebel',
	         'pen and ink',
	       21,
	       29,
	       'rebel',
	       'limited edition print, &pound;26',
	       0,
		459,
		 650);

INSERT INTO art_pricing(art, item_number, description, price)
	VALUES(LAST_INSERT_ID(), 'hg133', 'limited ed', 26);
##--------------------------------------------------------------------------------------------            




INSERT INTO art (artist, title, media, width, height, image, pricing_info, main_image, image_width, image_height)
	VALUES(116,
	       'tickle me',
	         'pen and ink',
	       21,
	       29,
	       'tickle-me',
	       'limited edition print, &pound;26',
	       0,
		460,
		 650);

INSERT INTO art_pricing(art, item_number, description, price)
	VALUES(LAST_INSERT_ID(), 'hg134', 'limited ed', 26);
##--------------------------------------------------------------------------------------------





INSERT INTO art (artist, title, media, width, height, image, pricing_info, main_image, image_width, image_height)
	VALUES(116,
	       'love is a 4 legged word',
	         'pen and ink',
	       21,
	       29,
	       'love-is-a',
	       'limited edition print, &pound;26',
	       0,
		650,
		 460);

INSERT INTO art_pricing(art, item_number, description, price)
	VALUES(LAST_INSERT_ID(), 'hg130', 'limited ed', 26);
##--------------------------------------------------------------------------------------------          




INSERT INTO art (artist, title, media, width, height, image, pricing_info, main_image, image_width, image_height)
	VALUES(116,
	       'love pug pink',
	         'pen and ink',
	       21,
	       29,
	       'love-pug-pink',
	       'limited edition print, &pound;26',
	       0,
		460,
		 650);

INSERT INTO art_pricing(art, item_number, description, price)
	VALUES(LAST_INSERT_ID(), 'hg131', 'limited ed', 26);
##--------------------------------------------------------------------------------------------          




INSERT INTO art (artist, title, media, width, height, image, pricing_info, main_image, image_width, image_height)
	VALUES(116,
	       'love pug',
	         'pen and ink',
	       21,
	       29,
	       'love-pug',
	       'limited edition print, &pound;26',
	       0,
		460,
		 650);

INSERT INTO art_pricing(art, item_number, description, price)
	VALUES(LAST_INSERT_ID(), 'hg132', 'limited ed', 26);
##--------------------------------------------------------------------------------------------            






INSERT INTO art (artist, title, media, width, height, image, pricing_info, main_image, image_width, image_height)
	VALUES(116,
	       'balancing cupcakes',
	       'acrylic collage and pen',
	       60,
	       30,
	       'balancing-cupcakes',
	       'original, &pound;180',
	       0,
		322,
		 650);

INSERT INTO art_pricing(art, item_number, description, price)
	VALUES(LAST_INSERT_ID(), 'hg127', 'original', 180);

##--------------------------------------------------------------------------------------------





INSERT INTO art (artist, title, media, width, height, image, pricing_info, main_image, image_width, image_height)
	VALUES(116,
	       'butterfly in a pink frame ',
	       'acrylic on canvas',
	       30,
	       30,
	       'butterfly-pink-frame',
	       'original, &pound;90',
	       1,
		643,
		 650);

INSERT INTO art_pricing(art, item_number, description, price)
	VALUES(LAST_INSERT_ID(), 'hg130', 'original', 90);

##--------------------------------------------------------------------------------------------   





INSERT INTO art (artist, title, media, width, height, image, pricing_info, main_image, image_width, image_height)
	VALUES(116,
	       'butterfly in a aqua frame ',
	       'acrylic on canvas',
	       30,
	       30,
	       'butterfly-aqua-frame',
	       'original, &pound;90',
	       0,
		650,
		 650);

INSERT INTO art_pricing(art, item_number, description, price)
	VALUES(LAST_INSERT_ID(), 'hg131', 'original', 90);

##--------------------------------------------------------------------------------------------   





INSERT INTO art (artist, title, media, width, height, image, pricing_info, main_image, image_width, image_height)
	VALUES(116,
	       'butterfly in a gold frame ',
	       'acrylic on canvas',
	       30,
	       30,
	       'butterfly-gold-frame',
	       'original, &pound;90',
	       0,
		650,
		 650);

INSERT INTO art_pricing(art, item_number, description, price)
	VALUES(LAST_INSERT_ID(), 'hg132', 'original', 90);

##--------------------------------------------------------------------------------------------   





INSERT INTO art (artist, title, media, width, height, image, pricing_info, main_image, image_width, image_height)
	VALUES(116,
	       'butterfly in a blue frame ',
	       'acrylic on canvas',
	       30,
	       30,
	       'butterfly-blue-frame',
	       'original, &pound;90',
	       0,
		641,
		 650);

INSERT INTO art_pricing(art, item_number, description, price)
	VALUES(LAST_INSERT_ID(), 'hg133', 'original', 90);

##--------------------------------------------------------------------------------------------   





INSERT INTO art (artist, title, media, width, height, image, pricing_info, main_image, image_width, image_height)
	VALUES(116,
	       'large butterfly study',
	       'acrylic on canvas',
	       60,
	       60,
	       'large-butterfly-study',
	       'original, &pound;280',
	       0,
		650,
		 635);

INSERT INTO art_pricing(art, item_number, description, price)
	VALUES(LAST_INSERT_ID(), 'hg134', 'original', 280);

##--------------------------------------------------------------------------------------------    





INSERT INTO art (artist, title, media, width, height, image, pricing_info, main_image, image_width, image_height)
	VALUES(116,
	       'pink house on the hill ',
	       'acrylic on canvas',
	       80,
	       30,
	       'pink-house-on',
	       'original, &pound;200',
	       0,
		650,
		 244);

INSERT INTO art_pricing(art, item_number, description, price)
	VALUES(LAST_INSERT_ID(), 'hg135', 'original', 200);

##--------------------------------------------------------------------------------------------






INSERT INTO artist (id, name, statement, notes, display)
	VALUES(123, 'jane adams',
	       '<p class="artist">Jane a local artist from Liverpool, trained at Liverpool John Moores University, completing a B Ed. (Hons) in Art Design and Technology, in 1997 and an M.A. in Multimedia Art in 2002. This included working with other artists on a collaborative project in conjunction with the Writing on The Wall Festival. She has recently returned to more traditional techniques such as printmaking and collage. After taking part in an exhibition at Liverpool Centre for Arts Development in November 2007 they have invited the artist to exhibit work there on a permanent basis.</p>
<p class="artist">Jane says of her work-</p>',
               '<p class="artist">"I take my inspiration from my immediate world. This includes some of thewonderful features of local architecture. I am particularly interested in recording those which are disappearing or are significant to the lives of ordinary people. I use techniques which seek to convey the time worn and enduring qualities of the buildings and evoke a connection to the past.
I work from photographs, which I interpret using the mono print technique, oil pastels and charcoal. I enjoy the unpredictability of these techniques. Sometimes, I work intuitively and wait to see what the images I put together suggest rather than working in a conceptual way."</p>

<p class="artist">Prints are sold mounted, signed and numbered in an edition of 250. Dimensions refer to mounted size.</p>

<p class="artist">
</p>

<p class="artist"></p>

<p class="artist"></p>',
	       1);

##--------------------------------------------------------------------------------------------



INSERT INTO art (artist, title, media, width, height, image, pricing_info, main_image, image_width, image_height)
	VALUES(123,
	       '20 places',
	       'print',
	       40,
	       40,
	       '20-places',
	       'limited edition print &pound;45',
	       0,
		650,
		 650);

INSERT INTO art_pricing(art, item_number, description, price)
	VALUES(LAST_INSERT_ID(), 'ja112', 'limited edition print', 45);

##-----------------------------------------------------------------------------


INSERT INTO art (artist, title, media, width, height, image, pricing_info, main_image, image_width, image_height)
	VALUES(123,
	       'the albert lark lane liverpool',
	       'print',
	       30,
	       40,
	       'the-albert-lark',
	       'limited edition print &pound;40',
	       0,
		650,
		 471);

INSERT INTO art_pricing(art, item_number, description, price)
	VALUES(LAST_INSERT_ID(), 'ja113', 'limited edition print', 40);

##-----------------------------------------------------------------------------


INSERT INTO art (artist, title, media, width, height, image, pricing_info, main_image, image_width, image_height)
	VALUES(123,
	       'the alicia hotel sefton park liverpool',
	       'print',
	       30,
	       40,
	       'the-alicia-hotel',
	       'limited edition print &pound;40',
	       0,
		650,
		 465);

INSERT INTO art_pricing(art, item_number, description, price)
	VALUES(LAST_INSERT_ID(), 'ja114', 'limited edition print', 40);

##-----------------------------------------------------------------------------


INSERT INTO art (artist, title, media, width, height, image, pricing_info, main_image, image_width, image_height)
	VALUES(123,
	       'cardinal allen catholic high school liverpool',
	       'print',
	       30,
	       40,
	       'cardinal-allen-catholic',
	       'limited edition print &pound;40',
	       0,
		650,
		 434);

INSERT INTO art_pricing(art, item_number, description, price)
	VALUES(LAST_INSERT_ID(), 'ja115', 'limited edition print', 40);

##-----------------------------------------------------------------------------


INSERT INTO art (artist, title, media, width, height, image, pricing_info, main_image, image_width, image_height)
	VALUES(123,
	       'the blue coat school liverpool',
	       'print',
	       30,
	       40,
	       'the-bluecoat-school',
	       'limited edition print &pound;40',
	       0,
		650,
		 494);

INSERT INTO art_pricing(art, item_number, description, price)
	VALUES(LAST_INSERT_ID(), 'ja116', 'limited edition print', 40);

##-----------------------------------------------------------------------------


INSERT INTO art (artist, title, media, width, height, image, pricing_info, main_image, image_width, image_height)
	VALUES(123,
	       'the crows nest liverpool',
	       'print',
	       30,
	       40,
	       'the-crows-nest',
	       'limited edition print &pound;40',
	       0,
		468,
		 650);

INSERT INTO art_pricing(art, item_number, description, price)
	VALUES(LAST_INSERT_ID(), 'ja117', 'limited edition print', 40);

##-----------------------------------------------------------------------------


INSERT INTO art (artist, title, media, width, height, image, pricing_info, main_image, image_width, image_height)
	VALUES(123,
	       'four housesliverpool',
	       'print',
	       30,
	       40,
	       'four-houses',
	       'limited edition print &pound;40',
	       0,
		472,
		 650);

INSERT INTO art_pricing(art, item_number, description, price)
	VALUES(LAST_INSERT_ID(), 'ja118', 'limited edition print', 40);

##-----------------------------------------------------------------------------


INSERT INTO art (artist, title, media, width, height, image, pricing_info, main_image, image_width, image_height)
	VALUES(123,
	       'the hard days night hotel liverpool',
	       'print',
	       30,
	       40,
	       'the-hard-days',
	       'limited edition print &pound;40',
	       0,
		650,
		 471);

INSERT INTO art_pricing(art, item_number, description, price)
	VALUES(LAST_INSERT_ID(), 'ja119', 'limited edition print', 40);

##-----------------------------------------------------------------------------


INSERT INTO art (artist, title, media, width, height, image, pricing_info, main_image, image_width, image_height)
	VALUES(123,
	       'the isla gladstone liverpool',
	       'print',
	       30,
	       40,
	       'the-isla-gladstone',
	       'limited edition print &pound;40',
	       0,
		650,
		 469);

INSERT INTO art_pricing(art, item_number, description, price)
	VALUES(LAST_INSERT_ID(), 'ja120', 'limited edition print', 40);

##-----------------------------------------------------------------------------

INSERT INTO art (artist, title, media, width, height, image, pricing_info, main_image, image_width, image_height)
	VALUES(123,
	       'the jacaranda liverpool',
	       'print',
	       30,
	       40,
	       'the-jacaranda',
	       'limited edition print &pound;40',
	       0,
		471,
		 650);

INSERT INTO art_pricing(art, item_number, description, price)
	VALUES(LAST_INSERT_ID(), 'ja121', 'limited edition print', 40);

##-----------------------------------------------------------------------------

INSERT INTO art (artist, title, media, width, height, image, pricing_info, main_image, image_width, image_height)
	VALUES(123,
	       'the royal liver building liverpool',
	       'print',
	       30,
	       40,
	       'the-royal-liver',
	       'limited edition print &pound;40',
	       0,
		422,
		 650);

INSERT INTO art_pricing(art, item_number, description, price)
	VALUES(LAST_INSERT_ID(), 'ja122', 'limited edition print', 40);

##-----------------------------------------------------------------------------

INSERT INTO art (artist, title, media, width, height, image, pricing_info, main_image, image_width, image_height)
	VALUES(123,
	       'the masonic lark lane liverpool',
	       'print',
	       30,
	       40,
	       'the-masonic-lark',
	       'limited edition print &pound;40',
	       0,
		650,
		 477);

INSERT INTO art_pricing(art, item_number, description, price)
	VALUES(LAST_INSERT_ID(), 'ja123', 'limited edition print', 40);

##-----------------------------------------------------------------------------

INSERT INTO art (artist, title, media, width, height, image, pricing_info, main_image, image_width, image_height)
	VALUES(123,
	       'oxford street maternity hospital liverpool',
	       'print',
	       30,
	       40,
	       'oxford-street-maternity',
	       'limited edition print &pound;40',
	       0,
		650,
		 477);

INSERT INTO art_pricing(art, item_number, description, price)
	VALUES(LAST_INSERT_ID(), 'ja124', 'limited edition print', 40);

##-----------------------------------------------------------------------------

INSERT INTO art (artist, title, media, width, height, image, pricing_info, main_image, image_width, image_height)
	VALUES(123,
	       'the palm house sefton park liverpool',
	       'print',
	       30,
	       40,
	       'the-palm-house',
	       'limited edition print &pound;40',
	       1,
		650,
		 488);

INSERT INTO art_pricing(art, item_number, description, price)
	VALUES(LAST_INSERT_ID(), 'ja125', 'limited edition print', 40);

##-----------------------------------------------------------------------------

INSERT INTO art (artist, title, media, width, height, image, pricing_info, main_image, image_width, image_height)
	VALUES(123,
	       'penny lane wine bar liverpool',
	       'print',
	       30,
	       40,
	       'penny-lane-wine',
	       'limited edition print &pound;40',
	       0,
		484,
		 650);

INSERT INTO art_pricing(art, item_number, description, price)
	VALUES(LAST_INSERT_ID(), 'ja126', 'limited edition print', 40);

##-----------------------------------------------------------------------------

INSERT INTO art (artist, title, media, width, height, image, pricing_info, main_image, image_width, image_height)
	VALUES(123,
	       'st georges hall liverpool',
	       'print',
	       30,
	       40,
	       'st-georges-hall',
	       'limited edition print &pound;40',
	       0,
		650,
		 488);

INSERT INTO art_pricing(art, item_number, description, price)
	VALUES(LAST_INSERT_ID(), 'ja127', 'limited edition print', 40);

##-----------------------------------------------------------------------------

INSERT INTO art (artist, title, media, width, height, image, pricing_info, main_image, image_width, image_height)
	VALUES(123,
	       'st nicholas church liverpool',
	       'print',
	       30,
	       40,
	       'st-nicholas-church',
	       'limited edition print &pound;40',
	       0,
		650,
		 650);

INSERT INTO art_pricing(art, item_number, description, price)
	VALUES(LAST_INSERT_ID(), 'ja128', 'limited edition print', 40);

##-----------------------------------------------------------------------------

INSERT INTO art (artist, title, media, width, height, image, pricing_info, main_image, image_width, image_height)
	VALUES(123,
	       'the volunteer canteen liverpool',
	       'print',
	       30,
	       40,
	       'the-volunteer-canteen',
	       'limited edition print &pound;40',
	       0,
		650,
		 481);

INSERT INTO art_pricing(art, item_number, description, price)
	VALUES(LAST_INSERT_ID(), 'ja129', 'limited edition print', 40);

##-----------------------------------------------------------------------------





INSERT INTO art (artist, title, media, width, height, image, pricing_info, main_image, image_width, image_height)
	VALUES(123,
	       'johns house',
	       'mixed media',
	       15,
	       20,
	       'johns_house',
	       'limited edition print &pound;25',
	       0,
		394,
		 650);

INSERT INTO art_pricing(art, item_number, description, price)
	VALUES(LAST_INSERT_ID(), 'ja112', 'limited edition print', 25);

##-----------------------------------------------------------------------------


INSERT INTO art (artist, title, media, width, height, image, pricing_info, main_image, image_width, image_height)
	VALUES(123,
	       'georges house',
	       'mixed media',
	       15,
	       20,
	       'georges_house',
	       'limited edition print &pound;25',
	       0,
		459,
		 650);

INSERT INTO art_pricing(art, item_number, description, price)
	VALUES(LAST_INSERT_ID(), 'ja113', 'limited edition print', 25);

##-----------------------------------------------------------------------------


INSERT INTO art (artist, title, media, width, height, image, pricing_info, main_image, image_width, image_height)
	VALUES(123,
	       'pauls house',
	       'mixed media',
	       15,
	       20,
	       'pauls_house',
	       'limited edition print &pound;25',
	       0,
		475,
		 650);

INSERT INTO art_pricing(art, item_number, description, price)
	VALUES(LAST_INSERT_ID(), 'ja114', 'limited edition print', 25);

##-----------------------------------------------------------------------------




INSERT INTO art (artist, title, media, width, height, image, pricing_info, main_image, image_width, image_height)
	VALUES(123,
	       'georges place',
	       'mixed media',
	       30,
	       40,
	       'georges_place',
	       'limited edition print &pound;40',
	       0,
		471,
		 650);

INSERT INTO art_pricing(art, item_number, description, price)
	VALUES(LAST_INSERT_ID(), 'ja132', 'limited edition print', 40);

##-----------------------------------------------------------------------------


INSERT INTO art (artist, title, media, width, height, image, pricing_info, main_image, image_width, image_height)
	VALUES(123,
	       'art school',
	       'mixed media',
	       30,
	       40,
	       'art_school',
	       'limited edition print &pound;40',
	       0,
		650,
		 383);

INSERT INTO art_pricing(art, item_number, description, price)
	VALUES(LAST_INSERT_ID(), 'ja116', 'limited edition print', 40);

##-----------------------------------------------------------------------------


INSERT INTO art (artist, title, media, width, height, image, pricing_info, main_image, image_width, image_height)
	VALUES(123,
	       'bluecoat 3',
	       'mixed media',
	       30,
	       40,
	       'bluecoat_3',
	       'limited edition print &pound;40',
	       0,
		650,
		 453);

INSERT INTO art_pricing(art, item_number, description, price)
	VALUES(LAST_INSERT_ID(), 'ja117', 'limited edition print', 40);

##-----------------------------------------------------------------------------



INSERT INTO art (artist, title, media, width, height, image, pricing_info, main_image, image_width, image_height)
	VALUES(123,
	       'peter kavanaghs 2',
	       'mixed media',
	       30,
	       40,
	       'pk2',
	       'limited edition print &pound;40',
	       0,
		650,
		 547);

INSERT INTO art_pricing(art, item_number, description, price)
	VALUES(LAST_INSERT_ID(), 'ja127', 'limited edition print', 40);

##-----------------------------------------------------------------------------


INSERT INTO art (artist, title, media, width, height, image, pricing_info, main_image, image_width, image_height)
	VALUES(123,
	       'cally 1',
	       'mixed media',
	       30,
	       40,
	       'cally_1',
	       'limited edition print &pound;40',
	       0,
		460,
		 650);

INSERT INTO art_pricing(art, item_number, description, price)
	VALUES(LAST_INSERT_ID(), 'ja118', 'limited edition print', 40);

##-----------------------------------------------------------------------------



INSERT INTO art (artist, title, media, width, height, image, pricing_info, main_image, image_width, image_height)
	VALUES(123,
	       'oxford',
	       'mixed media',
	       30,
	       40,
	       'oxford',
	       'limited edition print &pound;40',
	       0,
		326,
		 650);

INSERT INTO art_pricing(art, item_number, description, price)
	VALUES(LAST_INSERT_ID(), 'ja126', 'limited edition print', 40);

##-----------------------------------------------------------------------------


INSERT INTO art (artist, title, media, width, height, image, pricing_info, main_image, image_width, image_height)
	VALUES(123,
	       'cambridge',
	       'mixed media',
	       30,
	       40,
	       'cambridge',
	       'limited edition print &pound;40',
	       0,
		460,
		 650);

INSERT INTO art_pricing(art, item_number, description, price)
	VALUES(LAST_INSERT_ID(), 'ja119', 'limited edition print', 40);

##-----------------------------------------------------------------------------


INSERT INTO art (artist, title, media, width, height, image, pricing_info, main_image, image_width, image_height)
	VALUES(123,
	       'empress',
	       'mixed media',
	       30,
	       40,
	       'empress',
	       'limited edition print &pound;40',
	       0,
		242,
		 450);

INSERT INTO art_pricing(art, item_number, description, price)
	VALUES(LAST_INSERT_ID(), 'ja120', 'limited edition print', 40);

##-----------------------------------------------------------------------------


INSERT INTO art (artist, title, media, width, height, image, pricing_info, main_image, image_width, image_height)
	VALUES(123,
	       'woolton baths',
	       'mixed media',
	       30,
	       40,
	       'woolton_baths',
	       'limited edition print &pound;40',
	       0,
		602,
		 650);

INSERT INTO art_pricing(art, item_number, description, price)
	VALUES(LAST_INSERT_ID(), 'ja131', 'limited edition print', 40);

##-----------------------------------------------------------------------------



INSERT INTO art (artist, title, media, width, height, image, pricing_info, main_image, image_width, image_height)
	VALUES(123,
	       'church road',
	       'mixed media',
	       32,
	       42,
	       'church_road',
	       'limited edition print &pound;40',
	       0,
		650,
		 599);

INSERT INTO art_pricing(art, item_number, description, price)
	VALUES(LAST_INSERT_ID(), 'ja102', 'limited edition print', 40);

##--------------------------------------------------------------------------------------------

INSERT INTO art (artist, title, media, width, height, image, pricing_info, main_image, image_width, image_height)
	VALUES(123,
	       'church road 2',
	       'mixed media',
	       32,
	       42,
	       'church_road_2',
	       'limited edition print &pound;40',
	       0,
		650,
		 615);

INSERT INTO art_pricing(art, item_number, description, price)
	VALUES(LAST_INSERT_ID(), 'ja101', 'limited edition print', 40);

##--------------------------------------------------------------------------------------------




INSERT INTO art (artist, title, media, width, height, image, pricing_info, main_image, image_width, image_height)
	VALUES(123,
	       'irish center',
	       'mixed media',
	       30,
	       40,
	       'irish_center',
	       'limited edition print &pound;40',
	       0,
		650,
		 289);

INSERT INTO art_pricing(art, item_number, description, price)
	VALUES(LAST_INSERT_ID(), 'ja122', 'limited edition print', 40);

##-----------------------------------------------------------------------------



INSERT INTO art (artist, title, media, width, height, image, pricing_info, main_image, image_width, image_height)
	VALUES(123,
	       'le bateau',
	       'mixed media',
	       30,
	       40,
	       'lebateu',
	       'limited edition print &pound;40',
	       0,
		423,
		 650);

INSERT INTO art_pricing(art, item_number, description, price)
	VALUES(LAST_INSERT_ID(), 'ja124', 'limited edition print', 40);

##-----------------------------------------------------------------------------




INSERT INTO art (artist, title, media, width, height, image, pricing_info, main_image, image_width, image_height)
	VALUES(123,
	       'london road',
	       'mixed media',
	       30,
	       40,
	       'london_road',
	       'limited edition print &pound;40',
	       0,
		596,
		 650);

INSERT INTO art_pricing(art, item_number, description, price)
	VALUES(LAST_INSERT_ID(), 'ja106', 'limited edition print', 40);

##--------------------------------------------------------------------------------------------


INSERT INTO art (artist, title, media, width, height, image, pricing_info, main_image, image_width, image_height)
	VALUES(123,
	       'marantos',
	       'mixed media',
	       30,
	       40,
	       'marantos',
	       'limited edition print &pound;40',
	       0,
		499,
		 650);

INSERT INTO art_pricing(art, item_number, description, price)
	VALUES(LAST_INSERT_ID(), 'ja125', 'limited edition print', 40);

##-----------------------------------------------------------------------------


INSERT INTO art (artist, title, media, width, height, image, pricing_info, main_image, image_width, image_height)
	VALUES(123,
	       'keiths',
	       'mixed media',
	       30,
	       40,
	       'keiths_copy',
	       'limited edition print &pound;40',
	       0,
		433,
		 650);

INSERT INTO art_pricing(art, item_number, description, price)
	VALUES(LAST_INSERT_ID(), 'ja123', 'limited edition print', 40);

##-----------------------------------------------------------------------------



INSERT INTO art (artist, title, media, width, height, image, pricing_info, main_image, image_width, image_height)
	VALUES(123,
	       'police',
	       'mixed media',
	       30,
	       40,
	       'police',
	       'limited edition print &pound;40',
	       0,
		599,
		 510);

INSERT INTO art_pricing(art, item_number, description, price)
	VALUES(LAST_INSERT_ID(), 'ja128', 'limited edition print', 40);

##-----------------------------------------------------------------------------


INSERT INTO art (artist, title, media, width, height, image, pricing_info, main_image, image_width, image_height)
	VALUES(123,
	       'princes park mansions 2',
	       'mixed media',
	       18,
	       40,
	       'princes_2',
	       'limited edition print &pound;40',
	       0,
		650,
		 195);

INSERT INTO art_pricing(art, item_number, description, price)
	VALUES(LAST_INSERT_ID(), 'ja133', 'limited edition print', 40);

##-----------------------------------------------------------------------------



INSERT INTO art (artist, title, media, width, height, image, pricing_info, main_image, image_width, image_height)
	VALUES(123,
	       'town hall',
	       'mixed media',
	       30,
	       40,
	       'town_hall',
	       'limited edition print &pound;40',
	       0,
		567,
		 410);

INSERT INTO art_pricing(art, item_number, description, price)
	VALUES(LAST_INSERT_ID(), 'ja130', 'limited edition print', 40);

##-----------------------------------------------------------------------------





INSERT INTO art (artist, title, media, width, height, image, pricing_info, main_image, image_width, image_height)
	VALUES(123,
	       'soaughton hall',
	       'mixed media',
	       30,
	       40,
	       'soaughton_hall',
	       'limited edition print &pound;40',
	       0,
		650,
		 421);

INSERT INTO art_pricing(art, item_number, description, price)
	VALUES(LAST_INSERT_ID(), 'ja129', 'limited edition print', 40);

##-----------------------------------------------------------------------------



INSERT INTO art (artist, title, media, width, height, image, pricing_info, main_image, image_width, image_height)
	VALUES(123,
	       'erriad',
	       'mixed media',
	       30,
	       40,
	       'erriadweb',
	       'limited edition print &pound;40',
	       0,
		650,
		 472);

INSERT INTO art_pricing(art, item_number, description, price)
	VALUES(LAST_INSERT_ID(), 'ja121', 'limited edition print', 40);

##-----------------------------------------------------------------------------


INSERT INTO art (artist, title, media, width, height, image, pricing_info, main_image, image_width, image_height)
	VALUES(123,
	       'girl at sea',
	       'mixed media',
	       50,
	       50,
	       'girl_at_sea',
	       'limited edition print &pound;80',
	       0,
		650,
		 635);

INSERT INTO art_pricing(art, item_number, description, price)
	VALUES(LAST_INSERT_ID(), 'ja103', 'limited edition print', 80);

##--------------------------------------------------------------------------------------------


INSERT INTO art (artist, title, media, width, height, image, pricing_info, main_image, image_width, image_height)
	VALUES(123,
	       'hope place',
	       'mixed media',
	       32,
	       42,
	       'hope_place',
	       'limited edition print &pound;40',
	       0,
		394,
		 650);

INSERT INTO art_pricing(art, item_number, description, price)
	VALUES(LAST_INSERT_ID(), 'ja104', 'limited edition print', 40);

##--------------------------------------------------------------------------------------------


INSERT INTO art (artist, title, media, width, height, image, pricing_info, main_image, image_width, image_height)
	VALUES(123,
	       'james street',
	       'mixed media',
	       40,
	       50,
	       'james_street',
	       'limited edition print &pound;60',
	       0,
		477,
		 650);

INSERT INTO art_pricing(art, item_number, description, price)
	VALUES(LAST_INSERT_ID(), 'ja105', 'limited edition print', 60);

##--------------------------------------------------------------------------------------------


INSERT INTO art (artist, title, media, width, height, image, pricing_info, main_image, image_width, image_height)
	VALUES(123,
	       'mountain girl',
	       'mixed media',
	       50,
	       50,
	       'mountain_girl',
	       'limited edition print &pound;80',
	       0,
		650,
		 642);

INSERT INTO art_pricing(art, item_number, description, price)
	VALUES(LAST_INSERT_ID(), 'ja107', 'limited edition print', 80);

##--------------------------------------------------------------------------------------------


INSERT INTO art (artist, title, media, width, height, image, pricing_info, main_image, image_width, image_height)
	VALUES(123,
	       'percy street 2',
	       'mixed media',
	       40,
	       50,
	       'percy_street_2',
	       'limited edition print &pound;60',
	       0,
		466,
		 650);

INSERT INTO art_pricing(art, item_number, description, price)
	VALUES(LAST_INSERT_ID(), 'ja108', 'limited edition print', 60);

##--------------------------------------------------------------------------------------------


INSERT INTO art (artist, title, media, width, height, image, pricing_info, main_image, image_width, image_height)
	VALUES(123,
	       'percy street',
	       'mixed media',
	       40,
	       50,
	       'percy_street',
	       'limited edition print &pound;60',
	       0,
		463,
		 650);

INSERT INTO art_pricing(art, item_number, description, price)
	VALUES(LAST_INSERT_ID(), 'ja109', 'limited edition print', 60);

##--------------------------------------------------------------------------------------------


INSERT INTO art (artist, title, media, width, height, image, pricing_info, main_image, image_width, image_height)
	VALUES(123,
	       'seymour street',
	       'mixed media',
	       32,
	       42,
	       'seymour_street',
	       'limited edition print &pound;40',
	       0,
		650,
		 535);

INSERT INTO art_pricing(art, item_number, description, price)
	VALUES(LAST_INSERT_ID(), 'ja110', 'limited edition print', 40);

##--------------------------------------------------------------------------------------------


INSERT INTO art (artist, title, media, width, height, image, pricing_info, main_image, image_width, image_height)
	VALUES(123,
	       'white star',
	       'mixed media',
	       32,
	       42,
	       'white_star',
	       'limited edition print &pound;40',
	       0,
		429,
		 650);

INSERT INTO art_pricing(art, item_number, description, price)
	VALUES(LAST_INSERT_ID(), 'ja111', 'limited edition print', 40);

##-----------------------------------------------------------------------------





INSERT INTO artist (id, name, statement, notes, display, region)
	VALUES(129, 'richard pryke',
	'<p class="artist">Richard was born in 1933 and educated at Highgate School and Keble College, Oxford. His art master at Highgate was Kyffin Williams RA, and he became an enthusiastic painter and sketcher. During the school holidays he used to cycle into the Hertford countryside and sketch old buildings. While at school, he used to visit the fine collection of paintings at Kenwood House and fell in love with Gainsboroughs spirited portrait of Lady Howe. He might well have become an artist, and often wished he had. Instead, he became an economist, worked in the Research Department of the Labour Party, stood for parliament, and taught economics at the University of Liverpool. However, art remained of crucial importance. H continued to visit art galleries whenever possible and, for instance, recall trudging across Chicago on a punishingly hot and humid day in 1960 to visit the Art Institute. Also he started to collect (inexpensive) pictures.
</p>

<p class="artist">"The first of these was by Norman Garstin (1847-1926), a member of the Newlyn School. Ultimately, I decided to write a book on his life and work. It was published in 2005 by Spire Books under the title "Norman Garstin: Irishman and Newlyn Artist". When writing the book, I became an admirer not only of Gasrtin himself but also of the Realist Movement to which he belonged, along with Gustave Caillebotte in France, and many of the artists associated with the New English Art Club in this country. With advent of modernism, Realism fell into disfavour, though it is powerfully represented by Lucian Freud and Ken Howard RA. Study of Realist art rekindled my enthusiasm for painting, and for some years I have devoted myself full time to working in oils. I always, if possible, paint on the spot. I am largely self-taught, but have greatly benefited from the constructive criticism of an experienced local artist and art teacher, and from attending painting parties, eg with Pamela Kay (NEAC) in Venice."
</p>

<p class="artist">"My aim is to paint oils in a Realist style not dissimillar to that of Caillebotte and the Newlyn School in the past, and Lucian Freud and Ken Howard RA today. I mainly paint landscapes (spring and autumn), townscapes and buildings (August and September) and interiors (winter). However, I should say that I have worked outside in temperatures as low as freezing point, and that my works increasingly include figures. My pictures are painted with love, which as Ruskin said is an essential requirement for good work, and I hope that they will, in turn, provide enjoyment. Hence my prices are intended to be readily affordable."
</p>

<p class="artist">All work is sold framed but not glazed.</p>
<p class="artist"></p>',
               NULL,
	       1, 'Richard Pryke, Cheshire Artist, Landscape artist, Landscpae paintings, cityscape paintings, Liverpool buildings, countryside paintings, interior paintings,
oil paintings, realist painting');

##-----------------------------------------------------------------------------------------



INSERT INTO art (artist, title, media, width, height, image, pricing_info, main_image, image_width, image_height)
	VALUES(129,
	       'deserted temple water street liverpool',
	       'oil on board',
	       63.5,
	       53.5,
	       'deserted-temple-water',
	       'original, &pound;275',
	       0,
		544,
		 650);

INSERT INTO art_pricing(art, item_number, description, price)
	VALUES(LAST_INSERT_ID(), 'rp113', 'original', 275);

##-----------------------------------------------------------------------------------------


INSERT INTO art (artist, title, media, width, height, image, pricing_info, main_image, image_width, image_height)
	VALUES(129,
	       'empty chairs open doors',
	       'oil on board',
	       48,
	       36,
	       'empty-chairs-open',
	       'original, &pound;175',
	       0,
		488,
		 650);

INSERT INTO art_pricing(art, item_number, description, price)
	VALUES(LAST_INSERT_ID(), 'rp114', 'original', 175);

##-----------------------------------------------------------------------------------------


INSERT INTO art (artist, title, media, width, height, image, pricing_info, main_image, image_width, image_height)
	VALUES(129,
	       'global warming',
	       'oil on canvas',
	       76,
	       61,
	       'global-warming',
	       'original, &pound;275',
	       0,
		524,
		 650);

INSERT INTO art_pricing(art, item_number, description, price)
	VALUES(LAST_INSERT_ID(), 'rp115', 'original', 275);

##-----------------------------------------------------------------------------------------


INSERT INTO art (artist, title, media, width, height, image, pricing_info, main_image, image_width, image_height)
	VALUES(129,
	       'ichabod',
	       'oil on canvas',
	       79.5,
	       60,
	       'ichabod',
	       'original, &pound;350',
	       1,
		484,
		 650);

INSERT INTO art_pricing(art, item_number, description, price)
	VALUES(LAST_INSERT_ID(), 'rp116', 'original', 350);

##-----------------------------------------------------------------------------------------


INSERT INTO art (artist, title, media, width, height, image, pricing_info, main_image, image_width, image_height)
	VALUES(129,
	       'kenwood captured',
	       'oil on board',
	       56,
	       45.5,
	       'kenwood-captured',
	       'original, &pound;300',
	       0,
		538,
		 650);

INSERT INTO art_pricing(art, item_number, description, price)
	VALUES(LAST_INSERT_ID(), 'rp117', 'original', 300);

##-----------------------------------------------------------------------------------------


INSERT INTO art (artist, title, media, width, height, image, pricing_info, main_image, image_width, image_height)
	VALUES(129,
	       'nelson slept here',
	       'oil on canvas board',
	       35.5,
	       28,
	       'nelson-slept-here',
	       'original, &pound;175',
	       0,
		501,
		 650);

INSERT INTO art_pricing(art, item_number, description, price)
	VALUES(LAST_INSERT_ID(), 'rp118', 'original', 175);

##-----------------------------------------------------------------------------------------


INSERT INTO art (artist, title, media, width, height, image, pricing_info, main_image, image_width, image_height)
	VALUES(129,
	       'nobilmente',
	       'oil on board',
	       58.5,
	       76,
	       'nobilmente',
	       'original, &pound;400',
	       0,
		650,
		 506);

INSERT INTO art_pricing(art, item_number, description, price)
	VALUES(LAST_INSERT_ID(), 'rp119', 'original', 400);

##-----------------------------------------------------------------------------------------


INSERT INTO art (artist, title, media, width, height, image, pricing_info, main_image, image_width, image_height)
	VALUES(129,
	       'the palace hotel manchester of course',
	       'oil on board',
	       76,
	       76,
	       'the-palace-hotel',
	       'original, &pound;400',
	       0,
		650,
		 643);

INSERT INTO art_pricing(art, item_number, description, price)
	VALUES(LAST_INSERT_ID(), 'rp120', 'original', 400);

##-----------------------------------------------------------------------------------------


INSERT INTO art (artist, title, media, width, height, image, pricing_info, main_image, image_width, image_height)
	VALUES(129,
	       'what a garden',
	       'oil on board',
	       38.5,
	       58.5,
	       'what-a-garden',
	       'original, &pound;225',
	       0,
		650,
		 512);

INSERT INTO art_pricing(art, item_number, description, price)
	VALUES(LAST_INSERT_ID(), 'rp121', 'original', 225);

##-----------------------------------------------------------------------------------------



INSERT INTO art (artist, title, media, width, height, image, pricing_info, main_image, image_width, image_height)
	VALUES(129,
	       'butterfields masterpiece',
	       'oil on board',
	       91,
	       61,
	       'butterfields-masterpiece',
	       'original, &pound;300',
	       0,
		650,
		 512);

INSERT INTO art_pricing(art, item_number, description, price)
	VALUES(LAST_INSERT_ID(), 'rp122', 'original', 300);

##-----------------------------------------------------------------------------------------







INSERT INTO artist (id, name, statement, notes, display)
	VALUES(131, 'sophie green',
	'<p class="artist">Sophie''s work is influenced by bright colour, the natural world and finding simple pleasure in the mundane.
Her artwork reflects her background in Graphic Design, 
her love of illustration and an obsession with cats, 
which cannot be avoided! Living and working in Liverpool 
has been a great inspiration for Sophie''s work; 
"There''s never a dull moment living in this city!"

</p>

<p class="artist">Sophie''s work can currently be viewed at various 
galleries and exhibitions across the UK. Previous commissions include 
Children''s Illustration & Character Design. Sophie has produced work 
for Liverpool''s Go Penguins and Chester''s Rhino Mania Projects. 
She has also designed and painted many Superlambanana sculptures 
for private commissions.

</p>

<p class="artist">"Green evidently has ambitions to make people feel warm inside with her work. It is tricky to achieve but she does it with Flair"
 Christopher Brown, Arts Editor, The Metro Newspaper 27th July 2009.
</p>

<p class="artist">All paintings are also available as limited edition 
Giclee Prints (30 editions of each). Printed on high quality 285gsm 
Permajet Parchment paper using fade resistant ink, and in a card mount.
Signed and numbered with a certificate of authenticity.</p>

<p class="artist"></p>',
               NULL,
	       1);

##-----------------------------------------------------------------------------------------



INSERT INTO art (artist, title, media, width, height, image, pricing_info, main_image, image_width, image_height)
	VALUES(131,
	       'sgt john pepper',
	       'acrylic on canvas',
	       60,
	       60,
	       'sgt-john-pepper',
	       'original, &pound;500',
	       0,
		650,
		 650);

INSERT INTO art_pricing(art, item_number, description, price)
	VALUES(LAST_INSERT_ID(), 'sg137', 'original', 500);



##-----------------------------------------------------------------------------------------


INSERT INTO art (artist, title, media, width, height, image, pricing_info, main_image, image_width, image_height)
	VALUES(131,
	       'sgt john pepper',
	       'limited print',
	       36,
	       36,
	       'sgt-john-pepper',
	       'limited, &pound;70',
	       0,
		650,
		 650);

INSERT INTO art_pricing(art, item_number, description, price)
	VALUES(LAST_INSERT_ID(), 'sg138', 'limited', 70);



##-----------------------------------------------------------------------------------------


INSERT INTO art (artist, title, media, width, height, image, pricing_info, main_image, image_width, image_height)
	VALUES(131,
	       'sgt paul pepper',
	       'acrylic on canvas',
	       60,
	       60,
	       'sgt-paul-pepper',
	       'original, &pound;500',
	       0,
		650,
		 650);

INSERT INTO art_pricing(art, item_number, description, price)
	VALUES(LAST_INSERT_ID(), 'sg139', 'original', 500);



##-----------------------------------------------------------------------------------------


INSERT INTO art (artist, title, media, width, height, image, pricing_info, main_image, image_width, image_height)
	VALUES(131,
	       'sgt paul pepper',
	       'limited print',
	       36,
	       36,
	       'sgt-paul-pepper',
	       'limited, &pound;70',
	       0,
		650,
		 650);

INSERT INTO art_pricing(art, item_number, description, price)
	VALUES(LAST_INSERT_ID(), 'sg140', 'limited', 70);



##-----------------------------------------------------------------------------------------


INSERT INTO art (artist, title, media, width, height, image, pricing_info, main_image, image_width, image_height)
	VALUES(131,
	       'sgt ringo pepper',
	       'acrylic on canvas',
	       60,
	       60,
	       'sgt-ringo-pepper',
	       'original, &pound;500',
	       0,
		650,
		 650);

INSERT INTO art_pricing(art, item_number, description, price)
	VALUES(LAST_INSERT_ID(), 'sg141', 'original', 500);



##-----------------------------------------------------------------------------------------


INSERT INTO art (artist, title, media, width, height, image, pricing_info, main_image, image_width, image_height)
	VALUES(131,
	       'sgt ringo pepper',
	       'limited print',
	       36,
	       36,
	       'sgt-ringo-pepper',
	       'limited, &pound;70',
	       0,
		650,
		 650);

INSERT INTO art_pricing(art, item_number, description, price)
	VALUES(LAST_INSERT_ID(), 'sg142', 'limited', 70);



##-----------------------------------------------------------------------------------------


INSERT INTO art (artist, title, media, width, height, image, pricing_info, main_image, image_width, image_height)
	VALUES(131,
	       'sgt george pepper',
	       'acrylic on canvas',
	       60,
	       60,
	       'sgt-george-pepper',
	       'original, &pound;500',
	       0,
		650,
		 650);

INSERT INTO art_pricing(art, item_number, description, price)
	VALUES(LAST_INSERT_ID(), 'sg143', 'original', 500);



##-----------------------------------------------------------------------------------------


INSERT INTO art (artist, title, media, width, height, image, pricing_info, main_image, image_width, image_height)
	VALUES(131,
	       'sgt george pepper',
	       'limited print',
	       36,
	       36,
	       'sgt-george-pepper',
	       'limited, &pound;70',
	       0,
		650,
		 650);

INSERT INTO art_pricing(art, item_number, description, price)
	VALUES(LAST_INSERT_ID(), 'sg144', 'limited', 70);






INSERT INTO art (artist, title, media, width, height, image, pricing_info, main_image, image_width, image_height)
	VALUES(131,
	       'bed head',
	       'acrylic on canvas',
	       60,
	       60,
	       'bed-head',
	       'original, &pound;650',
	       0,
		650,
		 650);

INSERT INTO art_pricing(art, item_number, description, price)
	VALUES(LAST_INSERT_ID(), 'sg137', 'original', 650);



##-----------------------------------------------------------------------------------------




INSERT INTO art (artist, title, media, width, height, image, pricing_info, main_image, image_width, image_height)
	VALUES(131,
	       'bed head',
	       'acrylic on canvas',
	       36,
	       36,
	       'bed-head',
	       'limited edition print, &pound;70',
	       0,
		650,
		 650);

INSERT INTO art_pricing(art, item_number, description, price)
	VALUES(LAST_INSERT_ID(), 'sg137B', 'limited edition print', 70);



##-----------------------------------------------------------------------------------------


INSERT INTO art (artist, title, media, width, height, image, pricing_info, main_image, image_width, image_height)
	VALUES(131,
	       'playmate',
	       'acrylic on canvas',
	       60,
	       60,
	       'playmate',
	       'original, &pound;650',
	       0,
		650,
		 650);

INSERT INTO art_pricing(art, item_number, description, price)
	VALUES(LAST_INSERT_ID(), 'sg138', 'original', 650);



##-----------------------------------------------------------------------------------------




INSERT INTO art (artist, title, media, width, height, image, pricing_info, main_image, image_width, image_height)
	VALUES(131,
	       'playmate',
	       'acrylic on canvas',
	       36,
	       36,
	       'playmate',
	       'limited edition print, &pound;70',
	       0,
		650,
		 650);

INSERT INTO art_pricing(art, item_number, description, price)
	VALUES(LAST_INSERT_ID(), 'sg138B', 'limited edition print', 70);



##-----------------------------------------------------------------------------------------


INSERT INTO art (artist, title, media, width, height, image, pricing_info, main_image, image_width, image_height)
	VALUES(131,
	       'explorer',
	       'acrylic on canvas',
	       60,
	       60,
	       'explorer',
	       'original, &pound;650',
	       0,
		650,
		 650);

INSERT INTO art_pricing(art, item_number, description, price)
	VALUES(LAST_INSERT_ID(), 'sg140', 'original', 650);



##-----------------------------------------------------------------------------------------




INSERT INTO art (artist, title, media, width, height, image, pricing_info, main_image, image_width, image_height)
	VALUES(131,
	       'explorer',
	       'acrylic on canvas',
	       36,
	       36,
	       'explorer',
	       'limited edition print, &pound;70',
	       0,
		650,
		 650);

INSERT INTO art_pricing(art, item_number, description, price)
	VALUES(LAST_INSERT_ID(), 'sg140B', 'limited edition print', 70);



##-----------------------------------------------------------------------------------------


INSERT INTO art (artist, title, media, width, height, image, pricing_info, main_image, image_width, image_height)
	VALUES(131,
	       'entree',
	       'acrylic on canvas',
	       60,
	       60,
	       'entree',
	       'original, &pound;650',
	       0,
		650,
		 650);

INSERT INTO art_pricing(art, item_number, description, price)
	VALUES(LAST_INSERT_ID(), 'sg141', 'original', 650);



##-----------------------------------------------------------------------------------------




INSERT INTO art (artist, title, media, width, height, image, pricing_info, main_image, image_width, image_height)
	VALUES(131,
	       'entree',
	       'acrylic on canvas',
	       36,
	       36,
	       'entree',
	       'limited edition print, &pound;70',
	       0,
		650,
		 650);

INSERT INTO art_pricing(art, item_number, description, price)
	VALUES(LAST_INSERT_ID(), 'sg141B', 'limited edition print', 70);



##-----------------------------------------------------------------------------------------


INSERT INTO art (artist, title, media, width, height, image, pricing_info, main_image, image_width, image_height)
	VALUES(131,
	       'tea',
	       'acrylic on canvas',
	       50,
	       50,
	       'tea',
	       'original, &pound;500',
	       0,
		650,
		 650);

INSERT INTO art_pricing(art, item_number, description, price)
	VALUES(LAST_INSERT_ID(), 'sg142', 'original', 500);


##-----------------------------------------------------------------------------------------




INSERT INTO art (artist, title, media, width, height, image, pricing_info, main_image, image_width, image_height)
	VALUES(131,
	       'tea',
	       'acrylic on canvas',
	       36,
	       36,
	       'tea',
	       'limited edition print, &pound;70',
	       0,
		650,
		 650);

INSERT INTO art_pricing(art, item_number, description, price)
	VALUES(LAST_INSERT_ID(), 'sg142B', 'limited edition print', 70);



##-----------------------------------------------------------------------------------------




INSERT INTO art (artist, title, media, width, height, image, pricing_info, main_image, image_width, image_height)
	VALUES(131,
	       'harley quinn',
	        'acrylic on canvas',
	       42,
	       59,
	       'harley-quinn',
	       'limited edition print, &pound;70',
	       0,
		490,
		 650);

INSERT INTO art_pricing(art, item_number, description, price)
	VALUES(LAST_INSERT_ID(), 'sg143', 'limited edition print', 70);



##-----------------------------------------------------------------------------------------




INSERT INTO art (artist, title, media, width, height, image, pricing_info, main_image, image_width, image_height)
	VALUES(131,
	       'she hulk',
	        'acrylic on canvas',
	       42,
	       59,
	       'she-hulk',
	       'limited edition print, &pound;70',
	       0,
		490,
		 650);

INSERT INTO art_pricing(art, item_number, description, price)
	VALUES(LAST_INSERT_ID(), 'sg144', 'limited edition print', 70);



##-----------------------------------------------------------------------------------------




INSERT INTO art (artist, title, media, width, height, image, pricing_info, main_image, image_width, image_height)
	VALUES(131,
	       'batwoman',
	        'acrylic on canvas',
	       42,
	       59,
	       'batwoman',
	       'limited edition print, &pound;70',
	       0,
		490,
		 650);

INSERT INTO art_pricing(art, item_number, description, price)
	VALUES(LAST_INSERT_ID(), 'sg145', 'limited edition print', 70);



##-----------------------------------------------------------------------------------------




INSERT INTO art (artist, title, media, width, height, image, pricing_info, main_image, image_width, image_height)
	VALUES(131,
	       'lamby road',
	       'acrylic on canvas',
	       42,
	       59,
	       'lamby-road',
	       'limited edition print, &pound;70',
	       0,
		490,
		 650);

INSERT INTO art_pricing(art, item_number, description, price)
	VALUES(LAST_INSERT_ID(), 'sg146', 'limited edition print', 70);



##-----------------------------------------------------------------------------------------


INSERT INTO art (artist, title, media, width, height, image, pricing_info, main_image, image_width, image_height)
	VALUES(131,
	       'lamby road',
	       'acrylic on canvas',
	       140,
	       100,
	       'lamby-road',
	       'original, &pound;675',
	       0,
		650,
		 419);

INSERT INTO art_pricing(art, item_number, description, price)
	VALUES(LAST_INSERT_ID(), 'sg147', 'original', 675);


##-----------------------------------------------------------------------------------------



INSERT INTO art (artist, title, media, width, height, image, pricing_info, main_image, image_width, image_height)
	VALUES(131,
	       'market pop',
	       'acrylic on canvas',
	       100,
	       140,
	       'market-pop',
	       'original, &pound;900',
	       0,
		451,
		 650);

INSERT INTO art_pricing(art, item_number, description, price)
	VALUES(LAST_INSERT_ID(), 'sg148', 'original', 900);


##-----------------------------------------------------------------------------------------




INSERT INTO art (artist, title, media, width, height, image, pricing_info, main_image, image_width, image_height)
	VALUES(131,
	       'market pop',
		 'acrylic on canvas',
	       42,
	       59,
	       'market-pop',
	       'limited edition print, &pound;70',
	       0,
		451,
		 650);

INSERT INTO art_pricing(art, item_number, description, price)
	VALUES(LAST_INSERT_ID(), 'sg149', 'limited edition print', 70);



##-----------------------------------------------------------------------------------------



INSERT INTO art (artist, title, media, width, height, image, pricing_info, main_image, image_width, image_height)
	VALUES(131,
	       'eighties child',
	       'acrylic on canvas',
	       75,
	       120,
	       'eighties-child',
	       'original, &pound;625',
	       0,
		451,
		 650);

INSERT INTO art_pricing(art, item_number, description, price)
	VALUES(LAST_INSERT_ID(), 'sg150', 'original', 625);


##-----------------------------------------------------------------------------------------




INSERT INTO art (artist, title, media, width, height, image, pricing_info, main_image, image_width, image_height)
	VALUES(131,
	       'eighties child',
	       'acrylic on canvas',
	       42,
	       59,
	       'eighties-child',
	       'limited edition print, &pound;70',
	       0,
		451,
		 650);

INSERT INTO art_pricing(art, item_number, description, price)
	VALUES(LAST_INSERT_ID(), 'sg151', 'limited edition print', 70);



##-----------------------------------------------------------------------------------------



INSERT INTO art (artist, title, media, width, height, image, pricing_info, main_image, image_width, image_height)
	VALUES(131,
	       'garden party',
	       'acrylic on canvas',
	       45,
	       60,
	       'garden-party',
	       'original, &pound;525',
	       1,
		424,
		 650);

INSERT INTO art_pricing(art, item_number, description, price)
	VALUES(LAST_INSERT_ID(), 'sg152', 'original', 525);


##-----------------------------------------------------------------------------------------




INSERT INTO art (artist, title, media, width, height, image, pricing_info, main_image, image_width, image_height)
	VALUES(131,
	       'garden party',
	       'acrylic on canvas',
	       42,
	       59,
	       'garden-party',
	       'limited edition print, &pound;70',
	       0,
		451,
		 650);

INSERT INTO art_pricing(art, item_number, description, price)
	VALUES(LAST_INSERT_ID(), 'sg153', 'limited edition print', 70);



##-----------------------------------------------------------------------------------------








INSERT INTO artist (id, name, statement, notes, display)
	VALUES(133, 'patrick ferguson',
	'<p class="artist">Patrick went to Wallasey Art School and Liverpool College of Art and Design in the 1960s, when graphic design exploded onto the music scene and in society generally, and has developed his interest in illustration from this era. The posters of Alfons Mucha depicting elegant women with hair wreathed ornamentally with decorative flowers and Gustav Klimts use of ornamental and floral motifs on his portrayals of women are a major influence, as well as the psychedelic images from the 1960s music posters. </p>

<p class="artist">This has led to Patricks interpretation of the female form, in classical or pastoral poses with flowers decorating their bodies and spilling into the background, to create a sympathetic and symbolic image that suggests the sensual and romantic nature of women.</p>

<p class="artist">Each image is produced in a limited edition of 100, and is sold mounted, signed and numbered.</p>

<p class="artist">For size options, click "buy now"</p>
<p class="artist"></p>',
               NULL,
	       1);

##-----------------------------------------------------------------------------------------

INSERT INTO art (artist, title, media, width, height, image, pricing_info, main_image, image_width, image_height)
	VALUES(133,
	       'flower girl 2',
	       'digital print',
	       21,
	       30,
	       'flowergirl_2',
	       'limited edition print, &pound;85',
	       0,
		440,
		 650);

INSERT INTO art_pricing(art, item_number, description, price)
	VALUES(LAST_INSERT_ID(), 'pf101', 'limited edition print 21 x 29cm', 85);

INSERT INTO art_pricing(art, item_number, description, price)
	VALUES(LAST_INSERT_ID(), 'pf102', 'limited edition print 30 x 40 cm', 105);


##-----------------------------------------------------------------------------------------

INSERT INTO art (artist, title, media, width, height, image, pricing_info, main_image, image_width, image_height)
	VALUES(133,
	       'flower girl 3',
	       'digital print',
	       21,
	       30,
	       'flowergirl_3',
	       'limited edition print, &pound;85',
	       0,
		459,
		 650);

INSERT INTO art_pricing(art, item_number, description, price)
	VALUES(LAST_INSERT_ID(), 'pf103', 'limited edition print 21 x 29cm', 85);

INSERT INTO art_pricing(art, item_number, description, price)
	VALUES(LAST_INSERT_ID(), 'pf104', 'limited edition print 30 x 40 cm', 105);


##-----------------------------------------------------------------------------------------

INSERT INTO art (artist, title, media, width, height, image, pricing_info, main_image, image_width, image_height)
	VALUES(133,
	       'flower girl 4',
	       'digital print',
	       21,
	       30,
	       'flowergirl_4',
	       'limited edition print, &pound;85',
	       0,
		446,
		 650);

INSERT INTO art_pricing(art, item_number, description, price)
	VALUES(LAST_INSERT_ID(), 'pf105', 'limited edition print 21 x 29cm', 85);

INSERT INTO art_pricing(art, item_number, description, price)
	VALUES(LAST_INSERT_ID(), 'pf106', 'limited edition print 30 x 40 cm', 105);


##-----------------------------------------------------------------------------------------

INSERT INTO art (artist, title, media, width, height, image, pricing_info, main_image, image_width, image_height)
	VALUES(133,
	       'flower girl 5',
	       'digital print',
	       21,
	       30,
	       'flowergirl_5',
	       'limited edition print, &pound;85',
	       0,
		446,
		 650);

INSERT INTO art_pricing(art, item_number, description, price)
	VALUES(LAST_INSERT_ID(), 'pf107', 'limited edition print 21 x 29cm', 85);

INSERT INTO art_pricing(art, item_number, description, price)
	VALUES(LAST_INSERT_ID(), 'pf108', 'limited edition print 30 x 40 cm', 105);


##-----------------------------------------------------------------------------------------

INSERT INTO art (artist, title, media, width, height, image, pricing_info, main_image, image_width, image_height)
	VALUES(133,
	       'flower girl 6',
	       'digital print',
	       21,
	       30,
	       'flowergirl_6',
	       'limited edition print, &pound;85',
	       0,
		456,
		 650);

INSERT INTO art_pricing(art, item_number, description, price)
	VALUES(LAST_INSERT_ID(), 'pf109', 'limited edition print 21 x 29cm', 85);

INSERT INTO art_pricing(art, item_number, description, price)
	VALUES(LAST_INSERT_ID(), 'pf110', 'limited edition print 30 x 40 cm', 105);


##-----------------------------------------------------------------------------------------

INSERT INTO art (artist, title, media, width, height, image, pricing_info, main_image, image_width, image_height)
	VALUES(133,
	       'flower girl 11',
	       'digital print',
	       21,
	       30,
	       'flowergirl_11',
	       'limited edition print, &pound;85',
	       0,
		446,
		 650);

INSERT INTO art_pricing(art, item_number, description, price)
	VALUES(LAST_INSERT_ID(), 'pf111', 'limited edition print 21 x 29cm', 85);

INSERT INTO art_pricing(art, item_number, description, price)
	VALUES(LAST_INSERT_ID(), 'pf112', 'limited edition print 30 x 40 cm', 105);


##-----------------------------------------------------------------------------------------

INSERT INTO art (artist, title, media, width, height, image, pricing_info, main_image, image_width, image_height)
	VALUES(133,
	       'flower girl 13',
	       'digital print',
	       21,
	       30,
	       'flowergirl_13',
	       'limited edition print, &pound;85',
	       0,
		474,
		 650);

INSERT INTO art_pricing(art, item_number, description, price)
	VALUES(LAST_INSERT_ID(), 'pf113', 'limited edition print 21 x 29cm', 85);

INSERT INTO art_pricing(art, item_number, description, price)
	VALUES(LAST_INSERT_ID(), 'pf114', 'limited edition print 30 x 40 cm', 105);


##-----------------------------------------------------------------------------------------

INSERT INTO art (artist, title, media, width, height, image, pricing_info, main_image, image_width, image_height)
	VALUES(133,
	       'flower girl 14',
	       'digital print',
	       21,
	       30,
	       'flowergirl_14',
	       'limited edition print, &pound;85',
	       0,
		447,
		 650);

INSERT INTO art_pricing(art, item_number, description, price)
	VALUES(LAST_INSERT_ID(), 'pf115', 'limited edition print 21 x 29cm', 85);

INSERT INTO art_pricing(art, item_number, description, price)
	VALUES(LAST_INSERT_ID(), 'pf116', 'limited edition print 30 x 40 cm', 105);


##-----------------------------------------------------------------------------------------

INSERT INTO art (artist, title, media, width, height, image, pricing_info, main_image, image_width, image_height)
	VALUES(133,
	       'flower girl 16',
	       'digital print',
	       21,
	       30,
	       'flowergirl_16',
	       'limited edition print, &pound;85',
	       1,
		440,
		 650);

INSERT INTO art_pricing(art, item_number, description, price)
	VALUES(LAST_INSERT_ID(), 'pf117', 'limited edition print 21 x 29cm', 85);

INSERT INTO art_pricing(art, item_number, description, price)
	VALUES(LAST_INSERT_ID(), 'pf118', 'limited edition print 30 x 40 cm', 105);


##-----------------------------------------------------------------------------------------

INSERT INTO art (artist, title, media, width, height, image, pricing_info, main_image, image_width, image_height)
	VALUES(133,
	       'flower girl 19',
	       'digital print',
	       21,
	       30,
	       'flowergirl_19',
	       'limited edition print, &pound;85',
	       0,
		464,
		 650);

INSERT INTO art_pricing(art, item_number, description, price)
	VALUES(LAST_INSERT_ID(), 'pf119', 'limited edition print 21 x 29cm', 85);

INSERT INTO art_pricing(art, item_number, description, price)
	VALUES(LAST_INSERT_ID(), 'pf120', 'limited edition print 30 x 40 cm', 105);


##-----------------------------------------------------------------------------------------



INSERT INTO art (artist, title, media, width, height, image, pricing_info, main_image, image_width, image_height)
	VALUES(133,
	       'flower girl 20',
	       'digital print',
	       21,
	       30,
	       'flowergirl_20',
	       'limited edition print, &pound;85',
	       0,
		457,
		 650);

INSERT INTO art_pricing(art, item_number, description, price)
	VALUES(LAST_INSERT_ID(), 'pf127', 'limited edition print 21 x 29cm', 85);

INSERT INTO art_pricing(art, item_number, description, price)
	VALUES(LAST_INSERT_ID(), 'pf128', 'limited edition print 30 x 40 cm', 105);


##-----------------------------------------------------------------------------------------


INSERT INTO art (artist, title, media, width, height, image, pricing_info, main_image, image_width, image_height)
	VALUES(133,
	       'flower girl 25',
	       'digital print',
	       21,
	       30,
	       'flowergirl_25',
	       'limited edition print, &pound;85',
	       0,
		444,
		 650);

INSERT INTO art_pricing(art, item_number, description, price)
	VALUES(LAST_INSERT_ID(), 'pf123', 'limited edition print 21 x 29cm', 85);

INSERT INTO art_pricing(art, item_number, description, price)
	VALUES(LAST_INSERT_ID(), 'pf124', 'limited edition print 30 x 40 cm', 105);


##-----------------------------------------------------------------------------------------

INSERT INTO art (artist, title, media, width, height, image, pricing_info, main_image, image_width, image_height)
	VALUES(133,
	       'flower girl 27',
	       'digital print',
	       21,
	       30,
	       'flowergirl_27',
	       'limited edition print, &pound;85',
	       0,
		449,
		 650);

INSERT INTO art_pricing(art, item_number, description, price)
	VALUES(LAST_INSERT_ID(), 'pf125', 'limited edition print 21 x 29cm', 85);

INSERT INTO art_pricing(art, item_number, description, price)
	VALUES(LAST_INSERT_ID(), 'pf126', 'limited edition print 30 x 40 cm', 105);


##-----------------------------------------------------------------------------------------
INSERT INTO art (artist, title, media, width, height, image, pricing_info, main_image, image_width, image_height)
	VALUES(133,
	       'garden girls',
	       'digital print',
	       21,
	       30,
	       'gardengirls',
	       'limited edition print, &pound;85',
	       0,
		446,
		 650);

INSERT INTO art_pricing(art, item_number, description, price)
	VALUES(LAST_INSERT_ID(), 'pf129', 'limited edition print 21 x 29cm', 85);

INSERT INTO art_pricing(art, item_number, description, price)
	VALUES(LAST_INSERT_ID(), 'pf130', 'limited edition print 30 x 40 cm', 105);


##-----------------------------------------------------------------------------------------

INSERT INTO art (artist, title, media, width, height, image, pricing_info, main_image, image_width, image_height)
	VALUES(133,
	       'garden girls 6',
	       'digital print',
	       21,
	       30,
	       'gardengirls_6',
	       'limited edition print, &pound;85',
	       0,
		450,
		 650);

INSERT INTO art_pricing(art, item_number, description, price)
	VALUES(LAST_INSERT_ID(), 'pf131', 'limited edition print 21 x 29cm', 85);

INSERT INTO art_pricing(art, item_number, description, price)
	VALUES(LAST_INSERT_ID(), 'pf132', 'limited edition print 30 x 40 cm', 105);


##-----------------------------------------------------------------------------------------

INSERT INTO art (artist, title, media, width, height, image, pricing_info, main_image, image_width, image_height)
	VALUES(133,
	       'garden girls 8',
	       'digital print',
	       21,
	       30,
	       'gardengirls_8',
	       'limited edition print, &pound;85',
	       0,
		446,
		 650);

INSERT INTO art_pricing(art, item_number, description, price)
	VALUES(LAST_INSERT_ID(), 'pf133', 'limited edition print 21 x 29cm', 85);

INSERT INTO art_pricing(art, item_number, description, price)
	VALUES(LAST_INSERT_ID(), 'pf134', 'limited edition print 30 x 40 cm', 105);


##-----------------------------------------------------------------------------------------

INSERT INTO art (artist, title, media, width, height, image, pricing_info, main_image, image_width, image_height)
	VALUES(133,
	       'garden girls 11',
	       'digital print',
	       21,
	       30,
	       'gardengirls_11',
	       'limited edition print, &pound;85',
	       0,
		447,
		 650);

INSERT INTO art_pricing(art, item_number, description, price)
	VALUES(LAST_INSERT_ID(), 'pf135', 'limited edition print 21 x 29cm', 85);

INSERT INTO art_pricing(art, item_number, description, price)
	VALUES(LAST_INSERT_ID(), 'pf136', 'limited edition print 30 x 40 cm', 105);


##-----------------------------------------------------------------------------------------

INSERT INTO art (artist, title, media, width, height, image, pricing_info, main_image, image_width, image_height)
	VALUES(133,
	       'garden girls 14',
	       'digital print',
	       21,
	       30,
	       'gardengirls_14',
	       'limited edition print, &pound;85',
	       0,
		442,
		 650);

INSERT INTO art_pricing(art, item_number, description, price)
	VALUES(LAST_INSERT_ID(), 'pf137', 'limited edition print 21 x 29cm', 85);

INSERT INTO art_pricing(art, item_number, description, price)
	VALUES(LAST_INSERT_ID(), 'pf138', 'limited edition print 30 x 40 cm', 105);


##-----------------------------------------------------------------------------------------

INSERT INTO art (artist, title, media, width, height, image, pricing_info, main_image, image_width, image_height)
	VALUES(133,
	       'garden girls 15',
	       'digital print',
	       21,
	       30,
	       'gardengirls_15',
	       'limited edition print, &pound;85',
	       0,
		442,
		 650);

INSERT INTO art_pricing(art, item_number, description, price)
	VALUES(LAST_INSERT_ID(), 'pf139', 'limited edition print 21 x 29cm', 85);

INSERT INTO art_pricing(art, item_number, description, price)
	VALUES(LAST_INSERT_ID(), 'pf140', 'limited edition print 30 x 40 cm', 105);


##-----------------------------------------------------------------------------------------

INSERT INTO art (artist, title, media, width, height, image, pricing_info, main_image, image_width, image_height)
	VALUES(133,
	       'garden girls 18',
	       'digital print',
	       21,
	       30,
	       'gardengirls_18',
	       'limited edition print, &pound;85',
	       0,
		433,
		 650);

INSERT INTO art_pricing(art, item_number, description, price)
	VALUES(LAST_INSERT_ID(), 'pf141', 'limited edition print 21 x 29cm', 85);

INSERT INTO art_pricing(art, item_number, description, price)
	VALUES(LAST_INSERT_ID(), 'pf142', 'limited edition print 30 x 40 cm', 105);


##-----------------------------------------------------------------------------------------

INSERT INTO art (artist, title, media, width, height, image, pricing_info, main_image, image_width, image_height)
	VALUES(133,
	       'garden girls 22',
	       'digital print',
	       21,
	       30,
	       'gardengirls_22',
	       'limited edition print, &pound;85',
	       0,
		438,
		 650);

INSERT INTO art_pricing(art, item_number, description, price)
	VALUES(LAST_INSERT_ID(), 'pf143', 'limited edition print 21 x 29cm', 85);

INSERT INTO art_pricing(art, item_number, description, price)
	VALUES(LAST_INSERT_ID(), 'pf144', 'limited edition print 30 x 40 cm', 105);


##-----------------------------------------------------------------------------------------

INSERT INTO art (artist, title, media, width, height, image, pricing_info, main_image, image_width, image_height)
	VALUES(133,
	       'garden girls 24',
	       'digital print',
	       21,
	       30,
	       'gardengirls_24',
	       'limited edition print, &pound;85',
	       0,
		650,
		 447);

INSERT INTO art_pricing(art, item_number, description, price)
	VALUES(LAST_INSERT_ID(), 'pf145', 'limited edition print 21 x 29cm', 85);

INSERT INTO art_pricing(art, item_number, description, price)
	VALUES(LAST_INSERT_ID(), 'pf146', 'limited edition print 30 x 40 cm', 105);


##-----------------------------------------------------------------------------------------




INSERT INTO artist (id, name, statement, notes, display)
	VALUES(140, 'susan finch',
	'<p class="artist"> </p>

<p class="artist">Artist Susan Finch has been represented by dot-art since 2009. She studied Fine Art at Manchester Polytechnic and returned to her native Liverpool in the 1980s. She has exhibited at the Royal Academy, the Manchester Academy of Art and St Georges Hall. She has had a number of solo and joint shows and her paintings sell to private collectors and are rented to a variety of corporate clients in Liverpool.
 Much of Susan''s work celebrates the beauty and character of the city and she is especially  well known for her paintings of Sefton Park Palmhouse. Alongside her Liverpool pictures, she loves to paint the human figure using vibrant colour, broken text and expressive line.
</p>

<p class="artist"></p>

<p class="artist"></p>
<p class="artist"></p>',
               NULL,
	       1);

##-----------------------------------------------------------------------------------------



INSERT INTO art (artist, title, media, width, height, image, pricing_info, main_image, image_width, image_height)
	VALUES(140,
	       'ce soir',
	     'mixed media on paper',
	       84,
	       59,
	       'ce-soir',
	  'original, &pound;200',
	       0,
		650,
		 468);

INSERT INTO art_pricing(art, item_number, description, price)
	VALUES(LAST_INSERT_ID(), 'sf151', 'original', 200);


##-----------------------------------------------------------------------------------------




INSERT INTO art (artist, title, media, width, height, image, pricing_info, main_image, image_width, image_height)
	VALUES(140,
	       'nocturne',
	     'mixed media on paper',
	       92,
	       64,
	       'nocturne',
	       'original, &pound;420',
	       0,
		650,
		 452);

INSERT INTO art_pricing(art, item_number, description, price)
	VALUES(LAST_INSERT_ID(), 'sf136', 'original', 420);



##-----------------------------------------------------------------------------------------   



INSERT INTO art (artist, title, media, width, height, image, pricing_info, main_image, image_width, image_height)
	VALUES(140,
	       'joie de vivre',
	     'mixed media on paper',
	       95,
	       70,
	       'joie-de-vivre',
	       'original, &pound;420',
	       0,
		650,
		 435);

INSERT INTO art_pricing(art, item_number, description, price)
	VALUES(LAST_INSERT_ID(), 'sf137', 'original', 420);



##-----------------------------------------------------------------------------------------   



INSERT INTO art (artist, title, media, width, height, image, pricing_info, main_image, image_width, image_height)
	VALUES(140,
	       'rouge noir',
	     'mixed media on paper',
	       81,
	       71,
	       'rouge-noir',
	       'original, &pound;450',
	       0,
		650,
		 486);

INSERT INTO art_pricing(art, item_number, description, price)
	VALUES(LAST_INSERT_ID(), 'sf144', 'original', 450);



##-----------------------------------------------------------------------------------------



INSERT INTO art (artist, title, media, width, height, image, pricing_info, main_image, image_width, image_height)
	VALUES(140,
	       'la vie en rose',
	     'mixed media on paper',
	       76,
	       56,
	       'la-vie-en',
	  'original, &pound;350',
	       0,
		650,
		 474);

INSERT INTO art_pricing(art, item_number, description, price)
	VALUES(LAST_INSERT_ID(), 'sf149', 'original', 350);





##-----------------------------------------------------------------------------------------


INSERT INTO art (artist, title, media, width, height, image, pricing_info, main_image, image_width, image_height)
	VALUES(140,
	       'chanson d''amour',
	     'mixed media on paper',
	       76,
	       56,
	       'chanson-d-amour',
	  'original, &pound;350',
	       0,
		650,
		 468);

INSERT INTO art_pricing(art, item_number, description, price)
	VALUES(LAST_INSERT_ID(), 'sf150', 'original', 350);





##-----------------------------------------------------------------------------------------


INSERT INTO art (artist, title, media, width, height, image, pricing_info, main_image, image_width, image_height)
	VALUES(140,
	       'rose otto',
	     'mixed media on canvas',
	       40,
	       120,
	       'rose-otto',
	       'original, &pound;425',
	       0,
		211,
		 650);

INSERT INTO art_pricing(art, item_number, description, price)
	VALUES(LAST_INSERT_ID(), 'sf138', 'original', 425);



##-----------------------------------------------------------------------------------------  



INSERT INTO art (artist, title, media, width, height, image, pricing_info, main_image, image_width, image_height)
	VALUES(140,
	       'secret garden',
	     'mixed media on canvas',
	       80,
	       80,
	       'secret-garden',
	       'original, &pound;550',
	       0,
		646,
		 650);

INSERT INTO art_pricing(art, item_number, description, price)
	VALUES(LAST_INSERT_ID(), 'sf139', 'original', 550);



##-----------------------------------------------------------------------------------------  



INSERT INTO art (artist, title, media, width, height, image, pricing_info, main_image, image_width, image_height)
	VALUES(140,
	       'beating heart',
	     'mixed media on canvas',
	       100,
	       100,
	       'beating-heart',
	       'original, &pound;900',
	       0,
		650,
		 642);

INSERT INTO art_pricing(art, item_number, description, price)
	VALUES(LAST_INSERT_ID(), 'sf140', 'original', 900);



##-----------------------------------------------------------------------------------------

  

INSERT INTO art (artist, title, media, width, height, image, pricing_info, main_image, image_width, image_height)
	VALUES(140,
	       'heavy heart',
	     'mixed media on canvas',
	       100,
	       100,
	       'heavy-heart',
	       'original, &pound;900',
	       0,
		646,
		 650);

INSERT INTO art_pricing(art, item_number, description, price)
	VALUES(LAST_INSERT_ID(), 'sf141', 'original', 900);



##----------------------------------------------------------------------------------------- 

  

INSERT INTO art (artist, title, media, width, height, image, pricing_info, main_image, image_width, image_height)
	VALUES(140,
	       'cold cold heart',
	     'mixed media on canvas',
	       76,
	       76,
	       'cold-cold-heart',
	       'original, &pound;500',
	       0,
		650,
		 635);

INSERT INTO art_pricing(art, item_number, description, price)
	VALUES(LAST_INSERT_ID(), 'sf142', 'original', 500);



##----------------------------------------------------------------------------------------- 

  

INSERT INTO art (artist, title, media, width, height, image, pricing_info, main_image, image_width, image_height)
	VALUES(140,
	       'fragile heart',
	     'mixed media on canvas',
	       76,
	       76,
	       'fragile-heart',
	       'original, &pound;600',
	       0,
		650,
		 637);

INSERT INTO art_pricing(art, item_number, description, price)
	VALUES(LAST_INSERT_ID(), 'sf143', 'original', 600);



##-----------------------------------------------------------------------------------------

  

INSERT INTO art (artist, title, media, width, height, image, pricing_info, main_image, image_width, image_height)
	VALUES(140,
	       'palm house serenade',
	     'oil on canvas',
	       100,
	       100,
	       'palm-house-serenade',
	       'original, &pound;1200',
	       0,
		650,
		 650);

INSERT INTO art_pricing(art, item_number, description, price)
	VALUES(LAST_INSERT_ID(), 'sf147', 'original', 1200);



##-----------------------------------------------------------------------------------------



INSERT INTO art (artist, title, media, width, height, image, pricing_info, main_image, image_width, image_height)
	VALUES(140,
	       'liverpool love',
	     'oil on canvas',
	       100,
	       100,
	       'liverpool-love',
	  'original, &pound;1000',
	       0,
		635,
		 650);

INSERT INTO art_pricing(art, item_number, description, price)
	VALUES(LAST_INSERT_ID(), 'sf148', 'original', 1000);





##-----------------------------------------------------------------------------------------


INSERT INTO art (artist, title, media, width, height, image, pricing_info, main_image, image_width, image_height)
	VALUES(140,
	       'liverpool la la',
	     'oil on canvas',
	       30,
	       40,
	       'liverpool-la-la',
	        'original, &pound;425',
	       0,
		503,
		 650);

INSERT INTO art_pricing(art, item_number, description, price)
	VALUES(LAST_INSERT_ID(), 'sf146', 'original', 425);



##-----------------------------------------------------------------------------------------


INSERT INTO art (artist, title, media, width, height, image, pricing_info, main_image, image_width, image_height)
	VALUES(140,
	       'secret palm house',
	     'oil on canvas',
	       102,
	       77,
	       'secret-palm-house',
	       'original, &pound;975',
	       1,
		650,
		 481);

INSERT INTO art_pricing(art, item_number, description, price)
	VALUES(LAST_INSERT_ID(), 'sf144', 'original', 975);



##-----------------------------------------------------------------------------------------


INSERT INTO art (artist, title, media, width, height, image, pricing_info, main_image, image_width, image_height)
	VALUES(140,
	       'palm house a l''orange',
	     'oil on canvas',
	       30,
	       24,
	       'palm-house-a',
	      	       'not currently available',
	       0,
		650,
		 511);

INSERT INTO art_pricing(art, item_number, description, price)
	VALUES(LAST_INSERT_ID(), 'sf145', 'original', 250);



##-----------------------------------------------------------------------------------------

INSERT INTO art (artist, title, media, width, height, image, pricing_info, main_image, image_width, image_height)
	VALUES(140,
	       'liverbirds of paradise',
	     'oil on canvas',
	       50,
	       50,
	       'liverbird-of-paradise',
	       'original, &pound;500',
	       0,
		650,
		 650);

INSERT INTO art_pricing(art, item_number, description, price)
	VALUES(LAST_INSERT_ID(), 'sf143', 'original', 500);



##-----------------------------------------------------------------------------------------




INSERT INTO art (artist, title, media, width, height, image, pricing_info, main_image, image_width, image_height)
	VALUES(140,
	       'liverpool dream',
	     'oil on canvas',
	       70,
	       50,
	       'liverpool-dream',
	       'SOLD',
	       0,
		650,
		 454);




##-----------------------------------------------------------------------------------------




INSERT INTO art (artist, title, media, width, height, image, pricing_info, main_image, image_width, image_height)
	VALUES(140,
	       'liver operetta',
	     'oil on canvas',
	       40,
	       30,
	       'live-operetta-3',
	       'original, &pound;400',
	       0,
		487,
		 650);

INSERT INTO art_pricing(art, item_number, description, price)
	VALUES(LAST_INSERT_ID(), 'sf136', 'original', 400);


##------------------------------------------------------------------------------------------



INSERT INTO art (artist, title, media, width, height, image, pricing_info, main_image, image_width, image_height)
	VALUES(140,
	       'arabesque',
	     'oil on canvas',
	       24,
	       30,
	       'arabesque-6',
	       'original, &pound;350',
	       0,
		525,
		 650);

INSERT INTO art_pricing(art, item_number, description, price)
	VALUES(LAST_INSERT_ID(), 'sf137', 'original', 350);


##------------------------------------------------------------------------------------------



INSERT INTO art (artist, title, media, width, height, image, pricing_info, main_image, image_width, image_height)
	VALUES(140,
	       'storm',
	     'oil on canvas',
	       24,
	       30,
	       'storm-3',
	       'original, &pound;250',
	       0,
		509,
		 650);

INSERT INTO art_pricing(art, item_number, description, price)
	VALUES(LAST_INSERT_ID(), 'sf138', 'original', 250);


##------------------------------------------------------------------------------------------



INSERT INTO art (artist, title, media, width, height, image, pricing_info, main_image, image_width, image_height)
	VALUES(140,
	       'hope',
	     'oil on canvas',
	       77,
	       77,
	       'hope-6',
	       'original, &pound;950',
	       0,
		650,
		 647);

INSERT INTO art_pricing(art, item_number, description, price)
	VALUES(LAST_INSERT_ID(), 'sf139', 'original', 950);


##------------------------------------------------------------------------------------------



INSERT INTO art (artist, title, media, width, height, image, pricing_info, main_image, image_width, image_height)
	VALUES(140,
	       'sea picture',
	     'oil on canvas',
	       30,
	       40,
	       'fish-in-4',
	       'original, &pound;300',
	       0,
		650,
		 489);

INSERT INTO art_pricing(art, item_number, description, price)
	VALUES(LAST_INSERT_ID(), 'sf140', 'original', 300);


##------------------------------------------------------------------------------------------



INSERT INTO art (artist, title, media, width, height, image, pricing_info, main_image, image_width, image_height)
	VALUES(140,
	       'chirpy palm house',
	     'oil on canvas',
	       18,
	       23,
	       'chirpy-palm-house',
	       'original, &pound;275',
	       0,
		494,
		 650);

INSERT INTO art_pricing(art, item_number, description, price)
	VALUES(LAST_INSERT_ID(), 'sf136', 'original', 275);



##-----------------------------------------------------------------------------------------




INSERT INTO art (artist, title, media, width, height, image, pricing_info, main_image, image_width, image_height)
	VALUES(140,
	       'cosmic palm house',
	     'oil on canvas',
	       100,
	       100,
	       'cosmic-palm-house',
	       'sold',
	       0,
		650,
		 645);




##-----------------------------------------------------------------------------------------





INSERT INTO art (artist, title, media, width, height, image, pricing_info, main_image, image_width, image_height)
	VALUES(140,
	       'palm house chinoise',
	     'oil on canvas',
	       23,
	       18,
	       'palm-house-chinoise',
	       'not currently available',
 		 0,
		650,
		 483);

INSERT INTO art_pricing(art, item_number, description, price)
	VALUES(LAST_INSERT_ID(), 'sf138', 'original', 300);



##-----------------------------------------------------------------------------------------





INSERT INTO art (artist, title, media, width, height, image, pricing_info, main_image, image_width, image_height)
	VALUES(140,
	       'mystic palm house',
	     'oil on canvas',
	       50,
	       40,
	       'mystic-palm-house',
	       'original, &pound;475',
	       0,
		650,
		 524);

INSERT INTO art_pricing(art, item_number, description, price)
	VALUES(LAST_INSERT_ID(), 'sf139', 'original', 475);



##-----------------------------------------------------------------------------------------




INSERT INTO art (artist, title, media, width, height, image, pricing_info, main_image, image_width, image_height)
	VALUES(140,
	       'palm house rouge',
	     'oil on canvas',
	       100,
	       100,
	       'palm-house-rouge',
	      'original, &pound;900',
	       0,
		650,
		 650);


INSERT INTO art_pricing(art, item_number, description, price)
	VALUES(LAST_INSERT_ID(), 'sf149', 'original', 900);



##-----------------------------------------------------------------------------------------




INSERT INTO art (artist, title, media, width, height, image, pricing_info, main_image, image_width, image_height)
	VALUES(140,
	       'tiny palmhouse',
	     'oil on canvas',
	       25,
	       25,
	       'tiny-palm-house',
	       'not currently available',
	       0,
		648,
		 650);

INSERT INTO art_pricing(art, item_number, description, price)
	VALUES(LAST_INSERT_ID(), 'sf144', 'original', 200);



##-----------------------------------------------------------------------------------------	




INSERT INTO art (artist, title, media, width, height, image, pricing_info, main_image, image_width, image_height)
	VALUES(140,
	       'heavenly palmhouse',
	     'oil on canvas',
	       62,
	       62,
	       'heavenly-palmhouse',
	       'not currently available',
	       0,
		650,
		 642);

INSERT INTO art_pricing(art, item_number, description, price)
	VALUES(LAST_INSERT_ID(), 'sf145', 'original', 700);



##-----------------------------------------------------------------------------------------	




INSERT INTO art (artist, title, media, width, height, image, pricing_info, main_image, image_width, image_height)
	VALUES(140,
	       'adore',
	     'oil on canvas',
	       40,
	       60,
	       'adoration',
	       'original, &pound;600',
	       0,
		432,
		 650);

INSERT INTO art_pricing(art, item_number, description, price)
	VALUES(LAST_INSERT_ID(), 'sf146', 'original', 600);



##-----------------------------------------------------------------------------------------	



INSERT INTO art (artist, title, media, width, height, image, pricing_info, main_image, image_width, image_height)
	VALUES(140,
	       'firework night in sefton park',
	     'oil on canvas',
	       30,
	       24,
	       'firework_night_in',
	       'sold',
	       0,
		650,
		 516);



##-----------------------------------------------------------------------------------------



INSERT INTO art (artist, title, media, width, height, image, pricing_info, main_image, image_width, image_height)
	VALUES(140,
	       'amazing mersey',
	     'oil on canvas',
	       30,
	       23,
	       'amazing_mersey',
	       'original, &pound;250',
	       0,
		650,
		 514);

INSERT INTO art_pricing(art, item_number, description, price)
	VALUES(LAST_INSERT_ID(), 'sf137', 'original', 250);



##-----------------------------------------------------------------------------------------



INSERT INTO art (artist, title, media, width, height, image, pricing_info, main_image, image_width, image_height)
	VALUES(140,
	       'treasures of the mersey',
	     'oil on canvas',
	       50,
	       40,
	       'treasures_of_the',
	   	 'original, &pound;600',
	       0,
		650,
		 516);

INSERT INTO art_pricing(art, item_number, description, price)
	VALUES(LAST_INSERT_ID(), 'sf150', 'original', 600);




##-----------------------------------------------------------------------------------------



INSERT INTO art (artist, title, media, width, height, image, pricing_info, main_image, image_width, image_height)
	VALUES(140,
	       'planet liverpool',
	     'oil on canvas',
	       30,
	       30,
	       'planet_liverpool',
	       'sold',
	       0,
		650,
		 643);




##-----------------------------------------------------------------------------------------



INSERT INTO art (artist, title, media, width, height, image, pricing_info, main_image, image_width, image_height)
	VALUES(140,
	       'palm house paradise',
	     'oil on canvas',
	       30,
	       30,
	       'palm_house_paradise',
	       'original, &pound;300',
	       0,
		647,
		 650);

INSERT INTO art_pricing(art, item_number, description, price)
	VALUES(LAST_INSERT_ID(), 'sf140', 'original', 300);



##-----------------------------------------------------------------------------------------



INSERT INTO art (artist, title, media, width, height, image, pricing_info, main_image, image_width, image_height)
	VALUES(140,
	       'palm house song',
	     'oil on canvas',
	       100,
	       40,
	       'palm-house-song',
	   'sold',
	       0,
		650,
		 253);



##-----------------------------------------------------------------------------------------




INSERT INTO art (artist, title, media, width, height, image, pricing_info, main_image, image_width, image_height)
	VALUES(140,
	       'electric blue',
	     'oil on canvas',
	       50,
	       50,
	       'electric-blue',
	       'original, &pound;600',
	       0,
		650,
		 640);

INSERT INTO art_pricing(art, item_number, description, price)
	VALUES(LAST_INSERT_ID(), 'sf142', 'original', 600);



##-----------------------------------------------------------------------------------------




INSERT INTO art (artist, title, media, width, height, image, pricing_info, main_image, image_width, image_height)
	VALUES(140,
	       'rose dore',
	     'oil on canvas',
	       30,
	       40,
	       'rose-dore',
	       'original, &pound;380',
	       0,
		650,
		 472);

INSERT INTO art_pricing(art, item_number, description, price)
	VALUES(LAST_INSERT_ID(), 'sf143', 'original', 380);



##-----------------------------------------------------------------------------------------	


INSERT INTO art (artist, title, media, width, height, image, pricing_info, main_image, image_width, image_height)
	VALUES(140,
	       'little comet',
	     'oil on canvas',
	       15,
	       15,
	       'little_comet',
	       'commission example',
	       0,
		650,
		 648);



##-----------------------------------------------------------------------------------------




INSERT INTO art (artist, title, media, width, height, image, pricing_info, main_image, image_width, image_height)
	VALUES(140,
	       'spaceman',
	     'oil on canvas',
	       24,
	       18,
	       'spaceman',
	       'original, &pound;160',
	       0,
		650,
		 492);

INSERT INTO art_pricing(art, item_number, description, price)
	VALUES(LAST_INSERT_ID(), 'sf123', 'original', 160);



##-----------------------------------------------------------------------------------------
	




INSERT INTO art (artist, title, media, width, height, image, pricing_info, main_image, image_width, image_height)
	VALUES(140,
	       'miracle on hope street',
	     'oil on canvas',
	       24,
	       30,
	       'hope_street_miracle',
	       'commission example',
	       0,
		556,
		 650);



##-----------------------------------------------------------------------------------------





INSERT INTO art (artist, title, media, width, height, image, pricing_info, main_image, image_width, image_height)
	VALUES(140,
	       'christmas eve on the mersey',
	     'oil on canvas',
	       24,
	       18,
	       'christmas_eve_on',
	       'original, &pound;250',
	       0,
		650,
		 482);

INSERT INTO art_pricing(art, item_number, description, price)
	VALUES(LAST_INSERT_ID(), 'sf126', 'original', 250);



##-----------------------------------------------------------------------------------------
	





INSERT INTO art (artist, title, media, width, height, image, pricing_info, main_image, image_width, image_height)
	VALUES(140,
	       'shine on',
	     'oil on canvas',
	       60,
	       60,
	       'shine_on',
	       'original, &pound;1000',
	       0,
		644,
		 650);

INSERT INTO art_pricing(art, item_number, description, price)
	VALUES(LAST_INSERT_ID(), 'sf127', 'original', 1000);



##-----------------------------------------------------------------------------------------
	





INSERT INTO art (artist, title, media, width, height, image, pricing_info, main_image, image_width, image_height)
	VALUES(140,
	       'mr big',
	     'oil on canvas',
	       50,
	       40,
	       'mr_big',
	       'original, &pound;600',
	       0,
		650,
		 522);

INSERT INTO art_pricing(art, item_number, description, price)
	VALUES(LAST_INSERT_ID(), 'sf116', 'original', 600);



##-----------------------------------------------------------------------------------------



INSERT INTO art (artist, title, media, width, height, image, pricing_info, main_image, image_width, image_height)
	VALUES(140,
	       'little horses',
	     'oil on canvas',
	       60,
	       50,
	       'little_horses',
	       'original, &pound;600',
	       0,
		650,
		 513);

INSERT INTO art_pricing(art, item_number, description, price)
	VALUES(LAST_INSERT_ID(), 'sf131', 'original', 600);



##-----------------------------------------------------------------------------------------


INSERT INTO art (artist, title, media, width, height, image, pricing_info, main_image, image_width, image_height)
	VALUES(140,
	       'we love sefton park',
	     'oil on canvas',
	       39,
	       29,
	       'we_love_sefton',
	       'commission example',
	       0,
		650,
		 489);




##-----------------------------------------------------------------------------------------
	





INSERT INTO art (artist, title, media, width, height, image, pricing_info, main_image, image_width, image_height)
	VALUES(140,
	       'isle of skye',
	     'oil on canvas',
	       24,
	       18,
	       'isle_of_skye',
	       'original, &pound;160',
	       0,
		650,
		 485);

INSERT INTO art_pricing(art, item_number, description, price)
	VALUES(LAST_INSERT_ID(), 'sf120', 'original', 160);



##-----------------------------------------------------------------------------------------





INSERT INTO art (artist, title, media, width, height, image, pricing_info, main_image, image_width, image_height)
	VALUES(140,
	       'a scottish glen',
	     'oil on canvas',
	       24,
	       18,
	       'a_scottish_glen',
	    'commission example',
	       0,
		650,
		 485);



##-----------------------------------------------------------------------------------------




INSERT INTO art (artist, title, media, width, height, image, pricing_info, main_image, image_width, image_height)
	VALUES(140,
	       'vision of skye',
	     'oil on canvas',
	       102,
	       41,
	       'vision_of_skye',
	       'original, &pound;600',
	       0,
		650,
		 255);

INSERT INTO art_pricing(art, item_number, description, price)
	VALUES(LAST_INSERT_ID(), 'sf121', 'original', 600);



##-----------------------------------------------------------------------------------------




INSERT INTO art (artist, title, media, width, height, image, pricing_info, main_image, image_width, image_height)
	VALUES(140,
	       'the edge of the loch',
	     'oil on canvas',
	      'commission example',
	       18,
	       'the_edge_of',
	       'commission example',
	       0,
		540,
		 650);

##-----------------------------------------------------------------------------------------




INSERT INTO art (artist, title, media, width, height, image, pricing_info, main_image, image_width, image_height)
	VALUES(140,
	       'the palmhouse in autumn',
	     'oil on canvas',
	       41,
	       51,
	       'the_palmhouse_in',
	       'sold',
	       0,
		524,
		 650);





##-----------------------------------------------------------------------------------------


INSERT INTO art (artist, title, media, width, height, image, pricing_info, main_image, image_width, image_height)
	VALUES(140,
	       'the palmhouse in winter',
	     'oil on canvas',
	       30,
	       40,
	       'the_palmhouse_winter',
	       'original, &pound;200',
	       0,
		484,
		 650);

INSERT INTO art_pricing(art, item_number, description, price)
	VALUES(LAST_INSERT_ID(), 'sf130', 'original', 200);



##-----------------------------------------------------------------------------------------
	



INSERT INTO art (artist, title, media, width, height, image, pricing_info, main_image, image_width, image_height)
	VALUES(140,
	       'john reflected',
	     'oil on canvas',
	       80,
	       30,
	       'john_reflected',
	       'original, &pound;900',
	       0,
		650,
		 250);


INSERT INTO art_pricing(art, item_number, description, price)
	VALUES(LAST_INSERT_ID(), 'sf132', 'original', 900);


##-----------------------------------------------------------------------------------------
		

INSERT INTO art (artist, title, media, width, height, image, pricing_info, main_image, image_width, image_height)
	VALUES(140,
	       'liverpool echoes',
	       'oil on canvas',
	       100,
	       50,
	       'liverpool_echoes',
	       'original, &pound;1050',
	       0,
		650,
		 324);

INSERT INTO art_pricing(art, item_number, description, price)
	VALUES(LAST_INSERT_ID(), 'sf101', 'original', 1050);



##-----------------------------------------------------------------------------------------

INSERT INTO art (artist, title, media, width, height, image, pricing_info, main_image, image_width, image_height)
	VALUES(140,
	       'beatles explosion',
	        'oil on canvas',
	       122,
	       91,
	       'beatles_explosion',
	       'commission example',
	       0,
		650,
		 486);



##-----------------------------------------------------------------------------------------

INSERT INTO art (artist, title, media, width, height, image, pricing_info, main_image, image_width, image_height)
	VALUES(140,
	       'the story of john',
	      'oil on canvas',
	       100,
	       50,
	       'the_story_of',
	       'original, &pound;1050',
	       0,
		324,
		 650);

INSERT INTO art_pricing(art, item_number, description, price)
	VALUES(LAST_INSERT_ID(), 'sf103', 'original', 1050);



##-----------------------------------------------------------------------------------------

INSERT INTO art (artist, title, media, width, height, image, pricing_info, main_image, image_width, image_height)
	VALUES(140,
	       'i remember',
	       'oil on canvas',
	       100,
	       100,
	       'i_remember',
	       'original, &pound;1200',
	       0,
		641,
		 650);

INSERT INTO art_pricing(art, item_number, description, price)
	VALUES(LAST_INSERT_ID(), 'sf104', 'original', 1200);



##-----------------------------------------------------------------------------------------

INSERT INTO art (artist, title, media, width, height, image, pricing_info, main_image, image_width, image_height)
	VALUES(140,
	       'scarlet gentleman',
	      'oil on canvas',
	       61,
	       92,
	       'scarlet_gentleman',
	       'original, &pound;750',
	       0,
		430,
		 650);

INSERT INTO art_pricing(art, item_number, description, price)
	VALUES(LAST_INSERT_ID(), 'sf107', 'original', 750);



##-----------------------------------------------------------------------------------------

INSERT INTO art (artist, title, media, width, height, image, pricing_info, main_image, image_width, image_height)
	VALUES(140,
	       'narcissus',
	      'oil on canvas',
	       50,
	       70,
	       'narcissus',
	       'original, &pound;350',
	       0,
		467,
		 650);

INSERT INTO art_pricing(art, item_number, description, price)
	VALUES(LAST_INSERT_ID(), 'sf109', 'original', 350);



##-----------------------------------------------------------------------------------------



INSERT INTO art (artist, title, media, width, height, image, pricing_info, main_image, image_width, image_height)
	VALUES(140,
	       'small colossus',
	      'oil on canvas',
	       70,
	       70,
	       'small_colossus',
	       'original, &pound;840',
	       0,
		650,
		 642);

INSERT INTO art_pricing(art, item_number, description, price)
	VALUES(LAST_INSERT_ID(), 'sf112', 'original', 840);



##-----------------------------------------------------------------------------------------




INSERT INTO art (artist, title, media, width, height, image, pricing_info, main_image, image_width, image_height)
	VALUES(140,
	       'a moment on the mersey',
	     'oil on canvas',
	       100,
	       40,
	       'a_moment_on',
	       'commission example',
	       0,
		650,
		 244);




##-----------------------------------------------------------------------------------------




INSERT INTO art (artist, title, media, width, height, image, pricing_info, main_image, image_width, image_height)
	VALUES(140,
	       'a mersey sunset',
	     'oil on canvas',
	       76,
	       51,
	       'mersey_sunset',
	       'commission example',
	       0,
		650,
		 395);




##-----------------------------------------------------------------------------------------





INSERT INTO art (artist, title, media, width, height, image, pricing_info, main_image, image_width, image_height)
	VALUES(140,
	       'the meaning of art',
	     'oil on canvas',
	       30,
	       24,
	       'the_meaning_of',
	       'sold',
	       0,
		650,
		 480);



##-----------------------------------------------------------------------------------------





INSERT INTO art (artist, title, media, width, height, image, pricing_info, main_image, image_width, image_height)
	VALUES(140,
	       'miraculous mersey',
	     'oil on canvas',
	       123,
	       62,
	       'miraculous-mersey',
	   	       'not currently available',
	       0,
		650,
		 323);

INSERT INTO art_pricing(art, item_number, description, price)
	VALUES(LAST_INSERT_ID(), 'sf151', 'original', 1400);






##-----------------------------------------------------------------------------------------




INSERT INTO art (artist, title, media, width, height, image, pricing_info, main_image, image_width, image_height)
	VALUES(140,
	       'hiya shanghai!',
	     'oil on canvas',
	       61,
	       123,
	       'hiya_shanghai',
	       'original, &pound;1500',
	       0,
		318,
		 650);

INSERT INTO art_pricing(art, item_number, description, price)
	VALUES(LAST_INSERT_ID(), 'sf121', 'original', 1500);



##-----------------------------------------------------------------------------------------




INSERT INTO art (artist, title, media, width, height, image, pricing_info, main_image, image_width, image_height)
	VALUES(140,
	       'john of the china seas',
	     'oil on canvas',
	       75,
	       101,
	       'john_of_the',
	       'original, &pound;1900',
	       0,
		489,
		 650);

INSERT INTO art_pricing(art, item_number, description, price)
	VALUES(LAST_INSERT_ID(), 'sf122', 'original', 1900);



##-----------------------------------------------------------------------------------------


	


INSERT INTO art (artist, title, media, width, height, image, pricing_info, main_image, image_width, image_height)
	VALUES(140,
	       'magical mersey',
	     'oil on canvas',
	       50,
	       40,
	       'magical_mersey',
	  	     'original, &pound;475',
	       0,
		650,
		 511);

INSERT INTO art_pricing(art, item_number, description, price)
	VALUES(LAST_INSERT_ID(), 'sf152', 'original', 475);




##-----------------------------------------------------------------------------------------



INSERT INTO art (artist, title, media, width, height, image, pricing_info, main_image, image_width, image_height)
	VALUES(140,
	       'studio',
	     'oil on canvas',
	       102,
	       102,
	       'studio',
	       'original, &pound;695',
	       0,
		649,
		 650);

INSERT INTO art_pricing(art, item_number, description, price)
	VALUES(LAST_INSERT_ID(), 'sf124', 'original', 695);



##-----------------------------------------------------------------------------------------




INSERT INTO art (artist, title, media, width, height, image, pricing_info, main_image, image_width, image_height)
	VALUES(140,
	       'interior',
	     'oil on canvas',
	       100,
	       50,
	       'interior',
	       'sold',
	       0,
		650,
		 316);



##-----------------------------------------------------------------------------------------



INSERT INTO art (artist, title, media, width, height, image, pricing_info, main_image, image_width, image_height)
	VALUES(140,
	       'still life with snoozing cat',
	     'oil on canvas',
	       76,
	       76,
	       'still_life_with',
	       'original, &pound;795',
	       0,
		650,
		 552);

INSERT INTO art_pricing(art, item_number, description, price)
	VALUES(LAST_INSERT_ID(), 'sf126', 'original', 795);



##-----------------------------------------------------------------------------------------




INSERT INTO art (artist, title, media, width, height, image, pricing_info, main_image, image_width, image_height)
	VALUES(140,
	       'a quiet weekend',
	     'oil on canvas',
	       76,
	       76,
	       'a_quiet_weekend',
	       'original, &pound;595',
	       0,
		649,
		 650);

INSERT INTO art_pricing(art, item_number, description, price)
	VALUES(LAST_INSERT_ID(), 'sf127', 'original', 595);



##-----------------------------------------------------------------------------------------



INSERT INTO art (artist, title, media, width, height, image, pricing_info, main_image, image_width, image_height)
	VALUES(140,
	       'a wonderful evening',
	     'oil on canvas',
	       70,
	       50,
	       'a_wonderful_evening',
	       'original, &pound;475',
	       0,
		650,
		 451);

INSERT INTO art_pricing(art, item_number, description, price)
	VALUES(LAST_INSERT_ID(), 'sf133', 'original', 475);



##-----------------------------------------------------------------------------------------



INSERT INTO art (artist, title, media, width, height, image, pricing_info, main_image, image_width, image_height)
	VALUES(140,
	       'kitchen sink drama',
	     'oil on canvas',
	       76,
	       76,
	       'kitchen_sink_drama',
	       'original, &pound;595',
	       0,
		640,
		 650);

INSERT INTO art_pricing(art, item_number, description, price)
	VALUES(LAST_INSERT_ID(), 'sf134', 'original', 595);



##-----------------------------------------------------------------------------------------



INSERT INTO art (artist, title, media, width, height, image, pricing_info, main_image, image_width, image_height)
	VALUES(140,
	       'an important call',
	     'oil on canvas',
	       42,
	       51,
	       'an_important _call',
	       'original, &pound;350',
	       0,
		527,
		 650);

INSERT INTO art_pricing(art, item_number, description, price)
	VALUES(LAST_INSERT_ID(), 'sf135', 'original', 350);



##----------------------------------------------------------------------------------------- 




INSERT INTO artist (id, name, statement, notes, display)
	VALUES(149, 'frank linnett',
	
'<p class="artist"></p>

<p class="artist">Frank is a well established Liverpool based artist, who has been exhibiting regionally and nationally for over 25 years.</p>

<p class="artist">The artist says the following about his work:</p>

<p class="artist">"Working on the premise that all things are useful when decanting influences into a visual form, allows me to exploit a variety of disparate subject matter for my own ends. It is important that there are visible references to real things in my painting even if they in themselves do not reflect a definite reality. Everything goes into the mix and is made visible on the canvas. Hence there are references to historical events and hints at social comment and contemporary issues; straightforward studies from the everyday and of imaginary landscapes.  Each of these is a response to what has happened or is happening and can be linked on a subconscious level to the need to react to an impulse."</p>
<p class="artist">
</p>',
               NULL,
	       1);

##-----------------------------------------------------------------------------------------



INSERT INTO art (artist, title, media, width, height, image, pricing_info, main_image, image_width, image_height)
	VALUES(149,
	       'dreams of morpheus',
	       'oil on canvas',
	        105,
	        105,
	       'the-dreams-of',
	       'original, &pound;650',
	       1,
		636,
		 650);

INSERT INTO art_pricing(art, item_number, description, price)
	VALUES(LAST_INSERT_ID(), 'fl169', 'original', 650);



##-----------------------------------------------------------------------------------------



INSERT INTO art (artist, title, media, width, height, image, pricing_info, main_image, image_width, image_height)
	VALUES(149,
	       'between hope and aspiration',
	       'oil on canvas',
	        215,
	        138,
	       'hope-and-aspiration',
	       'original, &pound;1050',
	       0,
		650,
		 422);

INSERT INTO art_pricing(art, item_number, description, price)
	VALUES(LAST_INSERT_ID(), 'fl170', 'original', 1050);



##-----------------------------------------------------------------------------------------



INSERT INTO art (artist, title, media, width, height, image, pricing_info, main_image, image_width, image_height)
	VALUES(149,
	       'charles I in a red hat',
	       'oil on board',
	        17,
	        17,
	       'charles-1-in',
	       'original, &pound;195',
	       0,
		650,
		 647);

INSERT INTO art_pricing(art, item_number, description, price)
	VALUES(LAST_INSERT_ID(), 'fl166', 'original', 195);



##-----------------------------------------------------------------------------------------


INSERT INTO art (artist, title, media, width, height, image, pricing_info, main_image, image_width, image_height)
	VALUES(149,
	       'empire builder I',
	       'oil on board',
	        17,
	        17,
	       'empire-builder-1',
	       'original, &pound;195',
	       0,
		635,
		 650);

INSERT INTO art_pricing(art, item_number, description, price)
	VALUES(LAST_INSERT_ID(), 'fl167', 'original', 195);



##-----------------------------------------------------------------------------------------


INSERT INTO art (artist, title, media, width, height, image, pricing_info, main_image, image_width, image_height)
	VALUES(149,
	       'empire builder II',
	       'oil on board',
	        17,
	        17,
	       'empire-builder-2',
	       'original, &pound;195',
	       0,
		635,
		 650);

INSERT INTO art_pricing(art, item_number, description, price)
	VALUES(LAST_INSERT_ID(), 'fl168', 'original', 195);



##-----------------------------------------------------------------------------------------


INSERT INTO art (artist, title, media, width, height, image, pricing_info, main_image, image_width, image_height)
	VALUES(149,
	       'travelling in ancient lands',
	       'oil on canvas',
	        92,
	        92,
	       'travelling-in-ancient',
	       'original, &pound;450',
	       0,
		650,
		 650);

INSERT INTO art_pricing(art, item_number, description, price)
	VALUES(LAST_INSERT_ID(), 'fl157', 'original', 450);



##-----------------------------------------------------------------------------------------



INSERT INTO art (artist, title, media, width, height, image, pricing_info, main_image, image_width, image_height)
	VALUES(149,
	       'pale horse landscape',
	       'oil on canvas',
	        92,
	        92,
	       'pale-horse-landscape',
	       'original, &pound;450',
	       0,
		650,
		 649);

INSERT INTO art_pricing(art, item_number, description, price)
	VALUES(LAST_INSERT_ID(), 'fl155', 'original', 450);



##-----------------------------------------------------------------------------------------



INSERT INTO art (artist, title, media, width, height, image, pricing_info, main_image, image_width, image_height)
	VALUES(149,
	       'treeline',
	       'oil on canvas',
	        92,
	        92,
	       'treeline',
	       'original, &pound;450',
	       0,
		650,
		 649);

INSERT INTO art_pricing(art, item_number, description, price)
	VALUES(LAST_INSERT_ID(), 'fl160', 'original', 450);



##-----------------------------------------------------------------------------------------



INSERT INTO art (artist, title, media, width, height, image, pricing_info, main_image, image_width, image_height)
	VALUES(149,
	       'menhir',
	       'oil on paper',
	        50,
	        35,
	       'menhir',
	       'original, &pound;175',
	       0,
		477,
		 650);

INSERT INTO art_pricing(art, item_number, description, price)
	VALUES(LAST_INSERT_ID(), 'fl153', 'original', 175);



##-----------------------------------------------------------------------------------------

INSERT INTO art (artist, title, media, width, height, image, pricing_info, main_image, image_width, image_height)
	VALUES(149,
	       'red bridge',
	       'oil on paper',
	        50,
	        35,
	       'red-bridge',
	       'original, &pound;175',
	       0,
		416,
		 650);

INSERT INTO art_pricing(art, item_number, description, price)
	VALUES(LAST_INSERT_ID(), 'fl156', 'original', 175);



##-----------------------------------------------------------------------------------------

INSERT INTO art (artist, title, media, width, height, image, pricing_info, main_image, image_width, image_height)
	VALUES(149,
	       'black tree',
	       'oil on paper',
	        70,
	        20,
	       'black-tree',
	       'original, &pound;200',
	       0,
		449,
		 650);

INSERT INTO art_pricing(art, item_number, description, price)
	VALUES(LAST_INSERT_ID(), 'fl152', 'original', 200);



##---------------------------------------------------------------------------------------


INSERT INTO art (artist, title, media, width, height, image, pricing_info, main_image, image_width, image_height)
	VALUES(149,
	       'odyssey',
	       'oil on paper',
	        80,
	        22,
	       'odyssey',
	       'original, &pound;200',
	       0,
		445,
		 650);

INSERT INTO art_pricing(art, item_number, description, price)
	VALUES(LAST_INSERT_ID(), 'fl154', 'original', 200);



##-----------------------------------------------------------------------------------------



INSERT INTO art (artist, title, media, width, height, image, pricing_info, main_image, image_width, image_height)
	VALUES(149,
	       'weight of ages 2',
	       'oil on paper',
	        89,
	        63,
	       'weight-of-2',
	       'original, &pound;200',
	       0,
		455,
		 650);

INSERT INTO art_pricing(art, item_number, description, price)
	VALUES(LAST_INSERT_ID(), 'fl158', 'original', 200);



##-----------------------------------------------------------------------------------------

INSERT INTO art (artist, title, media, width, height, image, pricing_info, main_image, image_width, image_height)
	VALUES(149,
	       'weight of ages 1',
	       'oil on paper',
	        80,
	        56,
	       'weight-of-1',
	       'original, &pound;200',
	       0,
		436,
		 650);

INSERT INTO art_pricing(art, item_number, description, price)
	VALUES(LAST_INSERT_ID(), 'fl159', 'original', 200);



##-----------------------------------------------------------------------------------------




INSERT INTO art (artist, title, media, width, height, image, pricing_info, main_image, image_width, image_height)
	VALUES(149,
	       'pasiphaes dream',
	       'oilbar on paper',
	        46,
	        64,
	       'pasiphaes-dream',
	       'original, &pound;200',
	       0,
		471,
		 650);

INSERT INTO art_pricing(art, item_number, description, price)
	VALUES(LAST_INSERT_ID(), 'fl161', 'original', 200);



##-----------------------------------------------------------------------------------------




INSERT INTO art (artist, title, media, width, height, image, pricing_info, main_image, image_width, image_height)
	VALUES(149,
	       'pathfinder',
	       'oilbar on paper',
	        46,
	        64,
	       'pathfinder',
	       'original, &pound;200',
	       0,
		495,
		 650);

INSERT INTO art_pricing(art, item_number, description, price)
	VALUES(LAST_INSERT_ID(), 'fl162', 'original', 200);



##-----------------------------------------------------------------------------------------




INSERT INTO art (artist, title, media, width, height, image, pricing_info, main_image, image_width, image_height)
	VALUES(149,
	       'diana and actaeon',
	       'oilbar on paper',
	        46,
	        64,
	       'diana-and-actaeon',
	       'original, &pound;200',
	       0,
		456,
		 650);

INSERT INTO art_pricing(art, item_number, description, price)
	VALUES(LAST_INSERT_ID(), 'fl162', 'original', 200);



##-----------------------------------------------------------------------------------------




INSERT INTO art (artist, title, media, width, height, image, pricing_info, main_image, image_width, image_height)
	VALUES(149,
	       'lair',
	       'oilbar on paper',
	        46,
	        64,
	       'lair',
	       'original, &pound;200',
	       0,
		467,
		 650);

INSERT INTO art_pricing(art, item_number, description, price)
	VALUES(LAST_INSERT_ID(), 'fl163', 'original', 200);



##-----------------------------------------------------------------------------------------

INSERT INTO art (artist, title, media, width, height, image, pricing_info, main_image, image_width, image_height)
	VALUES(149,
	       'banquet suite',
	       'oil on canvas',
	        125,
	        90,
	       'banquet-suite',
	       'original, &pound;1400',
	       0,
		650,
		 244);

INSERT INTO art_pricing(art, item_number, description, price)
	VALUES(LAST_INSERT_ID(), 'fl152', 'original',1400);



##-----------------------------------------------------------------------------------------



INSERT INTO art (artist, title, media, width, height, image, pricing_info, main_image, image_width, image_height)
	VALUES(149,
	       'falling angel',
	       'oil on canvas',
	        120,
	        70,
	       'falling-angel',
	       'original, &pound;650',
	       0,
		412,
		 650);

INSERT INTO art_pricing(art, item_number, description, price)
	VALUES(LAST_INSERT_ID(), 'fl153', 'original',650);



##-----------------------------------------------------------------------------------------



INSERT INTO art (artist, title, media, width, height, image, pricing_info, main_image, image_width, image_height)
	VALUES(149,
	       'vile herd',
	       'oil on canvas',
	        186,
	        126,
	       'vile-herd',
	       'original, &pound;950',
	       0,
		524,
		 650);

INSERT INTO art_pricing(art, item_number, description, price)
	VALUES(LAST_INSERT_ID(), 'fl154', 'original',950);



##-----------------------------------------------------------------------------------------



INSERT INTO art (artist, title, media, width, height, image, pricing_info, main_image, image_width, image_height)
	VALUES(149,
	       'throne',
	       'mixed media on canvas',
	        186,
	        126,
	       'throne',
	       'original, &pound;850',
	       0,
		446,
		 650);

INSERT INTO art_pricing(art, item_number, description, price)
	VALUES(LAST_INSERT_ID(), 'fl155', 'original',850);



##-----------------------------------------------------------------------------------------






INSERT INTO art (artist, title, media, width, height, image, pricing_info, main_image, image_width, image_height)
	VALUES(149,
	       '21st century I',
	       'oil on canvas',
	        20,
	        30,
	       '21st_century_I',
	       'original, &pound;85',
	       0,
		516,
		 650);

INSERT INTO art_pricing(art, item_number, description, price)
	VALUES(LAST_INSERT_ID(), 'fl101', 'original', 85);



##-----------------------------------------------------------------------------------------




INSERT INTO art (artist, title, media, width, height, image, pricing_info, main_image, image_width, image_height)
	VALUES(149,
	       '21st century II',
	       'oil on canvas',
	        20,
	        30,
	       '21st_century_II',
	       'original, &pound;85',
	       0,
		519,
		 650);

INSERT INTO art_pricing(art, item_number, description, price)
	VALUES(LAST_INSERT_ID(), 'fl102', 'original', 85);



##-----------------------------------------------------------------------------------------




INSERT INTO art (artist, title, media, width, height, image, pricing_info, main_image, image_width, image_height)
	VALUES(149,
	       '21st century III',
	       'oil on canvas',
	        20,
	        30,
	       '21st_century_III',
	       'original, &pound;85',
	       0,
		521,
		 650);

INSERT INTO art_pricing(art, item_number, description, price)
	VALUES(LAST_INSERT_ID(), 'fl103', 'original', 85);



##-----------------------------------------------------------------------------------------





INSERT INTO art (artist, title, media, width, height, image, pricing_info, main_image, image_width, image_height)
	VALUES(149,
	       'a death foretold- after raphael and garcia marques)',
	       'oil on canvas',
	        30,
	        20,
	       'a_death_foretold',
	       'original, &pound;95',
	       0,
		650,
		 256);

INSERT INTO art_pricing(art, item_number, description, price)
	VALUES(LAST_INSERT_ID(), 'fl104', 'original', 95);



##-----------------------------------------------------------------------------------------



INSERT INTO art (artist, title, media, width, height, image, pricing_info, main_image, image_width, image_height)
	VALUES(149,
	       'last cavalry charge of the 20th century',
	       'oil on canvas',
	        107,
	        107,
	       'last_cavalry_charge',
	       'original, &pound;450',
	       0,
		650,
		 568);

INSERT INTO art_pricing(art, item_number, description, price)
	VALUES(LAST_INSERT_ID(), 'fl111', 'original', 450);



##-----------------------------------------------------------------------------------------




INSERT INTO art (artist, title, media, width, height, image, pricing_info, main_image, image_width, image_height)
	VALUES(149,
	       'latitude 76 degrees 50 minutes south longitude 34 degrees 58 minutes north 14 feb 1915',
	       'oil on canvas',
	        120,
	        110,
	       'latitude_76_degrees',
	      'commission example',
	       0,
		650,
		 607);



##-----------------------------------------------------------------------------------------




INSERT INTO art (artist, title, media, width, height, image, pricing_info, main_image, image_width, image_height)
	VALUES(149,
	       'le grand theatre du monde I',
	       'oil on canvas',
	        60,
	        30,
	       'le_grand_theatre_I',
	       'original, &pound;275',
	       0,
		650,
		 316);

INSERT INTO art_pricing(art, item_number, description, price)
	VALUES(LAST_INSERT_ID(), 'fl113', 'original', 275);



##-----------------------------------------------------------------------------------------




INSERT INTO art (artist, title, media, width, height, image, pricing_info, main_image, image_width, image_height)
	VALUES(149,
	       'le grand theatre du monde II',
	       'oil on canvas',
	        60,
	        30,
	       'le_grand_theatre_II',
	       'original, &pound;275',
	       0,
		650,
		 321);

INSERT INTO art_pricing(art, item_number, description, price)
	VALUES(LAST_INSERT_ID(), 'fl114', 'original', 275);



##-----------------------------------------------------------------------------------------




INSERT INTO art (artist, title, media, width, height, image, pricing_info, main_image, image_width, image_height)
	VALUES(149,
	       'le grand theatre du monde III',
	       'oil on canvas',
	        60,
	        30,
	       'le_grand_theatre_III',
	       'original, &pound;275',
	       0,
		650,
		 315);

INSERT INTO art_pricing(art, item_number, description, price)
	VALUES(LAST_INSERT_ID(), 'fl115', 'original', 275);



##-----------------------------------------------------------------------------------------




INSERT INTO art (artist, title, media, width, height, image, pricing_info, main_image, image_width, image_height)
	VALUES(149,
	       'life, death and mumbo jumbo',
	       'oil on canvas',
	        165,
	        75,
	       'life_death_and',
	       'original, &pound;390',
	       0,
		650,
		 306);

INSERT INTO art_pricing(art, item_number, description, price)
	VALUES(LAST_INSERT_ID(), 'fl116', 'original', 390);



##-----------------------------------------------------------------------------------------





INSERT INTO art (artist, title, media, width, height, image, pricing_info, main_image, image_width, image_height)
	VALUES(149,
	       'mask',
	       'oil on canvas',
	        165,
	        75,
	       'mask',
	       'original, &pound;390',
	       0,
		650,
		 308);

INSERT INTO art_pricing(art, item_number, description, price)
	VALUES(LAST_INSERT_ID(), 'fl117', 'original', 390);



##-----------------------------------------------------------------------------------------




INSERT INTO art (artist, title, media, width, height, image, pricing_info, main_image, image_width, image_height)
	VALUES(149,
	       'screamers',
	       'oil on canvas',
	        165,
	        75,
	       'screamers',
	       'original, &pound;390',
	       0,
		650,
		 299);

INSERT INTO art_pricing(art, item_number, description, price)
	VALUES(LAST_INSERT_ID(), 'fl118', 'original', 390);



##-----------------------------------------------------------------------------------------




INSERT INTO art (artist, title, media, width, height, image, pricing_info, main_image, image_width, image_height)
	VALUES(149,
	       'three studies for a self portrait',
	       'oil on canvas',
	        165,
	        75,
	       'three_studies_for',
	       'original, &pound;390',
	       0,
		650,
		 302);

INSERT INTO art_pricing(art, item_number, description, price)
	VALUES(LAST_INSERT_ID(), 'fl119', 'original', 390);



##-----------------------------------------------------------------------------------------





INSERT INTO art (artist, title, media, width, height, image, pricing_info, main_image, image_width, image_height)
	VALUES(149,
	       'chins atomic bike hiroshima 1945',
	       'oil on canvas',
	        125,
	        125,
	       'chins_atomic_bike',
	       'original, &pound;850',
	       0,
		640,
		 650);

INSERT INTO art_pricing(art, item_number, description, price)
	VALUES(LAST_INSERT_ID(), 'fl152', 'original', 850);



##-----------------------------------------------------------------------------------------




INSERT INTO art (artist, title, media, width, height, image, pricing_info, main_image, image_width, image_height)
	VALUES(149,
	       'on the beach (massacre at chungking 1941)',
	       'oil on canvas',
	        122,
	        122,
	       'on _the_beach',
	       'original, &pound;550',
	       0,
		650,
		 650);

INSERT INTO art_pricing(art, item_number, description, price)
	VALUES(LAST_INSERT_ID(), 'fl120', 'original', 550);



##-----------------------------------------------------------------------------------------




INSERT INTO art (artist, title, media, width, height, image, pricing_info, main_image, image_width, image_height)
	VALUES(149,
	       'small soldiers',
	       'oil on canvas',
	        110,
	        120,
	       'small_soldiers',
	       'original, &pound;450',
	       0,
		567,
		 650);

INSERT INTO art_pricing(art, item_number, description, price)
	VALUES(LAST_INSERT_ID(), 'fl121', 'original', 450);



##-----------------------------------------------------------------------------------------





INSERT INTO art (artist, title, media, width, height, image, pricing_info, main_image, image_width, image_height)
	VALUES(149,
	       'blue fish',
	       'oil on canvas',
	        16,
	        16,
	       'blue _fish',
	       'original, &pound;150',
	       0,
		647,
		 650);

INSERT INTO art_pricing(art, item_number, description, price)
	VALUES(LAST_INSERT_ID(), 'fl124', 'original', 150);



##-----------------------------------------------------------------------------------------




INSERT INTO art (artist, title, media, width, height, image, pricing_info, main_image, image_width, image_height)
	VALUES(149,
	       'neon I',
	       'oil on canvas',
	        16,
	        16,
	       'neon_I',
	       'original, &pound;150',
	       0,
		613,
		 650);

INSERT INTO art_pricing(art, item_number, description, price)
	VALUES(LAST_INSERT_ID(), 'fl125', 'original', 150);



##-----------------------------------------------------------------------------------------




INSERT INTO art (artist, title, media, width, height, image, pricing_info, main_image, image_width, image_height)
	VALUES(149,
	       'neon II',
	       'oil on canvas',
	        16,
	        16,
	       'neon_II',
	       'original, &pound;150',
	       0,
		632,
		 650);

INSERT INTO art_pricing(art, item_number, description, price)
	VALUES(LAST_INSERT_ID(), 'fl126', 'original', 150);



##-----------------------------------------------------------------------------------------

INSERT INTO art (artist, title, media, width, height, image, pricing_info, main_image, image_width, image_height)
	VALUES(149,
	       'songbird',
	       'oil on canvas',
	        16,
	        16,
	       'songbird',
	       'original, &pound;150',
	       0,
		636,
		 650);

INSERT INTO art_pricing(art, item_number, description, price)
	VALUES(LAST_INSERT_ID(), 'fl127', 'original', 150);



##-----------------------------------------------------------------------------------------



INSERT INTO art (artist, title, media, width, height, image, pricing_info, main_image, image_width, image_height)
	VALUES(149,
	       'surfacing',
	       'oil on canvas',
	        16,
	        16,
	       'surfacing',
	       'original, &pound;150',
	       0,
		650,
		 644);

INSERT INTO art_pricing(art, item_number, description, price)
	VALUES(LAST_INSERT_ID(), 'fl128', 'original', 150);



##-----------------------------------------------------------------------------------------



INSERT INTO art (artist, title, media, width, height, image, pricing_info, main_image, image_width, image_height)
	VALUES(149,
	       'trojan',
	       'oil on canvas',
	        169,
	        200,
	       'trojan',
	       'original, &pound;850',
	       0,
		531,
		 650);

INSERT INTO art_pricing(art, item_number, description, price)
	VALUES(LAST_INSERT_ID(), 'fl129', 'original', 850);



##-----------------------------------------------------------------------------------------



INSERT INTO art (artist, title, media, width, height, image, pricing_info, main_image, image_width, image_height)
	VALUES(149,
	       'trojan study I',
	       'oil stick and mixed media on canvas',
	        82,
	        87,
	       'trojan_study_I',
	       'original, &pound;350',
	       0,
		650,
		 650);

INSERT INTO art_pricing(art, item_number, description, price)
	VALUES(LAST_INSERT_ID(), 'fl130', 'original', 350);



##-----------------------------------------------------------------------------------------



INSERT INTO art (artist, title, media, width, height, image, pricing_info, main_image, image_width, image_height)
	VALUES(149,
	       'trojan study II',
	       'oil stick and mixed media on canvas',
	        82,
	        87,
	       'trojan_study_II',
	       'original, &pound;350',
	       0,
		642,
		 650);

INSERT INTO art_pricing(art, item_number, description, price)
	VALUES(LAST_INSERT_ID(), 'fl131', 'original', 350);



##-----------------------------------------------------------------------------------------



INSERT INTO art (artist, title, media, width, height, image, pricing_info, main_image, image_width, image_height)
	VALUES(149,
	       'trojan study III',
	       'oil stick and mixed media on canvas',
	        54,
	        72,
	       'trojan_study_III',
	       'original, &pound;150',
	       0,
		527,
		 650);

INSERT INTO art_pricing(art, item_number, description, price)
	VALUES(LAST_INSERT_ID(), 'fl132', 'original', 150);



##-----------------------------------------------------------------------------------------



INSERT INTO art (artist, title, media, width, height, image, pricing_info, main_image, image_width, image_height)
	VALUES(149,
	       'spitfire',
	       'oil on canvas',
	        169,
	        200,
	       'spitfire',
	       'original, &pound;850',
	       0,
		544,
		 650);

INSERT INTO art_pricing(art, item_number, description, price)
	VALUES(LAST_INSERT_ID(), 'fl133', 'original', 850);



##-----------------------------------------------------------------------------------------



INSERT INTO art (artist, title, media, width, height, image, pricing_info, main_image, image_width, image_height)
	VALUES(149,
	       'spitfire study I',
	       'oil stick and mixed media on canvas',
	        54,
	        72,
	       'spitfire_study_I',
	       'original, &pound;150',
	       0,
		479,
		 650);

INSERT INTO art_pricing(art, item_number, description, price)
	VALUES(LAST_INSERT_ID(), 'fl134', 'original', 150);



##-----------------------------------------------------------------------------------------



INSERT INTO art (artist, title, media, width, height, image, pricing_info, main_image, image_width, image_height)
	VALUES(149,
	       'spitfire study II',
	       'oil stick and mixed media on canvas',
	        54,
	        72,
	       'spitfire_study_II',
	       'original, &pound;150',
	       0,
		451,
		 650);

INSERT INTO art_pricing(art, item_number, description, price)
	VALUES(LAST_INSERT_ID(), 'fl135', 'original', 150);



##-----------------------------------------------------------------------------------------



INSERT INTO art (artist, title, media, width, height, image, pricing_info, main_image, image_width, image_height)
	VALUES(149,
	       'spitfire study III',
	       'oil stick and mixed media on canvas',
	        54,
	        72,
	       'spitfire_study_III',
	       'original, &pound;150',
	       0,
		480,
		 650);

INSERT INTO art_pricing(art, item_number, description, price)
	VALUES(LAST_INSERT_ID(), 'fl136', 'original', 150);



##-----------------------------------------------------------------------------------------




INSERT INTO art (artist, title, media, width, height, image, pricing_info, main_image, image_width, image_height)
	VALUES(149,
	       'borderline',
	       'oil on canvas',
	        80,
	        30,
	       'borderline',
	       'original, &pound;350',
	       0,
		650,
		 240);

INSERT INTO art_pricing(art, item_number, description, price)
	VALUES(LAST_INSERT_ID(), 'fl137', 'original', 350);



##-----------------------------------------------------------------------------------------



INSERT INTO art (artist, title, media, width, height, image, pricing_info, main_image, image_width, image_height)
	VALUES(149,
	       'caravanserai 1',
	       'oil on canvas',
	        80,
	        30,
	       'caravanserai_1',
	       'original, &pound;350',
	       0,
		650,
		 256);

INSERT INTO art_pricing(art, item_number, description, price)
	VALUES(LAST_INSERT_ID(), 'fl138', 'original', 350);



##-----------------------------------------------------------------------------------------



INSERT INTO art (artist, title, media, width, height, image, pricing_info, main_image, image_width, image_height)
	VALUES(149,
	       'caravanserai 2',
	       'oil on canvas',
	        100,
	        40,
	       'caravanserai_2',
	       'original, &pound;400',
	       0,
		650,
		 255);

INSERT INTO art_pricing(art, item_number, description, price)
	VALUES(LAST_INSERT_ID(), 'fl139', 'original', 400);



##-----------------------------------------------------------------------------------------



INSERT INTO art (artist, title, media, width, height, image, pricing_info, main_image, image_width, image_height)
	VALUES(149,
	       'landscape',
	       'oil on canvas',
	        80,
	        30,
	       'landscape',
	       'original, &pound;350',
	       0,
		650,
		 245);

INSERT INTO art_pricing(art, item_number, description, price)
	VALUES(LAST_INSERT_ID(), 'fl140', 'original', 350);



##-----------------------------------------------------------------------------------------



INSERT INTO art (artist, title, media, width, height, image, pricing_info, main_image, image_width, image_height)
	VALUES(149,
	       'monument',
	       'oil on canvas',
	        100,
	        40,
	       'monument',
	       'original, &pound;400',
	       0,
		262,
		 650);

INSERT INTO art_pricing(art, item_number, description, price)
	VALUES(LAST_INSERT_ID(), 'fl141', 'original', 400);



##-----------------------------------------------------------------------------------------



INSERT INTO art (artist, title, media, width, height, image, pricing_info, main_image, image_width, image_height)
	VALUES(149,
	       'outposts',
	       'oil on canvas',
	        100,
	        40,
	       'outposts',
	       'original, &pound;400',
	       0,
		275,
		 650);

INSERT INTO art_pricing(art, item_number, description, price)
	VALUES(LAST_INSERT_ID(), 'fl142', 'original', 400);



##-----------------------------------------------------------------------------------------



INSERT INTO art (artist, title, media, width, height, image, pricing_info, main_image, image_width, image_height)
	VALUES(149,
	       'palisade',
	       'oil on canvas',
	        100,
	        40,
	       'palisade',
	       'original, &pound;400',
	       0,
		650,
		 255);

INSERT INTO art_pricing(art, item_number, description, price)
	VALUES(LAST_INSERT_ID(), 'fl143', 'original', 400);



##-----------------------------------------------------------------------------------------



INSERT INTO art (artist, title, media, width, height, image, pricing_info, main_image, image_width, image_height)
	VALUES(149,
	       'settlement maybe',
	       'oil on canvas',
	        80,
	        30,
	       'settlement_maybe',
	       'original, &pound;350',
	       0,
		650,
		 242);

INSERT INTO art_pricing(art, item_number, description, price)
	VALUES(LAST_INSERT_ID(), 'fl144', 'original', 350);



##-----------------------------------------------------------------------------------------



INSERT INTO art (artist, title, media, width, height, image, pricing_info, main_image, image_width, image_height)
	VALUES(149,
	       'synthesis of recolletion',
	       'oil on canvas',
	        157,
	        127,
	       'synthesis_of_recolletion',
	       'original, &pound;550',
	       0,
		650,
		 303);

INSERT INTO art_pricing(art, item_number, description, price)
	VALUES(LAST_INSERT_ID(), 'fl145', 'original', 550);



##-----------------------------------------------------------------------------------------



INSERT INTO art (artist, title, media, width, height, image, pricing_info, main_image, image_width, image_height)
	VALUES(149,
	       'this is what i remember',
	       'oil on canvas',
	        80,
	        30,
	       'this_is_what',
	       'original, &pound;350',
	       0,
		650,
		 239);

INSERT INTO art_pricing(art, item_number, description, price)
	VALUES(LAST_INSERT_ID(), 'fl146', 'original', 350);



##-----------------------------------------------------------------------------------------



INSERT INTO art (artist, title, media, width, height, image, pricing_info, main_image, image_width, image_height)
	VALUES(149,
	       'stacks',
	       'oil on canvas',
	        175,
	        130,
	       'stacks',
	       'original, &pound;850',
	       0,
		477,
		 650);

INSERT INTO art_pricing(art, item_number, description, price)
	VALUES(LAST_INSERT_ID(), 'fl147', 'original', 850);



##-----------------------------------------------------------------------------------------



INSERT INTO art (artist, title, media, width, height, image, pricing_info, main_image, image_width, image_height)
	VALUES(149,
	       'refigured landscape',
	       'oil on canvas',
	        154,
	        123,
	       'refigured_landscape',
	       'original, &pound;850',
	       0,
		511,
		 650);

INSERT INTO art_pricing(art, item_number, description, price)
	VALUES(LAST_INSERT_ID(), 'fl148', 'original', 850);



##-----------------------------------------------------------------------------------------



INSERT INTO art (artist, title, media, width, height, image, pricing_info, main_image, image_width, image_height)
	VALUES(149,
	       'tower 1',
	       'oil on canvas',
	        154,
	        123,
	       'tower_1',
	       'original, &pound;850',
	       0,
		466,
		 650);

INSERT INTO art_pricing(art, item_number, description, price)
	VALUES(LAST_INSERT_ID(), 'fl149', 'original', 850);



##-----------------------------------------------------------------------------------------



INSERT INTO art (artist, title, media, width, height, image, pricing_info, main_image, image_width, image_height)
	VALUES(149,
	       'tower 2',
	       'oil on canvas',
	        107,
	        133,
	       'tower_2',
	       'original, &pound;750',
	       0,
		520,
		 650);

INSERT INTO art_pricing(art, item_number, description, price)
	VALUES(LAST_INSERT_ID(), 'fl150', 'original', 750);



##-----------------------------------------------------------------------------------------



INSERT INTO art (artist, title, media, width, height, image, pricing_info, main_image, image_width, image_height)
	VALUES(149,
	       'pantheon',
	       'oil on canvas',
	        128,
	        154,
	       'pantheon',
	       'original, &pound;850',
	       0,
		544,
		 650);

INSERT INTO art_pricing(art, item_number, description, price)
	VALUES(LAST_INSERT_ID(), 'fl151', 'original', 850);



##-----------------------------------------------------------------------------------------


	


INSERT INTO artist (id, name, statement, notes, display)
	VALUES(152, 'martin jones',
	'<p class="artist"> </p>

<p class="artist">After graduating from Manchester Metropolitan University in 1988, Martin worked as a freelance illustrator for magazine and book publishing companies in London. Clients included the Radio Times, Elle magazine, Cosmopolitan and The Observer magazine. In 2002 he began lecturing in illustration at Wigan and Leigh College. Martin is currently a full-time painter and takes part in exhibitions around Merseyside.</p>

<p class="artist">Martin draws inspiration from nature, a recurring theme being trees and their changes throughout the seasons. In these paintings he looks for pattern and structure within apparent randomness and confusion,imposing order and emphasizing repetition of forms and shapes.</p>

<p class="artist">The cat studies reveal a development of Martins illustration style. Originally intended as unrelated pictures,as the series progressed characters reappeared, and then became part of a bigger story. Later images show a deliberate move to more minimal compositions using a restricted palette.</p>
<p class="artist"></p>',
               NULL,
	       1);

##-----------------------------------------------------------------------------------------


INSERT INTO art (artist, title, media, width, height, image, pricing_info, main_image, image_width, image_height)
	VALUES(152,
	       'liverpool town hall',
	       'framed acrylic on paper',
	       50,
	       70,
	       'liverpool-town-hall',
	       'sold',
	       0,
		429,
		 650);




##-----------------------------------------------------------------------------------------

INSERT INTO art (artist, title, media, width, height, image, pricing_info, main_image, image_width, image_height)
	VALUES(152,
	       'princes avenue',
	       'acrylic on canvas',
	       101,
	       101,
	       'princes-avenue',
	       'sold',
	       1,
		650,
		 647);



##-----------------------------------------------------------------------------------------


INSERT INTO art (artist, title, media, width, height, image, pricing_info, main_image, image_width, image_height)
	VALUES(152,
	       'autumnal scene calderstones',
	       'acrylic on canvas',
	       76,
	       100,
	       'autumnal-scene',
	       'original, &pound;1200',
	       0,
		494,
		 650);

INSERT INTO art_pricing(art, item_number, description, price)
	VALUES(LAST_INSERT_ID(), 'mj116', 'original',1200);



##-----------------------------------------------------------------------------------------


INSERT INTO art (artist, title, media, width, height, image, pricing_info, main_image, image_width, image_height)
	VALUES(152,
	       'autumn sunlight',
	       'acrylic on canvas',
	       10,
	       50,
	       'autumn-sunlight',
	       'sold',
	       0,
		650,
		 326);



##-----------------------------------------------------------------------------------------




INSERT INTO art (artist, title, media, width, height, image, pricing_info, main_image, image_width, image_height)
	VALUES(152,
	       'the victoria building',
	       'acrylic on canvas',
	       90,
	       60,
	       'The_victoria_building',
	       'commission example',
	       0,
		650,
		 425);



##-----------------------------------------------------------------------------------------



INSERT INTO art (artist, title, media, width, height, image, pricing_info, main_image, image_width, image_height)
	VALUES(152,
	       'view of the three graces',
	       'acrylic on canvas',
	       76,
	       102,
	       'liver_building_from',
	     'original, &pound;1250',
	       0,
		493,
		 650);


INSERT INTO art_pricing(art, item_number, description, price)
	VALUES(LAST_INSERT_ID(), 'mj104', 'original',1250);


##-----------------------------------------------------------------------------------------


INSERT INTO art (artist, title, media, width, height, image, pricing_info, main_image, image_width, image_height)
	VALUES(152,
	       'view of water st + liver building',
	       'acrylic on canvas',
	       51,
	       76.5,
	       'view_of_water',
	       'commission example',
	       0,
		433,
		 650);




##-----------------------------------------------------------------------------------------



INSERT INTO art (artist, title, media, width, height, image, pricing_info, main_image, image_width, image_height)
	VALUES(152,
	       'view of water st + liver building 2',
	       'acrylic on canvas',
	       61,
	       71,
	       'view-of-water-2',
		'sold',
	       0,
		555,
		 650);



##-----------------------------------------------------------------------------------------


INSERT INTO art (artist, title, media, width, height, image, pricing_info, main_image, image_width, image_height)
	VALUES(152,
	       'maple trees',
	       'acrylic on canvas',
	       60,
	       60,
	       'maple_trees',
	       'original, &pound;750',
	       0,
		650,
		 645);

INSERT INTO art_pricing(art, item_number, description, price)
	VALUES(LAST_INSERT_ID(), 'mj101', 'original',750);



##-----------------------------------------------------------------------------------------

INSERT INTO art (artist, title, media, width, height, image, pricing_info, main_image, image_width, image_height)
	VALUES(152,
	       'beech trees',
	       'acrylic on canvas',
	       90.5,
	       90.5,
	       'beech_trees',
	             'commission example',
	       0,
		529,
		 515);




##-----------------------------------------------------------------------------------------



INSERT INTO art (artist, title, media, width, height, image, pricing_info, main_image, image_width, image_height)
	VALUES(152,
	       'cherry trees in blossom',
	       'acrylic on canvas',
	       90,
	       60,
	       'cherry_trees_in',
	       'original, &pound;950',
	       0,
		650,
		 435);

INSERT INTO art_pricing(art, item_number, description, price)
	VALUES(LAST_INSERT_ID(), 'mj105', 'original',950);



##-----------------------------------------------------------------------------------------

INSERT INTO art (artist, title, media, width, height, image, pricing_info, main_image, image_width, image_height)
	VALUES(152,
	       'tree in autumn',
	       'acrylic on canvas',
	       122,
	       30.5,
	       'tree_in_autumn',
	       'sold',
	       0,
		163,
		 650);


##-----------------------------------------------------------------------------------------

INSERT INTO art (artist, title, media, width, height, image, pricing_info, main_image, image_width, image_height)
	VALUES(152,
	       'gradation',
	       'acrylic on canvas',
	       130,
	       51,
	       'gradation',
	        'original, &pound;1500',
	       0,
		255,
		 650);


INSERT INTO art_pricing(art, item_number, description, price)
	VALUES(LAST_INSERT_ID(), 'mj104', 'original',1500);



##-----------------------------------------------------------------------------------------

INSERT INTO art (artist, title, media, width, height, image, pricing_info, main_image, image_width, image_height)
	VALUES(152,
	       'cat amongst the pigeons',
	       'acrylic on canvas',
	       51,
	       76.5,
	       'cat_amongst_the',
	       'commission example',
	       0,
		433,
		 650);




##-----------------------------------------------------------------------------------------

INSERT INTO art (artist, title, media, width, height, image, pricing_info, main_image, image_width, image_height)
	VALUES(152,
	       'three friends',
	       'acrylic on canvas',
	       51,
	       76.5,
	       'three_friends',
	       'original, &pound;500',
	       0,
		438,
		 650);

INSERT INTO art_pricing(art, item_number, description, price)
	VALUES(LAST_INSERT_ID(), 'mj107', 'original',500);



##-----------------------------------------------------------------------------------------

INSERT INTO art (artist, title, media, width, height, image, pricing_info, main_image, image_width, image_height)
	VALUES(152,
	       'a rainy day',
	       'acrylic on canvas',
	       50,
	       70,
	       'a_rainy_day',
	      'sold',
	       0,
		459,
		 650);



##-----------------------------------------------------------------------------------------

INSERT INTO art (artist, title, media, width, height, image, pricing_info, main_image, image_width, image_height)
	VALUES(152,
	       'woman with dog',
	       'acrylic on canvas',
	       50,
	       70,
	       'woman_with_dog',
	       'commission example',
	       0,
		471,
		 650);




##-----------------------------------------------------------------------------------------

INSERT INTO art (artist, title, media, width, height, image, pricing_info, main_image, image_width, image_height)
	VALUES(152,
	       'two cats',
	       'acrylic on canvas',
	       46,
	       61,
	       'two_cats',
	       'original, &pound;500',
	       0,
		494,
		 650);

INSERT INTO art_pricing(art, item_number, description, price)
	VALUES(LAST_INSERT_ID(), 'mj110', 'original',500);



##-----------------------------------------------------------------------------------------

INSERT INTO art (artist, title, media, width, height, image, pricing_info, main_image, image_width, image_height)
	VALUES(152,
	       'woman on a chaise longue',
	       'acrylic on canvas',
	       51,
	       76.5,
	       'woman_on_a_chaise',
	       'original, &pound;500',
	       0,
		433,
		 650);

INSERT INTO art_pricing(art, item_number, description, price)
	VALUES(LAST_INSERT_ID(), 'mj111', 'original',500);



##-----------------------------------------------------------------------------------------

INSERT INTO art (artist, title, media, width, height, image, pricing_info, main_image, image_width, image_height)
	VALUES(152,
	       'magician with rabbit',
	       'acrylic on canvas',
	       50,
	       70,
	       'magician_with_rabbit',
	       'original, &pound;500',
	       0,
		469,
		 650);

INSERT INTO art_pricing(art, item_number, description, price)
	VALUES(LAST_INSERT_ID(), 'mj112', 'original',500);



##-----------------------------------------------------------------------------------------

INSERT INTO art (artist, title, media, width, height, image, pricing_info, main_image, image_width, image_height)
	VALUES(152,
	       'cat with butterfly',
	       'acrylic on canvas',
	       51,
	       76.5,
	       'cat_with_butterfly',
	       'commission example',
	       0,
		650,
		 427);




##-----------------------------------------------------------------------------------------

INSERT INTO art (artist, title, media, width, height, image, pricing_info, main_image, image_width, image_height)
	VALUES(152,
	       'a windy day',
	       'acrylic on canvas',
	       51,
	       76.5,
	       'a_windy_day',
	       'commission example',
	       0,
		434,
		 650);



##-----------------------------------------------------------------------------------------



	
	


INSERT INTO artist (id, name, statement, notes, display)
	VALUES(154, 'tony evans',
	'<p class="artist"> </p>

<p class="artist">Born and raised in Liverpool, Tony now enjoys the beautiful Cheshire countryside surrounding his home in Kingsley. After working in Liverpool for The Prudential for over 30 years he turned to his long suppressed passion for art. At age 55 he attended Liverpool City College where he achieved GCSE and A Levels and subsequently emerged from Wirral Metropolitan College aged 58 with a B.A. Honours Degree in Fine Art.</p>

<p class="artist">Tony specialises in animals in action using mainly copper and bronze and the work is a result of hours of intense concentration and physical effort. His portrayals of nature capture the spirit and to the splendour of a whole menagerie of animals ranging from the simplicity of a frog to the magnificence of a life size Bengal tiger.</p>

<p class="artist">Tony was approached by Lever Faberge to supply 3 large sculptural panels and they are in their pemanent collection at Port Sunlight. His work has been included in Southports Municipal gallery, The Atkinson and sites alongside the work of such luminaries as Henry Moore, Alfred Munnings and Elizabeth Frink. He has recently been accepted into the Society of Wildlife Artists and included in "Whos who in art".</p>
<p class="artist">All sizes are approximate.</p>',
               NULL,
	       1);

##-----------------------------------------------------------------------------------------








INSERT INTO art (artist, title, media, width, height, image, pricing_info, main_image, image_width, image_height)
	VALUES(154,
	       'wild horse',
	       'copper and bronze sculpture',
	       61,
	       38,
	       'wild_horse',
	       'price on application',
	       1,
		435,
		 650);



##---------------------------------------------------------------------------------------


INSERT INTO art (artist, title, media, width, height, image, pricing_info, main_image, image_width, image_height)
	VALUES(154,
	       'salome',
	       'copper and bronze sculpture',
	       76,
	       56,
	       'salome',
	        'commission example',
	       0,
		467,
		 650);



##---------------------------------------------------------------------------------------


INSERT INTO art (artist, title, media, width, height, image, pricing_info, main_image, image_width, image_height)
	VALUES(154,
	       'bareback bronco rider',
	       'copper and bronze sculpture',
	       69,
	       38,
	       'bareback_bronco_rider',
	        'commission example',
	       0,
		461,
		 650);



##---------------------------------------------------------------------------------------

INSERT INTO art (artist, title, media, width, height, image, pricing_info, main_image, image_width, image_height)
	VALUES(154,
	       'the pugilist',
	       'copper and bronze sculpture',
	       69,
	       30,
	       'the_pugilist',
  		 'price on application',
	       0,
		435,
		 650);

##---------------------------------------------------------------------------------------



INSERT INTO art (artist, title, media, width, height, image, pricing_info, main_image, image_width, image_height)
	VALUES(154,
	       'liverpool waterfront',
	       'bronze relief mounted on wood',
	       165,
	       63,
	       'liverpool_waterfront',
	       'commission example',
	       0,
		650,
		 221);



##---------------------------------------------------------------------------------------


	

INSERT INTO art (artist, title, media, width, height, image, pricing_info, main_image, image_width, image_height)
	VALUES(154,
	       'baboon chasing off vulture',
	       'bronze and copper sculpture',
	       43,
	       15,
	       'baboon_chaseing_off',
	       'commission example',
	       0,
		650,
		 319);




##-----------------------------------------------------------------------------------------

INSERT INTO art (artist, title, media, width, height, image, pricing_info, main_image, image_width, image_height)
	VALUES(154,
	       'lion hunting zebra foal',
	       'bronze and copper sculpture',
	       51,
	       30,
	       'lion_hunting_zebra',
	       'commission example',
	       0,
		650,
		 432);




##-----------------------------------------------------------------------------------------

INSERT INTO art (artist, title, media, width, height, image, pricing_info, main_image, image_width, image_height)
	VALUES(154,
	       'lion fish',
	       'bronze and copper sculpture',
	       30,
	       30,
	       'lion_fish',
	          'price on application',
	       0,
		650,
		 522);



##-----------------------------------------------------------------------------------------

INSERT INTO art (artist, title, media, width, height, image, pricing_info, main_image, image_width, image_height)
	VALUES(154,
	       'walking horse',
	       'bronze and copper sculpture',
	       35,
	       23,
	       'walking_horse',
	        'price on application',
	       0,
		650,
		 451);



##-----------------------------------------------------------------------------------------

INSERT INTO art (artist, title, media, width, height, image, pricing_info, main_image, image_width, image_height)
	VALUES(154,
	       'cantering horse',
	       'bronze and copper sculpture',
	       45,
	       30,
	       'cantering_horse',
	          'price on application',
	       0,
		650,
		 432);


##-----------------------------------------------------------------------------------------

INSERT INTO art (artist, title, media, width, height, image, pricing_info, main_image, image_width, image_height)
	VALUES(154,
	       'rearing horse 1',
	       'bronze and copper sculpture',
	       43,
	       30,
	       'rearing_horse',
	       'price on application',
	       0,
		650,
		 504);



##-----------------------------------------------------------------------------------------



INSERT INTO art (artist, title, media, width, height, image, pricing_info, main_image, image_width, image_height)
	VALUES(154,
	       'rearing horse 2',
	       'bronze and copper sculpture',
	       43,
	       15,
	       'rearing_horse',
	        'price on application',
	       0,
		650,
		 504);



##-----------------------------------------------------------------------------------------
INSERT INTO art (artist, title, media, width, height, image, pricing_info, main_image, image_width, image_height)
	VALUES(154,
	       'galloping horse ',
	       'bronze and copper sculpture',
	       18,
	       15,
	       'galloping_horse_',
	       'commission example',
	       0,
		650,
		 553);




##-----------------------------------------------------------------------------------------

INSERT INTO art (artist, title, media, width, height, image, pricing_info, main_image, image_width, image_height)
	VALUES(154,
	       'greyhound running ',
	       'bronze sculpture',
	       20,
	       13,
	       'greyhound_running',
	       'price on application',
	       0,
		650,
		 432);



##-----------------------------------------------------------------------------------------


INSERT INTO art (artist, title, media, width, height, image, pricing_info, main_image, image_width, image_height)
	VALUES(154,
	       'north american bison ',
	       'bronze and copper sculpture',
	       35,
	       23,
	       'north_american_bison',
	     'price on application',
	       0,
		650,
		 432);




##-----------------------------------------------------------------------------------------

INSERT INTO art (artist, title, media, width, height, image, pricing_info, main_image, image_width, image_height)
	VALUES(154,
	       'proud stallion ',
	       'bronze sculpture',
	       46,
	       36,
	       'proud_stallion',
	       'price on application',
	       0,
		650,
		 432);



##-----------------------------------------------------------------------------------------



INSERT INTO art (artist, title, media, width, height, image, pricing_info, main_image, image_width, image_height)
	VALUES(154,
	       'king of the road',
	       'bronze and copper sculpture',
	       40,
	       20,
	       'king_of_the',
	       'price on application',
	       0,
		650,
		 411);



##-----------------------------------------------------------------------------------------

INSERT INTO art (artist, title, media, width, height, image, pricing_info, main_image, image_width, image_height)
	VALUES(154,
	       'wapiti',
	       'bronze and copper sculpture',
	       30,
	       30,
	       'wapiti',
	       'commission example',
	       0,
		650,
		 432);




##-----------------------------------------------------------------------------------------


INSERT INTO art (artist, title, media, width, height, image, pricing_info, main_image, image_width, image_height)
	VALUES(154,
	       'heavy horse foal',
	       'bronze and copper sculpture',
	       91,
	       152,
	       'heavy_horse_foal',
	       'commission example',
	       0,
		436,
		 650);




##-----------------------------------------------------------------------------------------

INSERT INTO art (artist, title, media, width, height, image, pricing_info, main_image, image_width, image_height)
	VALUES(154,
	       'zebra foal',
	       'bronze and copper sculpture',
	       91,
	       122,
	       'zebra_foal',
	       'commission example',
	       0,
		357,
		 650);




##-----------------------------------------------------------------------------------------


INSERT INTO art (artist, title, media, width, height, image, pricing_info, main_image, image_width, image_height)
	VALUES(154,
	       'skipping ',
	       'bronze and copper sculpture',
	       10,
	       23,
	       'skipping',
	      'price on application',
	       0,
		391,
		 650);




##-----------------------------------------------------------------------------------------

INSERT INTO art (artist, title, media, width, height, image, pricing_info, main_image, image_width, image_height)
	VALUES(154,
	       'heron fishing ',
	       'bronze and copper sculpture',
	       138,
	       138,
	       'heron_fishing',
	       'commission example',
	       0,
		650,
		 573);



##-----------------------------------------------------------------------------------------


INSERT INTO art (artist, title, media, width, height, image, pricing_info, main_image, image_width, image_height)
	VALUES(154,
	       'sam ',
	       'bronze and copper sculpture',
	       20,
	       23,
	       'sam',
	         'price on application',
	       0,
		650,
		 538);




##-----------------------------------------------------------------------------------------


INSERT INTO art (artist, title, media, width, height, image, pricing_info, main_image, image_width, image_height)
	VALUES(154,
	       'success 2',
	       'bronze sculpture',
	       15,
	       56,
	       'success',
	        'price on application',
	       0,
		483,
		 650);



##---------------------------------------------------------------------------------------




INSERT INTO art (artist, title, media, width, height, image, pricing_info, main_image, image_width, image_height)
	VALUES(154,
	       'success 1',
	       'bronze sculpture',
	       10,
	       28,
	       'success',
	      'price on application',
	       0,
		483,
		 650);



##---------------------------------------------------------------------------------------


	
		


INSERT INTO artist (id, name, statement, notes, display)
	VALUES(155, 'danny hampson',
	'<p class="artist">Danny Hampson was born in Liverpool in 1957. His father was an enthusiastic amateur photographer. His mother and closest relatives exhibited no artistic inclination. Dannys parents divorced when he was six years old and his Mum, stepfather, and sister moved to a new town - bright, modern and futuristic - in 1970. In this environment of heavy rock, glam rock, modern architecture and new art forms, he started to explore his creative inclinations through music and art. From the mid 1970s to the early 90s, music was his primary artistic pursuit. In 1981 Danny?s band, Modern Eon signed to the record label Dindisc.  One LP and three singles later, the band split.  In the late 90s (several musical adventures later), Danny lost his passion for creating music.  Art became his number one passion.
</p>

<p class="artist">In 1995 with no formal qualifications, Danny enrolled on a three year art-based GNVQ course and achieved a distinction.  Having discovered he had a passion for printmaking he then went to London College of Print where he obtained, in 2002, an upper 2:1 BA (Hons.) degree in Print Media (Surface Design). Moving back to Liverpool in 2003, Danny attempted to start a silkscreen printing workshop but found it too expensive to set up.  In Photoshop he found the perfect alternative to traditional print media. Importing texture, line drawing, and using layering techniques, he has created a strong and distinctive style.
</p>

<p class="artist">Danny says this of his work:</p>

<p class="artist">"My vision is to create work that is more than simply surface design, work with a fresh contemporary style that also encapsulates a feeling of history and longevity.  I want my designs to have the same effect as the great music, art and literature of the past - to sit in the subconscious and resonate with the viewer now and into the future."</p>
<p class="artist">"In a world where urban life and man-made structures continually collide with the organic shapes of nature, my aim is to abstract and reconstruct these elements to create an eclectic montage of work that brings harmony and balance into the contemporary environment."</p>
<p class="artist">All prints are supplied signed, numbered and mounted, ready to hang. Sizes refer to images size, rather than mount size. Other print sizes and media are available on request, call 0845 0176660.</p>',
               NULL,
	       1);

##-----------------------------------------------------------------------------------------


INSERT INTO art (artist, title, media, width, height, image, pricing_info, main_image, image_width, image_height)
	VALUES(155,
	       'chemical',
	       ' digital collage',
	       42,
	       30,
	       'chemical',
	       'limited edition giclee print, &pound;90',
	       0,
		650,
		 471);

INSERT INTO art_pricing(art, item_number, description, price)
	VALUES(LAST_INSERT_ID(), 'dh138', 'limited edition print',90);



##----------------------------------------------------------------------------------------
	
INSERT INTO art (artist, title, media, width, height, image, pricing_info, main_image, image_width, image_height)
	VALUES(155,
	       'autumn leaves',
	       ' digital collage',
	       84.1,
	       59.4,
	       'autumn-leaves',
	       'limited edition giclee print, &pound;180',
	       0,
		650,
		 471);

INSERT INTO art_pricing(art, item_number, description, price)
	VALUES(LAST_INSERT_ID(), 'dh124', 'limited edition print',180);



##----------------------------------------------------------------------------------------

	
INSERT INTO art (artist, title, media, width, height, image, pricing_info, main_image, image_width, image_height)
	VALUES(155,
	       'bench',
	       ' digital collage',
	       84.1,
	       59.4,
	       'bench',
	       'limited edition giclee print, &pound;180',
	       0,
		650,
		 460);

INSERT INTO art_pricing(art, item_number, description, price)
	VALUES(LAST_INSERT_ID(), 'dh125', 'limited edition print',180);



##----------------------------------------------------------------------------------------

	
INSERT INTO art (artist, title, media, width, height, image, pricing_info, main_image, image_width, image_height)
	VALUES(155,
	       'caveman to spaceman',
	       ' digital collage',
	       84.1,
	       59.4,
	       'caveman-to-spaceman',
	       'limited edition giclee print, &pound;180',
	       0,
		650,
		 460);

INSERT INTO art_pricing(art, item_number, description, price)
	VALUES(LAST_INSERT_ID(), 'dh126', 'limited edition print',180);



##----------------------------------------------------------------------------------------

	

	
INSERT INTO art (artist, title, media, width, height, image, pricing_info, main_image, image_width, image_height)
	VALUES(155,
	       'collision',
	       ' digital collage',
	       84.1,
	       59.4,
	       'collision',
	       'limited edition giclee print, &pound;180',
	       0,
		650,
		 460);

INSERT INTO art_pricing(art, item_number, description, price)
	VALUES(LAST_INSERT_ID(), 'dh128', 'limited edition print',180);



##----------------------------------------------------------------------------------------


	
INSERT INTO art (artist, title, media, width, height, image, pricing_info, main_image, image_width, image_height)
	VALUES(155,
	       'fuyu',
	       ' digital collage',
	       59.4,
	       84.1,
	       'fuyu',
	       'limited edition giclee print, &pound;180',
	       0,
		460,
		 650);

INSERT INTO art_pricing(art, item_number, description, price)
	VALUES(LAST_INSERT_ID(), 'dh129', 'limited edition print',180);



##----------------------------------------------------------------------------------------


	
INSERT INTO art (artist, title, media, width, height, image, pricing_info, main_image, image_width, image_height)
	VALUES(155,
	       'hurricane',
	       ' digital collage',
	       84.1,
	       59.4,
	       'hurricane',
	       'limited edition giclee print, &pound;180',
	       0,
		650,
		 471);

INSERT INTO art_pricing(art, item_number, description, price)
	VALUES(LAST_INSERT_ID(), 'dh130', 'limited edition print',180);



##----------------------------------------------------------------------------------------


	
INSERT INTO art (artist, title, media, width, height, image, pricing_info, main_image, image_width, image_height)
	VALUES(155,
	       'mask',
	       ' digital collage',
	       21,
	       84,
	       'mask',
	       'limited edition giclee print, &pound;135',
	       0,
		162,
		 650);

INSERT INTO art_pricing(art, item_number, description, price)
	VALUES(LAST_INSERT_ID(), 'dh131', 'limited edition print',135);



##----------------------------------------------------------------------------------------



	
INSERT INTO art (artist, title, media, width, height, image, pricing_info, main_image, image_width, image_height)
	VALUES(155,
	       'memories',
	       ' digital collage',
	       84.1,
	       59.4,
	       'memories',
	       'limited edition giclee print, &pound;180',
	       0,
		650,
		 460);

INSERT INTO art_pricing(art, item_number, description, price)
	VALUES(LAST_INSERT_ID(), 'dh132', 'limited edition print',180);



##----------------------------------------------------------------------------------------


	
INSERT INTO art (artist, title, media, width, height, image, pricing_info, main_image, image_width, image_height)
	VALUES(155,
	       'pragmatic meets artistic',
	       ' digital collage',
	       59.4,
	       84.1,
	       'pragmatic-meets-artistic',
	       'limited edition giclee print, &pound;180',
	       0,
		460,
		 650);

INSERT INTO art_pricing(art, item_number, description, price)
	VALUES(LAST_INSERT_ID(), 'dh133', 'limited edition print',180);



##----------------------------------------------------------------------------------------


	
INSERT INTO art (artist, title, media, width, height, image, pricing_info, main_image, image_width, image_height)
	VALUES(155,
	       'reflection',
	       ' digital collage',
	       59.4,
	       84.1,
	       'reflection',
	       'limited edition giclee print, &pound;180',
	       0,
		460,
		 650);

INSERT INTO art_pricing(art, item_number, description, price)
	VALUES(LAST_INSERT_ID(), 'dh134', 'limited edition print',180);



##----------------------------------------------------------------------------------------


	
INSERT INTO art (artist, title, media, width, height, image, pricing_info, main_image, image_width, image_height)
	VALUES(155,
	       'subconscious impulse',
	       ' digital collage',
	       84.1,
	       59.4,
	       'subconscious-impulse',
	       'limited edition giclee print, &pound;180',
	       0,
		460,
		 650);

INSERT INTO art_pricing(art, item_number, description, price)
	VALUES(LAST_INSERT_ID(), 'dh135', 'limited edition print',180);



##----------------------------------------------------------------------------------------



	
INSERT INTO art (artist, title, media, width, height, image, pricing_info, main_image, image_width, image_height)
	VALUES(155,
	       'tapestry',
	       ' digital collage',
	       59.4,
	       59.4,
	       'tapestry',
	       'limited edition giclee print, &pound;165',
	       0,
		650,
		 650);

INSERT INTO art_pricing(art, item_number, description, price)
	VALUES(LAST_INSERT_ID(), 'dh136', 'limited edition print',165);



##----------------------------------------------------------------------------------------



	
INSERT INTO art (artist, title, media, width, height, image, pricing_info, main_image, image_width, image_height)
	VALUES(155,
	       'viaduct',
	       ' digital collage',
	       59.4,
	       59.4,
	       'viaduct',
	       'limited edition giclee print, &pound;165',
	       1,
		650,
		 650);

INSERT INTO art_pricing(art, item_number, description, price)
	VALUES(LAST_INSERT_ID(), 'dh137', 'limited edition print',165);



##---------------------------------------------------------------------------------------





INSERT INTO art (artist, title, media, width, height, image, pricing_info, main_image, image_width, image_height)
	VALUES(155,
	       'notation',
	       'digital collage',
	       42,
	       30,
	       'notation',
	       'limited edition giclee print, &pound;90',
	       0,
		650,
		 460);

INSERT INTO art_pricing(art, item_number, description, price)
	VALUES(LAST_INSERT_ID(), 'dh117', 'limited edition print',90);



##----------------------------------------------------------------------------------------

INSERT INTO art (artist, title, media, width, height, image, pricing_info, main_image, image_width, image_height)
	VALUES(155,
	       'passion play',
	       'digital collage',
	       30,
	       30,
	       'passion-play',
	       'limited edition giclee print, &pound;85',
	       0,
		650,
		 650);

INSERT INTO art_pricing(art, item_number, description, price)
	VALUES(LAST_INSERT_ID(), 'dh118', 'limited edition print',85);



##----------------------------------------------------------------------------------------



INSERT INTO art (artist, title, media, width, height, image, pricing_info, main_image, image_width, image_height)
	VALUES(155,
	       'interference',
	       'digital collage giclee print',
	       84,
	       59,
	       'interference',
	       'limited edition giclee print, &pound;180',
	       0,
		650,
		 450);

INSERT INTO art_pricing(art, item_number, description, price)
	VALUES(LAST_INSERT_ID(), 'dh113', 'limited edition print',180);



##----------------------------------------------------------------------------------------



INSERT INTO art (artist, title, media, width, height, image, pricing_info, main_image, image_width, image_height)
	VALUES(155,
	       'space probe',
	       'digital collage',
	       59,
	       59,
	       'space-probe',
	       'limited edition giclee print, &pound;165',
	       0,
		650,
		 650);

INSERT INTO art_pricing(art, item_number, description, price)
	VALUES(LAST_INSERT_ID(), 'dh120', 'limited edition print',165);



##----------------------------------------------------------------------------------------

INSERT INTO art (artist, title, media, width, height, image, pricing_info, main_image, image_width, image_height)
	VALUES(155,
	       'vertigo',
	       'digital collage',
	       59,
	       59,
	       'vertigo',
	       'limited edition giclee print, &pound;165',
	       0,
		650,
		 650);

INSERT INTO art_pricing(art, item_number, description, price)
	VALUES(LAST_INSERT_ID(), 'dh121', 'limited edition print',165);



##----------------------------------------------------------------------------------------

INSERT INTO art (artist, title, media, width, height, image, pricing_info, main_image, image_width, image_height)
	VALUES(155,
	       'waves',
	       'digital collage',
	       84,
	       59,
	       'waves',
	       'limited edition giclee print, &pound;180',
	       0,
		650,
		 460);

INSERT INTO art_pricing(art, item_number, description, price)
	VALUES(LAST_INSERT_ID(), 'dh122', 'limited edition print',180);



##----------------------------------------------------------------------------------------


INSERT INTO art (artist, title, media, width, height, image, pricing_info, main_image, image_width, image_height)
	VALUES(155,
	       'liquid',
	       'digital collage',
	       84,
	       21,
	       'liquid',
	       'limited edition giclee print, &pound;135',
	       0,
		650,
		 162);

INSERT INTO art_pricing(art, item_number, description, price)
	VALUES(LAST_INSERT_ID(), 'dh123', 'limited edition print',135);



##----------------------------------------------------------------------------------------

INSERT INTO art (artist, title, media, width, height, image, pricing_info, main_image, image_width, image_height)
	VALUES(155,
	       'close to the edge',
	       'digital collage',
	       84,
	       59,
	       'close-to-the',
	       'limited edition giclee print, &pound;180',
	       0,
		650,
		 460);

INSERT INTO art_pricing(art, item_number, description, price)
	VALUES(LAST_INSERT_ID(), 'dh102', 'limited edition print',180);



##----------------------------------------------------------------------------------------

INSERT INTO art (artist, title, media, width, height, image, pricing_info, main_image, image_width, image_height)
	VALUES(155,
	       'comet',
	       'digital collage',
	       30,
	       30,
	       'comet',
	       'limited edition giclee print, &pound;85',
	       0,
		650,
		 650);

INSERT INTO art_pricing(art, item_number, description, price)
	VALUES(LAST_INSERT_ID(), 'dh103', 'limited edition print',85);



##----------------------------------------------------------------------------------------

INSERT INTO art (artist, title, media, width, height, image, pricing_info, main_image, image_width, image_height)
	VALUES(155,
	       'nature faces form',
	       'digital collage',
	       84,
	       30,
	       'nature-faces-form',
	       'limited edition giclee print, &pound;135',
	       0,
		650,
		 232);

INSERT INTO art_pricing(art, item_number, description, price)
	VALUES(LAST_INSERT_ID(), 'dh104', 'limited edition print',135);



##----------------------------------------------------------------------------------------

INSERT INTO art (artist, title, media, width, height, image, pricing_info, main_image, image_width, image_height)
	VALUES(155,
	       'cruiser',
	       'digital collage',
	       42,
	       30,
	       'cruiser',
	       'limited edition giclee print, &pound;90',
	       0,
		650,
		 460);

INSERT INTO art_pricing(art, item_number, description, price)
	VALUES(LAST_INSERT_ID(), 'dh105', 'limited edition print',90);



##----------------------------------------------------------------------------------------

INSERT INTO art (artist, title, media, width, height, image, pricing_info, main_image, image_width, image_height)
	VALUES(155,
	       'east meets west',
	       'digital collage',
	       30,
	       84,
	       'east-meets-west',
	       'limited edition giclee print, &pound;135',
	       0,
		232,
		 650);

INSERT INTO art_pricing(art, item_number, description, price)
	VALUES(LAST_INSERT_ID(), 'dh106', 'limited edition print',135);



##----------------------------------------------------------------------------------------

INSERT INTO art (artist, title, media, width, height, image, pricing_info, main_image, image_width, image_height)
	VALUES(155,
	       'eastern promise',
	       'digital collage',
	       30,
	       42,
	       'eastern-promise',
	       'limited edition giclee print, &pound;90',
	       0,
		460,
		 650);

INSERT INTO art_pricing(art, item_number, description, price)
	VALUES(LAST_INSERT_ID(), 'dh107', 'limited edition print',90);



##----------------------------------------------------------------------------------------

INSERT INTO art (artist, title, media, width, height, image, pricing_info, main_image, image_width, image_height)
	VALUES(155,
	       'ectoplasm',
	       'digital collage',
	       15,
	       40,
	       'ectoplasm',
	       'limited edition giclee print, &pound;85',
	       0,
		232,
		 650);

INSERT INTO art_pricing(art, item_number, description, price)
	VALUES(LAST_INSERT_ID(), 'dh108', 'limited edition print',85);



##----------------------------------------------------------------------------------------

INSERT INTO art (artist, title, media, width, height, image, pricing_info, main_image, image_width, image_height)
	VALUES(155,
	       'faith',
	       'digital collage',
	       30,
	       30,
	       'faith',
	       'limited edition giclee print, &pound;85',
	       0,
		650,
		 650);

INSERT INTO art_pricing(art, item_number, description, price)
	VALUES(LAST_INSERT_ID(), 'dh109', 'limited edition print',85);



##----------------------------------------------------------------------------------------

INSERT INTO art (artist, title, media, width, height, image, pricing_info, main_image, image_width, image_height)
	VALUES(155,
	       'fusion',
	       'digital collage',
	       84,
	       59,
	       'fusion',
	       'limited edition giclee print, &pound;180',
	       0,
		650,
		 460);

INSERT INTO art_pricing(art, item_number, description, price)
	VALUES(LAST_INSERT_ID(), 'dh110', 'limited edition print',180);



##----------------------------------------------------------------------------------------

INSERT INTO art (artist, title, media, width, height, image, pricing_info, main_image, image_width, image_height)
	VALUES(155,
	       'gateway',
	       'digital collage',
	       30,
	       30,
	       'gateway',
	       'limited edition giclee print, &pound;85',
	       0,
		650,
		 650);

INSERT INTO art_pricing(art, item_number, description, price)
	VALUES(LAST_INSERT_ID(), 'dh111', 'limited edition print',85);



##----------------------------------------------------------------------------------------

INSERT INTO art (artist, title, media, width, height, image, pricing_info, main_image, image_width, image_height)
	VALUES(155,
	       'industry',
	       'digital collage',
	       59,
	       59,
	       'industry',
	       'limited edition giclee print, &pound;165',
	       0,
		650,
		 650);

INSERT INTO art_pricing(art, item_number, description, price)
	VALUES(LAST_INSERT_ID(), 'dh112', 'limited edition print',165);



##----------------------------------------------------------------------------------------
INSERT INTO art (artist, title, media, width, height, image, pricing_info, main_image, image_width, image_height)
	VALUES(155,
	       'introspection',
	       'digital collage',
	       30,
	       84,
	       'introspection',
	       'limited edition giclee print, &pound;135',
	       0,
		232,
		 650);

INSERT INTO art_pricing(art, item_number, description, price)
	VALUES(LAST_INSERT_ID(), 'dh114', 'limited edition print',135);



##--------------------------------------------------------------------------

INSERT INTO art (artist, title, media, width, height, image, pricing_info, main_image, image_width, image_height)
	VALUES(155,
	       'solar wind',
	       'digital collage',
	       59,
	       59,
	       'solar-wind',
	       'limited edition giclee print, &pound;165',
	       0,
		650,
		 650);

INSERT INTO art_pricing(art, item_number, description, price)
	VALUES(LAST_INSERT_ID(), 'dh119', 'limited edition print',165);



##----------------------------------------------------------------------------------------

	
INSERT INTO art (artist, title, media, width, height, image, pricing_info, main_image, image_width, image_height)
	VALUES(155,
	       'celtic stone',
	       'digital collage',
	       71,
	       25,
	       'celtic-stone',
	       'limited edition giclee print, &pound;100',
	       0,
		650,
		 232);

INSERT INTO art_pricing(art, item_number, description, price)
	VALUES(LAST_INSERT_ID(), 'dh123', 'limited edition print',100);



##----------------------------------------------------------------------------------------

INSERT INTO art (artist, title, media, width, height, image, pricing_info, main_image, image_width, image_height)
	VALUES(155,
	       'sunset',
	       'digital collage',
	       38,
	       58,
	       'sunset',
	       'limited edition giclee print, &pound;165',
	       0,
		420,
		 650);

INSERT INTO art_pricing(art, item_number, description, price)
	VALUES(LAST_INSERT_ID(), 'dh138', 'limited edition print',165);



##----------------------------------------------------------------------------------------

INSERT INTO artist (id, name, statement, notes, display)
	VALUES(156, 'graeme murray',
	'<p class="artist"> </p>

<p class="artist">Graeme Murray is a Digital Photographic Artist based in Southport. He has been working with digital photography for the past 12 years and has an interest in looking at things 
from a different angle. His work includes digital abstract art and digital photography; 
he has been commissioned to produce a large scale abstract work in Liverpool and has exhibited and sold work in and around the Merseyside area. His photography has been published frequently in local newspapers, and as a self taught artist, is always looking for ways to diversify.</p>

<p class="artist">He says:</p>
<p class="artist">"There are many inspirations for my work including the natural world, colour and shape, architecture and structure, maths, geometry and physics."</p>

<p class="artist">All images are professionally printed on various heavyweight fine art papers using the latest printing technology and inks to ensure an outstanding finish.
All prints are sold mounted, signed and numbered. Other sizes are available on request.
</p>',

               NULL,
	       1);

##-----------------------------------------------------------------------------------------





INSERT INTO art (artist, title, media, width, height, image, pricing_info, main_image, image_width, image_height)
	VALUES(156,
	       'solar dawn',
	       'fine art prints',
	       40,
	       30,
	       'solar-dawn',
	       'limited edition print, &pound;75',
	       0,
		459,
		 650);

INSERT INTO art_pricing(art, item_number, description, price)
	VALUES(LAST_INSERT_ID(), 'gm104', 'limited edition print',75);



##-----------------------------------------------------------------------------------------    




INSERT INTO art (artist, title, media, width, height, image, pricing_info, main_image, image_width, image_height)
	VALUES(156,
	       'green mist',
	       'fine art prints',
	       40,
	       30,
	       'green-mist',
	       'limited edition print, &pound;75',
	       0,
		650,
		 459);

INSERT INTO art_pricing(art, item_number, description, price)
	VALUES(LAST_INSERT_ID(), 'gm105', 'limited edition print',75);



##-----------------------------------------------------------------------------------------       




INSERT INTO art (artist, title, media, width, height, image, pricing_info, main_image, image_width, image_height)
	VALUES(156,
	       'three trees',
	       'fine art prints',
	       40,
	       30,
	       'three-trees',
	       'limited edition print, &pound;75',
	       0,
		650,
		 459);

INSERT INTO art_pricing(art, item_number, description, price)
	VALUES(LAST_INSERT_ID(), 'gm106', 'limited edition print',75);



##-----------------------------------------------------------------------------------------        




INSERT INTO art (artist, title, media, width, height, image, pricing_info, main_image, image_width, image_height)
	VALUES(156,
	       'ecclesia',
	       'fine art prints',
	       30,
	       30,
	       'ecclesia',
	       'limited edition print, &pound;75',
	       0,
		650,
		 650);

INSERT INTO art_pricing(art, item_number, description, price)
	VALUES(LAST_INSERT_ID(), 'gm107', 'limited edition print',75);



##-----------------------------------------------------------------------------------------         




INSERT INTO art (artist, title, media, width, height, image, pricing_info, main_image, image_width, image_height)
	VALUES(156,
	       'enlightened',
	       'fine art prints',
	       30,
	       30,
	       'enlightened',
	       'limited edition print, &pound;75',
	       0,
		649,
		 650);

INSERT INTO art_pricing(art, item_number, description, price)
	VALUES(LAST_INSERT_ID(), 'gm108', 'limited edition print',75);



##-----------------------------------------------------------------------------------------        




INSERT INTO art (artist, title, media, width, height, image, pricing_info, main_image, image_width, image_height)
	VALUES(156,
	       'a good place to wash your hair',
	       'fine art prints',
	       30,
	       30,
	       'a-good-place',
	       'limited edition print, &pound;75',
	       0,
		650,
		 650);

INSERT INTO art_pricing(art, item_number, description, price)
	VALUES(LAST_INSERT_ID(), 'gm109', 'limited edition print',75);



##-----------------------------------------------------------------------------------------         




INSERT INTO art (artist, title, media, width, height, image, pricing_info, main_image, image_width, image_height)
	VALUES(156,
	       'marine time',
	       'fine art prints',
	       40,
	       30,
	       'marine-time',
	       'limited edition print, &pound;75',
	       0,
		488,
		 650);

INSERT INTO art_pricing(art, item_number, description, price)
	VALUES(LAST_INSERT_ID(), 'gm110', 'limited edition print',75);



##-----------------------------------------------------------------------------------------            




INSERT INTO art (artist, title, media, width, height, image, pricing_info, main_image, image_width, image_height)
	VALUES(156,
	       'taking the strain',
	       'fine art prints',
	       40,
	       30,
	       'taking-the-strain',
	       'limited edition print, &pound;75',
	       0,
		650,
		 441);

INSERT INTO art_pricing(art, item_number, description, price)
	VALUES(LAST_INSERT_ID(), 'gm111', 'limited edition print',75);



##-----------------------------------------------------------------------------------------                  




INSERT INTO art (artist, title, media, width, height, image, pricing_info, main_image, image_width, image_height)
	VALUES(156,
	       'moonrise',
	       'fine art prints',
	       40,
	       30,
	       'moonrise',
	       'limited edition print, &pound;75',
	       0,
		650,
		 403);

INSERT INTO art_pricing(art, item_number, description, price)
	VALUES(LAST_INSERT_ID(), 'gm112', 'limited edition print',75);



##-----------------------------------------------------------------------------------------                    




INSERT INTO art (artist, title, media, width, height, image, pricing_info, main_image, image_width, image_height)
	VALUES(156,
	       'bolted',
	       'fine art prints',
	       40,
	       30,
	       'bolted',
	       'limited edition print, &pound;75',
	       0,
		650,
		 439);

INSERT INTO art_pricing(art, item_number, description, price)
	VALUES(LAST_INSERT_ID(), 'gm113', 'limited edition print',75);



##-----------------------------------------------------------------------------------------                     




INSERT INTO art (artist, title, media, width, height, image, pricing_info, main_image, image_width, image_height)
	VALUES(156,
	       'the one that got away',
	       'fine art prints',
	       40,
	       30,
	       'the-one-that',
	       'limited edition print, &pound;75',
	       1,
		650,
		 415);

INSERT INTO art_pricing(art, item_number, description, price)
	VALUES(LAST_INSERT_ID(), 'gm114', 'limited edition print',75);



##-----------------------------------------------------------------------------------------                      




INSERT INTO art (artist, title, media, width, height, image, pricing_info, main_image, image_width, image_height)
	VALUES(156,
	       '21 01',
	       'fine art prints',
	       40,
	       30,
	       '21-01',
	       'limited edition print, &pound;75',
	       0,
		650,
		 447);

INSERT INTO art_pricing(art, item_number, description, price)
	VALUES(LAST_INSERT_ID(), 'gm115', 'limited edition print',75);



##-----------------------------------------------------------------------------------------                         




INSERT INTO art (artist, title, media, width, height, image, pricing_info, main_image, image_width, image_height)
	VALUES(156,
	       'days end',
	       'fine art prints',
	       40,
	       30,
	       'days-end',
	       'limited edition print, &pound;75',
	       0,
		650,
		 450);

INSERT INTO art_pricing(art, item_number, description, price)
	VALUES(LAST_INSERT_ID(), 'gm116', 'limited edition print',75);



##-----------------------------------------------------------------------------------------                          




INSERT INTO art (artist, title, media, width, height, image, pricing_info, main_image, image_width, image_height)
	VALUES(156,
	       'going home',
	       'fine art prints',
	       40,
	       30,
	       'going-home',
	       'limited edition print, &pound;75',
	       0,
		650,
		 478);

INSERT INTO art_pricing(art, item_number, description, price)
	VALUES(LAST_INSERT_ID(), 'gm118', 'limited edition print',75);



##-----------------------------------------------------------------------------------------                            




INSERT INTO art (artist, title, media, width, height, image, pricing_info, main_image, image_width, image_height)
	VALUES(156,
	       'dark night',
	       'fine art prints',
	       40,
	       30,
	       'dark-night',
	       'limited edition print, &pound;75',
	       0,
		650,
		 488);

INSERT INTO art_pricing(art, item_number, description, price)
	VALUES(LAST_INSERT_ID(), 'gm119', 'limited edition print',75);



##-----------------------------------------------------------------------------------------                            




INSERT INTO art (artist, title, media, width, height, image, pricing_info, main_image, image_width, image_height)
	VALUES(156,
	       'take a seat',
	       'fine art prints',
	       40,
	       30,
	       'take-a-seat',
	       'limited edition print, &pound;75',
	       0,
		650,
		 488);

INSERT INTO art_pricing(art, item_number, description, price)
	VALUES(LAST_INSERT_ID(), 'gm120', 'limited edition print',75);



##-----------------------------------------------------------------------------------------                               




INSERT INTO art (artist, title, media, width, height, image, pricing_info, main_image, image_width, image_height)
	VALUES(156,
	       'liquid neon',
	       'fine art prints',
	       60,
	       50,
	       'liquid-neon',
	       'limited edition print, &pound;95',
	       0,
		459,
		 650);

INSERT INTO art_pricing(art, item_number, description, price)
	VALUES(LAST_INSERT_ID(), 'gm121', 'limited edition print',95);



##-----------------------------------------------------------------------------------------                                





INSERT INTO art (artist, title, media, width, height, image, pricing_info, main_image, image_width, image_height)
	VALUES(156,
	       'luminosity',
	       'fine art prints',
	       40,
	       30,
	       'luminosity',
	       'limited edition print, &pound;75',
	       0,
		456,
		 650);

INSERT INTO art_pricing(art, item_number, description, price)
	VALUES(LAST_INSERT_ID(), 'gm117', 'limited edition print',75);



##-----------------------------------------------------------------------------------------                            



INSERT INTO art (artist, title, media, width, height, image, pricing_info, main_image, image_width, image_height)
	VALUES(156,
	       'physical metal',
	       'fine art prints',
	       60,
	       50,
	       'physical-metal',
	       'limited edition print, &pound;95',
	       0,
		457,
		 650);

INSERT INTO art_pricing(art, item_number, description, price)
	VALUES(LAST_INSERT_ID(), 'gm122', 'limited edition print',95);


##----------------------------------------------------------------------------------------- 


INSERT INTO art (artist, title, media, width, height, image, pricing_info, main_image, image_width, image_height)
	VALUES(156,
	       'liverdelic',
	       'digital photo',
	       20,
	       20,
	       'liverdelic',
	       'limited edition print, &pound;45',
	       0,
		650,
		 650);

INSERT INTO art_pricing(art, item_number, description, price)
	VALUES(LAST_INSERT_ID(), 'gm101', 'limited edition print',45);



##-----------------------------------------------------------------------------------------




INSERT INTO art (artist, title, media, width, height, image, pricing_info, main_image, image_width, image_height)
	VALUES(156,
	       'red fibres',
	       'digital photo',
	       20,
	       20,
	       'red_fibres',
	       'limited edition print, &pound;45',
	       0,
		650,
		 650);

INSERT INTO art_pricing(art, item_number, description, price)
	VALUES(LAST_INSERT_ID(), 'gm102', 'limited edition print',45);



##-----------------------------------------------------------------------------------------




INSERT INTO art (artist, title, media, width, height, image, pricing_info, main_image, image_width, image_height)
	VALUES(156,
	       'red fibres II',
	       'digital photo',
	       20,
	       20,
	       'red_fibres_II',
	       'limited edition print, &pound;45',
	       0,
		650,
		 650);

INSERT INTO art_pricing(art, item_number, description, price)
	VALUES(LAST_INSERT_ID(), 'gm103', 'limited edition print',45);




INSERT INTO artist (id, name, statement, notes, display)
	VALUES(171, 'jackie stevens',
	'<p class="artist">I am a graphic designer and editor who has been in the publishing industry since 1986 after being made redundant from my job as a panel-beater. Over the years have gained experience of working with children?s books, annual reports, advertising literature, and magazines, for clients including: Penguin Books, Harper Collins, McDonalds, Direct Line, Vauxhall Motors, Logica, Direct Line and The Health and Safety Executive</p>

<p class="artist">In my work I get to use a lot of different imagery, including photography, so it is something I have always been interested in. A trip to New York in 2004, and the work I produced from that, attracted a high level of interest from family and friends and encouraged me to turn photography from a hobby, into a commercial venture. Although my work starts with a photograph, I like to add to it. I manipulate the images on-screen, applying filters and enhanements until I achieve a more moody, almost sketched appearance which works particularly well with the subjects I choose. I am currently building up a library of manipulated images of Liverpool; it is an ever-changing city and there is always plenty to point a lens at. Other iconic World city images feature highly in my work, driven largely by a fascination with architectural styles.</p>

<p class="artist">
</p>

<p class="artist"></p>
<p class="artist"></p>',
               NULL,
	       1);

##-----------------------------------------------------------------------------------------

INSERT INTO art (artist, title, media, width, height, image, pricing_info, main_image, image_width, image_height)
	VALUES(171,
	       'cases in shadow',
	       'photographic print',
	       27,
	       20,
	       'cases_in_shadow',
	       'limited edition print, &pound;65',
	       0,
		650,
		 485);

INSERT INTO art_pricing(art, item_number, description, price)
	VALUES(LAST_INSERT_ID(), 'jst101', 'limited edition print',65);



##-----------------------------------------------------------------------------------------

INSERT INTO art (artist, title, media, width, height, image, pricing_info, main_image, image_width, image_height)
	VALUES(171,
	       'ferry',
	       'photographic print',
	       27,
	       20,
	       'ferry',
	       'limited edition print, &pound;65',
	       0,
		650,
		 485);

INSERT INTO art_pricing(art, item_number, description, price)
	VALUES(LAST_INSERT_ID(), 'jst102', 'limited edition print',65);



##-----------------------------------------------------------------------------------------

INSERT INTO art (artist, title, media, width, height, image, pricing_info, main_image, image_width, image_height)
	VALUES(171,
	       'lamb looks up',
	       'photographic print',
	       20,
	       27,
	       'lamb_looks_up',
	       'limited edition print, &pound;65',
	       0,
		485,
		 650);

INSERT INTO art_pricing(art, item_number, description, price)
	VALUES(LAST_INSERT_ID(), 'jst103', 'limited edition print',65);



##-----------------------------------------------------------------------------------------

INSERT INTO art (artist, title, media, width, height, image, pricing_info, main_image, image_width, image_height)
	VALUES(171,
	       'lime st taxis',
	       'photographic print',
	       27,
	       20,
	       'lime_st_taxis',
	       'limited edition print, &pound;65',
	       0,
		650,
		 485);

INSERT INTO art_pricing(art, item_number, description, price)
	VALUES(LAST_INSERT_ID(), 'jst104', 'limited edition print',65);



##-----------------------------------------------------------------------------------------

INSERT INTO art (artist, title, media, width, height, image, pricing_info, main_image, image_width, image_height)
	VALUES(171,
	       'liver at night',
	       'photographic print',
	       20,
	       27,
	       'liver_at_night',
	       'limited edition print, &pound;65',
	       0,
		485,
		 650);

INSERT INTO art_pricing(art, item_number, description, price)
	VALUES(LAST_INSERT_ID(), 'jst105', 'limited edition print',65);



##-----------------------------------------------------------------------------------------

INSERT INTO art (artist, title, media, width, height, image, pricing_info, main_image, image_width, image_height)
	VALUES(171,
	       'liver from the ferry',
	       'photographic print',
	       27,
	       20,
	       'liver_from_the',
	       'limited edition print, &pound;65',
	       0,
		650,
		 485);

INSERT INTO art_pricing(art, item_number, description, price)
	VALUES(LAST_INSERT_ID(), 'jst106', 'limited edition print',65);



##-----------------------------------------------------------------------------------------

INSERT INTO art (artist, title, media, width, height, image, pricing_info, main_image, image_width, image_height)
	VALUES(171,
	       'liverly angle',
	       'photographic print',
	       20,
	       27,
	       'liverly_angle',
	       'limited edition print, &pound;65',
	       0,
		485,
		 650);

INSERT INTO art_pricing(art, item_number, description, price)
	VALUES(LAST_INSERT_ID(), 'jst107', 'limited edition print',65);



##-----------------------------------------------------------------------------------------

	

INSERT INTO art (artist, title, media, width, height, image, pricing_info, main_image, image_width, image_height)
	VALUES(171,
	       'albert dock',
	       'photographic print',
	       20,
	       27,
	       'albert dock',
	       'limited edition print, &pound;65',
	       0,
		650,
		 403);

INSERT INTO art_pricing(art, item_number, description, price)
	VALUES(LAST_INSERT_ID(), 'jst108', 'limited edition print',65);



##-----------------------------------------------------------------------------------------

	



INSERT INTO art (artist, title, media, width, height, image, pricing_info, main_image, image_width, image_height)
	VALUES(171,
	       'cobbles and lights',
	       'photographic print',
	       20,
	       27,
	       'cobbles_and_lights',
	       'limited edition print, &pound;65',
	       0,
		650,
		 435);

INSERT INTO art_pricing(art, item_number, description, price)
	VALUES(LAST_INSERT_ID(), 'jst109', 'limited edition print',65);



##-----------------------------------------------------------------------------------------

	


INSERT INTO art (artist, title, media, width, height, image, pricing_info, main_image, image_width, image_height)
	VALUES(171,
	       'grace',
	       'photographic print',
	       20,
	       27,
	       'grace',
	       'limited edition print, &pound;65',
	       0,
		650,
		 435);

INSERT INTO art_pricing(art, item_number, description, price)
	VALUES(LAST_INSERT_ID(), 'jst110', 'limited edition print',65);



##-----------------------------------------------------------------------------------------

	


INSERT INTO art (artist, title, media, width, height, image, pricing_info, main_image, image_width, image_height)
	VALUES(171,
	       'liver lamb',
	       'photographic print',
	       20,
	       27,
	       'liver_lamb',
	       'limited edition print, &pound;65',
	       1,
		472,
		 650);

INSERT INTO art_pricing(art, item_number, description, price)
	VALUES(LAST_INSERT_ID(), 'jst111', 'limited edition print',65);



##-----------------------------------------------------------------------------------------

	


INSERT INTO art (artist, title, media, width, height, image, pricing_info, main_image, image_width, image_height)
	VALUES(171,
	       'liver reflect',
	       'photographic print',
	       20,
	       27,
	       'liver reflect',
	       'limited edition print, &pound;65',
	       0,
		650,
		 435);

INSERT INTO art_pricing(art, item_number, description, price)
	VALUES(LAST_INSERT_ID(), 'jst112', 'limited edition print',65);



##-----------------------------------------------------------------------------------------

	


INSERT INTO art (artist, title, media, width, height, image, pricing_info, main_image, image_width, image_height)
	VALUES(171,
	       'skyline',
	       'photographic print',
	       20,
	       27,
	       'skyline',
	       'limited edition print, &pound;65',
	       0,
		650,
		 292);

INSERT INTO art_pricing(art, item_number, description, price)
	VALUES(LAST_INSERT_ID(), 'jst113', 'limited edition print',65);



##-----------------------------------------------------------------------------------------

	

	


INSERT INTO art (artist, title, media, width, height, image, pricing_info, main_image, image_width, image_height)
	VALUES(171,
	       'tower framed',
	       'photographic print',
	       20,
	       27,
	       'tower_framed',
	       'limited edition print, &pound;65',
	       0,
		349,
		 650);

INSERT INTO art_pricing(art, item_number, description, price)
	VALUES(LAST_INSERT_ID(), 'jst114', 'limited edition print',65);



##-----------------------------------------------------------------------------------------

	

	INSERT INTO art (artist, title, media, width, height, image, pricing_info, main_image, image_width, image_height)
	VALUES(171,
	       'empire state',
	       'print on canvas',
	       56,
	       56,
	       'empire-state',
	       'limited edition print, &pound;135',
	       0,
		650,
		 650);

INSERT INTO art_pricing(art, item_number, description, price)
	VALUES(LAST_INSERT_ID(), 'jst115', 'limited edition print',135);



##-----------------------------------------------------------------------------------------


	

	INSERT INTO art (artist, title, media, width, height, image, pricing_info, main_image, image_width, image_height)
	VALUES(171,
	       'radio city tower',
	       'print on canvas',
	       85,
	       38,
	       'radio-city-tower',
	       'limited edition print, &pound;148',
	       0,
		329,
		 650);

INSERT INTO art_pricing(art, item_number, description, price)
	VALUES(LAST_INSERT_ID(), 'jst116', 'limited edition print',148);



##-----------------------------------------------------------------------------------------


	

	INSERT INTO art (artist, title, media, width, height, image, pricing_info, main_image, image_width, image_height)
	VALUES(171,
	       'chrysler sunbeam',
	       'print on canvas',
	       85,
	       60,
	       'chrysler-sunbeam',
	       'limited edition print, &pound;160',
	       0,
		459,
		 650);

INSERT INTO art_pricing(art, item_number, description, price)
	VALUES(LAST_INSERT_ID(), 'jst117', 'limited edition print',160);



##-----------------------------------------------------------------------------------------


	

	INSERT INTO art (artist, title, media, width, height, image, pricing_info, main_image, image_width, image_height)
	VALUES(171,
	       'towering above',
	       'print on canvas',
	       85,
	       60,
	       'towering-above',
	       'limited edition print, &pound;160',
	       0,
		479,
		 650);

INSERT INTO art_pricing(art, item_number, description, price)
	VALUES(LAST_INSERT_ID(), 'jst118', 'limited edition print',160);



##-----------------------------------------------------------------------------------------


	

	INSERT INTO art (artist, title, media, width, height, image, pricing_info, main_image, image_width, image_height)
	VALUES(171,
	       'under harbour bridge',
	       'print on canvas',
	       56,
	       56,
	       'under-harbour-bridge',
	       'limited edition print, &pound;135',
	       0,
		650,
		 650);

INSERT INTO art_pricing(art, item_number, description, price)
	VALUES(LAST_INSERT_ID(), 'jst119', 'limited edition print',135);



##-----------------------------------------------------------------------------------------


	
INSERT INTO art (artist, title, media, width, height, image, pricing_info, main_image, image_width, image_height)
	VALUES(171,
	       'liver pop art',
	       'print on canvas',
	       70,
	       31,
	       'liver-pop-art',
	       'limited edition print, &pound;300',
	       0,
		650,
		 385);

INSERT INTO art_pricing(art, item_number, description, price)
	VALUES(LAST_INSERT_ID(), 'jst120', 'limited edition print',300);



##-----------------------------------------------------------------------------------------


	
INSERT INTO art (artist, title, media, width, height, image, pricing_info, main_image, image_width, image_height)
	VALUES(171,
	       'glowing liver',
	       'photographic print limited ed',
	       27,
	       20,
	       'glowing-liver',
	       'limited edition print, &pound;65',
	       0,
		650,
		 435);

INSERT INTO art_pricing(art, item_number, description, price)
	VALUES(LAST_INSERT_ID(), 'jst121', 'limited edition print',65);



##-----------------------------------------------------------------------------------------


	
INSERT INTO art (artist, title, media, width, height, image, pricing_info, main_image, image_width, image_height)
	VALUES(171,
	       'liverpool launch teal',
	       'photographic art giclee print',
	       76,
	       25,
	       'liverpool-launch-teal',
	       'limited edition print, &pound;95',
	       0,
		650,
		 220);

INSERT INTO art_pricing(art, item_number, description, price)
	VALUES(LAST_INSERT_ID(), 'jst122', 'limited edition print',95);



##-----------------------------------------------------------------------------------------


	
INSERT INTO art (artist, title, media, width, height, image, pricing_info, main_image, image_width, image_height)
	VALUES(171,
	       'liverpool launch grey',
	       'photographic art giclee print',
	       76,
	       25,
	       'liverpool-launch-grey',
	       'limited edition print, &pound;95',
	       0,
		650,
		 220);

INSERT INTO art_pricing(art, item_number, description, price)
	VALUES(LAST_INSERT_ID(), 'jst123', 'limited edition print',95);



##-----------------------------------------------------------------------------------------


	
INSERT INTO art (artist, title, media, width, height, image, pricing_info, main_image, image_width, image_height)
	VALUES(171,
	       'liverpool silhouette',
	       'photographic art giclee print',
	       95,
	       25,
	       'liverpool-silhouette',
	       'limited edition print, &pound;105',
	       0,
		650,
		 177);

INSERT INTO art_pricing(art, item_number, description, price)
	VALUES(LAST_INSERT_ID(), 'jst124', 'limited edition print',105);



##-----------------------------------------------------------------------------------------


	
INSERT INTO art (artist, title, media, width, height, image, pricing_info, main_image, image_width, image_height)
	VALUES(171,
	       'liverpool skyline',
	       'photographic art giclee print',
	       95,
	       25,
	       'liverpool-skyline',
	       'limited edition print, &pound;105',
	       0,
		650,
		 177);

INSERT INTO art_pricing(art, item_number, description, price)
	VALUES(LAST_INSERT_ID(), 'jst125', 'limited edition print',105);



##-----------------------------------------------------------------------------------------


	
INSERT INTO art (artist, title, media, width, height, image, pricing_info, main_image, image_width, image_height)
	VALUES(171,
	       'museums and cathedral',
	       'photographic art giclee print',
	       27,
	       12,
	       'museums-and-cathedral',
	       'limited edition print, &pound;45',
	       0,
		650,
		 292);

INSERT INTO art_pricing(art, item_number, description, price)
	VALUES(LAST_INSERT_ID(), 'jst126', 'limited edition print',45);



##-----------------------------------------------------------------------------------------


	
INSERT INTO art (artist, title, media, width, height, image, pricing_info, main_image, image_width, image_height)
	VALUES(171,
	       'pale blue liverpool',
	       'photographic art giclee print',
	       76,
	       25,
	       'pale-blue-liverpool',
	       'limited edition print, &pound;95',
	       0,
		650,
		 218);

INSERT INTO art_pricing(art, item_number, description, price)
	VALUES(LAST_INSERT_ID(), 'jst127', 'limited edition print',95);



##-----------------------------------------------------------------------------------------


	
INSERT INTO art (artist, title, media, width, height, image, pricing_info, main_image, image_width, image_height)
	VALUES(171,
	       'skyline blue',
	       'photographic art giclee print',
	       100,
	       20,
	       'skyline-blue',
	       'limited edition print, &pound;120',
	       0,
		650,
		 141);

INSERT INTO art_pricing(art, item_number, description, price)
	VALUES(LAST_INSERT_ID(), 'jst128', 'limited edition print',120);



##-----------------------------------------------------------------------------------------


	
INSERT INTO art (artist, title, media, width, height, image, pricing_info, main_image, image_width, image_height)
	VALUES(171,
	       'sunrise and liverpool towers',
	       'photographic art giclee print',
	       27,
	       20,
	       'sunrise-and-liverpool',
	       'limited edition print, &pound;65',
	       0,
		650,
		 436);

INSERT INTO art_pricing(art, item_number, description, price)
	VALUES(LAST_INSERT_ID(), 'jst129', 'limited edition print',65);



##-----------------------------------------------------------------------------------------


	
INSERT INTO art (artist, title, media, width, height, image, pricing_info, main_image, image_width, image_height)
	VALUES(171,
	       'liver pop art triyptych',
	       'photographic art giclee print mounted',
	       14,
	       9,
	       'liver-pop-art',
	       'limited edition print, &pound;45',
	       0,
		650,
		 351);

INSERT INTO art_pricing(art, item_number, description, price)
	VALUES(LAST_INSERT_ID(), 'jst130', 'limited edition print',45);



##-----------------------------------------------------------------------------------------


	
INSERT INTO art (artist, title, media, width, height, image, pricing_info, main_image, image_width, image_height)
	VALUES(171,
	       'hydrant',
	       'photographic art giclee print double layer mount',
	       29,
	       20,
	       'hydrant',
	       'limited edition print, &pound;65',
	       0,
		483,
		 650);

INSERT INTO art_pricing(art, item_number, description, price)
	VALUES(LAST_INSERT_ID(), 'jst131', 'limited edition print',65);



##-----------------------------------------------------------------------------------------


	
INSERT INTO art (artist, title, media, width, height, image, pricing_info, main_image, image_width, image_height)
	VALUES(171,
	       'dixie dean',
	       'photographic art giclee print double layer mount',
	       29,
	       20,
	       'dixie-dean',
	       'limited edition print, &pound;65',
	       0,
		476,
		 650);

INSERT INTO art_pricing(art, item_number, description, price)
	VALUES(LAST_INSERT_ID(), 'jst132', 'limited edition print',65);



##-----------------------------------------------------------------------------------------


	
INSERT INTO art (artist, title, media, width, height, image, pricing_info, main_image, image_width, image_height)
	VALUES(171,
	       'ny taxi on mono',
	       'photographic art giclee print double layer mount',
	       29,
	       20,
	       'ny-taxi-on',
	       'limited edition print, &pound;65',
	       0,
		650,
		 490);

INSERT INTO art_pricing(art, item_number, description, price)
	VALUES(LAST_INSERT_ID(), 'jst133', 'limited edition print',65);



##-------------------------------------------------------------------------------------------------------------------


	
INSERT INTO art (artist, title, media, width, height, image, pricing_info, main_image, image_width, image_height)
	VALUES(171,
	       'ny taxi 2 on mono',
	       'photographic print',
	       29,
	       20,
	       'ny-taxi-2',
	       'limited edition print, &pound;65',
	       0,
		484,
		 650);

INSERT INTO art_pricing(art, item_number, description, price)
	VALUES(LAST_INSERT_ID(), 'jst134', 'limited edition print',65);



##-----------------------------------------------------------------------------------------


	
INSERT INTO art (artist, title, media, width, height, image, pricing_info, main_image, image_width, image_height)
	VALUES(171,
	       'vivid liver',
	       'photographic art giclee print double layer mount',
	       29,
	       20,
	       'vivid-liver',
	       'limited edition print, &pound;65',
	       0,
		489,
		 650);

INSERT INTO art_pricing(art, item_number, description, price)
	VALUES(LAST_INSERT_ID(), 'jst135', 'limited edition print',65);



##--------------------------------------------------------------------------------------------
	
	
	
	
	
	
	
	


##----------------------------------------------------------------------------------------- 

INSERT INTO artist (id, name, statement, notes, display)
	VALUES(179, 'mark mcgowan',
	'<p class="artist">
</p>

<p class="artist">"I have been taking photos of Liverpool and the surrounding area for the last three years - a lifelong appreciation of the citys architecture lead me into photography and it is still the main focus of my work. I love to produce cityscapes but also look for the hidden details for the city, trying to show the city from a different point of view. I am particularly well known for my work with reflections and take advantage of the newest technology in my post-processing work."</p>

<p class="artist">

</p>

<p class="artist"></p>
<p class="artist"></p>',
               NULL,
	       1);

##-----------------------------------------------------------------


INSERT INTO art (artist, title, media, width, height, image, pricing_info, main_image, image_width, image_height)
	VALUES(179,
	       'old lady st nicolas in unity',
	       'photographic print',
	       60,
	       42,
	       'old_lady_st',
	       'limited edition print, &pound;95',
	       0,
		650,
		 386);

INSERT INTO art_pricing(art, item_number, description, price)
	VALUES(LAST_INSERT_ID(), 'mm103', 'limited edition print',95);



##---------------------------------------------------------------


INSERT INTO art (artist, title, media, width, height, image, pricing_info, main_image, image_width, image_height)
	VALUES(179,
	       'on reflection',
	       'photographic print',
	       60,
	       42,
	       'on_reflection',
	       'limited edition print, &pound;95',
	       0,
		650,
		 431);

INSERT INTO art_pricing(art, item_number, description, price)
	VALUES(LAST_INSERT_ID(), 'mm104', 'limited edition print',95);



##---------------------------------------------------------------



INSERT INTO art (artist, title, media, width, height, image, pricing_info, main_image, image_width, image_height)
	VALUES(179,
	       'textured liver',
	       'photographic print',
	       60,
	       42,
	       'textured_liver',
	       'limited edition print, &pound;95',
	       0,
		650,
		 433);

INSERT INTO art_pricing(art, item_number, description, price)
	VALUES(LAST_INSERT_ID(), 'mm106', 'limited edition print',95);



##---------------------------------------------------------------



INSERT INTO art (artist, title, media, width, height, image, pricing_info, main_image, image_width, image_height)
	VALUES(179,
	       'the digit counters fall',
	       'photographic print',
	       60,
	       42,
	       'the_digit_counters',
	       'limited edition print, &pound;95',
	       0,
		650,
		 432);

INSERT INTO art_pricing(art, item_number, description, price)
	VALUES(LAST_INSERT_ID(), 'mm108', 'limited edition print',95);



##---------------------------------------------------------------



INSERT INTO art (artist, title, media, width, height, image, pricing_info, main_image, image_width, image_height)
	VALUES(179,
	       'anglican interior',
	       'photographic print',
	       60,
	       42,
	       'anglican_interior',
	       'limited edition print, &pound;95',
	       0,
		650,
		 434);

INSERT INTO art_pricing(art, item_number, description, price)
	VALUES(LAST_INSERT_ID(), 'mm110', 'limited edition print',95);



##---------------------------------------------------------------



INSERT INTO art (artist, title, media, width, height, image, pricing_info, main_image, image_width, image_height)
	VALUES(179,
	       'another place',
	       'photographic print',
	       60,
	       42,
	       'another_place',
	       'limited edition print, &pound;95',
	       0,
		650,
		 429);

INSERT INTO art_pricing(art, item_number, description, price)
	VALUES(LAST_INSERT_ID(), 'mm111', 'limited edition print',95);



##---------------------------------------------------------------




INSERT INTO art (artist, title, media, width, height, image, pricing_info, main_image, image_width, image_height)
	VALUES(179,
	       'chinatown arch',
	       'photographic print',
	       60,
	       42,
	       'chinatown_arch',
	       'limited edition print, &pound;95',
	       0,
		650,
		 431);

INSERT INTO art_pricing(art, item_number, description, price)
	VALUES(LAST_INSERT_ID(), 'mm113', 'limited edition print',95);



##---------------------------------------------------------------



INSERT INTO art (artist, title, media, width, height, image, pricing_info, main_image, image_width, image_height)
	VALUES(179,
	       'do you believe',
	       'photographic print',
	       60,
	       42,
	       'do_you_believe',
	       'limited edition print, &pound;95',
	       0,
		650,
		 370);

INSERT INTO art_pricing(art, item_number, description, price)
	VALUES(LAST_INSERT_ID(), 'mm114', 'limited edition print',95);



##---------------------------------------------------------------






INSERT INTO artist (id, name, statement, notes, display)
	VALUES(180, 'susan lee brown',
	'<p class="artist">
</p>

<p class="artist">Susan Brown is a grumpy cantankerous artist. An American who lives in England. Any art education was far too long ago to be relevant. She has been a Liverpool artist for longer than she wants to admit and is listed on the art in Liverpool website. Living on a coastline means that beach scenes and depictions of water feature quite a lot in her work. She has work in collections around the globe, in loads of private homes and has frequent exhibitions of her work.</p>

<p class="artist">
</p>

<p class="artist"></p>
<p class="artist"></p>',
               NULL,
	       1);

##-----------------------------------------------------------------



INSERT INTO art (artist, title, media, width, height, image, pricing_info, main_image, image_width, image_height)
	VALUES(180,
	       'st georges hall evening',
	         'oil on board',
	       84,
	       84,
	       'st-georges-hall',
	       'framed original, &pound;250',
	       0,
		650,
		 571);

INSERT INTO art_pricing(art, item_number, description, price)
	VALUES(LAST_INSERT_ID(), 'sb118', 'framed original',250);



##---------------------------------------------------------------



INSERT INTO art (artist, title, media, width, height, image, pricing_info, main_image, image_width, image_height)
	VALUES(180,
	       'cathedral of christ the king evening',
	         'oil on board',
	       84,
	       84,
	       'cathedral-of-christ',
	       'framed original, &pound;250',
	       0,
		650,
		 595);

INSERT INTO art_pricing(art, item_number, description, price)
	VALUES(LAST_INSERT_ID(), 'sb119', 'original',250);



##---------------------------------------------------------------



INSERT INTO art (artist, title, media, width, height, image, pricing_info, main_image, image_width, image_height)
	VALUES(180,
	       'resting ballerina',
	         'oil on canvas',
	       60,
	       80,
	       'resting_ballerina',
	       'original, &pound;75',
	       0,
		500,
		 650);

INSERT INTO art_pricing(art, item_number, description, price)
	VALUES(LAST_INSERT_ID(), 'sb116', 'original',75);



##---------------------------------------------------------------




INSERT INTO art (artist, title, media, width, height, image, pricing_info, main_image, image_width, image_height)
	VALUES(180,
	       'harbour',
	         'framed oil on canvas',
	       76,
	       76,
	       'harbour',
	       'original, &pound;450',
	       0,
		650,
		 620);

INSERT INTO art_pricing(art, item_number, description, price)
	VALUES(LAST_INSERT_ID(), 'sb118', 'original',450);



##---------------------------------------------------------------





INSERT INTO art (artist, title, media, width, height, image, pricing_info, main_image, image_width, image_height)
	VALUES(180,
	       'horses',
	         'framed oil on canvas',
	       60,
	       50,
	       'horses',
	       'original, &pound;450',
	       0,
		650,
		 494);

INSERT INTO art_pricing(art, item_number, description, price)
	VALUES(LAST_INSERT_ID(), 'sb119', 'original',450);



##---------------------------------------------------------------





INSERT INTO art (artist, title, media, width, height, image, pricing_info, main_image, image_width, image_height)
	VALUES(180,
	       'camino horses',
	         'framed oil on canvas',
	       60,
	       50,
	       'camino_horses',
	       'original, &pound;450',
	       0,
		650,
		 488);

INSERT INTO art_pricing(art, item_number, description, price)
	VALUES(LAST_INSERT_ID(), 'sb116', 'original',450);



##---------------------------------------------------------------

INSERT INTO art (artist, title, media, width, height, image, pricing_info, main_image, image_width, image_height)
	VALUES(180,
	       'day at the beach',
	       'oil on board',
	       75,
	       60,
	       'day_at_the',
	       'commission example',
	       0,
		650,
		 499);






##---------------------------------------------------------------




INSERT INTO art (artist, title, media, width, height, image, pricing_info, main_image, image_width, image_height)
	VALUES(180,
	       'the pickpocket',
	       'framed oil on canvas',
	       100,
	       100,
	       'the_pickpocket',
	       'commission example',
	       0,
		650,
		 642);



##---------------------------------------------------------------


INSERT INTO art (artist, title, media, width, height, image, pricing_info, main_image, image_width, image_height)
	VALUES(180,
	       'long night at the walker',
	       'framed oil on canvas paper',
	       30,
	       33,
	       'long_night_at',
	       'commission example',
	       0,
		458,
		 650);




##---------------------------------------------------------------



INSERT INTO art (artist, title, media, width, height, image, pricing_info, main_image, image_width, image_height)
	VALUES(180,
	       'magpie',
	         'drypoint',
	       40,
	       51,
	       'magpie',
	       'original, &pound;35',
	       0,
		650,
		 465);

INSERT INTO art_pricing(art, item_number, description, price)
	VALUES(LAST_INSERT_ID(), 'sb119', 'original',35);



##---------------------------------------------------------------



INSERT INTO art (artist, title, media, width, height, image, pricing_info, main_image, image_width, image_height)
	VALUES(180,
	       'racing the moon',
	         'drypoint',
	       40,
	       51,
	       'racing-the-moon',
	       'original, &pound;35',
	       0,
		650,
		 473);

INSERT INTO art_pricing(art, item_number, description, price)
	VALUES(LAST_INSERT_ID(), 'sb120', 'original',35);



##---------------------------------------------------------------



INSERT INTO art (artist, title, media, width, height, image, pricing_info, main_image, image_width, image_height)
	VALUES(180,
	       'waiting 1',
	         'drypoint',
	       40,
	       51,
	       'waiting-1',
	       'original, &pound;35',
	       0,
		650,
		 470);

INSERT INTO art_pricing(art, item_number, description, price)
	VALUES(LAST_INSERT_ID(), 'sb121', 'original',35);



##---------------------------------------------------------------



INSERT INTO art (artist, title, media, width, height, image, pricing_info, main_image, image_width, image_height)
	VALUES(180,
	       'waiting 2',
	         'drypoint',
	       40,
	       51,
	       'waiting-2',
	       'original, &pound;35',
	       0,
		650,
		 474);

INSERT INTO art_pricing(art, item_number, description, price)
	VALUES(LAST_INSERT_ID(), 'sb122', 'original',35);



##---------------------------------------------------------------



INSERT INTO art (artist, title, media, width, height, image, pricing_info, main_image, image_width, image_height)
	VALUES(180,
	       'waiting 3',
	         'drypoint',
	       40,
	       51,
	       'waiting-3',
	       'original, &pound;35',
	       0,
		427,
		 650);

INSERT INTO art_pricing(art, item_number, description, price)
	VALUES(LAST_INSERT_ID(), 'sb123', 'original',35);



##---------------------------------------------------------------



INSERT INTO art (artist, title, media, width, height, image, pricing_info, main_image, image_width, image_height)
	VALUES(180,
	       'nest',
	         'drypoint',
	       30,
	       40,
	       'nest',
	       'original, &pound;35',
	       0,
		650,
		 452);

INSERT INTO art_pricing(art, item_number, description, price)
	VALUES(LAST_INSERT_ID(), 'sb124', 'original',35);



##---------------------------------------------------------------



INSERT INTO art (artist, title, media, width, height, image, pricing_info, main_image, image_width, image_height)
	VALUES(180,
	       'pin tail',
	         'lino cut',
	       30,
	       40,
	       'pin-tail',
	       'original, &pound;35',
	       0,
		650,
		 493);

INSERT INTO art_pricing(art, item_number, description, price)
	VALUES(LAST_INSERT_ID(), 'sb125', 'original',35);



##---------------------------------------------------------------



INSERT INTO art (artist, title, media, width, height, image, pricing_info, main_image, image_width, image_height)
	VALUES(180,
	       'rabbit',
	         'lino cut',
	       30,
	       40,
	       'rabbit',
	       'original, &pound;35',
	       0,
		569,
		 650);

INSERT INTO art_pricing(art, item_number, description, price)
	VALUES(LAST_INSERT_ID(), 'sb126', 'original',35);



##---------------------------------------------------------------



INSERT INTO art (artist, title, media, width, height, image, pricing_info, main_image, image_width, image_height)
	VALUES(180,
	       'march hare',
	         'lino cut',
	       30,
	       40,
	       'march-hare',
	       'original, &pound;35',
	       1,
		650,
		 425);

INSERT INTO art_pricing(art, item_number, description, price)
	VALUES(LAST_INSERT_ID(), 'sb127', 'original',35);



##---------------------------------------------------------------



INSERT INTO art (artist, title, media, width, height, image, pricing_info, main_image, image_width, image_height)
	VALUES(180,
	       'scooter',
	         'oil on canvas',
	       50,
	       40,
	       'scooter',
	       'original, &pound;75',
	       0,
		497,
		 650);

INSERT INTO art_pricing(art, item_number, description, price)
	VALUES(LAST_INSERT_ID(), 'sb128', 'original',75);



##---------------------------------------------------------------



INSERT INTO art (artist, title, media, width, height, image, pricing_info, main_image, image_width, image_height)
	VALUES(180,
	       'boat house',
	         'oil on canvas',
	       50,
	       60,
	       'boat-house',
	       'original, &pound;100',
	       0,
		650,
		 535);

INSERT INTO art_pricing(art, item_number, description, price)
	VALUES(LAST_INSERT_ID(), 'sb129', 'original',100);



##---------------------------------------------------------------



INSERT INTO art (artist, title, media, width, height, image, pricing_info, main_image, image_width, image_height)
	VALUES(180,
	       'i could live there',
	         'oil on canvas',
	       50,
	       60,
	       'i-could-live',
	       'original, &pound;100',
	       0,
		650,
		 530);

INSERT INTO art_pricing(art, item_number, description, price)
	VALUES(LAST_INSERT_ID(), 'sb130', 'original',100);



##---------------------------------------------------------------



INSERT INTO art (artist, title, media, width, height, image, pricing_info, main_image, image_width, image_height)
	VALUES(180,
	       'little eye',
	         'oil on canvas',
	       50,
	       90,
	       'little-eye',
	       'original, &pound;100',
	       0,
		650,
		 408);

INSERT INTO art_pricing(art, item_number, description, price)
	VALUES(LAST_INSERT_ID(), 'sb131', 'original',100);



##---------------------------------------------------------------



INSERT INTO art (artist, title, media, width, height, image, pricing_info, main_image, image_width, image_height)
	VALUES(180,
	       'lantern parade',
	         'oil on canvas',
	       60,
	       60,
	       'lantern-parade',
	       'original, &pound;250',
	       0,
		641,
		 408);

INSERT INTO art_pricing(art, item_number, description, price)
	VALUES(LAST_INSERT_ID(), 'sb132', 'original',250);



##---------------------------------------------------------------
		






	


INSERT INTO artist (id, name, statement, notes, display)
	VALUES(190, 'daniel moores',
	'<p class="artist">Dan Moores was born and raised in Liverpool, and is currently Studying a BA (Hons) in Fine Art with Professional Practice, at the Blackpool school of art.
</p>

<p class="artist">Before starting his degree, Dans work was influenced by the appearance and movement of birds. This was part of a college project about freedom. His work now revolves on his surrounding and travels, but has also looked upon how sight works, and how people see the world in there own way. That what you see is not what everyone else gets. That we only experience the world thought chemical signals that are sent to are brains, from only five scenes. That we never really come in to contact with the world around us, and that we build a picture of what we imagine the world to be like. In his work Dan has distorted figures, exaggerated colour (such as red, blue and green) or removed colour altogether and played around with the contrast in his photographs, paintings and sketches. This is to show how are individual imaginations effect how we see the world differently from each other.
</p>

<p class="artist">
</p>

<p class="artist"></p>',
               NULL,
	       1);

##-----------------------------------------------------------------

INSERT INTO art (artist, title, media, width, height, image, pricing_info, main_image, image_width, image_height)
	VALUES(190,
	       'a swan',
	       'graphite and indian ink',
	       81.4,
	       59.4,
	       'a_swan',
	       'original, &pound;200',
	       0,
		456,
		 650);

INSERT INTO art_pricing(art, item_number, description, price)
	VALUES(LAST_INSERT_ID(), 'dm101', 'original',200);



##---------------------------------------------------------------

INSERT INTO art (artist, title, media, width, height, image, pricing_info, main_image, image_width, image_height)
	VALUES(190,
	       'birds of fire 1',
	       'acrylic on paper',
	       81.4,
	       59.4,
	       'birds_of_1',
	       'original, &pound;200',
	       1,
		444,
		 650);

INSERT INTO art_pricing(art, item_number, description, price)
	VALUES(LAST_INSERT_ID(), 'dm102', 'original',200);



##---------------------------------------------------------------

INSERT INTO art (artist, title, media, width, height, image, pricing_info, main_image, image_width, image_height)
	VALUES(190,
	       'birds of fire 2',
	       'acrylic on canvas board',
	       76.2,
	       50.8,
	       'birds_of_2',
	       'original, &pound;180',
	       0,
		431,
		 650);

INSERT INTO art_pricing(art, item_number, description, price)
	VALUES(LAST_INSERT_ID(), 'dm103', 'original',180);



##---------------------------------------------------------------

INSERT INTO art (artist, title, media, width, height, image, pricing_info, main_image, image_width, image_height)
	VALUES(190,
	       'birds of ice',
	       'acrylic on paper',
	       81.4,
	       59.4,
	       'birds_of_ice',
	       'original, &pound;200',
	       0,
		447,
		 650);

INSERT INTO art_pricing(art, item_number, description, price)
	VALUES(LAST_INSERT_ID(), 'dm104', 'original',200);



##---------------------------------------------------------------


INSERT INTO art (artist, title, media, width, height, image, pricing_info, main_image, image_width, image_height)
	VALUES(190,
	       'birley street blackpool sketch',
	       'graphite on paper',
	       59.4,
	       42,
	       'birley_street_sketch',
	       'limited, &pound;100',
	       0,
		650,
		 433);

INSERT INTO art_pricing(art, item_number, description, price)
	VALUES(LAST_INSERT_ID(), 'dm105', 'limited',100);



##---------------------------------------------------------------


INSERT INTO art (artist, title, media, width, height, image, pricing_info, main_image, image_width, image_height)
	VALUES(190,
	       'birley street blackpool',
	       'print pastels on paper',
	       59.4,
	       42,
	       'birley_street_blackpool',
	       'limited, &pound;100',
	       0,
		650,
		 415);

INSERT INTO art_pricing(art, item_number, description, price)
	VALUES(LAST_INSERT_ID(), 'dm106', 'limited',100);



##---------------------------------------------------------------



INSERT INTO art (artist, title, media, width, height, image, pricing_info, main_image, image_width, image_height)
	VALUES(190,
	       'blackpool tower 2',
	       'charcoal on paper',
	       81.4,
	       59.4,
	       'blackpool_tower_2',
	       'original, &pound;200',
	       0,
		443,
		 650);

INSERT INTO art_pricing(art, item_number, description, price)
	VALUES(LAST_INSERT_ID(), 'dm107', 'original',200);



##---------------------------------------------------------------




INSERT INTO art (artist, title, media, width, height, image, pricing_info, main_image, image_width, image_height)
	VALUES(190,
	       'blackpool tower 3',
	       'colour pastels on paper',
	       81.4,
	       59.4,
	       'blackpool_tower_3',
	       'original, &pound;200',
	       0,
		448,
		 650);

INSERT INTO art_pricing(art, item_number, description, price)
	VALUES(LAST_INSERT_ID(), 'dm108', 'original',200);



##---------------------------------------------------------------




INSERT INTO art (artist, title, media, width, height, image, pricing_info, main_image, image_width, image_height)
	VALUES(190,
	       'blackpool tower 4',
	       'mixed media',
	       81.4,
	       59.4,
	       'blackpool_tower_4',
	       'original, &pound;200',
	       0,
		442,
		 650);

INSERT INTO art_pricing(art, item_number, description, price)
	VALUES(LAST_INSERT_ID(), 'dm109', 'original',200);



##---------------------------------------------------------------




INSERT INTO art (artist, title, media, width, height, image, pricing_info, main_image, image_width, image_height)
	VALUES(190,
	       'blackpool tower 1',
	       'graphite and charcoal on paper',
	       59.4,
	       42,
	       'blackpool_tower_1',
	       'limited edition print, &pound;100',
	       0,
		488,
		 650);

INSERT INTO art_pricing(art, item_number, description, price)
	VALUES(LAST_INSERT_ID(), 'dm110', 'limited edition print',100);



##---------------------------------------------------------------




INSERT INTO art (artist, title, media, width, height, image, pricing_info, main_image, image_width, image_height)
	VALUES(190,
	       'dead bonsai tree 1',
	       'emulsion, acrylic on paper',
	       59.4,
	       42,
	       'dead_bonsai_1',
	       'limited edition print, &pound;100',
	       0,
		650,
		 488);

INSERT INTO art_pricing(art, item_number, description, price)
	VALUES(LAST_INSERT_ID(), 'dm111', 'limited edition print',100);



##---------------------------------------------------------------




INSERT INTO art (artist, title, media, width, height, image, pricing_info, main_image, image_width, image_height)
	VALUES(190,
	       'dead bonsai tree 2',
	       'emulsion, acrylic on bored',
	       81.4,
	       59.4,
	       'dead_bonsai_2',
	       'original, &pound;200',
	       0,
		650,
		 444);

INSERT INTO art_pricing(art, item_number, description, price)
	VALUES(LAST_INSERT_ID(), 'dm112', 'original',200);



##---------------------------------------------------------------




INSERT INTO art (artist, title, media, width, height, image, pricing_info, main_image, image_width, image_height)
	VALUES(190,
	       'dead bonsai tree sketch',
	       'charcoal on paper',
	       59.4,
	       42,
	       'dead_bonsai_tree',
	       'limited edition print, &pound;100',
	       0,
		650,
		 488);

INSERT INTO art_pricing(art, item_number, description, price)
	VALUES(LAST_INSERT_ID(), 'dm113', 'limited edition print',100);



##---------------------------------------------------------------




INSERT INTO art (artist, title, media, width, height, image, pricing_info, main_image, image_width, image_height)
	VALUES(190,
	       'gateway to the universe 1',
	       'digital photo',
	       59.4,
	       42,
	       'gateway_to_the',
	       'limited edition print, &pound;100',
	       0,
		650,
		 488);

INSERT INTO art_pricing(art, item_number, description, price)
	VALUES(LAST_INSERT_ID(), 'dm114', 'limited edition print',100);



##---------------------------------------------------------------




INSERT INTO art (artist, title, media, width, height, image, pricing_info, main_image, image_width, image_height)
	VALUES(190,
	       'student table',
	       'emulsion and acrylic paint',
	       92.1,
	       62.5,
	       'student_table',
	       'original, &pound;230',
	       0,
		650,
		 488);

INSERT INTO art_pricing(art, item_number, description, price)
	VALUES(LAST_INSERT_ID(), 'dm115', 'original',230);



##---------------------------------------------------------------




INSERT INTO art (artist, title, media, width, height, image, pricing_info, main_image, image_width, image_height)
	VALUES(190,
	       'view from a window blackpool',
	       'emulsion and acrylic paint',
	          0,
	           0,
	       'view_from_a',
	       'original, &pound;100',
	       0,
		391,
		 650);

INSERT INTO art_pricing(art, item_number, description, price)
	VALUES(LAST_INSERT_ID(), 'dm116', 'original',100);



##---------------------------------------------------------------




INSERT INTO art (artist, title, media, width, height, image, pricing_info, main_image, image_width, image_height)
	VALUES(190,
	       'wheel of fortune 1',
	       'mixed media',
	        59.4,
	        52,
	       'wheel_of_1',
	       'original, &pound;100',
	       0,
		452,
		 650);

INSERT INTO art_pricing(art, item_number, description, price)
	VALUES(LAST_INSERT_ID(), 'dm117', 'original',100);



##---------------------------------------------------------------




INSERT INTO art (artist, title, media, width, height, image, pricing_info, main_image, image_width, image_height)
	VALUES(190,
	       'wheel of fortune 2',
	       'digital print and pastels',
	        59.4,
	        52,
	       'wheel_of_2',
	       'original, &pound;100',
	       0,
		439,
		 650);

INSERT INTO art_pricing(art, item_number, description, price)
	VALUES(LAST_INSERT_ID(), 'dm118', 'original',100);



##---------------------------------------------------------------







INSERT INTO artist (id, name, statement, notes, display)
	VALUES(197, 'chris mills',
	'<p class="artist">Chris Mills graduated from Liverpool John Moores University in 2005, and is currently based in Manchester. Since graduation he has exhibited widely around the region, including a solo show in Liverpool in 2008. The artist says:
</p>

<p class="artist">"My paintings depict boldly coloured landscapes and environments that are both real and imagined. These contain a variety of man-made structures, architecture, vehicles and more recently people depicted in bleak and often isolated surroundings. These fictitious environments also contain loose and uncontrived narratives which also bring to mind film and literary inspired dystopias and utopias which in turn refer to idyllic, romanticised notions of landscape depicted in fine art. My main sources of inspiration and starting points include the natural and man made world, popular culture and images of landscapes in mass media and popular sources such as films, television, magazines, book covers, album covers, comic books, cartoons and computer games."
</p>

<p class="artist">
</p>

<p class="artist"></p>',
               NULL,
	       1);

##---------------------------------------------------------------


INSERT INTO art (artist, title, media, width, height, image, pricing_info, main_image, image_width, image_height)
	VALUES(197,
	       'cityscape 2',
	       'acrylic and enamel on canvas',
	       101,
	       76,
	       'cityscape_2',
	       'sold',
	       0,
		650,
		 491);




##---------------------------------------------------------------



INSERT INTO art (artist, title, media, width, height, image, pricing_info, main_image, image_width, image_height)
	VALUES(197,
	       'cityscape 4',
	       'acrylic gloss and satin enamel on canvas',
	       100,
	       76,
	       'cityscape-4',
	      'sold',
	       1,
		650,
		 489);





##---------------------------------------------------------------




INSERT INTO art (artist, title, media, width, height, image, pricing_info, main_image, image_width, image_height)
	VALUES(197,
	       'cityscape 5',
	       'acrylic gloss and satin enamel on canvas',
	       45,
	       60,
	       'cityscape-5',
	      'original, &pound;300',
	       0,
		488,
		 650);


INSERT INTO art_pricing(art, item_number, description, price)
	VALUES(LAST_INSERT_ID(), 'ci113', 'original',300);


##---------------------------------------------------------------



INSERT INTO art (artist, title, media, width, height, image, pricing_info, main_image, image_width, image_height)
	VALUES(197,
	       'dead of the night',
	       'acrylic on canvas',
	       100,
	       80,
	       'dead_of_night',
	       'original, &pound;450',
	       0,
		650,
		 484);

INSERT INTO art_pricing(art, item_number, description, price)
	VALUES(LAST_INSERT_ID(), 'ci109', 'original',450);




##---------------------------------------------------------------



INSERT INTO art (artist, title, media, width, height, image, pricing_info, main_image, image_width, image_height)
	VALUES(197,
	       'the pursuit 1',
	       'acrylic and card on canvas',
	       76,
	       100,
	       'the_pursuit_1',
	       'original, &pound;400',
	       0,
		489,
		 650);

INSERT INTO art_pricing(art, item_number, description, price)
	VALUES(LAST_INSERT_ID(), 'ci107', 'original',400);



##---------------------------------------------------------------


INSERT INTO art (artist, title, media, width, height, image, pricing_info, main_image, image_width, image_height)
	VALUES(197,
	       'untitled',
	       'acrylic on canvas',
	       76,
	       61,
	       'untitled',
	       'original, &pound;320',
	       0,
		650,
		 510);

INSERT INTO art_pricing(art, item_number, description, price)
	VALUES(LAST_INSERT_ID(), 'ci108', 'original',320);



##---------------------------------------------------------------



INSERT INTO art (artist, title, media, width, height, image, pricing_info, main_image, image_width, image_height)
	VALUES(197,
	       '1300ft above sea level',
	       'acrylic on canvas',
	       100,
	       80,
	       '1300ft_above_sea',
	       'original, &pound;500',
	       0,
		650,
		 526);

INSERT INTO art_pricing(art, item_number, description, price)
	VALUES(LAST_INSERT_ID(), 'ci111', 'original',500);


##---------------------------------------------------------------


INSERT INTO art (artist, title, media, width, height, image, pricing_info, main_image, image_width, image_height)
	VALUES(197,
	       'night over clearwater',
	       'acrylic and oil on canvas',
	       80,
	       100,
	       'night_over_clearwater',
	       'original, &pound;600',
	       0,
		488,
		 650);

INSERT INTO art_pricing(art, item_number, description, price)
	VALUES(LAST_INSERT_ID(), 'ci110', 'original',600);




##---------------------------------------------------------------


INSERT INTO art (artist, title, media, width, height, image, pricing_info, main_image, image_width, image_height)
	VALUES(197,
	       'spider power',
	       'acrylic and varnish on board',
	       120,
	       100,
	       'spider_power',
	       'original, &pound;700',
	       0,
		650,
		 543);

INSERT INTO art_pricing(art, item_number, description, price)
	VALUES(LAST_INSERT_ID(), 'ci105', 'original',700);



##---------------------------------------------------------------


INSERT INTO art (artist, title, media, width, height, image, pricing_info, main_image, image_width, image_height)
	VALUES(197,
	       'we have been expecting you',
	       'acrylic and oil on canvas',
	       100,
	       76,
	       'we-have-been',
	      'original, &pound;600',
	       0,
		650,
		 489);


INSERT INTO art_pricing(art, item_number, description, price)
	VALUES(LAST_INSERT_ID(), 'ci112', 'original',600);


##---------------------------------------------------------------


	
		
	


INSERT INTO artist (id, name, statement, notes, display)
	VALUES(199, 'andrew kinmont',
	'<p class="artist">Andrew Kinmont ABRSA graduated from University of Wales with a first class Fine Art honours degree, obtaining further training from St Martins College London and West Dean College, Chichester.  In 2014 he was elected as an Associate Member of the prestigious Royal Birmingham Society of Artists. He exhibits work extensively, including regular selection for the Royal Institute of Oil Painters annual exhibition at the Mall Galleries, London. He has the following to say about his work:
</p>

<p class="artist">"I respond to my own sensory experience of landscape through direct gestural brushmarks, which trigger the senses and resonate on a deeply emotive level. I hope these paintings act as vehicles for viewers to connect with places, experiences or memories deep in their subconscious, taking them on a journey of their own."
</p>

<p class="artist">

</p>

<p class="artist"></p>',
               NULL,
	       1);

##---------------------------------------------------------------



INSERT INTO art (artist, title, media, width, height, image, pricing_info, main_image, image_width, image_height)
	VALUES(199,
	       'across the bay',
	       'acrylic on canvas board',
	       50,
	       50,
	       'across-the-bay',
	       'original, &pound;990',
	       0,
		650,
		 641);

INSERT INTO art_pricing(art, item_number, description, price)
	VALUES(LAST_INSERT_ID(), 'ak113', 'original',990);



##---------------------------------------------------------------   



INSERT INTO art (artist, title, media, width, height, image, pricing_info, main_image, image_width, image_height)
	VALUES(199,
	       'high trail',
	       'acrylic on canvas board',
	       60,
	       60,
	       'high-trail',
	       'original, &pound;1050',
	       1,
		643,
		 650);

INSERT INTO art_pricing(art, item_number, description, price)
	VALUES(LAST_INSERT_ID(), 'ak114', 'original',1050);



##---------------------------------------------------------------    



INSERT INTO art (artist, title, media, width, height, image, pricing_info, main_image, image_width, image_height)
	VALUES(199,
	       'sea heat 1',
	       'acrylic on canvas board',
	       35,
	       33,
	       'sea-heat-1',
	       'original, &pound;450',
	       0,
		650,
		 619);

INSERT INTO art_pricing(art, item_number, description, price)
	VALUES(LAST_INSERT_ID(), 'ak115', 'original',450);



##---------------------------------------------------------------    



INSERT INTO art (artist, title, media, width, height, image, pricing_info, main_image, image_width, image_height)
	VALUES(199,
	       'sinking westwards',
	       'acrylic on canvas board',
	       60,
	       34,
	       'sinking-westwards',
	       'original, &pound;850',
	       0,
		650,
		 356);

INSERT INTO art_pricing(art, item_number, description, price)
	VALUES(LAST_INSERT_ID(), 'ak116', 'original',850);



##---------------------------------------------------------------       



INSERT INTO art (artist, title, media, width, height, image, pricing_info, main_image, image_width, image_height)
	VALUES(199,
	       'the dancer',
	       'acrylic on canvas board',
	       60,
	       60,
	       'the-dancer',
	       'original, &pound;1150',
	       0,
		650,
		 648);

INSERT INTO art_pricing(art, item_number, description, price)
	VALUES(LAST_INSERT_ID(), 'ak117', 'original',1150);



##---------------------------------------------------------------



INSERT INTO art (artist, title, media, width, height, image, pricing_info, main_image, image_width, image_height)
	VALUES(199,
	       'canyon hues',
	       'acrylic on canvas',
	       104,
	       76,
	       'canyon-hues',
	       'original, &pound;1200',
	       0,
		650,
		 489);

INSERT INTO art_pricing(art, item_number, description, price)
	VALUES(LAST_INSERT_ID(), 'ak101', 'original',1200);



##---------------------------------------------------------------  



INSERT INTO art (artist, title, media, width, height, image, pricing_info, main_image, image_width, image_height)
	VALUES(199,
	       'evening light',
	       'mixed media on canvas',
	       50,
	       50,
	       'evening-light',
	       'original, &pound;800',
	       0,
		650,
		 649);

INSERT INTO art_pricing(art, item_number, description, price)
	VALUES(LAST_INSERT_ID(), 'ak102', 'original',800);



##---------------------------------------------------------------   



INSERT INTO art (artist, title, media, width, height, image, pricing_info, main_image, image_width, image_height)
	VALUES(199,
	       'beyond the sands',
	       'oil on canvas',
	       60,
	       60,
	       'beyond-the-sands',
	       'original, &pound;980',
	       0,
		647,
		 650);

INSERT INTO art_pricing(art, item_number, description, price)
	VALUES(LAST_INSERT_ID(), 'ak103', 'original',980);



##---------------------------------------------------------------   



INSERT INTO art (artist, title, media, width, height, image, pricing_info, main_image, image_width, image_height)
	VALUES(199,
	       'outback',
	       'acrylic on canvas',
	       70,
	       70,
	       'outback',
	       'original, &pound;1050',
	       0,
		647,
		 650);

INSERT INTO art_pricing(art, item_number, description, price)
	VALUES(LAST_INSERT_ID(), 'ak104', 'original',1050);



##---------------------------------------------------------------    



INSERT INTO art (artist, title, media, width, height, image, pricing_info, main_image, image_width, image_height)
	VALUES(199,
	       'floral 1',
	       'acrylic on canvas',
	       100,
	       100,
	       'floral-1',
	       'sold',
	       0,
		650,
		 650);



##---------------------------------------------------------------    



INSERT INTO art (artist, title, media, width, height, image, pricing_info, main_image, image_width, image_height)
	VALUES(199,
	       'eyes in the meadow 2',
	       'acrylic on canvas',
	       70,
	       70,
	       'eyes-in-2',
	       'original, &pound;870',
	       0,
		650,
		 650);

INSERT INTO art_pricing(art, item_number, description, price)
	VALUES(LAST_INSERT_ID(), 'ak106', 'original',870);



##---------------------------------------------------------------  



INSERT INTO art (artist, title, media, width, height, image, pricing_info, main_image, image_width, image_height)
	VALUES(199,
	       'green valley',
	       'oil on canvas',
	       50,
	       50,
	       'green-valley',
	       'original, &pound;800',
	       0,
		646,
		 650);

INSERT INTO art_pricing(art, item_number, description, price)
	VALUES(LAST_INSERT_ID(), 'ak107', 'original',800);



##---------------------------------------------------------------  



INSERT INTO art (artist, title, media, width, height, image, pricing_info, main_image, image_width, image_height)
	VALUES(199,
	       'storm at sea',
	       'oil on canvas',
	       100,
	       100,
	       'storm-at-sea',
	       'original, &pound;1200',
	       0,
		650,
		 646);

INSERT INTO art_pricing(art, item_number, description, price)
	VALUES(LAST_INSERT_ID(), 'ak108', 'original',1200);



##---------------------------------------------------------------  



INSERT INTO art (artist, title, media, width, height, image, pricing_info, main_image, image_width, image_height)
	VALUES(199,
	       'promise of spring',
	       'oil on canvas',
	       40,
	       40,
	       'promise-of-spring',
	       'original, &pound;640',
	       0,
		649,
		 650);

INSERT INTO art_pricing(art, item_number, description, price)
	VALUES(LAST_INSERT_ID(), 'ak109', 'original',640);



##---------------------------------------------------------------   



INSERT INTO art (artist, title, media, width, height, image, pricing_info, main_image, image_width, image_height)
	VALUES(199,
	       'flood waters 1',
	       'oil on canvas board',
	       50,
	       50,
	       'flood-waters-1',
	       'original, &pound;800',
	       0,
		645,
		 650);

INSERT INTO art_pricing(art, item_number, description, price)
	VALUES(LAST_INSERT_ID(), 'ak110', 'original',800);



##---------------------------------------------------------------  



INSERT INTO art (artist, title, media, width, height, image, pricing_info, main_image, image_width, image_height)
	VALUES(199,
	       'summer clouds 2',
	       'oil on canvas',
	       60,
	       60,
	       'summer-clouds-2',
	       'original, &pound;980',
	       0,
		641,
		 650);

INSERT INTO art_pricing(art, item_number, description, price)
	VALUES(LAST_INSERT_ID(), 'ak111', 'original',980);



##---------------------------------------------------------------  



INSERT INTO art (artist, title, media, width, height, image, pricing_info, main_image, image_width, image_height)
	VALUES(199,
	       'pale light turners pool',
	       'oil on canvas',
	       50,
	       50,
	       'pale-light-turners',
	       'original, &pound;800',
	       0,
		634,
		 650);

INSERT INTO art_pricing(art, item_number, description, price)
	VALUES(LAST_INSERT_ID(), 'ak112', 'original',800);



##---------------------------------------------------------------



INSERT INTO artist (id, name, statement, notes, display)
	VALUES(202, 'sue lemasurier',
	'<p class="artist">Born in the UK in 1949, Sue explores aspects of her identity through digital photography, collage and painting. She completed a BA in Fine Art at Liverpool John Moores University in 2009 has shown in the Open exhibition at Chapel Gallery, Ormskirk in 2006 and  2008 and her unusual collages on acetate were well received in an exhibition entitled "New Blood" as part of the Biennial Independents in Liverpool city centre in 2008.
</p>

<p class="artist">The artist describes her working process:
</p>

<p class="artist">"My inspiration comes from images which resonate with aspects of my identity. Taking photographs as my starting point, I crop, manipulate and collage them, and use the results as a basis for paintings.  My love of colour originates from being in the garden of my childhood home and my final degree exhibition included a vibrant woodland painting which could be turned to enable viewing from different perspectives.  Other work has incorporated line, pattern and colour relating to my identity as an Anglo-Indian woman, as well as work which draws upon aspects of the environment that I come across in my daily life. Currently I am working on a series of colourful abstract paintings based upon images of ripples on water as well as looking at the effect of having images printed upon less traditional surfaces such as aluminium and acrylic, future plans are to develop a series of abstract landscapes using palette knives and less traditional painting techniques."
</p>

<p class="artist"></p>',
               NULL,
	       1);

##---------------------------------------------------------------


INSERT INTO art (artist, title, media, width, height, image, pricing_info, main_image, image_width, image_height)
	VALUES(202,
	        'redwood',
	       'acrylics and oils on canvas',
	       100,
	       100,
	       'redwood',
	      'original, &pound;475',
	       1,
		650,
		 649);


INSERT INTO art_pricing(art, item_number, description, price)
	VALUES(LAST_INSERT_ID(), 'sl112', 'original', 475);


##---------------------------------------------------------------

INSERT INTO art (artist, title, media, width, height, image, pricing_info, main_image, image_width, image_height)
	VALUES(202,
	        'woodland no 4',
	       'oils on canvas',
	       100,
	       100,
	       'woodland_no_4',
	      'original, &pound;325',
	       0,
		648,
		 650);


INSERT INTO art_pricing(art, item_number, description, price)
	VALUES(LAST_INSERT_ID(), 'sl101', 'original', 325);


##---------------------------------------------------------------


INSERT INTO art (artist, title, media, width, height, image, pricing_info, main_image, image_width, image_height)
	VALUES(202,
	       'pewter lake',
	       'digital print on canvas',
	       42,
	       56,
	       'pewter_lake',
	      'limited edition print, &pound;245',
	       0,
		487,
		 650);


INSERT INTO art_pricing(art, item_number, description, price)
	VALUES(LAST_INSERT_ID(), 'sl102', 'limited edition print', 245);


##---------------------------------------------------------------



INSERT INTO art (artist, title, media, width, height, image, pricing_info, main_image, image_width, image_height)
	VALUES(202,
	       'first rock',
	       'digital print on aluminium',
	       42,
	       56,
	       'first_rock',
	      'limited edition print, &pound;345',
	       0,
		479,
		 650);


INSERT INTO art_pricing(art, item_number, description, price)
	VALUES(LAST_INSERT_ID(), 'sl106', 'limited edition print', 345);


##---------------------------------------------------------------

INSERT INTO art (artist, title, media, width, height, image, pricing_info, main_image, image_width, image_height)
	VALUES(202,
	       'crystalised',
	       'digital print on acrylic',
	       42,
	       31,
	       'crystalised',
	      'limited edition print, &pound;275',
	       0,
		650,
		 483);


INSERT INTO art_pricing(art, item_number, description, price)
	VALUES(LAST_INSERT_ID(), 'sl103', 'limited edition print', 275);


##---------------------------------------------------------------


INSERT INTO art (artist, title, media, width, height, image, pricing_info, main_image, image_width, image_height)
	VALUES(202,
	       'dark trader',
	       'digital print on aluminium',
	       42,
	       56,
	       'dark_trader',
	      'limited edition print, &pound;325',
	       0,
		488,
		 650);


INSERT INTO art_pricing(art, item_number, description, price)
	VALUES(LAST_INSERT_ID(), 'sl104', 'limited edition print', 325);


##---------------------------------------------------------------


INSERT INTO art (artist, title, media, width, height, image, pricing_info, main_image, image_width, image_height)
	VALUES(202,
	       'dripping',
	       'digital print on aluminium',
	       42,
	       56,
	       'dripping',
	      'limited edition print, &pound;325',
	       0,
		467,
		 650);


INSERT INTO art_pricing(art, item_number, description, price)
	VALUES(LAST_INSERT_ID(), 'sl05', 'limited edition print', 325);


##---------------------------------------------------------------



INSERT INTO art (artist, title, media, width, height, image, pricing_info, main_image, image_width, image_height)
	VALUES(202,
	       'metropolis 1',
	       'digital print on aluminium ',
	       42,
	       56,
	       'metroplis_1',
	      'limited edition print, &pound;325',
	       0,
		525,
		 650);


INSERT INTO art_pricing(art, item_number, description, price)
	VALUES(LAST_INSERT_ID(), 'sl107', 'limited edition print', 325);


##---------------------------------------------------------------


INSERT INTO art (artist, title, media, width, height, image, pricing_info, main_image, image_width, image_height)
	VALUES(202,
	       'midnight rose',
	       'digital print on aluminium ',
	       42,
	       56,
	       'midnight_rose',
	      'limited edition print, &pound;325',
	       0,
		488,
		 650);


INSERT INTO art_pricing(art, item_number, description, price)
	VALUES(LAST_INSERT_ID(), 'sl108', 'limited edition print', 325);


##---------------------------------------------------------------


INSERT INTO art (artist, title, media, width, height, image, pricing_info, main_image, image_width, image_height)
	VALUES(202,
	        'slums in ink',
	       'digital print on aluminium',
	       59,
	       59,
	       'slums_in_ink',
	      'limited edition print, &pound;325',
	       0,
		650,
		 601);


INSERT INTO art_pricing(art, item_number, description, price)
	VALUES(LAST_INSERT_ID(), 'sl109', 'limited edition print', 325);


##---------------------------------------------------------------


INSERT INTO art (artist, title, media, width, height, image, pricing_info, main_image, image_width, image_height)
	VALUES(202,
	        'lipstick',
	       'digital print on acrylic',
	       42,
	       31,
	       'lipstick',
	      'limited edition print, &pound;325',
	       0,
		501,
		 650);


INSERT INTO art_pricing(art, item_number, description, price)
	VALUES(LAST_INSERT_ID(), 'sl110', 'limited edition print', 325);


##---------------------------------------------------------------


INSERT INTO art (artist, title, media, width, height, image, pricing_info, main_image, image_width, image_height)
	VALUES(202,
	        'waterlillies',
	       'digital print on aluminium',
	       42,
	       56,
	       'waterlillies',
	      'limited edition print, &pound;325',
	       0,
		650,
		 447);


INSERT INTO art_pricing(art, item_number, description, price)
	VALUES(LAST_INSERT_ID(), 'sl111', 'limited edition print', 325);


##--------------------------------------------------------------- 


	




	
	


INSERT INTO artist (id, name, statement, notes, display)
	VALUES(210, 'ricky young',
	'<p class="artist">As a self-taught artist starting at a young age I have created artwork ranging from many styles such as portraiture, traditional landscapes, impressionism and abstract art using a whole spectrum of mediums. 
</p>

<p class="artist">I have found my love with Abstract Expressionism. To me it is complete expressionism; it is purity of formation. Painting this way is a creation of the spiritual that comes from my heart, creating objects but not concrete-objects and the use of colours in a way to create movement and harmony. Like nature, its a unity of all-encompassing life; the rhythm of life creating the relationship. 
</p>

<p class="artist">The common elements of my work include tonal values of colour, rich and pure pigments, layers of glazes with suspended colour all to create depth and emotion. My work applies the fundamental principles set by the original artists of the post-war Abstract Expressionist movement. My aim is to produce thought provoking art that stimulates interest leaving the narrative to the individual. I want you to see the evolution of nature in my work created by colour and form. 
</p>

<p class="artist"></p>',
               NULL,
	       1);

##---------------------------------------------------------------


INSERT INTO art (artist, title, media, width, height, image, pricing_info, main_image, image_width, image_height)
	VALUES(210,
	       'arranging thoughts',
	       'framed pastel study',
	       43,
	       28,
	       'arranging-thoughts',
	      'original, &pound;125',
	       0,
		650,
		 433);
	     
		
INSERT INTO art_pricing(art, item_number, description, price)
	VALUES(LAST_INSERT_ID(), 'yd101', 'original', 125);

##---------------------------------------------------------------


INSERT INTO art (artist, title, media, width, height, image, pricing_info, main_image, image_width, image_height)
	VALUES(210,
	       'comfort factor',
	       'oil on canvas',
	       61,
	       51,
	       'comfort-factor',
	      'original, &pound;495',
	       0,
		650,
		 520);
	     
		
INSERT INTO art_pricing(art, item_number, description, price)
	VALUES(LAST_INSERT_ID(), 'yd102', 'original', 495);

##---------------------------------------------------------------


INSERT INTO art (artist, title, media, width, height, image, pricing_info, main_image, image_width, image_height)
	VALUES(210,
	       'direct pathway',
	       'oil on canvas',
	       61,
	       51,
	       'direct-pathway',
	      'original, &pound;495',
	       0,
		650,
		 520);
	     
		
INSERT INTO art_pricing(art, item_number, description, price)
	VALUES(LAST_INSERT_ID(), 'yd103', 'original', 495);

##---------------------------------------------------------------


INSERT INTO art (artist, title, media, width, height, image, pricing_info, main_image, image_width, image_height)
	VALUES(210,
	       'hidden agenda',
	       'oil on canvas',
	       91,
	       91,
	       'hidden-agenda',
	      'original, &pound;1595',
	       0,
		650,
		 650);
	     
		
INSERT INTO art_pricing(art, item_number, description, price)
	VALUES(LAST_INSERT_ID(), 'yd104', 'original', 1595);

##---------------------------------------------------------------


INSERT INTO art (artist, title, media, width, height, image, pricing_info, main_image, image_width, image_height)
	VALUES(210,
	       'making decisions',
	       'framed pastel study',
	       43,
	       28,
	       'making-decisions',
	      'original, &pound;125',
	       0,
		650,
		 433);
	     
		
INSERT INTO art_pricing(art, item_number, description, price)
	VALUES(LAST_INSERT_ID(), 'yd105', 'original', 125);

##---------------------------------------------------------------


INSERT INTO art (artist, title, media, width, height, image, pricing_info, main_image, image_width, image_height)
	VALUES(210,
	       'mood swings 2',
	       'oil on canvas',
	       43,
	       28,
	       'mood-swings-2',
	      'original, &pound;495',
	       0,
		650,
		 520);
	     
		
INSERT INTO art_pricing(art, item_number, description, price)
	VALUES(LAST_INSERT_ID(), 'yd106', 'original', 495);

##---------------------------------------------------------------


INSERT INTO art (artist, title, media, width, height, image, pricing_info, main_image, image_width, image_height)
	VALUES(210,
	       'sombre',
	       'oil on canvas',
	       91,
	       91,
	       'sombre',
	      'original, &pound;1595',
	       1,
		650,
		 650);
	     
		
INSERT INTO art_pricing(art, item_number, description, price)
	VALUES(LAST_INSERT_ID(), 'yd107', 'original', 1595);

##---------------------------------------------------------------


INSERT INTO art (artist, title, media, width, height, image, pricing_info, main_image, image_width, image_height)
	VALUES(210,
	       'suspended moment',
	       'oil on canvas',
	       61,
	       51,
	       'suspended-moment',
	      'original, &pound;495',
	       0,
		650,
		 531);
	     
		
INSERT INTO art_pricing(art, item_number, description, price)
	VALUES(LAST_INSERT_ID(), 'yd108', 'original', 495);

##---------------------------------------------------------------


INSERT INTO art (artist, title, media, width, height, image, pricing_info, main_image, image_width, image_height)
	VALUES(210,
	       'tension breaker',
	       'framed pastel study',
	       43,
	       28,
	       'tension-breaker',
	      'original, &pound;4125',
	       0,
		650,
		 433);
	     
		
INSERT INTO art_pricing(art, item_number, description, price)
	VALUES(LAST_INSERT_ID(), 'yd109', 'original', 125);

##---------------------------------------------------------------


INSERT INTO art (artist, title, media, width, height, image, pricing_info, main_image, image_width, image_height)
	VALUES(210,
	       'thoughts in golden ',
	       'oil on canvas',
	       61,
	       51,
	       'thoughts-in-golden',
	      'original, &pound;495',
	       0,
		650,
		 520);
	     
		
INSERT INTO art_pricing(art, item_number, description, price)
	VALUES(LAST_INSERT_ID(), 'yd110', 'original', 495);

##---------------------------------------------------------------


	







INSERT INTO artist (id, name, statement, notes, display)
	VALUES(211, 'david brightmore',
	'<p class="artist">Originally from South Yorkshire, I studied Business Management in Cardiff and Fine Art in Sheffield. I lived in the Snowdonia village of Rhyd-Ddu from 1985 until 2004, learned the Welsh language and have a close affinity with life in Wales. I have run and walked most of the mountains and hills here and though my landscape paintings and drawings are rarely specific to one recognisable place, they endeavour to express certain essential dramatic and lyrical qualities of the North Wales environment.
</p>

<p class="artist">I have been a full-time painter since 2000 and have held solo exhibitions in numerous North Wales venues such as; Theatr Gwynedd, Theatr Clwyd Cymru, Wrexham Arts Centre, Oriel Corwen, Royal International Pavillion, Llangollen and at Oriel Plas Glyn y Weddw, Llanbedrog, where I was Chairman of the Board of Management for four years.
</p>

<p class="artist">I am told that my work is vigorous and energetic; certainly my response to the environment has been both physical and emotional and maybe this comes across. I am currently influenced by the landscape of Clwyd, and the urban environment of Chester, Manchester and  Sheffield. My most recent work  reflects my  interest in "family history" hence a series of "figure-scapes", searching for the rhythm of land and figure, often in  primordial settings. All of this and with reference to more global issues, I developed on my M.A. Fine Art Course at Glyndwr University, where the subject of "rhythm and gesture in relation to romanticism" was central to my studies which I completed in 2011.
</p>

<p class="artist"></p>',
               NULL,
	       1);

##---------------------------------------------------------------




INSERT INTO art (artist, title, media, width, height, image, pricing_info, main_image, image_width, image_height)
	VALUES(211,
	        'hills are alive 24 ',
	       'acrylics and inks',
	       135,
	       105,
	       'hills-are-alive24',
	      'original, &pound;1950',
	       0,
		650,
		 485);


INSERT INTO art_pricing(art, item_number, description, price)
	VALUES(LAST_INSERT_ID(), 'de101', 'original',1950);


##--------------------------------------------------------------- 




INSERT INTO art (artist, title, media, width, height, image, pricing_info, main_image, image_width, image_height)
	VALUES(211,
	        'wild wales 7',
	       'acrylics and inks',
	       135,
	       100,
	       'wild-wales-7',
	      'original, &pound;1950',
	       0,
		650,
		 468);


INSERT INTO art_pricing(art, item_number, description, price)
	VALUES(LAST_INSERT_ID(), 'de102', 'original',1950);


##---------------------------------------------------------------




INSERT INTO art (artist, title, media, width, height, image, pricing_info, main_image, image_width, image_height)
	VALUES(211,
	        'wild wales 14',
	       'acrylics and inks',
	       84,
	       84,
	       'wild-wales-14',
	      'original, &pound;1250',
	       0,
		647,
		 650);


INSERT INTO art_pricing(art, item_number, description, price)
	VALUES(LAST_INSERT_ID(), 'de103', 'original',1250);


##--------------------------------------------------------------- 




INSERT INTO art (artist, title, media, width, height, image, pricing_info, main_image, image_width, image_height)
	VALUES(211,
	        'wild wales 16',
	       'acrylics and inks',
	       73,
	       103,
	       'wild-wales-16',
	      'original, &pound;1350',
	       0,
		463,
		 650);


INSERT INTO art_pricing(art, item_number, description, price)
	VALUES(LAST_INSERT_ID(), 'de104', 'original',1350);


##--------------------------------------------------------------- 




INSERT INTO art (artist, title, media, width, height, image, pricing_info, main_image, image_width, image_height)
	VALUES(211,
	        'landscape celebration 18',
	       'acrylics and inks',
	       115,
	       85,
	       'landscape-celebration-18',
	      'original, &pound;1550',
	       0,
		650,
		 452);


INSERT INTO art_pricing(art, item_number, description, price)
	VALUES(LAST_INSERT_ID(), 'de105', 'original',1550);


##---------------------------------------------------------------  




INSERT INTO art (artist, title, media, width, height, image, pricing_info, main_image, image_width, image_height)
	VALUES(211,
	        'then it was autumn',
	       'acrylics and inks',
	       103,
	       73,
	       'then-it-was',
	      'original, &pound;750',
	       1,
		650,
		 460);


INSERT INTO art_pricing(art, item_number, description, price)
	VALUES(LAST_INSERT_ID(), 'de106', 'original',750);


##---------------------------------------------------------------   




INSERT INTO art (artist, title, media, width, height, image, pricing_info, main_image, image_width, image_height)
	VALUES(211,
	        'autumn 2',
	       'acrylics and inks',
	       76,
	       76,
	       'autumn-2',
	      'original, &pound;750',
	       0,
		636,
		 650);


INSERT INTO art_pricing(art, item_number, description, price)
	VALUES(LAST_INSERT_ID(), 'de107', 'original',750);


##---------------------------------------------------------------    




INSERT INTO art (artist, title, media, width, height, image, pricing_info, main_image, image_width, image_height)
	VALUES(211,
	        'autumn 3',
	       'acrylics and inks',
	       76,
	       76,
	       'autumn-3',
	      'original, &pound;750',
	       0,
		642,
		 650);


INSERT INTO art_pricing(art, item_number, description, price)
	VALUES(LAST_INSERT_ID(), 'de108', 'original',750);


##---------------------------------------------------------------    




INSERT INTO art (artist, title, media, width, height, image, pricing_info, main_image, image_width, image_height)
	VALUES(211,
	        'we like it here',
	       'acrylics and inks',
	       75,
	       75,
	       'we-like-it',
	      'original, &pound;850',
	       0,
		650,
		 647);


INSERT INTO art_pricing(art, item_number, description, price)
	VALUES(LAST_INSERT_ID(), 'de109', 'original',850);


##---------------------------------------------------------------    




INSERT INTO art (artist, title, media, width, height, image, pricing_info, main_image, image_width, image_height)
	VALUES(211,
	        'figurescape 1',
	       'oil',
	       100,
	       100,
	       'figurescape-1',
	      'original, &pound;1750',
	       0,
		642,
		 650);


INSERT INTO art_pricing(art, item_number, description, price)
	VALUES(LAST_INSERT_ID(), 'de110', 'original',1750);


##---------------------------------------------------------------     




INSERT INTO art (artist, title, media, width, height, image, pricing_info, main_image, image_width, image_height)
	VALUES(211,
	        'coming round the mountain 3',
	       'oil',
	       112,
	       92,
	       'coming-round-the3',
	      'original, &pound;1950',
	       0,
		650,
		 515);


INSERT INTO art_pricing(art, item_number, description, price)
	VALUES(LAST_INSERT_ID(), 'de111', 'original',1950);


##---------------------------------------------------------------       




INSERT INTO art (artist, title, media, width, height, image, pricing_info, main_image, image_width, image_height)
	VALUES(211,
	        'coming round the mountain 4',
	       'oil',
	       110,
	       90,
	       'coming-round-the4',
	      'original, &pound;1950',
	       0,
		650,
		 518);


INSERT INTO art_pricing(art, item_number, description, price)
	VALUES(LAST_INSERT_ID(), 'de112', 'original',1950);


##---------------------------------------------------------------        




INSERT INTO art (artist, title, media, width, height, image, pricing_info, main_image, image_width, image_height)
	VALUES(211,
	        'coming round the mountain 27',
	       'mixed media',
	       68,
	       68,
	       'coming-round-the27',
	      'original, &pound;450',
	       0,
		650,
		 644);


INSERT INTO art_pricing(art, item_number, description, price)
	VALUES(LAST_INSERT_ID(), 'de113', 'original',450);


##---------------------------------------------------------------       




INSERT INTO art (artist, title, media, width, height, image, pricing_info, main_image, image_width, image_height)
	VALUES(211,
	        'coming round the mountain 28',
	       'mixed media',
	       68,
	       68,
	       'coming-round-the28',
	      'original, &pound;450',
	       0,
		648,
		 650);


INSERT INTO art_pricing(art, item_number, description, price)
	VALUES(LAST_INSERT_ID(), 'de114', 'original',450);


##---------------------------------------------------------------        




INSERT INTO art (artist, title, media, width, height, image, pricing_info, main_image, image_width, image_height)
	VALUES(211,
	        'coming round the mountain 29',
	       'mixed media',
	       106,
	       76,
	       'coming-round-the29',
	      'original, &pound;1550',
	       0,
		650,
		 466);


INSERT INTO art_pricing(art, item_number, description, price)
	VALUES(LAST_INSERT_ID(), 'de115', 'original',1550);


##---------------------------------------------------------------        




INSERT INTO art (artist, title, media, width, height, image, pricing_info, main_image, image_width, image_height)
	VALUES(211,
	        'out of the woods 3',
	       'mixed media',
	       100,
	       100,
	       'out-of-the3',
	      'original, &pound;1950',
	       0,
		650,
		 649);


INSERT INTO art_pricing(art, item_number, description, price)
	VALUES(LAST_INSERT_ID(), 'de116', 'original',1950);


##---------------------------------------------------------------         




INSERT INTO art (artist, title, media, width, height, image, pricing_info, main_image, image_width, image_height)
	VALUES(211,
	        'only passing through',
	       'mixed media',
	       68,
	       68,
	       'only-passing-through',
	      'original, &pound;550',
	       0,
		650,
		 643);


INSERT INTO art_pricing(art, item_number, description, price)
	VALUES(LAST_INSERT_ID(), 'de117', 'original',550);


##---------------------------------------------------------------          




INSERT INTO art (artist, title, media, width, height, image, pricing_info, main_image, image_width, image_height)
	VALUES(211,
	        'land sea and sky 1',
	       'mixed media',
	       97,
	       97,
	       'land-sea-and1',
	      'original, &pound;1450',
	       0,
		647,
		 650);


INSERT INTO art_pricing(art, item_number, description, price)
	VALUES(LAST_INSERT_ID(), 'de118', 'original',1450);


##---------------------------------------------------------------           




INSERT INTO art (artist, title, media, width, height, image, pricing_info, main_image, image_width, image_height)
	VALUES(211,
	        'land sea and sky 2',
	       'mixed media',
	       100,
	       100,
	       'land-sea-and2',
	      'original, &pound;1750',
	       0,
		649,
		 650);


INSERT INTO art_pricing(art, item_number, description, price)
	VALUES(LAST_INSERT_ID(), 'de119', 'original',1750);


##---------------------------------------------------------------            




INSERT INTO art (artist, title, media, width, height, image, pricing_info, main_image, image_width, image_height)
	VALUES(211,
	        'land sea and sky 3',
	       'mixed media',
	       100,
	       100,
	       'land-sea-and3',
	      'original, &pound;1750',
	       0,
		645,
		 650);


INSERT INTO art_pricing(art, item_number, description, price)
	VALUES(LAST_INSERT_ID(), 'de120', 'original',1750);


##---------------------------------------------------------------            




INSERT INTO art (artist, title, media, width, height, image, pricing_info, main_image, image_width, image_height)
	VALUES(211,
	        'across the fields 3',
	       'mixed media',
	       105,
	       85,
	       'across-the-fields3',
	      'original, &pound;1350',
	       0,
		650,
		 504);


INSERT INTO art_pricing(art, item_number, description, price)
	VALUES(LAST_INSERT_ID(), 'de121', 'original',1350);


##---------------------------------------------------------------

INSERT INTO artist (id, name, statement, notes, display)
	VALUES(213, 'neil arms',
	'<p class="artist">Totally self taught, Neil has been an airbrush artist for nearly 25 years, producing photo and hyper realistic paintings. He started his career as a time served traditional sign writer and airbrush illustrator working for many large major breweries in the UK. In 1998 he transferred his skills to canvas producing large paintings of 20th and 21st century icons. His work has sold all over the world including Mallorca, the USA and Australia. Although portraits are his speciality, Neil also paints figurative and ambient images such as pebble stacks and water drops.
</p>

<p class="artist">Sell out exhibitions have included the North Street Gallery, Leeds, and the Yacht Club Cala d''Or, Mallorca. The artist has also been commissioned by Yorkshire TV, several large bar chains, and numerous private and commercial clients.
</p>

<p class="artist">
</p>

<p class="artist"></p>',
               NULL,
	       1);

##---------------------------------------------------------------


INSERT INTO art (artist, title, media, width, height, image, pricing_info, main_image, image_width, image_height)
	VALUES(213,
	       'steve mcqueen',
	       'airbrushed acrylics on box canvas',
	       90,
	       90,
	       'steve_mcqueen',
	      'original, &pound;595',
	       0,
		648,
		 650);


INSERT INTO art_pricing(art, item_number, description, price)
	VALUES(LAST_INSERT_ID(), 'na101', 'original', 595);


##---------------------------------------------------------------


INSERT INTO art (artist, title, media, width, height, image, pricing_info, main_image, image_width, image_height)
	VALUES(213,
	       'steve mcqueen 2',
	       'airbrushed acrylics on box canvas',
	       200,
	       100,
	       'steve_mcqueen_2',
	          'commission example',
	       0,
		650,
		 351);


##---------------------------------------------------------------


INSERT INTO art (artist, title, media, width, height, image, pricing_info, main_image, image_width, image_height)
	VALUES(213,
	       'winston churchill',
	       'airbrushed acrylics on box canvas',
	       120,
	       100,
	       'winston_churchill',
	           'commission example',
	       0,
		650,
		 428);


##---------------------------------------------------------------


INSERT INTO art (artist, title, media, width, height, image, pricing_info, main_image, image_width, image_height)
	VALUES(213,
	       'angelina jolie',
	       'airbrushed acrylics on box canvas',
	       90,
	       90,
	       'angelina_jolie',
	           'commission example',
	       0,
		650,
		 650);


##---------------------------------------------------------------


INSERT INTO art (artist, title, media, width, height, image, pricing_info, main_image, image_width, image_height)
	VALUES(213,
	       'dali',
	       'airbrushed acrylics on box canvas',
	       90,
	       90,
	       'dali',
	           'commission example',
	       0,
		633,
		 650);


##---------------------------------------------------------------


INSERT INTO art (artist, title, media, width, height, image, pricing_info, main_image, image_width, image_height)
	VALUES(213,
	       'hannibal',
	       'airbrushed acrylics on box canvas',
	       120,
	       90,
	       'hannibal',
	          'commission example',
	       0,
		650,
		 426);


##---------------------------------------------------------------


INSERT INTO art (artist, title, media, width, height, image, pricing_info, main_image, image_width, image_height)
	VALUES(213,
	       'jack',
	       'airbrushed acrylics on box canvas',
	       120,
	       90,
	       'jack',
	           'commission example',
	       0,
		503,
		 650);


##---------------------------------------------------------------


INSERT INTO art (artist, title, media, width, height, image, pricing_info, main_image, image_width, image_height)
	VALUES(213,
	       'nadal',
	       'airbrushed acrylics on box canvas',
	       120,
	       90,
	       'nadal',
	           'commission example',
	       0,
		650,
		 529);


##---------------------------------------------------------------


INSERT INTO art (artist, title, media, width, height, image, pricing_info, main_image, image_width, image_height)
	VALUES(213,
	       'pebblestack 2',
	       'airbrushed acrylics on box canvas',
	       90,
	       90,
	       'pebblestack_2',
	          'commission example',
	       0,
		650,
		 321);


##---------------------------------------------------------------


INSERT INTO art (artist, title, media, width, height, image, pricing_info, main_image, image_width, image_height)
	VALUES(213,
	       'scarface',
	       'airbrushed acrylics on box canvas',
	       200,
	       100,
	       'scarface',
	           'commission example',
	       0,
		650,
		 393);


##---------------------------------------------------------------



INSERT INTO art (artist, title, media, width, height, image, pricing_info, main_image, image_width, image_height)
	VALUES(213,
	       'joker',
	       'airbrushed acrylics on box canvas',
	       120,
	       100,
	       'joker',
	      'commission example',
	       1,
		650,
		 451);


##---------------------------------------------------------------



	


INSERT INTO artist (id, name, statement, notes, display)
	VALUES(214, 'verity breeze',
	'<p class="artist">Verity is a Cheshire based artist who creates unique multimedia artworks. 
The artist says of her work:
</p>

<p class="artist">"I consider myself to be the female version of Willy Wonka- eccentric to the end! 
When you enter my studio you enter "The Chocolate Room" where you will see the end product of all my thoughts, 
designs and secrets. The passion i have for a blank canvas, a wall or fabric or anything large enough to create 
on is all i need to bring my ideas to life. I paint what is streaming through my thoughts at that moment. 
My studio helps me create and my passion leads me to what i love about my work."
</p>

<p class="artist">
</p>

<p class="artist"></p>',
               NULL,
	       1);

##---------------------------------------------------------------



INSERT INTO art (artist, title, media, width, height, image, pricing_info, main_image, image_width, image_height)
	VALUES(214,
	       'rumination',
	       'acrylic and acrylic glaze on canvas',
	       152,
	       40,
	       'rumination',
	      'original, &pound;450',
	       0,
		650,
		 170);


INSERT INTO art_pricing(art, item_number, description, price)
	VALUES(LAST_INSERT_ID(), 'vb113', 'original', 450);


##---------------------------------------------------------------


INSERT INTO art (artist, title, media, width, height, image, pricing_info, main_image, image_width, image_height)
	VALUES(214,
	       'changing',
	       'acrylic and acrylic glaze on canvas',
	       100,
	       100,
	       'changing',
	      'original, &pound;400',
	       0,
		650,
		 650);


INSERT INTO art_pricing(art, item_number, description, price)
	VALUES(LAST_INSERT_ID(), 'vb109', 'original', 400);


##---------------------------------------------------------------


INSERT INTO art (artist, title, media, width, height, image, pricing_info, main_image, image_width, image_height)
	VALUES(214,
	       'searching',
	       'watercolour and acrylic mounted on watercolour paper',
	       70,
	       90,
	       'searching',
	      'original, &pound;300',
	       0,
		650,
		 472);


INSERT INTO art_pricing(art, item_number, description, price)
	VALUES(LAST_INSERT_ID(), 'vb110', 'original', 300);


##---------------------------------------------------------------


INSERT INTO art (artist, title, media, width, height, image, pricing_info, main_image, image_width, image_height)
	VALUES(214,
	       'constant',
	       'acrylic and acrylic glaze on canvas',
	       60,
	       60,
	       'constant',
	      'sold',
	       1,
		650,
		 649);




##---------------------------------------------------------------


INSERT INTO art (artist, title, media, width, height, image, pricing_info, main_image, image_width, image_height)
	VALUES(214,
	       'controlled',
	       'acrylic and acrylic glaze on canvas',
	       60,
	       60,
	       'controlled',
	      'original, &pound;250',
	       0,
		650,
		 645);


INSERT INTO art_pricing(art, item_number, description, price)
	VALUES(LAST_INSERT_ID(), 'vb112', 'original', 250);


##---------------------------------------------------------------



INSERT INTO art (artist, title, media, width, height, image, pricing_info, main_image, image_width, image_height)
	VALUES(214,
	       'rainbows',
	       'watercolour and acrylic on canvas',
	       75,
	       50,
	       'rainbows',
	      'original, &pound;155',
	       0,
		428,
		 650);


INSERT INTO art_pricing(art, item_number, description, price)
	VALUES(LAST_INSERT_ID(), 'vb101', 'original', 155);


##---------------------------------------------------------------


INSERT INTO art (artist, title, media, width, height, image, pricing_info, main_image, image_width, image_height)
	VALUES(214,
	       'all the seasons',
	       'mixed media on canvas',
	       125,
	       102,
	       'all_the_seasons',
	      'original, &pound;550',
	       0,
		650,
		 519);


INSERT INTO art_pricing(art, item_number, description, price)
	VALUES(LAST_INSERT_ID(), 'vb102', 'original', 550);


##---------------------------------------------------------------


INSERT INTO art (artist, title, media, width, height, image, pricing_info, main_image, image_width, image_height)
	VALUES(214,
	       'shattered dreams',
	       'mixed media on canvas',
	       125,
	       102,
	       'shatterd_dreams',
	      'original, &pound;250',
	       0,
		438,
		 650);


INSERT INTO art_pricing(art, item_number, description, price)
	VALUES(LAST_INSERT_ID(), 'vb103', 'original', 250);


##---------------------------------------------------------------


INSERT INTO art (artist, title, media, width, height, image, pricing_info, main_image, image_width, image_height)
	VALUES(214,
	       'sorrow',
	       'mixed media on canvas',
	       125,
	       102,
	       'sorrow',
	      'original, &pound;225',
	       0,
		432,
		 650);


INSERT INTO art_pricing(art, item_number, description, price)
	VALUES(LAST_INSERT_ID(), 'vb104', 'original', 225);


##---------------------------------------------------------------


INSERT INTO art (artist, title, media, width, height, image, pricing_info, main_image, image_width, image_height)
	VALUES(214,
	       'sweet',
	       'acrylic on canvas',
	       125,
	       102,
	       'sweet',
	      'original, &pound;155',
	       0,
		433,
		 650);


INSERT INTO art_pricing(art, item_number, description, price)
	VALUES(LAST_INSERT_ID(), 'vb105', 'original', 155);


##---------------------------------------------------------------


INSERT INTO art (artist, title, media, width, height, image, pricing_info, main_image, image_width, image_height)
	VALUES(214,
	       'wounded',
	       'mixed media on canvas',
	       100,
	       100,
	       'wounded',
	      'original, &pound;650',
	       0,
		650,
		 647);


INSERT INTO art_pricing(art, item_number, description, price)
	VALUES(LAST_INSERT_ID(), 'vb106', 'original', 650);


##---------------------------------------------------------------


INSERT INTO art (artist, title, media, width, height, image, pricing_info, main_image, image_width, image_height)
	VALUES(214,
	       'not always good for you',
	       'mixed media on canvas',
	       125,
	       102,
	       'not_always_good',
	      'original, &pound;155',
	       0,
		434,
		 650);


INSERT INTO art_pricing(art, item_number, description, price)
	VALUES(LAST_INSERT_ID(), 'vb107', 'original', 155);


##---------------------------------------------------------------


INSERT INTO art (artist, title, media, width, height, image, pricing_info, main_image, image_width, image_height)
	VALUES(214,
	       'it will never stay the same',
	       'mixed media on canvas',
	       100,
	       100,
	       'it_will_never',
	      'original, &pound;650',
	       0,
		645,
		 650);


INSERT INTO art_pricing(art, item_number, description, price)
	VALUES(LAST_INSERT_ID(), 'vb108', 'original', 650);


##---------------------------------------------------------------





INSERT INTO artist (id, name, statement, notes, display)
	VALUES(215, 'clare ellis',
	'<p class="artist">"I am a Liverpool based artist and my aim is 
to produce intricately detailed and striking art. Australian aboriginal 
art work sparked something within me and continues to fascinate and 
motivate me. I have adapted the "dot painting" style to develop my 
own abstract designs."


</p>

<p class="artist">"My paintings are made using acrylic on canvas. 
Each and every dot is hand painted using the end of a paintbrush.
The dots produce a delicate texture, and add depth to my bold coloured work.
I am drawn to vibrant colours and patterns, particularly symmetrical 
shapes and ones which create an optical illusion. Ideas occur when 
noticing beauty within my surroundings. I also explore my own style 
during peaceful and quiet moments, away from the hustle and bustle 
of every day life. To create my own pieces of art for other people''s 
pleasure makes me feel very proud and privileged."

</p>

<p class="artist">All gicl&eacute;e prints are produced in a limited edition of 99, and sold signed and numbered with a Certificate of Authenticity.
Sizes refer to paper rather than image size.
</p>

<p class="artist"></p>',
               NULL,
	       1);

##---------------------------------------------------------------


INSERT INTO art (artist, title, media, width, height, image, pricing_info, main_image, image_width, image_height)
	VALUES(215,
	      'blue and white windmill',
	        'acrylic on box canvas',
	       80,
	       80,
	       'blue-and-white',
	      'currently unavailable',
	       0,
		650,
		 650);




##---------------------------------------------------------------

INSERT INTO art (artist, title, media, width, height, image, pricing_info, main_image, image_width, image_height)
	VALUES(215,
	      'layered shield',
	        'acrylic on box canvas',
	       80,
	       80,
	       'layered-shields',
	    	      'currently unavailable',
	       0,
		650,
		 327);


INSERT INTO art_pricing(art, item_number, description, price)
	VALUES(LAST_INSERT_ID(), 'ce138', 'original', 790);


##---------------------------------------------------------------


INSERT INTO art (artist, title, media, width, height, image, pricing_info, main_image, image_width, image_height)
	VALUES(215,
	       'copper whirl',
	       'acrylic on box canvas',
	       60,
	       76,
	       'copper-whirl',
	   	      'currently unavailable',
	       0,
		650,
		 517);




##---------------------------------------------------------------
	
INSERT INTO art (artist, title, media, width, height, image, pricing_info, main_image, image_width, image_height)
	VALUES(215,
	       'shipshape 1',
	       'acrylic on box canvas',
	       80,
	       30,
	       'shipshape-1',
	      'currently unavailable',
	       0,
		237,
		 650);




##---------------------------------------------------------------

	

INSERT INTO art (artist, title, media, width, height, image, pricing_info, main_image, image_width, image_height)
	VALUES(215,
	       'bold fun',
	       'acrylic on box canvas',
	       20,
	       20,
	       'bold-fun',
	      'currently unavailable',
	       0,
		650,
		 642);




##---------------------------------------------------------------

INSERT INTO art (artist, title, media, width, height, image, pricing_info, main_image, image_width, image_height)
	VALUES(215,
	       'dragonfly',
	       'acrylic and glitter on box canvas',
	       20,
	       20,
	       'dragonfly',
	      'currently unavailable',
	       0,
		648,
		 650);




##---------------------------------------------------------------


INSERT INTO art (artist, title, media, width, height, image, pricing_info, main_image, image_width, image_height)
	VALUES(215,
	       'golden splash',
	       'acrylic on box canvas',
	       20,
	       20,
	       'golden-splash',
	      'currently unavailable',
	       0,
		646,
		 650);




##---------------------------------------------------------------



INSERT INTO art (artist, title, media, width, height, image, pricing_info, main_image, image_width, image_height)
	VALUES(215,
	       'swirl sparkle',
	       'acrylic and glitter on box canvas',
	       20,
	       20,
	       'swirl_sparkle',
	      'currently unavailable',
	       0,
		650,
		 629);




##---------------------------------------------------------------





INSERT INTO artist (id, name, statement, notes, display)
	VALUES(216, 'jazamin sinclair',
	'<p class="artist">I graduated with a BA (Hons) degree (2:1) in fine art from UWIC, Cardiff in 2002. At my degree show, my painting "Hot Pepper Sauce" was awarded The Welsh Assembly''s Award for Fine Art. Since then I have personally taken part in more than seventy-five exhibitions. 
As part of my studies, in 2001, I traveled to Italy for three months after receiving the Dulcie Mayne Stephens Award and studied as part of an Erasmus exchange at at L''Accademia di Belle arti. While I was there, I learnt some of the language & organised an exhibition with two other artists. I was recently one of three finalists of the Enterprise Award at the North West region Princes Trust Celebrate Success Awards. 
</p>

<p class="artist">My paintings are developed from my ink and watercolour drawings of everyday and familiar / found objects. When I have finished the drawing, I look at what is there and then create one or even several paintings as a result of the drawing. I decide what to choose for the painting based on aesthetics. All of the imperfections from my drawings are included in my paintings. For example, where I might have spilt ink on the page or drips of paint. To me these imperfections are part of what makes up the painting. I then loosely paint everything I have drawn onto the canvas & any further imperfections are used to make up the basis of the painting. The piece is finished off with exacting precision incorporating the said mistakes. I use bold bright colour, surrounded by fluid black outlines and large areas of white. In my photography, I like to focus in on everyday objects similar to the way I draw. The things that people may not notice. 
</p>

<p class="artist">
</p>

<p class="artist"></p>',
               NULL,
	       1);




##---------------------------------------------------------------


INSERT INTO art (artist, title, media, width, height, image, pricing_info, main_image, image_width, image_height)
	VALUES(216,
	       'black cherries',
	       'acrylic & vanish on canvas',
	       15,
	       15,
	       'black-cherries',
	      'limited edition print, &pound;35',
	       0,
		650,
		 650);


INSERT INTO art_pricing(art, item_number, description, price)
	VALUES(LAST_INSERT_ID(), 'jz158', 'limited edition print', 35);


##---------------------------------------------------------------


INSERT INTO art (artist, title, media, width, height, image, pricing_info, main_image, image_width, image_height)
	VALUES(216,
	       'cream 1',
	       'acrylic & vanish on canvas',
	       15,
	       15,
	       'cream-1',
	      'limited edition print, &pound;35',
	       0,
		650,
		 650);


INSERT INTO art_pricing(art, item_number, description, price)
	VALUES(LAST_INSERT_ID(), 'jz159', 'limited edition print', 35);


##---------------------------------------------------------------


INSERT INTO art (artist, title, media, width, height, image, pricing_info, main_image, image_width, image_height)
	VALUES(216,
	       'cream 2',
	       'acrylic & vanish on canvas',
	       15,
	       15,
	       'cream-2',
	      'limited edition print, &pound;35',
	       0,
		650,
		 650);


INSERT INTO art_pricing(art, item_number, description, price)
	VALUES(LAST_INSERT_ID(), 'jz160', 'limited edition print', 35);


##---------------------------------------------------------------


INSERT INTO art (artist, title, media, width, height, image, pricing_info, main_image, image_width, image_height)
	VALUES(216,
	       'dental floss',
	       'acrylic & vanish on canvas',
	       15,
	       15,
	       'dental-floss',
	      'limited edition print, &pound;35',
	       0,
		650,
		 650);


INSERT INTO art_pricing(art, item_number, description, price)
	VALUES(LAST_INSERT_ID(), 'jz161', 'limited edition print', 35);


##---------------------------------------------------------------


INSERT INTO art (artist, title, media, width, height, image, pricing_info, main_image, image_width, image_height)
	VALUES(216,
	       'floor',
	       'acrylic & vanish on canvas',
	       15,
	       15,
	       'floor',
	      'limited edition print, &pound;35',
	       0,
		650,
		 650);


INSERT INTO art_pricing(art, item_number, description, price)
	VALUES(LAST_INSERT_ID(), 'jz162', 'limited edition print', 35);


##---------------------------------------------------------------




INSERT INTO art (artist, title, media, width, height, image, pricing_info, main_image, image_width, image_height)
	VALUES(216,
	       'old habits 1',
	       'acrylic & vanish on canvas',
	       15,
	       15,
	       'old-habits-1',
	      'limited edition print, &pound;35',
	       0,
		650,
		 650);


INSERT INTO art_pricing(art, item_number, description, price)
	VALUES(LAST_INSERT_ID(), 'jz164', 'limited edition print', 35);


##---------------------------------------------------------------


INSERT INTO art (artist, title, media, width, height, image, pricing_info, main_image, image_width, image_height)
	VALUES(216,
	       'old habits 2',
	       'acrylic & vanish on canvas',
	       15,
	       15,
	       'old-habits-2',
	      'limited edition print, &pound;35',
	       0,
		650,
		 650);


INSERT INTO art_pricing(art, item_number, description, price)
	VALUES(LAST_INSERT_ID(), 'jz165', 'limited edition print', 35);


##---------------------------------------------------------------


INSERT INTO art (artist, title, media, width, height, image, pricing_info, main_image, image_width, image_height)
	VALUES(216,
	       'couch',
	       'oil on canvas',
	       60,
	       60,
	       'couch',
	      'original, &pound;200',
	       0,
		650,
		 650);


INSERT INTO art_pricing(art, item_number, description, price)
	VALUES(LAST_INSERT_ID(), 'jz165', 'original',200);


##---------------------------------------------------------------



INSERT INTO art (artist, title, media, width, height, image, pricing_info, main_image, image_width, image_height)
	VALUES(216,
	       'jackie sleeping',
	       'oil on canvas',
	       90,
	       91,
	       'jackie-sleeping',
	      'original, &pound;275',
	       1,
		650,
		 650);


INSERT INTO art_pricing(art, item_number, description, price)
	VALUES(LAST_INSERT_ID(), 'jz166', 'original',275);


##---------------------------------------------------------------



INSERT INTO art (artist, title, media, width, height, image, pricing_info, main_image, image_width, image_height)
	VALUES(216,
	       'table and chair legs',
	       'oil on canvas',
	       90,
	       91,
	       'table-and-chair',
	      'original, &pound;275',
	       0,
		650,
		 650);


INSERT INTO art_pricing(art, item_number, description, price)
	VALUES(LAST_INSERT_ID(), 'jz167', 'original', 275);


##---------------------------------------------------------------

INSERT INTO art (artist, title, media, width, height, image, pricing_info, main_image, image_width, image_height)
	VALUES(216,
	       '100% vegetarian (marmite 5)',
	       'acrylic and varnish on canvas',
	       44.50,
	       45.50,
	       '100_vegetarian',
	      'original, &pound;135',
	       0,
		650,
		 650);


INSERT INTO art_pricing(art, item_number, description, price)
	VALUES(LAST_INSERT_ID(), 'jz102', 'original', 135);


##---------------------------------------------------------------


INSERT INTO art (artist, title, media, width, height, image, pricing_info, main_image, image_width, image_height)
	VALUES(216,
	       'fred the dog 1',
	       'oil on canvas',
	       45.50,
	       45.50,
	       'fred_the_1',
	      'original, &pound;135',
	       0,
		650,
		 650);


INSERT INTO art_pricing(art, item_number, description, price)
	VALUES(LAST_INSERT_ID(), 'jz103', 'original', 135);


##---------------------------------------------------------------


INSERT INTO art (artist, title, media, width, height, image, pricing_info, main_image, image_width, image_height)
	VALUES(216,
	       'kitchen floor',
	       'acrylic on canvas',
	       45.50,
	       45.75,
	       'kitchen_floor',
	      'original, &pound;135',
	       0,
		650,
		 650);


INSERT INTO art_pricing(art, item_number, description, price)
	VALUES(LAST_INSERT_ID(), 'jz104', 'original', 135);


##---------------------------------------------------------------


INSERT INTO art (artist, title, media, width, height, image, pricing_info, main_image, image_width, image_height)
	VALUES(216,
	       'peidiwch a (recycling 2)',
	       'acrylic and varnish on canvas',
	       45.50,
	       45.75,
	       'peidiwcha_recycling_2',
	      'original, &pound;135',
	       0,
		650,
		 650);


INSERT INTO art_pricing(art, item_number, description, price)
	VALUES(LAST_INSERT_ID(), 'jz105', 'original', 135);


##---------------------------------------------------------------


INSERT INTO art (artist, title, media, width, height, image, pricing_info, main_image, image_width, image_height)
	VALUES(216,
	       'oxo',
	       'acrylic on canvas',
	       46.45,
	       45.75,
	       'oxo',
	      'original, &pound;135',
	       0,
		650,
		 650);


INSERT INTO art_pricing(art, item_number, description, price)
	VALUES(LAST_INSERT_ID(), 'jz106', 'original', 135);


##---------------------------------------------------------------



INSERT INTO art (artist, title, media, width, height, image, pricing_info, main_image, image_width, image_height)
	VALUES(216,
	       'ribbon',
	       'oils on canvas',
	       59.75,
	       59.75,
	       'ribbon',
	      'original, &pound;200',
	       0,
		650,
		 650);


INSERT INTO art_pricing(art, item_number, description, price)
	VALUES(LAST_INSERT_ID(), 'jz109', 'original', 200);


##---------------------------------------------------------------


INSERT INTO art (artist, title, media, width, height, image, pricing_info, main_image, image_width, image_height)
	VALUES(216,
	       'arm',
	       'oils on canvas',
	       60,
	       60,
	       'arm',
	      'original, &pound;200',
	       0,
		650,
		 650);


INSERT INTO art_pricing(art, item_number, description, price)
	VALUES(LAST_INSERT_ID(), 'jz110', 'original', 200);


##---------------------------------------------------------------


INSERT INTO art (artist, title, media, width, height, image, pricing_info, main_image, image_width, image_height)
	VALUES(216,
	       'overseas travel 1',
	       'acrylic on canvas',
	       61,
	       61.75,
	       'overseas_travel_1',
	      'sold',
	       0,
		650,
		 650);




##---------------------------------------------------------------


INSERT INTO art (artist, title, media, width, height, image, pricing_info, main_image, image_width, image_height)
	VALUES(216,
	       'chair 2',
	       'oil on canvas',
	       61.50,
	       61,
	       'chair_2',
	      'original, &pound;200',
	       0,
		650,
		 650);


INSERT INTO art_pricing(art, item_number, description, price)
	VALUES(LAST_INSERT_ID(), 'jz112', 'original', 200);


##---------------------------------------------------------------


INSERT INTO art (artist, title, media, width, height, image, pricing_info, main_image, image_width, image_height)
	VALUES(216,
	       'hot pepper sauce',
	       'oil on canvas',
	       90.50,
	       91,
	       'hot_pepper_sause',
	      'original, &pound;275',
	       0,
		650,
		 650);


INSERT INTO art_pricing(art, item_number, description, price)
	VALUES(LAST_INSERT_ID(), 'jz113', 'original', 275);


##---------------------------------------------------------------



INSERT INTO art (artist, title, media, width, height, image, pricing_info, main_image, image_width, image_height)
	VALUES(216,
	       'peeler',
	       'acrylic rain and varnish on canvas',
	       15,
	       15,
	       'peeler',
	      'original, &pound;35',
	       0,
		650,
		 650);


INSERT INTO art_pricing(art, item_number, description, price)
	VALUES(LAST_INSERT_ID(), 'jz158', 'original', 35);


##---------------------------------------------------------------



INSERT INTO art (artist, title, media, width, height, image, pricing_info, main_image, image_width, image_height)
	VALUES(216,
	       'pyrex',
	       'acrylic rain and varnish on canvas',
	       15,
	       15,
	       'pyrex',
	      'original, &pound;35',
	       0,
		650,
		 650);


INSERT INTO art_pricing(art, item_number, description, price)
	VALUES(LAST_INSERT_ID(), 'jz159', 'original', 35);


##---------------------------------------------------------------



INSERT INTO art (artist, title, media, width, height, image, pricing_info, main_image, image_width, image_height)
	VALUES(216,
	       'pepper',
	       'acrylic and varnish on canvas',
	       15,
	       15,
	       'pepper',
	      'original, &pound;35',
	       0,
		650,
		 650);


INSERT INTO art_pricing(art, item_number, description, price)
	VALUES(LAST_INSERT_ID(), 'jz160', 'original', 35);


##---------------------------------------------------------------



INSERT INTO art (artist, title, media, width, height, image, pricing_info, main_image, image_width, image_height)
	VALUES(216,
	       'bovril 2',
	       'acrylic and varnish on canvas',
	       15,
	       15,
	       'bovril-2',
	      'original, &pound;35',
	       0,
		650,
		 650);


INSERT INTO art_pricing(art, item_number, description, price)
	VALUES(LAST_INSERT_ID(), 'jz161', 'original', 35);


##---------------------------------------------------------------



INSERT INTO art (artist, title, media, width, height, image, pricing_info, main_image, image_width, image_height)
	VALUES(216,
	       'butterfly',
	       'digital photograph',
	       21,
	       29.70,
	       'butterfly',
	      'limited edition print, &pound;25',
	       0,
		650,
		 433);


INSERT INTO art_pricing(art, item_number, description, price)
	VALUES(LAST_INSERT_ID(), 'jz164', 'limited edition print', 25);


##---------------------------------------------------------------


INSERT INTO art (artist, title, media, width, height, image, pricing_info, main_image, image_width, image_height)
	VALUES(216,
	       'blundellsands 2',
	       'digital photograph',
	       21,
	       29.70,
	       'blundell_sands_2',
	      'limited edition print, &pound;25',
	       0,
		459,
		 650);


INSERT INTO art_pricing(art, item_number, description, price)
	VALUES(LAST_INSERT_ID(), 'jz114', 'limited edition print', 25);


##---------------------------------------------------------------


INSERT INTO art (artist, title, media, width, height, image, pricing_info, main_image, image_width, image_height)
	VALUES(216,
	       'broken',
	       'digital photograph',
	       21,
	       29.70,
	       'broken',
	      'limited edition print, &pound;25',
	       0,
		459,
		 650);


INSERT INTO art_pricing(art, item_number, description, price)
	VALUES(LAST_INSERT_ID(), 'jz115', 'limited edition print', 25);


##---------------------------------------------------------------


INSERT INTO art (artist, title, media, width, height, image, pricing_info, main_image, image_width, image_height)
	VALUES(216,
	       'crow',
	       'digital photograph',
	       21,
	       29.70,
	       'crow',
	      'limited edition print, &pound;25',
	       0,
		459,
		 650);


INSERT INTO art_pricing(art, item_number, description, price)
	VALUES(LAST_INSERT_ID(), 'jz116', 'limited edition print', 25);


##---------------------------------------------------------------


INSERT INTO art (artist, title, media, width, height, image, pricing_info, main_image, image_width, image_height)
	VALUES(216,
	       'fire',
	       'digital photograph',
	       21,
	       29.70,
	       'fire',
	      'limited edition print, &pound;25',
	       0,
		460,
		 650);


INSERT INTO art_pricing(art, item_number, description, price)
	VALUES(LAST_INSERT_ID(), 'jz117', 'limited edition print', 25);


##---------------------------------------------------------------


INSERT INTO art (artist, title, media, width, height, image, pricing_info, main_image, image_width, image_height)
	VALUES(216,
	       'gate',
	       'hand printed black and white photograph',
	       21,
	       29.70,
	       'gate',
	      'limited edition print, &pound;25',
	       0,
		460,
		 650);


INSERT INTO art_pricing(art, item_number, description, price)
	VALUES(LAST_INSERT_ID(), 'jz118', 'limited edition print', 25);


##---------------------------------------------------------------


INSERT INTO art (artist, title, media, width, height, image, pricing_info, main_image, image_width, image_height)
	VALUES(216,
	       'goosey goosey gander',
	       'digital photograph',
	       21,
	       29.70,
	       'goosey_goosey_gander',
	      'limited edition print, &pound;25',
	       0,
		460,
		 650);


INSERT INTO art_pricing(art, item_number, description, price)
	VALUES(LAST_INSERT_ID(), 'jz119', 'limited edition print', 25);


##---------------------------------------------------------------


INSERT INTO art (artist, title, media, width, height, image, pricing_info, main_image, image_width, image_height)
	VALUES(216,
	       'gower sunset',
	       'digital photograph',
	       21,
	       29.70,
	       'gower_sunset',
	      'limited edition print, &pound;25',
	       0,
		460,
		 650);


INSERT INTO art_pricing(art, item_number, description, price)
	VALUES(LAST_INSERT_ID(), 'jz120', 'limited edition print', 25);


##---------------------------------------------------------------


INSERT INTO art (artist, title, media, width, height, image, pricing_info, main_image, image_width, image_height)
	VALUES(216,
	       'hands 1',
	       'hand printed black and white photograph',
	       21,
	       29.70,
	       'hands_1',
	      'limited edition print, &pound;25',
	       0,
		460,
		 650);


INSERT INTO art_pricing(art, item_number, description, price)
	VALUES(LAST_INSERT_ID(), 'jz121', 'limited edition print', 25);


##---------------------------------------------------------------


INSERT INTO art (artist, title, media, width, height, image, pricing_info, main_image, image_width, image_height)
	VALUES(216,
	       'liverpool barry''s skips',
	       'digital photograph',
	       21,
	       29.70,
	       'liverpool_barrys_skips',
	      'limited edition print, &pound;25',
	       0,
		459,
		 650);


INSERT INTO art_pricing(art, item_number, description, price)
	VALUES(LAST_INSERT_ID(), 'jz122', 'limited edition print', 25);


##---------------------------------------------------------------


INSERT INTO art (artist, title, media, width, height, image, pricing_info, main_image, image_width, image_height)
	VALUES(216,
	       'paradise by the dashboard light',
	       'digital photograph',
	       21,
	       29.70,
	       'paradise_by_the',
	      'limited edition print, &pound;25',
	       0,
		460,
		 650);


INSERT INTO art_pricing(art, item_number, description, price)
	VALUES(LAST_INSERT_ID(), 'jz123', 'limited edition print', 25);


##---------------------------------------------------------------


INSERT INTO art (artist, title, media, width, height, image, pricing_info, main_image, image_width, image_height)
	VALUES(216,
	       'roses',
	       'hand printed black and white photograph',
	       21,
	       29.70,
	       'roses',
	      'limited edition print, &pound;25',
	       0,
		460,
		 650);


INSERT INTO art_pricing(art, item_number, description, price)
	VALUES(LAST_INSERT_ID(), 'jz124', 'limited edition print', 25);


##---------------------------------------------------------------


INSERT INTO art (artist, title, media, width, height, image, pricing_info, main_image, image_width, image_height)
	VALUES(216,
	       'rusty 1',
	       'digital photograph',
	       21,
	       29.70,
	       'rusty_1',
	      'limited edition print, &pound;25',
	       0,
		459,
		 650);


INSERT INTO art_pricing(art, item_number, description, price)
	VALUES(LAST_INSERT_ID(), 'jz125', 'limited edition print', 25);


##---------------------------------------------------------------


INSERT INTO art (artist, title, media, width, height, image, pricing_info, main_image, image_width, image_height)
	VALUES(216,
	       'rusty 2',
	       'digital photograph',
	       21,
	       29.70,
	       'rusty_2',
	      'limited edition print, &pound;25',
	       0,
		459,
		 650);


INSERT INTO art_pricing(art, item_number, description, price)
	VALUES(LAST_INSERT_ID(), 'jz126', 'limited edition print', 25);


##---------------------------------------------------------------


INSERT INTO art (artist, title, media, width, height, image, pricing_info, main_image, image_width, image_height)
	VALUES(216,
	       'seeds 1',
	       'digital photograph',
	       21,
	       29.70,
	       'seeds_1`',
	      'limited edition print, &pound;25',
	       0,
		459,
		 650);


INSERT INTO art_pricing(art, item_number, description, price)
	VALUES(LAST_INSERT_ID(), 'jz127', 'limited edition print', 25);


##---------------------------------------------------------------


INSERT INTO art (artist, title, media, width, height, image, pricing_info, main_image, image_width, image_height)
	VALUES(216,
	       'seeds 2',
	       'digital photograph',
	       21,
	       29.70,
	       'seeds_2`',
	      'limited edition print, &pound;25',
	       0,
		460,
		 650);


INSERT INTO art_pricing(art, item_number, description, price)
	VALUES(LAST_INSERT_ID(), 'jz128', 'limited edition print', 25);


##---------------------------------------------------------------


INSERT INTO art (artist, title, media, width, height, image, pricing_info, main_image, image_width, image_height)
	VALUES(216,
	       'st. ives lighthouse',
	       'digital photograph',
	       21,
	       30,
	       'st_ives_lighthouse`',
	      'limited edition print, &pound;25',
	       0,
		459,
		 650);


INSERT INTO art_pricing(art, item_number, description, price)
	VALUES(LAST_INSERT_ID(), 'jz129', 'limited edition print', 25);


##---------------------------------------------------------------


INSERT INTO art (artist, title, media, width, height, image, pricing_info, main_image, image_width, image_height)
	VALUES(216,
	       'street lites 2',
	       'digital photograph',
	       21,
	       29.70,
	       'street_lites_2`',
	      'limited edition print, &pound;25',
	       0,
		459,
		 650);


INSERT INTO art_pricing(art, item_number, description, price)
	VALUES(LAST_INSERT_ID(), 'jz130', 'limited edition print', 25);


##---------------------------------------------------------------


INSERT INTO art (artist, title, media, width, height, image, pricing_info, main_image, image_width, image_height)
	VALUES(216,
	       'sunset v''s indian takeaway and superbooze',
	       'digital photograph',
	       21,
	       29.70,
	       'sunset_vs_indian`',
	      'limited edition print, &pound;25',
	       0,
		460,
		 650);


INSERT INTO art_pricing(art, item_number, description, price)
	VALUES(LAST_INSERT_ID(), 'jz131', 'limited edition print', 25);


##---------------------------------------------------------------


INSERT INTO art (artist, title, media, width, height, image, pricing_info, main_image, image_width, image_height)
	VALUES(216,
	       'tree trunk 1',
	       'hand printed black and white photograph',
	       21,
	       29.70,
	       'tree_trunk_1`',
	      'limited edition print, &pound;25',
	       0,
		460,
		 650);


INSERT INTO art_pricing(art, item_number, description, price)
	VALUES(LAST_INSERT_ID(), 'jz132', 'limited edition print', 25);


##---------------------------------------------------------------


INSERT INTO art (artist, title, media, width, height, image, pricing_info, main_image, image_width, image_height)
	VALUES(216,
	       'why did the chicken cross the road?',
	       'digital photograph',
	       21,
	       29.70,
	       'why_did_the`',
	      'limited edition print, &pound;25',
	       0,
		460,
		 650);


INSERT INTO art_pricing(art, item_number, description, price)
	VALUES(LAST_INSERT_ID(), 'jz133', 'limited edition print', 25);


##---------------------------------------------------------------


INSERT INTO art (artist, title, media, width, height, image, pricing_info, main_image, image_width, image_height)
	VALUES(216,
	       'a mac is for life',
	       'digital photograph',
	       29.70,
	       21,
	       'a_mac_is`',
	      'limited edition print, &pound;25',
	       0,
		650,
		 459);


INSERT INTO art_pricing(art, item_number, description, price)
	VALUES(LAST_INSERT_ID(), 'jz134', 'limited edition print', 25);


##---------------------------------------------------------------


INSERT INTO art (artist, title, media, width, height, image, pricing_info, main_image, image_width, image_height)
	VALUES(216,
	       'barmouth tracks',
	       'hand printed black and white photograph',
	       29.70,
	       21,
	       'barmouth_tracks`',
	      'limited edition print, &pound;25',
	       0,
		650,
		 460);


INSERT INTO art_pricing(art, item_number, description, price)
	VALUES(LAST_INSERT_ID(), 'jz135', 'limited edition print', 25);


##---------------------------------------------------------------


INSERT INTO art (artist, title, media, width, height, image, pricing_info, main_image, image_width, image_height)
	VALUES(216,
	       'bootle docks sunset',
	       'digital photograph',
	       29.70,
	       21,
	       'bootle_docks_sunset`',
	      'limited edition print, &pound;25',
	       0,
		650,
		 459);


INSERT INTO art_pricing(art, item_number, description, price)
	VALUES(LAST_INSERT_ID(), 'jz136', 'limited edition print', 25);


##---------------------------------------------------------------


INSERT INTO art (artist, title, media, width, height, image, pricing_info, main_image, image_width, image_height)
	VALUES(216,
	       'elephants',
	       'digital photograph',
	       29.70,
	       21,
	       'elephants`',
	      'limited edition print, &pound;25',
	       0,
		650,
		 459);


INSERT INTO art_pricing(art, item_number, description, price)
	VALUES(LAST_INSERT_ID(), 'jz137', 'limited edition print', 25);


##---------------------------------------------------------------


INSERT INTO art (artist, title, media, width, height, image, pricing_info, main_image, image_width, image_height)
	VALUES(216,
	       'flower',
	       'hand printed black and white photograph',
	       29.70,
	       21,
	       'flower`',
	      'limited edition print, &pound;25',
	       0,
		650,
		 460);


INSERT INTO art_pricing(art, item_number, description, price)
	VALUES(LAST_INSERT_ID(), 'jz138', 'limited edition print', 25);


##---------------------------------------------------------------


INSERT INTO art (artist, title, media, width, height, image, pricing_info, main_image, image_width, image_height)
	VALUES(216,
	       'grass-sands',
	       'digital photograph',
	       29.70,
	       21,
	       'grass_sands`',
	      'limited edition print, &pound;25',
	       0,
		650,
		 460);


INSERT INTO art_pricing(art, item_number, description, price)
	VALUES(LAST_INSERT_ID(), 'jz139', 'limited edition print', 25);


##---------------------------------------------------------------


INSERT INTO art (artist, title, media, width, height, image, pricing_info, main_image, image_width, image_height)
	VALUES(216,
	       'home baking',
	       'digital photograph',
	       29.70,
	       21,
	       'home_baking`',
	      'limited edition print, &pound;25',
	       0,
		650,
		 459);


INSERT INTO art_pricing(art, item_number, description, price)
	VALUES(LAST_INSERT_ID(), 'jz140', 'limited edition print', 25);


##---------------------------------------------------------------


INSERT INTO art (artist, title, media, width, height, image, pricing_info, main_image, image_width, image_height)
	VALUES(216,
	       'kno parking',
	       'digital photograph',
	       29.70,
	       21,
	       'kno_parking`',
	      'limited edition print, &pound;25',
	       0,
		650,
		 460);


INSERT INTO art_pricing(art, item_number, description, price)
	VALUES(LAST_INSERT_ID(), 'jz141', 'limited edition print', 25);


##---------------------------------------------------------------


INSERT INTO art (artist, title, media, width, height, image, pricing_info, main_image, image_width, image_height)
	VALUES(216,
	       'lion',
	       'digital photograph',
	       29.70,
	       21,
	       'lion`',
	      'limited edition print, &pound;25',
	       0,
		650,
		 460);


INSERT INTO art_pricing(art, item_number, description, price)
	VALUES(LAST_INSERT_ID(), 'jz142', 'limited edition print', 25);


##---------------------------------------------------------------


INSERT INTO art (artist, title, media, width, height, image, pricing_info, main_image, image_width, image_height)
	VALUES(216,
	       'liverpool institution',
	       'digital photograph',
	       29.70,
	       21,
	       'liverpool_institution`',
	      'limited edition print, &pound;25',
	       0,
		650,
		 460);


INSERT INTO art_pricing(art, item_number, description, price)
	VALUES(LAST_INSERT_ID(), 'jz143', 'limited edition print', 25);


##---------------------------------------------------------------


INSERT INTO art (artist, title, media, width, height, image, pricing_info, main_image, image_width, image_height)
	VALUES(216,
	       'lost and found',
	       'digital photograph',
	       29.70,
	       21,
	       'lost_and_found`',
	      'limited edition print, &pound;25',
	       0,
		650,
		 460);


INSERT INTO art_pricing(art, item_number, description, price)
	VALUES(LAST_INSERT_ID(), 'jz144', 'limited edition print', 25);


##---------------------------------------------------------------


INSERT INTO art (artist, title, media, width, height, image, pricing_info, main_image, image_width, image_height)
	VALUES(216,
	       'mcdonalds, mcdonalds, kentucky...',
	       'hand printed black and white photograph',
	       29.70,
	       21,
	       'mcdonalds_mcdonalds',
	      'limited edition print, &pound;25',
	       0,
		650,
		 459);


INSERT INTO art_pricing(art, item_number, description, price)
	VALUES(LAST_INSERT_ID(), 'jz145', 'limited edition print', 25);


##---------------------------------------------------------------


INSERT INTO art (artist, title, media, width, height, image, pricing_info, main_image, image_width, image_height)
	VALUES(216,
	       'mork 1',
	       'digital photograph',
	       29.70,
	       21,
	       'mork_1`',
	      'limited edition print, &pound;25',
	       0,
		650,
		 460);


INSERT INTO art_pricing(art, item_number, description, price)
	VALUES(LAST_INSERT_ID(), 'jz146', 'limited edition print', 25);


##---------------------------------------------------------------


INSERT INTO art (artist, title, media, width, height, image, pricing_info, main_image, image_width, image_height)
	VALUES(216,
	       'mork 3',
	       'digital photograph',
	       29.70,
	       21,
	       'mork_3`',
	      'limited edition print, &pound;25',
	       0,
		650,
		 460);


INSERT INTO art_pricing(art, item_number, description, price)
	VALUES(LAST_INSERT_ID(), 'jz147', 'limited edition print', 25);


##---------------------------------------------------------------


INSERT INTO art (artist, title, media, width, height, image, pricing_info, main_image, image_width, image_height)
	VALUES(216,
	       'mount street',
	       'hand printed black and white photograph',
	       29.70,
	       21,
	       'mount_street`',
	      'limited edition print, &pound;25',
	       0,
		650,
		 460);


INSERT INTO art_pricing(art, item_number, description, price)
	VALUES(LAST_INSERT_ID(), 'jz148', 'limited edition print', 25);


##---------------------------------------------------------------


INSERT INTO art (artist, title, media, width, height, image, pricing_info, main_image, image_width, image_height)
	VALUES(216,
	       'nail',
	       'digital photograph',
	       29.70,
	       21,
	       'nail`',
	      'limited edition print, &pound;25',
	       0,
		650,
		 459);


INSERT INTO art_pricing(art, item_number, description, price)
	VALUES(LAST_INSERT_ID(), 'jz149', 'limited edition print', 25);


##---------------------------------------------------------------


INSERT INTO art (artist, title, media, width, height, image, pricing_info, main_image, image_width, image_height)
	VALUES(216,
	       'red pavement',
	       'digital photograph',
	       29.70,
	       21,
	       'red_pavement`',
	      'limited edition print, &pound;25',
	       0,
		650,
		 459);


INSERT INTO art_pricing(art, item_number, description, price)
	VALUES(LAST_INSERT_ID(), 'jz150', 'limited edition print', 25);


##---------------------------------------------------------------


INSERT INTO art (artist, title, media, width, height, image, pricing_info, main_image, image_width, image_height)
	VALUES(216,
	       'red sky at night',
	       'digital photograph',
	       29.70,
	       21,
	       'red_sky_at`',
	      'limited edition print, &pound;25',
	       0,
		650,
		 460);


INSERT INTO art_pricing(art, item_number, description, price)
	VALUES(LAST_INSERT_ID(), 'jz151', 'limited edition print', 25);


##---------------------------------------------------------------


INSERT INTO art (artist, title, media, width, height, image, pricing_info, main_image, image_width, image_height)
	VALUES(216,
	       'st. ives sunset 1',
	       'digital photograph',
	       29.70,
	       21,
	       'st_ives_1`',
	      'limited edition print, &pound;25',
	       0,
		650,
		 459);


INSERT INTO art_pricing(art, item_number, description, price)
	VALUES(LAST_INSERT_ID(), 'jz152', 'limited edition print', 25);


##---------------------------------------------------------------


INSERT INTO art (artist, title, media, width, height, image, pricing_info, main_image, image_width, image_height)
	VALUES(216,
	       'st. ives sunset 2',
	       'digital photograph',
	       29.70,
	       21,
	       'st_ives_2`',
	      'limited edition print, &pound;25',
	       0,
		650,
		 459);


INSERT INTO art_pricing(art, item_number, description, price)
	VALUES(LAST_INSERT_ID(), 'jz153', 'limited edition print', 25);


##---------------------------------------------------------------


INSERT INTO art (artist, title, media, width, height, image, pricing_info, main_image, image_width, image_height)
	VALUES(216,
	       'steps and archway',
	       'hand printed black and white photograph',
	       29.70,
	       21,
	       'steps_and_archway`',
	      'limited edition print, &pound;25',
	       0,
		650,
		 459);


INSERT INTO art_pricing(art, item_number, description, price)
	VALUES(LAST_INSERT_ID(), 'jz154', 'limited edition print', 25);


##---------------------------------------------------------------


INSERT INTO art (artist, title, media, width, height, image, pricing_info, main_image, image_width, image_height)
	VALUES(216,
	       'stones 3',
	       'digital photograph',
	       29.70,
	       21,
	       'stones_3`',
	      'limited edition print, &pound;25',
	       0,
		650,
		 459);


INSERT INTO art_pricing(art, item_number, description, price)
	VALUES(LAST_INSERT_ID(), 'jz155', 'limited edition print', 25);


##---------------------------------------------------------------


INSERT INTO art (artist, title, media, width, height, image, pricing_info, main_image, image_width, image_height)
	VALUES(216,
	       'sun meets the sky 1',
	       'digital photograph',
	       29.70,
	       21,
	       'sun_meets_the',
	      'limited edition print, &pound;25',
	       0,
		650,
		 460);


INSERT INTO art_pricing(art, item_number, description, price)
	VALUES(LAST_INSERT_ID(), 'jz156', 'limited edition print', 25);


##---------------------------------------------------------------





INSERT INTO artist (id, name, statement, notes, display)
	VALUES(218, 'john hogan',
	'<p class="artist">John attended Liverpool John Moores University in 1995 and achieved a BA (Hons) in Graphic Design, specialising in Illustration. He says:
</p>

<p class="artist">"Throughout my life I have experienced numerous aparitions, which I believe have been spirits that have passed. The earliest of these experiences was when I was four years old, I was awake lying on my bed, the light was on and I was falling asleep, I was awoken by an image on the wall to my side. It was a head of a bearded man, he was laughing, emanating from him were bellowing, beautiful colours, I was not afraid, but felt an inner peace. This experience amongst others influenced me greatly. My work is an exploration of that which is tangible and that which is not. I seek to evaluate the experience of living; transient moments filled with emotional vigour are of great interest to me.  Human beings are fantastical, unique and special. The  "self" composed of envirobiopsychosociospiritual elements, are fundamental to my ethos and to my work. I wish to celebrate human existance and transcribe the multifarious aspects of human psychology through narrative paradigms. The universe and its relation to humanity, and the spiritual essence of self, constitute the abstract elements in my work. The graphic elements may also describe the human egg, spermatazoa, micro organisms, human cells, DNA, the sun and the planets, the cosmos and the human soul.

"
</p>

<p class="artist">
</p>

<p class="artist"></p>',
               NULL,
	       1);

##---------------------------------------------------------------


INSERT INTO art (artist, title, media, width, height, image, pricing_info, main_image, image_width, image_height)
	VALUES(218,
	       'generations',
	       'oil,acrylic and ink on panel',
	       112,
	       112,
	       'generations',
	      'original &pound,1900',
	       0,
		650,
		 643);


INSERT INTO art_pricing(art, item_number, description, price)
	VALUES(LAST_INSERT_ID(), 'JO101', 'original', 1900);

##---------------------------------------------------------------


INSERT INTO art (artist, title, media, width, height, image, pricing_info, main_image, image_width, image_height)
	VALUES(218,
	       'peak',
	       'oil,acrylic and ink on panel',
	       112,
	       112,
	       'peak',
	      'original &pound,1900',
	       1,
		642,
		 650);


INSERT INTO art_pricing(art, item_number, description, price)
	VALUES(LAST_INSERT_ID(), 'JO102', 'original', 1900);

##---------------------------------------------------------------


INSERT INTO art (artist, title, media, width, height, image, pricing_info, main_image, image_width, image_height)
	VALUES(218,
	       'beach rocks',
	       'oil,acrylic and ink on panel',
	       112,
	       112,
	       'beach-rocks',
	    'original &pound,1900',
	       0,
		647,
		 650);


INSERT INTO art_pricing(art, item_number, description, price)
	VALUES(LAST_INSERT_ID(), 'JO103', 'original', 1900);

##---------------------------------------------------------------


INSERT INTO art (artist, title, media, width, height, image, pricing_info, main_image, image_width, image_height)
	VALUES(218,
	       'glade',
	       'oil,acrylic and ink on panel',
	       112,
	       112,
	       'glade',
	    'original &pound,1900',
	       0,
		650,
		 648);


INSERT INTO art_pricing(art, item_number, description, price)
	VALUES(LAST_INSERT_ID(), 'JO104', 'original', 1900);

##---------------------------------------------------------------


INSERT INTO art (artist, title, media, width, height, image, pricing_info, main_image, image_width, image_height)
	VALUES(218,
	       'cragg',
	       'oil,acrylic and ink on panel',
	       112,
	       112,
	       'cragg',
	     'original &pound,1900',
	       0,
		650,
		 627);


INSERT INTO art_pricing(art, item_number, description, price)
	VALUES(LAST_INSERT_ID(), 'JO105', 'original', 1900);

##---------------------------------------------------------------


INSERT INTO art (artist, title, media, width, height, image, pricing_info, main_image, image_width, image_height)
	VALUES(218,
	       'stream',
	       'oil,acrylic and ink on panel',
	       112,
	       112,
	       'stream',
	     'original &pound,1900',
	       0,
		647,
		 650);


INSERT INTO art_pricing(art, item_number, description, price)
	VALUES(LAST_INSERT_ID(), 'JO106', 'original', 1900);

##---------------------------------------------------------------


INSERT INTO art (artist, title, media, width, height, image, pricing_info, main_image, image_width, image_height)
	VALUES(218,
	       'religion',
	       'oil,acrylic and ink on panel',
	       112,
	       112,
	       'religion',
	   	     'original &pound,1900',
	       0,
		647,
		 650);


INSERT INTO art_pricing(art, item_number, description, price)
	VALUES(LAST_INSERT_ID(), 'JO107', 'original', 1900);

##---------------------------------------------------------------


INSERT INTO art (artist, title, media, width, height, image, pricing_info, main_image, image_width, image_height)
	VALUES(218,
	       'conscientious objection',
	       'oil,acrylic and ink on panel',
	       112,
	       112,
	       'conscientious-objection',
	     'original &pound,1900',
	       0,
		650,
		 646);


INSERT INTO art_pricing(art, item_number, description, price)
	VALUES(LAST_INSERT_ID(), 'JO108', 'original', 1900);

##---------------------------------------------------------------


INSERT INTO art (artist, title, media, width, height, image, pricing_info, main_image, image_width, image_height)
	VALUES(218,
	       'followers',
	       'oil,acrylic and ink on panel',
	       112,
	       112,
	       'followers',
	     'original &pound,1900',
	       0,
		639,
		 650);


INSERT INTO art_pricing(art, item_number, description, price)
	VALUES(LAST_INSERT_ID(), 'JO109', 'original', 1900);

##---------------------------------------------------------------


INSERT INTO art (artist, title, media, width, height, image, pricing_info, main_image, image_width, image_height)
	VALUES(218,
	       'falling 1',
	       'oil,acrylic and ink on panel',
	       112,
	       112,
	       'falling-1',
	     'original &pound,1900',
	       0,
		630,
		 650);


INSERT INTO art_pricing(art, item_number, description, price)
	VALUES(LAST_INSERT_ID(), 'JO110', 'original', 1900);

##---------------------------------------------------------------


INSERT INTO art (artist, title, media, width, height, image, pricing_info, main_image, image_width, image_height)
	VALUES(218,
	       'king of the dolts',
	       'oil,acrylic and ink on panel',
	       112,
	       112,
	       'king-of-the',
	     'original &pound,1900',
	       0,
		650,
		 635);


INSERT INTO art_pricing(art, item_number, description, price)
	VALUES(LAST_INSERT_ID(), 'JO111', 'original', 1900);

##---------------------------------------------------------------


INSERT INTO art (artist, title, media, width, height, image, pricing_info, main_image, image_width, image_height)
	VALUES(218,
	       'over use',
	       'oil,acrylic and ink on panel',
	       112,
	       112,
	       'over-use',
	     'original &pound,1900',
	       0,
		650,
		 650);


INSERT INTO art_pricing(art, item_number, description, price)
	VALUES(LAST_INSERT_ID(), 'JO112', 'original', 1900);

##--------------------------------------------------------------


INSERT INTO art (artist, title, media, width, height, image, pricing_info, main_image, image_width, image_height)
	VALUES(218,
	       '31',
	       'oil,acrylic and ink on panel',
	       99,
	       71,
	       '31',
	     'original &pound,750',
	       0,
		528,
		 650);


INSERT INTO art_pricing(art, item_number, description, price)
	VALUES(LAST_INSERT_ID(), 'JO113', 'original', 750);

##---------------------------------------------------------------


INSERT INTO art (artist, title, media, width, height, image, pricing_info, main_image, image_width, image_height)
	VALUES(218,
	       '32',
	       'oil,acrylic and ink on panel',
	       99,
	       71,
	       '32',
	     'original &pound,750',
	       0,
		650,
		 545);


INSERT INTO art_pricing(art, item_number, description, price)
	VALUES(LAST_INSERT_ID(), 'JO114', 'original', 750);

##---------------------------------------------------------------


INSERT INTO art (artist, title, media, width, height, image, pricing_info, main_image, image_width, image_height)
	VALUES(218,
	       '33',
	       'oil,acrylic and ink on panel',
	       99,
	       71,
	       '33',
	     'original &pound,750',
	       0,
		650,
		 538);


INSERT INTO art_pricing(art, item_number, description, price)
	VALUES(LAST_INSERT_ID(), 'JO115', 'original', 750);

##---------------------------------------------------------------


INSERT INTO art (artist, title, media, width, height, image, pricing_info, main_image, image_width, image_height)
	VALUES(218,
	       'detached',
	       'oil,acrylic and ink on panel',
	       99,
	       71,
	       'detached',
	     'original &pound,750',
	       0,
		522,
		 650);


INSERT INTO art_pricing(art, item_number, description, price)
	VALUES(LAST_INSERT_ID(), 'JO116', 'original', 750);

##---------------------------------------------------------------


INSERT INTO art (artist, title, media, width, height, image, pricing_info, main_image, image_width, image_height)
	VALUES(218,
	       'special',
	       'oil,acrylic and ink on panel',
	       99,
	       71,
	       'special',
	     'original &pound,750',
	       0,
		533,
		 650);


INSERT INTO art_pricing(art, item_number, description, price)
	VALUES(LAST_INSERT_ID(), 'JO117', 'original', 750);

##---------------------------------------------------------------


INSERT INTO art (artist, title, media, width, height, image, pricing_info, main_image, image_width, image_height)
	VALUES(218,
	       'pessamistic premonition',
	       'oil,acrylic and ink on panel',
	       183,
	       91,
	       'pessamistic-premonition',
	     'original &pound,1380',
	       0,
		351,
		 650);


INSERT INTO art_pricing(art, item_number, description, price)
	VALUES(LAST_INSERT_ID(), 'JO118', 'original', 1380);

##----------------------------------------------------------------





INSERT INTO artist (id, name, statement, notes, display, keywords)
	VALUES(221, 'lisa langan',
	'<p class="artist">I graduated from Crawford College of Art and Design, Cork, Ireland in 1993 with a degree in fine Art. My work for the most part is realistic whereby I tend to concentrate mostly on the figure or still life, or a combination of both.
</p>

<p class="artist">
</p>

<p class="artist"></p>
<p class="artist"></p>',

               NULL,
	       1,
		'still life painting, paintings of chairs, domestic painting, watercolour studies, abstract paintings, shoe paintings');

##---------------------------------------------------------------



INSERT INTO art (artist, title, media, width, height, image, pricing_info, main_image, image_width, image_height)
	VALUES(221,
	       'laughing queen',
	       'oil on canvas',
	       61,
	       61,
	       'elizabeth',
	    'original &pound;450',
	       0,
		648,
		 650);


INSERT INTO art_pricing(art, item_number, description, price)
	VALUES(LAST_INSERT_ID(), 'LL135', 'original', 450);

##---------------------------------------------------------------




INSERT INTO art (artist, title, media, width, height, image, pricing_info, main_image, image_width, image_height)
	VALUES(221,
	       'royals',
	       'oil on canvas',
	       51,
	       76,
	       'queen-and-philip',
	    'original &pound;650',
	       0,
		650,
		 429);


INSERT INTO art_pricing(art, item_number, description, price)
	VALUES(LAST_INSERT_ID(), 'LL136', 'original', 650);

##---------------------------------------------------------------


INSERT INTO art (artist, title, media, width, height, image, pricing_info, main_image, image_width, image_height)
	VALUES(221,
	       'kangol boys boot',
	       'oil on canvas',
	       30.5,
	       30.5,
	       'kangol-boys-boot',
	    'original &pound;150',
	       0,
		650,
		 638);


INSERT INTO art_pricing(art, item_number, description, price)
	VALUES(LAST_INSERT_ID(), 'LL142', 'original', 150);

##---------------------------------------------------------------


INSERT INTO art (artist, title, media, width, height, image, pricing_info, main_image, image_width, image_height)
	VALUES(221,
	       'kooga ftx rugby boots',
	       'oil on canvas',
	       30.5,
	       30.5,
	       'kooga-ftx-rugby',
	    'original &pound;150',
	       0,
		650,
		 639);


INSERT INTO art_pricing(art, item_number, description, price)
	VALUES(LAST_INSERT_ID(), 'LL143', 'original', 150);

##---------------------------------------------------------------


INSERT INTO art (artist, title, media, width, height, image, pricing_info, main_image, image_width, image_height)
	VALUES(221,
	       'lucias new burgundy vans',
	       'oil on canvas',
	       30.5,
	       30.5,
	       'lucias-new-burgundy',
	    'original &pound;150',
	       0,
		650,
		 650);


INSERT INTO art_pricing(art, item_number, description, price)
	VALUES(LAST_INSERT_ID(), 'LL144', 'original', 150);

##---------------------------------------------------------------


INSERT INTO art (artist, title, media, width, height, image, pricing_info, main_image, image_width, image_height)
	VALUES(221,
	       'salomon goretex contagrip',
	       'oil on canvas',
	       30.5,
	       30.5,
	       'salomon-goretex-contagrip',
	    'original &pound;150',
	       0,
		648,
		 650);


INSERT INTO art_pricing(art, item_number, description, price)
	VALUES(LAST_INSERT_ID(), 'LL145', 'original', 150);

##---------------------------------------------------------------


INSERT INTO art (artist, title, media, width, height, image, pricing_info, main_image, image_width, image_height)
	VALUES(221,
	       'asics trainers',
	       'oil on canvas',
	       30,
	       30,
	       'asics-trainners',
	    'original &pound;150',
	       0,
		650,
		 647);


INSERT INTO art_pricing(art, item_number, description, price)
	VALUES(LAST_INSERT_ID(), 'LL125', 'original', 150);

##---------------------------------------------------------------



INSERT INTO art (artist, title, media, width, height, image, pricing_info, main_image, image_width, image_height)
	VALUES(221,
	       'black high heels',
	       'oil on canvas',
	       30,
	       30,
	       'black-high-heels',
	    'original &pound;150',
	       0,
		650,
		 648);


INSERT INTO art_pricing(art, item_number, description, price)
	VALUES(LAST_INSERT_ID(), 'LL126', 'original', 150);

##---------------------------------------------------------------



INSERT INTO art (artist, title, media, width, height, image, pricing_info, main_image, image_width, image_height)
	VALUES(221,
	       'brown high heels',
	       'oil on canvas',
	       30,
	       30,
	       'brown-high-heels',
	    'original &pound;150',
	       0,
		635,
		 650);


INSERT INTO art_pricing(art, item_number, description, price)
	VALUES(LAST_INSERT_ID(), 'LL127', 'original', 150);

##---------------------------------------------------------------



INSERT INTO art (artist, title, media, width, height, image, pricing_info, main_image, image_width, image_height)
	VALUES(221,
	       'leopard pumps',
	       'oil on canvas',
	       30,
	       30,
	       'leopard-pumps',
	    'original &pound;150',
	       0,
		650,
		 650);


INSERT INTO art_pricing(art, item_number, description, price)
	VALUES(LAST_INSERT_ID(), 'LL128', 'original', 150);

##---------------------------------------------------------------



INSERT INTO art (artist, title, media, width, height, image, pricing_info, main_image, image_width, image_height)
	VALUES(221,
	       'light pink party shoes',
	       'oil on canvas',
	       30,
	       30,
	       'light-pink-party',
	    'original &pound;150',
	       0,
		634,
		 650);


INSERT INTO art_pricing(art, item_number, description, price)
	VALUES(LAST_INSERT_ID(), 'LL129', 'original', 150);

##---------------------------------------------------------------



INSERT INTO art (artist, title, media, width, height, image, pricing_info, main_image, image_width, image_height)
	VALUES(221,
	       'loungers',
	       'oil on canvas',
	       30,
	       30,
	       'loungers',
	    'original &pound;150',
	       0,
		623,
		 650);


INSERT INTO art_pricing(art, item_number, description, price)
	VALUES(LAST_INSERT_ID(), 'LL130', 'original', 150);

##---------------------------------------------------------------



INSERT INTO art (artist, title, media, width, height, image, pricing_info, main_image, image_width, image_height)
	VALUES(221,
	       'mbts',
	       'oil on canvas',
	       30,
	       30,
	       'mbts',
	    'original &pound;150',
	       0,
		642,
		 650);


INSERT INTO art_pricing(art, item_number, description, price)
	VALUES(LAST_INSERT_ID(), 'LL131', 'original', 150);

##---------------------------------------------------------------



INSERT INTO art (artist, title, media, width, height, image, pricing_info, main_image, image_width, image_height)
	VALUES(221,
	       'nike 60s',
	       'oil on canvas',
	       30,
	       30,
	       'nike-60s',
	    'original &pound;150',
	       0,
		650,
		 650);


INSERT INTO art_pricing(art, item_number, description, price)
	VALUES(LAST_INSERT_ID(), 'LL132', 'original', 150);

##---------------------------------------------------------------



INSERT INTO art (artist, title, media, width, height, image, pricing_info, main_image, image_width, image_height)
	VALUES(221,
	       'nike runners',
	       'oil on canvas',
	       30,
	       30,
	       'nike-runners',
	    'original &pound;150',
	       0,
		617,
		 650);


INSERT INTO art_pricing(art, item_number, description, price)
	VALUES(LAST_INSERT_ID(), 'LL133', 'original', 150);

##---------------------------------------------------------------



INSERT INTO art (artist, title, media, width, height, image, pricing_info, main_image, image_width, image_height)
	VALUES(221,
	       'pink converse',
	       'oil on canvas',
	       30,
	       30,
	       'pink-converse',
	    'original &pound;150',
	       0,
		625,
		 650);


INSERT INTO art_pricing(art, item_number, description, price)
	VALUES(LAST_INSERT_ID(), 'LL134', 'original', 150);

##---------------------------------------------------------------



INSERT INTO art (artist, title, media, width, height, image, pricing_info, main_image, image_width, image_height)
	VALUES(221,
	       'teddy and chum',
	       'watercolour on paper',
	       60,
	       43,
	       'teddy-and-chum',
	    'original &pound;180',
	       0,
		433,
		 650);


INSERT INTO art_pricing(art, item_number, description, price)
	VALUES(LAST_INSERT_ID(), 'LL137', 'original', 180);


##---------------------------------------------------------------


INSERT INTO art (artist, title, media, width, height, image, pricing_info, main_image, image_width, image_height)
	VALUES(221,
	       'forgotten teddy',
	       'watercolour on paper',
	       60,
	       43,
	       'forgotten-teddy',
	    'original &pound;180',
	       0,
		433,
		 650);


INSERT INTO art_pricing(art, item_number, description, price)
	VALUES(LAST_INSERT_ID(), 'LL138', 'original', 180);


##---------------------------------------------------------------


INSERT INTO art (artist, title, media, width, height, image, pricing_info, main_image, image_width, image_height)
	VALUES(221,
	       'breakfast teddy',
	       'watercolour on paper',
	       60,
	       43,
	       'breakfast-teddy',
	    'original &pound;180',
	       0,
		433,
		 650);


INSERT INTO art_pricing(art, item_number, description, price)
	VALUES(LAST_INSERT_ID(), 'LL139', 'original', 180);


##---------------------------------------------------------------


INSERT INTO art (artist, title, media, width, height, image, pricing_info, main_image, image_width, image_height)
	VALUES(221,
	       'lonely teddy',
	       'watercolour on paper',
	       60,
	       43,
	       'lonely-teddy',
	    'original &pound;180',
	       0,
		433,
		 650);


INSERT INTO art_pricing(art, item_number, description, price)
	VALUES(LAST_INSERT_ID(), 'LL140', 'original', 180);


##---------------------------------------------------------------

INSERT INTO art (artist, title, media, width, height, image, pricing_info, main_image, image_width, image_height)
	VALUES(221,
	       'teddy with shoe',
	       'watercolour on paper',
	       60,
	       43,
	       'teddy-with-shoe',
	    'original &pound;180',
	       0,
		433,
		 650);


INSERT INTO art_pricing(art, item_number, description, price)
	VALUES(LAST_INSERT_ID(), 'LL125', 'original', 180);


##---------------------------------------------------------------




INSERT INTO art (artist, title, media, width, height, image, pricing_info, main_image, image_width, image_height)
	VALUES(221,
	       'picnic teddy',
	       'watercolour on paper',
	       60,
	       43,
	       'picnic-teddy',
	    'original &pound;180',
	       0,
		433,
		 650);


INSERT INTO art_pricing(art, item_number, description, price)
	VALUES(LAST_INSERT_ID(), 'LL125', 'original', 180);


##---------------------------------------------------------------




INSERT INTO art (artist, title, media, width, height, image, pricing_info, main_image, image_width, image_height)
	VALUES(221,
	       'bedtime teddy',
	       'watercolour on paper',
	       60,
	       43,
	       'bedtime-teddy',
	    'original &pound;180',
	       0,
		433,
		 650);


INSERT INTO art_pricing(art, item_number, description, price)
	VALUES(LAST_INSERT_ID(), 'LL126', 'original', 180);


##---------------------------------------------------------------




INSERT INTO art (artist, title, media, width, height, image, pricing_info, main_image, image_width, image_height)
	VALUES(221,
	       'teddy with cup',
	       'watercolour on paper',
	       60,
	       43,
	       'teddy-with-cup',
	    'original &pound;180',
	       0,
		433,
		 650);


INSERT INTO art_pricing(art, item_number, description, price)
	VALUES(LAST_INSERT_ID(), 'LL127', 'original', 180);


##---------------------------------------------------------------




INSERT INTO art (artist, title, media, width, height, image, pricing_info, main_image, image_width, image_height)
	VALUES(221,
	       'teddy with roses',
	       'watercolour on paper',
	       60,
	       43,
	       'teddy-with-roses',
	    'original &pound;180',
	       0,
		433,
		 650);


INSERT INTO art_pricing(art, item_number, description, price)
	VALUES(LAST_INSERT_ID(), 'LL128', 'original', 180);


##---------------------------------------------------------------
		


INSERT INTO art (artist, title, media, width, height, image, pricing_info, main_image, image_width, image_height)
	VALUES(221,
	       'summer fruits',
	       'mixed media',
	       63,
	       58,
	       'summer_fruits',
	    'original &pound;360',
	       0,
		650,
		 544);


INSERT INTO art_pricing(art, item_number, description, price)
	VALUES(LAST_INSERT_ID(), 'LL101', 'original', 360);


##---------------------------------------------------------------



INSERT INTO art (artist, title, media, width, height, image, pricing_info, main_image, image_width, image_height)
	VALUES(221,
	       'taking a break',
	       'media',
	       36,
	       48,
	       'taking_a_break',
	    'original &pound;250',
	       0,
		650,
		 433);


INSERT INTO art_pricing(art, item_number, description, price)
	VALUES(LAST_INSERT_ID(), 'LL103', 'original', 250);

##---------------------------------------------------------------


INSERT INTO art (artist, title, media, width, height, image, pricing_info, main_image, image_width, image_height)
    VALUES(221,
           'rise and shine',
           'watercolour',
           50,
           64,
           'rise_and_shine',
        'original &pound;360',
           0,
        650,
         433);


INSERT INTO art_pricing(art, item_number, description, price)
    VALUES(LAST_INSERT_ID(), 'LL113', 'original', 360);



##---------------------------------------------------------------


INSERT INTO art (artist, title, media, width, height, image, pricing_info, main_image, image_width, image_height)
	VALUES(221,
	       'grannys fruit bowl',
	       'oil pastels',
	       34,
	       34,
	       'grannys_fruit_bowl',
	    'original &pound;225',
	       0,
		650,
		 622);


INSERT INTO art_pricing(art, item_number, description, price)
	VALUES(LAST_INSERT_ID(), 'LL104', 'original', 225);


##---------------------------------------------------------------


INSERT INTO art (artist, title, media, width, height, image, pricing_info, main_image, image_width, image_height)
	VALUES(221,
	       'late night',
	       'watercolour',
	       51,
	       60,
	       'late_night',
	    'original &pound;325',
	       0,
		650,
		 552);


INSERT INTO art_pricing(art, item_number, description, price)
	VALUES(LAST_INSERT_ID(), 'LL105', 'original', 325);

##---------------------------------------------------------------


INSERT INTO art (artist, title, media, width, height, image, pricing_info, main_image, image_width, image_height)
    VALUES(221,
           'early night',
           'oil on canvas',
           77,
           90,
           'early_night',
        'original &pound;650',
           0,
        650,
         433);


INSERT INTO art_pricing(art, item_number, description, price)
    VALUES(LAST_INSERT_ID(), 'LL107', 'original', 650);



##---------------------------------------------------------------




INSERT INTO art (artist, title, media, width, height, image, pricing_info, main_image, image_width, image_height)
	VALUES(221,
	       'still life with table crackers',
	       'watercolour on paper',
	       50,
	       64,
	       'still-life-with',
	    'original &pound;360',
	       0,
		650,
		 432);


INSERT INTO art_pricing(art, item_number, description, price)
	VALUES(LAST_INSERT_ID(), 'LL119', 'original', 360);


##---------------------------------------------------------------




INSERT INTO art (artist, title, media, width, height, image, pricing_info, main_image, image_width, image_height)
	VALUES(221,
	       'quiet moment',
	       'watercolour on paper',
	       76,
	       57,
	       'quiet-moment',
	    'original &pound;360',
	       0,
		650,
		 432);


INSERT INTO art_pricing(art, item_number, description, price)
	VALUES(LAST_INSERT_ID(), 'LL120', 'original', 360);


##---------------------------------------------------------------



INSERT INTO art (artist, title, media, width, height, image, pricing_info, main_image, image_width, image_height)
	VALUES(221,
	       'converse runners',
	       'watercolour on paper',
	       76,
	       57,
	       'converse-runners',
	    'original &pound;390',
	       0,
		650,
		 432);


INSERT INTO art_pricing(art, item_number, description, price)
	VALUES(LAST_INSERT_ID(), 'LL122', 'original', 390);


##---------------------------------------------------------------



INSERT INTO art (artist, title, media, width, height, image, pricing_info, main_image, image_width, image_height)
	VALUES(221,
	       'still life with lilies',
	       'watercolour on paper',
	       76,
	       57,
	       'still-life-lillies',
	    'original &pound;390',
	       0,
		432,
		 650);


INSERT INTO art_pricing(art, item_number, description, price)
	VALUES(LAST_INSERT_ID(), 'LL121', 'original', 390);


##---------------------------------------------------------------



INSERT INTO art (artist, title, media, width, height, image, pricing_info, main_image, image_width, image_height)
	VALUES(221,
	       'inheritance',
	       'pencil',
	       42,
	       59,
	       'inheritance',
	    'original &pound;315',
	       0,
		650,
		 428);


INSERT INTO art_pricing(art, item_number, description, price)
	VALUES(LAST_INSERT_ID(), 'LL102', 'original', 315);


##---------------------------------------------------------------

INSERT INTO art (artist, title, media, width, height, image, pricing_info, main_image, image_width, image_height)
	VALUES(221,
	       'chair with violin',
	       'oil on canvas',
	       101,
	       76,
	       'chair_with_violin',
	    'sold',
	       0,
		484,
		 650);




##---------------------------------------------------------------


INSERT INTO art (artist, title, media, width, height, image, pricing_info, main_image, image_width, image_height)
	VALUES(221,
	       'who took my wellies',
	       'oil on canvas',
	       101,
	       76,
	       'who_took_my',
	    'sold',
	       0,
		433,
		 650);





##---------------------------------------------------------------


INSERT INTO art (artist, title, media, width, height, image, pricing_info, main_image, image_width, image_height)
	VALUES(221,
	       'still moment',
	       'oil on canvas',
	       101,
	       76,
	       'still_moment',
	    'original &pound;695',
	       1,
		433,
		 650);


INSERT INTO art_pricing(art, item_number, description, price)
	VALUES(LAST_INSERT_ID(), 'LL109', 'original', 695);


##---------------------------------------------------------------


INSERT INTO art (artist, title, media, width, height, image, pricing_info, main_image, image_width, image_height)
	VALUES(221,
	       'presence',
	       'oil on canvas',
	       101,
	       76,
	       'presence',
	    'original &pound;695',
	       0,
		433,
		 650);


INSERT INTO art_pricing(art, item_number, description, price)
	VALUES(LAST_INSERT_ID(), 'LL110', 'original', 695);


##---------------------------------------------------------------


INSERT INTO art (artist, title, media, width, height, image, pricing_info, main_image, image_width, image_height)
	VALUES(221,
	       'bouquet 1',
	       'watercolour',
	       40,
	       31,
	       'bouquet-1',
	    'original &pound;180',
	       0,
		650,
		 433);


INSERT INTO art_pricing(art, item_number, description, price)
	VALUES(LAST_INSERT_ID(), 'LL119', 'original', 180);


##---------------------------------------------------------------





INSERT INTO art (artist, title, media, width, height, image, pricing_info, main_image, image_width, image_height)
	VALUES(221,
	       'bouquet 2',
	       'watercolour',
	       40,
	       31,
	       'bouquet-2',
	    'original &pound;180',
	       0,
		433,
		 650);


INSERT INTO art_pricing(art, item_number, description, price)
	VALUES(LAST_INSERT_ID(), 'LL120', 'original', 180);


##---------------------------------------------------------------





INSERT INTO art (artist, title, media, width, height, image, pricing_info, main_image, image_width, image_height)
	VALUES(221,
	       'bridge club',
	       'watercolour',
	       77,
	       56,
	       'bridge-club',
	    'original &pound;360',
	       0,
		650,
		 433);


INSERT INTO art_pricing(art, item_number, description, price)
	VALUES(LAST_INSERT_ID(), 'LL121', 'original', 360);


##---------------------------------------------------------------





INSERT INTO art (artist, title, media, width, height, image, pricing_info, main_image, image_width, image_height)
	VALUES(221,
	       'curiousity',
	       'watercolour',
	       65,
	       28,
	       'curiousity',
	    'original &pound;250',
	       0,
		650,
		 433);


INSERT INTO art_pricing(art, item_number, description, price)
	VALUES(LAST_INSERT_ID(), 'LL122', 'original', 250);


##---------------------------------------------------------------





INSERT INTO art (artist, title, media, width, height, image, pricing_info, main_image, image_width, image_height)
	VALUES(221,
	       'lisa',
	       'watercolour',
	       30,
	       50,
	       'lisa',
	    'original &pound;180',
	       0,
		433,
		 650);


INSERT INTO art_pricing(art, item_number, description, price)
	VALUES(LAST_INSERT_ID(), 'LL123', 'original', 180);


##---------------------------------------------------------------



INSERT INTO art (artist, title, media, width, height, image, pricing_info, main_image, image_width, image_height)
	VALUES(221,
	       'still',
	       'watercolour',
	       76,
	       57,
	       'still',
	    'original &pound;360',
	       0,
		433,
		 650);


INSERT INTO art_pricing(art, item_number, description, price)
	VALUES(LAST_INSERT_ID(), 'LL124', 'original', 360);

##---------------------------------------------------------------


INSERT INTO art (artist, title, media, width, height, image, pricing_info, main_image, image_width, image_height)
	VALUES(221,
	       'lucia sleeping',
	       'watercolour',
	       60,
	       43,
	       'lucia-sleeping',
	    'original &pound;250',
	       0,
		430,
		 650);


INSERT INTO art_pricing(art, item_number, description, price)
	VALUES(LAST_INSERT_ID(), 'LL141', 'original', 250);

##---------------------------------------------------------------


INSERT INTO art (artist, title, media, width, height, image, pricing_info, main_image, image_width, image_height)
	VALUES(221,
	       'josh on garden bench',
	       'watercolour on paper',
	       60,
	       42,
	       'josh-on-garden',
	    'original &pound;170',
	       0,
		646,
		 650);


INSERT INTO art_pricing(art, item_number, description, price)
	VALUES(LAST_INSERT_ID(), 'LL142', 'original', 170);

##---------------------------------------------------------------


INSERT INTO art (artist, title, media, width, height, image, pricing_info, main_image, image_width, image_height)
	VALUES(221,
	       'lucia on couch',
	       'watercolour on paper',
	       60,
	       42,
	       'lucia-on-couch',
	    'original &pound;170',
	       0,
		460,
		 650);


INSERT INTO art_pricing(art, item_number, description, price)
	VALUES(LAST_INSERT_ID(), 'LL143', 'original', 170);

##---------------------------------------------------------------


INSERT INTO art (artist, title, media, width, height, image, pricing_info, main_image, image_width, image_height)
	VALUES(221,
	       'lucia sewing',
	       'watercolour on paper',
	       60,
	       42,
	       'lucia-sewing',
	    'original &pound;170',
	       0,
		460,
		 650);


INSERT INTO art_pricing(art, item_number, description, price)
	VALUES(LAST_INSERT_ID(), 'LL144', 'original', 170);

##---------------------------------------------------------------


INSERT INTO art (artist, title, media, width, height, image, pricing_info, main_image, image_width, image_height)
	VALUES(221,
	       'megan sitting',
	       'mixed media on paper',
	       60,
	       42,
	       'megan-sitting',
	    'original &pound;170',
	       0,
		432,
		 650);


INSERT INTO art_pricing(art, item_number, description, price)
	VALUES(LAST_INSERT_ID(), 'LL145', 'original', 170);

##---------------------------------------------------------------


INSERT INTO art (artist, title, media, width, height, image, pricing_info, main_image, image_width, image_height)
	VALUES(221,
	       'megan standing',
	       'pencil graphite on paper',
	       60,
	       42,
	       'megan-standing',
	    'original &pound;170',
	       0,
		338,
		 650);


INSERT INTO art_pricing(art, item_number, description, price)
	VALUES(LAST_INSERT_ID(), 'LL146', 'original', 170);

##---------------------------------------------------------------


INSERT INTO art (artist, title, media, width, height, image, pricing_info, main_image, image_width, image_height)
	VALUES(221,
	       'how long more?',
	       'pencil on paper',
	       60,
	       42,
	       'how-long-more',
	    'original &pound;150',
	       0,
		431,
		 650);


INSERT INTO art_pricing(art, item_number, description, price)
	VALUES(LAST_INSERT_ID(), 'LL147', 'original', 150);

##---------------------------------------------------------------


INSERT INTO art (artist, title, media, width, height, image, pricing_info, main_image, image_width, image_height)
	VALUES(221,
	       'quiet man',
	       'pencil on paper',
	       60,
	       42,
	       'quiet-man',
	    'original &pound;150',
	       0,
		431,
		 650);


INSERT INTO art_pricing(art, item_number, description, price)
	VALUES(LAST_INSERT_ID(), 'LL148', 'original', 150);

##---------------------------------------------------------------


INSERT INTO art (artist, title, media, width, height, image, pricing_info, main_image, image_width, image_height)
	VALUES(221,
	       'open door sunny day',
	       'watercolour on paper',
	       60,
	       42,
	       'open-door-sunny',
	    'original &pound;190',
	       0,
		650,
		 456);


INSERT INTO art_pricing(art, item_number, description, price)
	VALUES(LAST_INSERT_ID(), 'LL149', 'original', 190);

##---------------------------------------------------------------


INSERT INTO art (artist, title, media, width, height, image, pricing_info, main_image, image_width, image_height)
	VALUES(221,
	       'hanging out',
	       'watercolour on paper',
	       60,
	       42,
	       'hanging-out',
	    'original &pound;190',
	       0,
		650,
		 442);


INSERT INTO art_pricing(art, item_number, description, price)
	VALUES(LAST_INSERT_ID(), 'LL150', 'original', 190);

##---------------------------------------------------------------


INSERT INTO artist (id, name, statement, notes, display, keywords)
	VALUES(222, 'alistair parker',
	'<p class="artist">Alistair J Parker is an artist located near the Fylde coast in the North West of England. His interest in the visual arts began when he developed his first photograph at the age of 13. He returned to serious photography about 30 years later and soon became involved in competitive photography at local and national level achieving a number of distinctions. Despite his photography he was still creatively frustrated. Early retirement provided the opportunity to expand his interest in the visual arts by joining a Life Class at the local Art School. This led to a Foundation Course in Art and Design and ultimately to studying for a degree in Fine Art and Professional Practice, which is ongoing. He says:
</p>

<p class="artist">"My work as an artist draws heavily on my experience as a photographer, bringing together a fusion of photography, digital imaging and fine art. The approach taken is highly experimental and combines a range of unconventional materials and processes in addition to the more traditional art media."
</p>

<p class="artist">"Subjects are many and varied, my current work involves the observation of people and urban space they occupy, together with a fascination for the rapidly decaying and disappearing urban scene, particularly the classic seaside resort. My current work is influenced by the crossover between street art and fine art."</p>
<p class="artist"></p>',

               NULL,
	       1,
		'photographic prints, prints of Liverpool,');

##---------------------------------------------------------------



INSERT INTO art (artist, title, media, width, height, image, pricing_info, main_image, image_width, image_height)
	VALUES(222,
	       'liver building sky and gull',
	       'digital polymer transfer archival pigment',
	       84,
	       61,
	       'liver-building-sky',
	    'limited edition print &pound;330',
	       0,
		461,
		 650);


INSERT INTO art_pricing(art, item_number, description, price)
	VALUES(LAST_INSERT_ID(), 'AP123', 'limited edition print', 330);


##---------------------------------------------------------------






INSERT INTO art (artist, title, media, width, height, image, pricing_info, main_image, image_width, image_height)
	VALUES(222,
	       'anglican cathedral glare',
	       'digital polymer transfer archival pigment',
	       84,
	       61,
	       'anglican-cathedral-glare',
	    'limited edition print &pound;330',
	       0,
		460,
		 650);


INSERT INTO art_pricing(art, item_number, description, price)
	VALUES(LAST_INSERT_ID(), 'AP120', 'limited edition print', 330);


##---------------------------------------------------------------


INSERT INTO art (artist, title, media, width, height, image, pricing_info, main_image, image_width, image_height)
	VALUES(222,
	       'gormley sunset',
	       'digital polymer transfer archival pigment',
	       84,
	       61,
	       'gormley-sunset',
	    'limited edition print &pound;330',
	       0,
		460,
		 650);


INSERT INTO art_pricing(art, item_number, description, price)
	VALUES(LAST_INSERT_ID(), 'AP121', 'limited edition print', 330);


##---------------------------------------------------------------


INSERT INTO art (artist, title, media, width, height, image, pricing_info, main_image, image_width, image_height)
	VALUES(222,
	       'lifebelt liverpool silhouette',
	       'digital polymer transfer archival pigment',
	       84,
	       61,
	       'lifebelt-liverpool',
	    'limited edition print &pound;330',
	       0,
		460,
		 650);


INSERT INTO art_pricing(art, item_number, description, price)
	VALUES(LAST_INSERT_ID(), 'AP122', 'limited edition print', 330);


##---------------------------------------------------------------

INSERT INTO art (artist, title, media, width, height, image, pricing_info, main_image, image_width, image_height)
	VALUES(222,
	       'one of lewises',
	       'digital polymer transfer archival pigment',
	       84,
	       61,
	       'one-of-lewises',
	    'limited edition print &pound;330',
	       0,
		460,
		 650);


INSERT INTO art_pricing(art, item_number, description, price)
	VALUES(LAST_INSERT_ID(), 'AP125', 'limited edition print', 330);


##---------------------------------------------------------------


INSERT INTO art (artist, title, media, width, height, image, pricing_info, main_image, image_width, image_height)
	VALUES(222,
	       'queen victoria',
	       'digital polymer transfer archival pigment',
	       84,
	       61,
	       'queen-victoria',
	    'limited edition print &pound;330',
	       0,
		460,
		 650);


INSERT INTO art_pricing(art, item_number, description, price)
	VALUES(LAST_INSERT_ID(), 'AP126', 'limited edition print', 330);


##---------------------------------------------------------------



	

INSERT INTO art (artist, title, media, width, height, image, pricing_info, main_image, image_width, image_height)
	VALUES(222,
	       'beatles girls',
	       'digital polymer transfer archival pigment',
	       84,
	       61,
	       'beatles-girls',
	    'limited edition print &pound;330',
	       1,
		459,
		 650);


INSERT INTO art_pricing(art, item_number, description, price)
	VALUES(LAST_INSERT_ID(), 'AP101', 'limited edition print', 330);


##---------------------------------------------------------------


INSERT INTO art (artist, title, media, width, height, image, pricing_info, main_image, image_width, image_height)
	VALUES(222,
	       'albert dock reflection',
	       'digital polymer transfer archival pigment',
	       61,
	       84,
	       'albert-dock-reflection',
	    'limited edition print &pound;330',
	       0,
		650,
		 460);


INSERT INTO art_pricing(art, item_number, description, price)
	VALUES(LAST_INSERT_ID(), 'AP119', 'limited edition print', 330);


##---------------------------------------------------------------

INSERT INTO art (artist, title, media, width, height, image, pricing_info, main_image, image_width, image_height)
	VALUES(222,
	       'liverpool ferry waterfront',
	       'digital polymer transfer archival pigment',
	       61,
	       84,
	       'liverpool-ferry',
	    'limited edition print &pound;330',
	       0,
		650,
		 460);


INSERT INTO art_pricing(art, item_number, description, price)
	VALUES(LAST_INSERT_ID(), 'AP124', 'limited edition print', 330);


##---------------------------------------------------------------

INSERT INTO art (artist, title, media, width, height, image, pricing_info, main_image, image_width, image_height)
	VALUES(222,
	       'bispham tram yellow',
	       'digital polymer transfer archival pigment',
	       84,
	       61,
	       'bispham-tram-yellow',
	    'limited edition print &pound;330',
	       0,
		459,
		 650);


INSERT INTO art_pricing(art, item_number, description, price)
	VALUES(LAST_INSERT_ID(), 'AP102', 'limited edition print', 330);


##---------------------------------------------------------------


INSERT INTO art (artist, title, media, width, height, image, pricing_info, main_image, image_width, image_height)
	VALUES(222,
	       'phone boxes and umbrella',
	       'digital polymer transfer archival pigment',
	       61,
	       84,
	       'phone-boxes-umbrella',
	    'limited edition print &pound;330',
	       0,
		650,
		 459);


INSERT INTO art_pricing(art, item_number, description, price)
	VALUES(LAST_INSERT_ID(), 'AP103', 'limited edition print', 330);


##---------------------------------------------------------------


INSERT INTO art (artist, title, media, width, height, image, pricing_info, main_image, image_width, image_height)
	VALUES(222,
	       'girl with red umbrella',
	       'digital polymer transfer archival pigment',
	       84,
	       61,
	       'girl-with-red',
	    'limited edition print &pound;330',
	       0,
		459,
		 650);


INSERT INTO art_pricing(art, item_number, description, price)
	VALUES(LAST_INSERT_ID(), 'AP104', 'limited edition print', 330);


##---------------------------------------------------------------


INSERT INTO art (artist, title, media, width, height, image, pricing_info, main_image, image_width, image_height)
	VALUES(222,
	       'liver building',
	       'digital polymer transfer archival pigment',
	       84,
	       61,
	       'liver-building',
	    'limited edition print &pound;330',
	       0,
		459,
		 650);


INSERT INTO art_pricing(art, item_number, description, price)
	VALUES(LAST_INSERT_ID(), 'AP105', 'limited edition print', 330);


##---------------------------------------------------------------


INSERT INTO art (artist, title, media, width, height, image, pricing_info, main_image, image_width, image_height)
	VALUES(222,
	       'passing north pier',
	       'digital polymer transfer archival pigment',
	       41,
	       122,
	       'passing-north-pier',
	    'limited edition print &pound;360',
	       0,
		650,
		 216);


INSERT INTO art_pricing(art, item_number, description, price)
	VALUES(LAST_INSERT_ID(), 'AP106', 'limited edition print', 360);


##---------------------------------------------------------------


INSERT INTO art (artist, title, media, width, height, image, pricing_info, main_image, image_width, image_height)
	VALUES(222,
	       'pleasure beach tram',
	       'digital polymer transfer archival pigment',
	       84,
	       61,
	       'pleasure-beach-tram',
	    'limited edition print &pound;330',
	       0,
		459,
		 650);


INSERT INTO art_pricing(art, item_number, description, price)
	VALUES(LAST_INSERT_ID(), 'AP107', 'limited edition print', 330);


##---------------------------------------------------------------


INSERT INTO art (artist, title, media, width, height, image, pricing_info, main_image, image_width, image_height)
	VALUES(222,
	       'red 2cv',
	       'digital polymer transfer archival pigment',
	       84,
	       61,
	       'red-2cv',
	    'limited edition print &pound;330',
	       0,
		650,
		 459);


INSERT INTO art_pricing(art, item_number, description, price)
	VALUES(LAST_INSERT_ID(), 'AP108', 'limited edition print', 330);


##---------------------------------------------------------------


INSERT INTO art (artist, title, media, width, height, image, pricing_info, main_image, image_width, image_height)
	VALUES(222,
	       'red and blurry',
	       'digital polymer transfer archival pigment',
	       84,
	       61,
	       'red-and-blurry',
	    'limited edition print &pound;330',
	       0,
		459,
		 650);


INSERT INTO art_pricing(art, item_number, description, price)
	VALUES(LAST_INSERT_ID(), 'AP109', 'limited edition print', 330);


##---------------------------------------------------------------


INSERT INTO art (artist, title, media, width, height, image, pricing_info, main_image, image_width, image_height)
	VALUES(222,
	       'red boxes and yellow coat',
	       'digital polymer transfer archival pigment',
	       41,
	       122,
	       'red-boxes-and',
	    'limited edition print &pound;360',
	       0,
		650,
		 216);


INSERT INTO art_pricing(art, item_number, description, price)
	VALUES(LAST_INSERT_ID(), 'AP110', 'limited edition print', 360);


##---------------------------------------------------------------


INSERT INTO art (artist, title, media, width, height, image, pricing_info, main_image, image_width, image_height)
	VALUES(222,
	       'red reflection',
	       'digital polymer transfer archival pigment',
	       84,
	       61,
	       'red-reflection',
	    'limited edition print &pound;330',
	       0,
		459,
		 650);


INSERT INTO art_pricing(art, item_number, description, price)
	VALUES(LAST_INSERT_ID(), 'AP111', 'limited edition print', 330);


##---------------------------------------------------------------


INSERT INTO art (artist, title, media, width, height, image, pricing_info, main_image, image_width, image_height)
	VALUES(222,
	       'tate spider people',
	       'digital polymer transfer archival pigment',
	       61,
	       84,
	       'tate-spider-people',
	    'limited edition print &pound;330',
	       0,
		650,
		 459);


INSERT INTO art_pricing(art, item_number, description, price)
	VALUES(LAST_INSERT_ID(), 'AP112', 'limited edition print', 330);


##---------------------------------------------------------------


INSERT INTO art (artist, title, media, width, height, image, pricing_info, main_image, image_width, image_height)
	VALUES(222,
	       'tate turbine people',
	       'digital polymer transfer archival pigment',
	       61,
	       84,
	       'tate-turbine-people',
	    'limited edition print &pound;330',
	       0,
		650,
		 459);


INSERT INTO art_pricing(art, item_number, description, price)
	VALUES(LAST_INSERT_ID(), 'AP113', 'limited edition print', 330);


##---------------------------------------------------------------


INSERT INTO art (artist, title, media, width, height, image, pricing_info, main_image, image_width, image_height)
	VALUES(222,
	       'torn gold',
	       'digital polymer transfer archival pigment',
	       84,
	       61,
	       'torn-gold',
	    'limited edition print &pound;330',
	       0,
		459,
		 650);


INSERT INTO art_pricing(art, item_number, description, price)
	VALUES(LAST_INSERT_ID(), 'AP114', 'limited edition print', 330);


##---------------------------------------------------------------


INSERT INTO art (artist, title, media, width, height, image, pricing_info, main_image, image_width, image_height)
	VALUES(222,
	       'union jack',
	       'digital polymer transfer archival pigment',
	       84,
	       61,
	       'union-jack',
	    'limited edition print &pound;330',
	       0,
		459,
		 650);


INSERT INTO art_pricing(art, item_number, description, price)
	VALUES(LAST_INSERT_ID(), 'AP115', 'limited edition print', 330);


##---------------------------------------------------------------


INSERT INTO art (artist, title, media, width, height, image, pricing_info, main_image, image_width, image_height)
	VALUES(222,
	       'wiggly walk',
	       'digital polymer transfer archival pigment',
	       84,
	       61,
	       'wiggly-walk',
	    'limited edition print &pound;330',
	       0,
		459,
		 650);


INSERT INTO art_pricing(art, item_number, description, price)
	VALUES(LAST_INSERT_ID(), 'AP116', 'limited edition print', 330);


##---------------------------------------------------------------


INSERT INTO art (artist, title, media, width, height, image, pricing_info, main_image, image_width, image_height)
	VALUES(222,
	       'houses of parliament',
	       'digital polymer transfer archival pigment',
	       61,
	       84,
	       'houses-of-parliament',
	    'limited edition print &pound;330',
	       0,
		650,
		 459);


INSERT INTO art_pricing(art, item_number, description, price)
	VALUES(LAST_INSERT_ID(), 'AP117', 'limited edition print', 330);


##---------------------------------------------------------------


INSERT INTO art (artist, title, media, width, height, image, pricing_info, main_image, image_width, image_height)
	VALUES(222,
	       'oslo skaters',
	       'digital polymer transfer archival pigment',
	       84,
	       61,
	       'oslo-skaters',
	    'limited edition print &pound;330',
	       0,
		650,
		 459);


INSERT INTO art_pricing(art, item_number, description, price)
	VALUES(LAST_INSERT_ID(), 'AP118', 'limited edition print', 330);


##---------------------------------------------------------------





	


INSERT INTO artist (id, name, statement, notes, display, keywords)
	VALUES(223, 'lynn fraser',
	'<p class="artist"> Lynn is a Liverpool based artist who was always interested in drawing and painting but work life took over until she recently went to night school to reawaken her desire to draw. She says:</p>

<p class="artist">"Since
 leaving work in a buying office fashion department a few
 years ago I was able to pursue my passion. I have sold work
 here and abroad and exhibited in galleries in the northwest
 of England as well as showcasing my work on other websites.
 I paint in acrylic on canvas and my artwork is eclectic, varying
 from black and white icons to the Harajuku girls of Japan."
</p>

<p class="artist">Lynn recently won first prize in the Portland Hall Spa "Bodyworks" art competition, and has exhibited in a range of shows including the Sefton Open.</p>
<p class="artist"></p>',

               NULL,
	       1,
		'paintings of women, nude paintings, female nudes, Kate Moss paintings, Lily Cole paintings, harajuku paintings,  ');

##---------------------------------------------------------------


INSERT INTO art (artist, title, media, width, height, image, pricing_info, main_image, image_width, image_height)
	VALUES(223,
	       'tia',
	       'acrylic on canvas',
	       50,
	       60,
	       'tia',
	    'original &pound;240',
	       0,
		521,
		 650);


INSERT INTO art_pricing(art, item_number, description, price)
	VALUES(LAST_INSERT_ID(), 'LF104', 'original', 240);


##---------------------------------------------------------------



INSERT INTO art (artist, title, media, width, height, image, pricing_info, main_image, image_width, image_height)
	VALUES(223,
	       'tia with orange',
	       'acrylic on canvas',
	       50,
	       60,
	       'tia-with-orange',
	    'original &pound;240',
	       0,
		537,
		 650);


INSERT INTO art_pricing(art, item_number, description, price)
	VALUES(LAST_INSERT_ID(), 'LF105', 'original', 240);


##---------------------------------------------------------------






INSERT INTO art (artist, title, media, width, height, image, pricing_info, main_image, image_width, image_height)
	VALUES(223,
	       'mari',
	       'acrylic on canvas',
	       50,
	       60,
	       'mari',
	    'original &pound;240',
	       0,
		522,
		 650);


INSERT INTO art_pricing(art, item_number, description, price)
	VALUES(LAST_INSERT_ID(), 'LF111', 'original', 240);


##---------------------------------------------------------------




INSERT INTO art (artist, title, media, width, height, image, pricing_info, main_image, image_width, image_height)
	VALUES(223,
	       'millie',
	       'acrylic on canvas',
	       50,
	       60,
	       'millie',
	    'original &pound;240',
	       1,
		542,
		 650);


INSERT INTO art_pricing(art, item_number, description, price)
	VALUES(LAST_INSERT_ID(), 'LF113', 'original', 240);


##---------------------------------------------------------------


INSERT INTO art (artist, title, media, width, height, image, pricing_info, main_image, image_width, image_height)
	VALUES(223,
	       'dancer',
	       'acrylic on canvas',
	       50,
	       60,
	       'dancer',
	    'original &pound;240',
	       0,
		533,
		 650);


INSERT INTO art_pricing(art, item_number, description, price)
	VALUES(LAST_INSERT_ID(), 'LF116', 'original', 240);


##---------------------------------------------------------------







INSERT INTO art (artist, title, media, width, height, image, pricing_info, main_image, image_width, image_height)
	VALUES(223,
	       'faina',
	       'acrylic on canvas',
	       50,
	       60,
	       'faine',
	    'original &pound;240',
	       0,
		538,
		 650);


INSERT INTO art_pricing(art, item_number, description, price)
	VALUES(LAST_INSERT_ID(), 'LF102', 'original', 240);


##---------------------------------------------------------------




INSERT INTO art (artist, title, media, width, height, image, pricing_info, main_image, image_width, image_height)
	VALUES(223,
	       'a sad affair',
	       'acrylic on canvas',
	       50,
	       60,
	       'a-sad-affair',
	    'original &pound;240',
	       0,
		650,
		 549);


INSERT INTO art_pricing(art, item_number, description, price)
	VALUES(LAST_INSERT_ID(), 'LF114', 'original', 240);


##---------------------------------------------------------------






INSERT INTO art (artist, title, media, width, height, image, pricing_info, main_image, image_width, image_height)
	VALUES(223,
	       'autumn days',
	       'acrylic on canvas',
	       50,
	       60,
	       'autumn-days',
	    'original &pound;240',
	       0,
		650,
		 544);


INSERT INTO art_pricing(art, item_number, description, price)
	VALUES(LAST_INSERT_ID(), 'LF112', 'original', 240);


##---------------------------------------------------------------


INSERT INTO art (artist, title, media, width, height, image, pricing_info, main_image, image_width, image_height)
	VALUES(223,
	       'duo',
	       'acrylic on canvas',
	       50,
	       60,
	       'duo',
	    'original &pound;240',
	       0,
		559,
		 650);


INSERT INTO art_pricing(art, item_number, description, price)
	VALUES(LAST_INSERT_ID(), 'LF115', 'original', 240);


##---------------------------------------------------------------






INSERT INTO art (artist, title, media, width, height, image, pricing_info, main_image, image_width, image_height)
	VALUES(223,
	       'lily in crochet dress',
	       'acrylic on canvas',
	       50,
	       60,
	       'lily-in-crochet',
	    'original &pound;240',
	       0,
		543,
		 650);


INSERT INTO art_pricing(art, item_number, description, price)
	VALUES(LAST_INSERT_ID(), 'LF107', 'original', 240);


##---------------------------------------------------------------






	


INSERT INTO artist (id, name, statement, notes, display, keywords)
	VALUES(224, 'jean cox',
	'<p class="artist">Jean grew up in Liverpool in the 60''s and 
left school at the age of 16. Twenty years later she was able to return 
to education, undertaking a foundation course in art and design at 
Southport College. This was followed by an HND in 3D design with ceramics 
at the University of Central Lancashire and then, in 2001, an MA 
in design. 
</p>

<p class="artist">Fired with enthusiasm for clay and its possibilities, Jean
 set up her own studio practice in 1991. From there she began to 
explore how to re-interpret the 3 dimensionality of her 
figurative clay pieces onto a flat canvas and came to love the immediacy 
and potential of working with paint.
</p>

<p class="artist"></p>
<p class="artist">"I enjoy a sense of release and freedom when I am 
painting. A bit like a child running through a field, there are so 
many exciting things to discover, so many places to go and so many 
different ways to get there. The adult me tries to control and the 
child to escape. My work can be inspired by people or by places, how people move and 
interact or how a place can change. I begin with something I''ve 
observed or remembered and then take a journey to somewhere new, 
and I never quite know where that will be. For me that''s the excitement 
and the challenge of painting."</p>',

               NULL,
	       1,
		'acrylic on canvas painting, figurative painting, paintings of 
Venice, abstract paintings, semi abstract paintings, Liverpool artist, Jean Cox');

##---------------------------------------------------------------



INSERT INTO art (artist, title, media, width, height, image, pricing_info, main_image, image_width, image_height)
	VALUES(224,
	       'venice 2',
	       'acrylic on canvas',
	       60,
	       60,
	       'venice-2',
	    'original &pound;400',
	       0,
		650,
		 642);


INSERT INTO art_pricing(art, item_number, description, price)
	VALUES(LAST_INSERT_ID(), 'JC102', 'original', 400);


##---------------------------------------------------------------


INSERT INTO art (artist, title, media, width, height, image, pricing_info, main_image, image_width, image_height)
	VALUES(224,
	       'venice 3',
	       'acrylic on canvas',
	       60,
	       60,
	       'venice-3',
	    'original &pound;400',
	       0,
		650,
		 647);


INSERT INTO art_pricing(art, item_number, description, price)
	VALUES(LAST_INSERT_ID(), 'JC103', 'original', 400);


##---------------------------------------------------------------

INSERT INTO art (artist, title, media, width, height, image, pricing_info, main_image, image_width, image_height)
	VALUES(224,
	       'venice 1',
	       'mixed media on canvas',
	       84,
	       93,
	       'venice-1',
	    'original &pound;750',
	       0,
		580,
		 650);


INSERT INTO art_pricing(art, item_number, description, price)
	VALUES(LAST_INSERT_ID(), 'JC101', 'original', 750);


##---------------------------------------------------------------



INSERT INTO art (artist, title, media, width, height, image, pricing_info, main_image, image_width, image_height)
	VALUES(224,
	       'kirkstone pass 1',
	       'acrylic on canvas',
	       84,
	       80,
	       'kirkstone-pass-1',
	    'original &pound;700',
	       0,
		650,
		 607);


INSERT INTO art_pricing(art, item_number, description, price)
	VALUES(LAST_INSERT_ID(), 'JC106', 'original', 700);


##---------------------------------------------------------------


INSERT INTO art (artist, title, media, width, height, image, pricing_info, main_image, image_width, image_height)
	VALUES(224,
	       'kirkstone pass 2',
	       'acrylic on canvas',
	       84,
	       76,
	       'kirkstone-pass-2',
	    'original &pound;700',
	       0,
		650,
		 565);


INSERT INTO art_pricing(art, item_number, description, price)
	VALUES(LAST_INSERT_ID(), 'JC107', 'original', 700);


##---------------------------------------------------------------

INSERT INTO art (artist, title, media, width, height, image, pricing_info, main_image, image_width, image_height)
	VALUES(224,
	       'constructed with umbrella',
	       'acrylic on canvas',
	       84,
	       80,
	       'constructed-with-umbrella',
	    'original &pound;700',
	       0,
		650,
		 626);


INSERT INTO art_pricing(art, item_number, description, price)
	VALUES(LAST_INSERT_ID(), 'JC113', 'original', 700);


##---------------------------------------------------------------


INSERT INTO art (artist, title, media, width, height, image, pricing_info, main_image, image_width, image_height)
	VALUES(224,
	       'constructed with bag',
	       'acrylic on canvas',
	       84,
	       79,
	       'constructed-with-bag',
	    'original &pound;700',
	       0,
		650,
		 614);


INSERT INTO art_pricing(art, item_number, description, price)
	VALUES(LAST_INSERT_ID(), 'JC114', 'original', 700);


##---------------------------------------------------------------


INSERT INTO art (artist, title, media, width, height, image, pricing_info, main_image, image_width, image_height)
	VALUES(224,
	       'constructed negotiations 2',
	       'acrylic on canvas',
	       85,
	       77,
	       'constructed-2',
	    'original &pound;700',
	       0,
		650,
		 601);


INSERT INTO art_pricing(art, item_number, description, price)
	VALUES(LAST_INSERT_ID(), 'JC115', 'original', 700);


##---------------------------------------------------------------


INSERT INTO art (artist, title, media, width, height, image, pricing_info, main_image, image_width, image_height)
	VALUES(224,
	       'constructed negotiations 1',
	       'acrylic on canvas',
	       85,
	       77,
	       'constructed-1',
	    'original &pound;700',
	       0,
		650,
		 629);


INSERT INTO art_pricing(art, item_number, description, price)
	VALUES(LAST_INSERT_ID(), 'JC116', 'original', 700);


##---------------------------------------------------------------


INSERT INTO art (artist, title, media, width, height, image, pricing_info, main_image, image_width, image_height)
	VALUES(224,
	       'mr lamkin',
	       'acrylic on canvas',
	       85,
	       81,
	       'mr-lamkin',
	    'original &pound;700',
	       1,
		650,
		 623);


INSERT INTO art_pricing(art, item_number, description, price)
	VALUES(LAST_INSERT_ID(), 'JC117', 'original', 700);


##---------------------------------------------------------------


INSERT INTO art (artist, title, media, width, height, image, pricing_info, main_image, image_width, image_height)
	VALUES(224,
	       'women',
	       'acrylic on canvas',
	       81,
	       107,
	       'women',
	    'original &pound;750',
	       0,
		498,
		 650);


INSERT INTO art_pricing(art, item_number, description, price)
	VALUES(LAST_INSERT_ID(), 'JC118', 'original', 750);


##---------------------------------------------------------------


INSERT INTO art (artist, title, media, width, height, image, pricing_info, main_image, image_width, image_height)
	VALUES(224,
	       'image man',
	       'acrylic on canvas',
	       61,
	       46,
	       'image-man',
	    'original &pound;250',
	       0,
		650,
		 490);


INSERT INTO art_pricing(art, item_number, description, price)
	VALUES(LAST_INSERT_ID(), 'JC119', 'original', 250);


##---------------------------------------------------------------


INSERT INTO art (artist, title, media, width, height, image, pricing_info, main_image, image_width, image_height)
	VALUES(224,
	       'image woman',
	       'acrylic on canvas',
	       46,
	       61,
	       'image-woman',
	    'original &pound;250',
	       0,
		488,
		 650);


INSERT INTO art_pricing(art, item_number, description, price)
	VALUES(LAST_INSERT_ID(), 'JC120', 'original', 250);


##---------------------------------------------------------------



INSERT INTO art (artist, title, media, width, height, image, pricing_info, main_image, image_width, image_height)
	VALUES(224,
	       'phone 1',
	       'acrylic on canvas',
	       51,
	       76,
	       'phone-1',
	    'original &pound;400',
	       0,
		434,
		 650);


INSERT INTO art_pricing(art, item_number, description, price)
	VALUES(LAST_INSERT_ID(), 'JC104', 'original', 400);


##---------------------------------------------------------------


INSERT INTO art (artist, title, media, width, height, image, pricing_info, main_image, image_width, image_height)
	VALUES(224,
	       'phone 2',
	       'acrylic on canvas',
	       51,
	       76,
	       'phone-2',
	    'original &pound;400',
	       0,
		433,
		 650);


INSERT INTO art_pricing(art, item_number, description, price)
	VALUES(LAST_INSERT_ID(), 'JC105', 'original', 400);


##---------------------------------------------------------------



INSERT INTO art (artist, title, media, width, height, image, pricing_info, main_image, image_width, image_height)
	VALUES(224,
	       'pinewoods 1',
	       'acrylic on canvas',
	       50,
	       50,
	       'pinewoods-1',
	    'original &pound;300',
	       0,
		513,
		 650);


INSERT INTO art_pricing(art, item_number, description, price)
	VALUES(LAST_INSERT_ID(), 'JC108', 'original', 300);


##---------------------------------------------------------------


INSERT INTO art (artist, title, media, width, height, image, pricing_info, main_image, image_width, image_height)
	VALUES(224,
	       'pinewoods 2',
	       'acrylic on canvas',
	       40,
	       50,
	       'pinewoods-2',
	    'original &pound;300',
	       0,
		519,
		 650);


INSERT INTO art_pricing(art, item_number, description, price)
	VALUES(LAST_INSERT_ID(), 'JC109', 'original', 300);


##---------------------------------------------------------------


INSERT INTO art (artist, title, media, width, height, image, pricing_info, main_image, image_width, image_height)
	VALUES(224,
	       'pinewoods 3',
	       'acrylic on canvas',
	       40,
	       50,
	       'pinewoods-3',
	    'original &pound;300',
	       0,
		520,
		 650);


INSERT INTO art_pricing(art, item_number, description, price)
	VALUES(LAST_INSERT_ID(), 'JC110', 'original', 300);


##---------------------------------------------------------------


INSERT INTO art (artist, title, media, width, height, image, pricing_info, main_image, image_width, image_height)
	VALUES(224,
	       'walking 1',
	       'giclee print',
	       36,
	       44,
	       'walking-1',
	    'limited edition print &pound;60',
	       0,
		567,
		 650);


INSERT INTO art_pricing(art, item_number, description, price)
	VALUES(LAST_INSERT_ID(), 'JC111', 'limited  edition print', 60);


##---------------------------------------------------------------


INSERT INTO art (artist, title, media, width, height, image, pricing_info, main_image, image_width, image_height)
	VALUES(224,
	       'walking 2',
	       'giclee print',
	       36,
	       44,
	       'walking-2',
	    'limited edition print &pound;60',
	       0,
		558,
		 650);


INSERT INTO art_pricing(art, item_number, description, price)
	VALUES(LAST_INSERT_ID(), 'JC112', 'limited edition print', 60);


##---------------------------------------------------------------

INSERT INTO art (artist, title, media, width, height, image, pricing_info, main_image, image_width, image_height)
	VALUES(224,
	       'man with flowers 2',
	       'acrylic on canvas',
	       92,
	       103,
	       'man-with-flowers2',
	    'original &pound;750',
	       0,
		586,
		 650);


INSERT INTO art_pricing(art, item_number, description, price)
	VALUES(LAST_INSERT_ID(), 'JC121', 'original', 750);


##---------------------------------------------------------------


INSERT INTO art (artist, title, media, width, height, image, pricing_info, main_image, image_width, image_height)
	VALUES(224,
	       'somewhere to be 2',
	       'acrylic on canvas',
	       111,
	       75,
	       'somewhere-to-2',
	    'original &pound;400',
	       0,
		650,
		 438);


INSERT INTO art_pricing(art, item_number, description, price)
	VALUES(LAST_INSERT_ID(), 'JC122', 'original', 400);


##---------------------------------------------------------------


INSERT INTO art (artist, title, media, width, height, image, pricing_info, main_image, image_width, image_height)
	VALUES(224,
	       'somewhere to be 1',
	       'acrylic on canvas',
	       46,
	       61,
	       'somewhere-to-1',
	    'original &pound;250',
	       0,
		486,
		 650);


INSERT INTO art_pricing(art, item_number, description, price)
	VALUES(LAST_INSERT_ID(), 'JC123', 'original', 250);


##---------------------------------------------------------------


INSERT INTO art (artist, title, media, width, height, image, pricing_info, main_image, image_width, image_height)
	VALUES(224,
	       'circle 1',
	       'acrylic on canvas',
	       82,
	       78,
	       'circle-1',
	    'original &pound;300',
	       0,
		650,
		 539);


INSERT INTO art_pricing(art, item_number, description, price)
	VALUES(LAST_INSERT_ID(), 'JC124', 'original', 300);


##---------------------------------------------------------------


INSERT INTO art (artist, title, media, width, height, image, pricing_info, main_image, image_width, image_height)
	VALUES(224,
	       'circle 2',
	       'mixed media on wood',
	       68,
	       61,
	       'circle-2',
	    'original &pound;250',
	       0,
		650,
		 571);


INSERT INTO art_pricing(art, item_number, description, price)
	VALUES(LAST_INSERT_ID(), 'JC125', 'original', 250);


##---------------------------------------------------------------



INSERT INTO art (artist, title, media, width, height, image, pricing_info, main_image, image_width, image_height)
	VALUES(224,
	       'circle 3',
	       'mixed media on wood',
	       68,
	       61,
	       'circle-3',
	    'original &pound;250',
	       0,
		650,
		 589);


INSERT INTO art_pricing(art, item_number, description, price)
	VALUES(LAST_INSERT_ID(), 'JC126', 'original', 250);


##---------------------------------------------------------------



INSERT INTO art (artist, title, media, width, height, image, pricing_info, main_image, image_width, image_height)
	VALUES(224,
	       'beach huts',
	       'oil and pastel on canvas',
	       69,
	       65,
	       'beach-huts',
	    'original &pound;300',
	       0,
		650,
		 613);


INSERT INTO art_pricing(art, item_number, description, price)
	VALUES(LAST_INSERT_ID(), 'JC127', 'original', 300);


##---------------------------------------------------------------



INSERT INTO art (artist, title, media, width, height, image, pricing_info, main_image, image_width, image_height)
	VALUES(224,
	       'icon 1',
	       'mixed media on canvas',
	       38,
	       61,
	       'icon-1',
	    'original &pound;200',
	       0,
		398,
		 650);


INSERT INTO art_pricing(art, item_number, description, price)
	VALUES(LAST_INSERT_ID(), 'JC128', 'original', 200);


##---------------------------------------------------------------



INSERT INTO art (artist, title, media, width, height, image, pricing_info, main_image, image_width, image_height)
	VALUES(224,
	       'icon 2',
	       'mixed media on canvas',
	       34,
	       54,
	       'icon-2',
	    'original &pound;200',
	       0,
		408,
		 650);


INSERT INTO art_pricing(art, item_number, description, price)
	VALUES(LAST_INSERT_ID(), 'JC129', 'original', 200);


##---------------------------------------------------------------





INSERT INTO art (artist, title, media, width, height, image, pricing_info, main_image, image_width, image_height)
	VALUES(224,
	       'american tourist',
	       'acrylic on canvas',
	       40,
	       40,
	       'american-tourist',
	    'original &pound;400',
	       0,
		650,
		 636);


INSERT INTO art_pricing(art, item_number, description, price)
	VALUES(LAST_INSERT_ID(), 'JC130', 'original', 400);


##---------------------------------------------------------------






INSERT INTO art (artist, title, media, width, height, image, pricing_info, main_image, image_width, image_height)
	VALUES(224,
	       'mexican tourist',
	       'acrylic on canvas',
	       40,
	       40,
	       'mexican-tourist',
	    'original &pound;400',
	       0,
		644,
		 650);


INSERT INTO art_pricing(art, item_number, description, price)
	VALUES(LAST_INSERT_ID(), 'JC131', 'original', 400);


##---------------------------------------------------------------







INSERT INTO artist (id, name, statement, notes, display, keywords)
	VALUES(226, 'mike rickett',
	'<p class="artist">Mike Rickett''s art explores the relationship between space, geometry and colour in the attempt to capture on canvas the physical and non-physical phenomena associated with the modern industrial city, its architecture, dynamism, and complexity. His work encompasses three distinct forms - hard-edge, geometric urban paintings and 3D reliefs as well as two-colour studies of Liverpool scenes and woodcut prints, also mostly of Liverpool scenes.

</p>

<p class="artist">Mike has an MA in fine art following a BA (Hons) both at Liverpool Hope University where he was awarded the Liverpool Women''s Hospital Purchase prize. He previously achieved a BA (Hons) in English at the University of Liverpool. He shortly intends to embark on PhD. He is a founder member of The Liverpool School art movement of urban geometric art which now has eight members.</p>
                                                                                                                                                                                                                                                                                                                                                                                                                                                                               
<p class="artist">Before beginning to study art in 2008 he pursued a career in the media as a journalist, mostly in daily newspapers, latterly with the Liverpool Daily Post but before that with the Liverpool Echo, Reuters, as well the Daily Mail and also as head of public relations for Girobank and the Plessey Company. 
</p>

<p class="artist">Mike was brought up in Powys, mid- Wales but now lives in Liverpool and has two children - a son in London and a daughter in Canada.</p>',

               NULL,
	       1,
		'cityscape, paintings of liverpool, liverpool artist, abstract painting, urban landscapes, Liverpool street scene, liverpool woodcut');



##---------------------------------------------------------------   



INSERT INTO art (artist, title, media, width, height, image, pricing_info, main_image, image_width, image_height)
	VALUES(226,
	       'percy street',
	       'framed screen print',
	       21,
	       29,
	       'percy-street',
	       'limited edition print, &pound;60',
	       0,
		486,
		 650);


INSERT INTO art_pricing(art, item_number, description, price)
	VALUES(LAST_INSERT_ID(), 'mr113', 'limited edition print',60);


##---------------------------------------------------------------     



INSERT INTO art (artist, title, media, width, height, image, pricing_info, main_image, image_width, image_height)
	VALUES(226,
	       'fleet street 2',
	       'framed screen print',
	       29,
	       21,
	       'fleet-street-2',
	        'limited edition print, &pound;60',
	       0, 
		481,
		 650);


INSERT INTO art_pricing(art, item_number, description, price)
	VALUES(LAST_INSERT_ID(), 'mr103', 'limited edition print', 60);


##---------------------------------------------------------------  



INSERT INTO art (artist, title, media, width, height, image, pricing_info, main_image, image_width, image_height)
	VALUES(226,
	       'kings parade',
	       'framed wood cut',
	       59,
	       42,
	       'kings-parade',
	       'limited edition print, &pound;120',
	       0,
		650,
		 488);


INSERT INTO art_pricing(art, item_number, description, price)
	VALUES(LAST_INSERT_ID(), 'mr110', 'limited edition print',120);


##---------------------------------------------------------------    

INSERT INTO art (artist, title, media, width, height, image, pricing_info, main_image, image_width, image_height)
	VALUES(226,
	       'wood street 1',
	       'screen print framed',
	       21,
	       29,
	       'wood-street-1',
	       'limited edition print, &pound;60',
	       0,
		420,
		 650);


INSERT INTO art_pricing(art, item_number, description, price)
	VALUES(LAST_INSERT_ID(), 'mr107', 'limited edition print', 60);


##---------------------------------------------------------------      

INSERT INTO art (artist, title, media, width, height, image, pricing_info, main_image, image_width, image_height)
	VALUES(226,
	       'wood street 3',
	       'acrylic on canvas',
	       72,
	       107,
	       'wood-street-3',
	        'original, &pound;450',
	       0,  
		435,
		 650);


INSERT INTO art_pricing(art, item_number, description, price)
	VALUES(LAST_INSERT_ID(), 'mr101', 'original', 450);


##---------------------------------------------------------------   




INSERT INTO art (artist, title, media, width, height, image, pricing_info, main_image, image_width, image_height)
	VALUES(226,
	       'india buildings',
	       'acrylic on canvas',
	       84,
	       122,
	       'india-buildings-2',
	      'original, &pound;400',
	       1,
		488,
		 650);


INSERT INTO art_pricing(art, item_number, description, price)
	VALUES(LAST_INSERT_ID(), 'mr102', 'original', 400);


##---------------------------------------------------------------    






INSERT INTO art (artist, title, media, width, height, image, pricing_info, main_image, image_width, image_height)
	VALUES(226,
	       'allerton road ',
	       'acrylic on canvas',
	       82,
	       48,
	       'allerton-road',
	        'original, &pound;450',
	       0,
		650,
		 368);


INSERT INTO art_pricing(art, item_number, description, price)
	VALUES(LAST_INSERT_ID(), 'mr105', 'original', 450);


##--------------------------------------------------------------- 





INSERT INTO art (artist, title, media, width, height, image, pricing_info, main_image, image_width, image_height)
	VALUES(226,
	       'paradise interchange',
	       'acrylic on canvas',
	       125,
	       83,
	       'paradise-interchange',
	      'limited edition print, &pound 450',
	       0,
		650,
		 488);


INSERT INTO art_pricing(art, item_number, description, price)
	VALUES(LAST_INSERT_ID(), 'mr106', 'original', 450);


##---------------------------------------------------------------  




INSERT INTO art (artist, title, media, width, height, image, pricing_info, main_image, image_width, image_height)
	VALUES(226,
	       'city living',
	       'acrylic on canvas',
	       45,
	       30,
	       'city-living',
	       'original, &pound;150',
	       0,
		650,
		 490);


INSERT INTO art_pricing(art, item_number, description, price)
	VALUES(LAST_INSERT_ID(), 'mr108', 'original',150);


##---------------------------------------------------------------       




INSERT INTO art (artist, title, media, width, height, image, pricing_info, main_image, image_width, image_height)
	VALUES(226,
	       'composition no 1',
	       'acrylic plaster and 12mm plywood',
	       61,
	       42,
	       'composition-no1',
	        'original, &pound;500',
	       0,  
		650,
		 445);


INSERT INTO art_pricing(art, item_number, description, price)
	VALUES(LAST_INSERT_ID(), 'mr104', 'original', 500);


##---------------------------------------------------------------



INSERT INTO art (artist, title, media, width, height, image, pricing_info, main_image, image_width, image_height)
	VALUES(226,
	       'composition no 6',
	       'relief in ply and plaster and acrylics',
	       62,
	       62,
	       'composition-No-6-Kings',
	       'original, &pound;500',
	       0,
		650,
		 650);


INSERT INTO art_pricing(art, item_number, description, price)
	VALUES(LAST_INSERT_ID(), 'mr109', 'original',500);


##---------------------------------------------------------------          
    


INSERT INTO art (artist, title, media, width, height, image, pricing_info, main_image, image_width, image_height)
	VALUES(226,
	       'penny lane',
	       'acrylics on 12mm varnished ply',
	       90,
	       60,
	       'penny-lane',
	       'original, &pound;450',
	       0,
		650,
		 417);


INSERT INTO art_pricing(art, item_number, description, price)
	VALUES(LAST_INSERT_ID(), 'mr112', 'original',450);


##---------------------------------------------------------------          
  



INSERT INTO art (artist, title, media, width, height, image, pricing_info, main_image, image_width, image_height)
	VALUES(226,
	       'metropolis in transit gloria',
	       'wood plaster and acrylics',
	       78,
	       26,
	       'metropolis-in-transit',
	       'original, &pound;650',
	       0,
		650,
		 620);


INSERT INTO art_pricing(art, item_number, description, price)
	VALUES(LAST_INSERT_ID(), 'mr111', 'original',650);


##---------------------------------------------------------------         


INSERT INTO artist (id, name, statement, notes, display, keywords)
	VALUES(225, 'angela burton',
	'<p class="artist">Angela was born in Chester, attended the Queen''s 
School followed by the Froebel Educational Institute, Roehampton. 
She worked in a number of schools in London, specialising in art and 
craft, particularly pottery, which she taught to both junior school 
children and adults in England and Germany. Family life has taken her to 
Germany, Northern Ireland and the United States of America, and it was 
while living in Washington DC that she began to specialise in watercolour 
painting at the Torpedo Factory Art School in Alexandria.
</p>

<p class="artist">After thirty four house moves, Angela and her husband 
retired back to Chester, where she began to design her own garden to 
include many of the plants and flowers that she loves to paint. 
Her paintings take their inspiration, not only from Angela''s garden, 
but also from a very personal and eclectic mixture of objects and places 
that have been part of the diverse pattern of her life. 
She has exhibited in Germany and the US. Her most recent exhibitions 
were in October 2009 at Ness Gardens and September 2010 at the 
National Trust property Erddig in North Wales.
</p>

<p class="artist">Angela says of her work:</p>
<p class="artist">"The creation of a painting closely resembles a journey. 
You begin to plan your route but diversions along the way reveal 
unexpected delights and stretch the imagination. Sometimes it is 
the way colours interacts with each other to produce that magical
 effect you thought was impossible  and other times your knowledge 
of technique allows you to push the boundaries a little bit further. 
It is a combination of the interaction of light, paper and pigment, 
and the ability of watercolour to portray mood and atmosphere that 
makes it for me the most fascinating of all media."</p>',

               NULL,
	       1,
		'watercolours, flower paintings, floral art, liverpool artist, cheshire artist, landscapes, watercolour landscapes, plant study, still life');

##---------------------------------------------------------------



INSERT INTO art (artist, title, media, width, height, image, pricing_info, main_image, image_width, image_height)
	VALUES(225,
	       'blue point isle of man 2',
	       'watercolour framed',
	       36,
	       26,
	       'blue-point-2',
	    'original &pound;300',
	       0,
		650,
		 484);


INSERT INTO art_pricing(art, item_number, description, price)
	VALUES(LAST_INSERT_ID(), 'ab159', 'original', 300);


##---------------------------------------------------------------



INSERT INTO art (artist, title, media, width, height, image, pricing_info, main_image, image_width, image_height)
	VALUES(225,
	       'blue point isle of man 2',
	       'print mounted and signed',
	       36,
	       26,
	       'blue-point-2',
	    'limited edition print &pound;65',
	       0,
		650,
		 484);


INSERT INTO art_pricing(art, item_number, description, price)
	VALUES(LAST_INSERT_ID(), 'ab160', 'limited edition print', 65);

##---------------------------------------------------------------


INSERT INTO art (artist, title, media, width, height, image, pricing_info, main_image, image_width, image_height)
	VALUES(225,
	       'chawton woods in winter',
	       'watercolour framed',
	       30,
	       40,
	       'chawton-woods-in',
	    'original &pound;425',
	       0,
		491,
		 650);


INSERT INTO art_pricing(art, item_number, description, price)
	VALUES(LAST_INSERT_ID(), 'ab161', 'original', 425);


##---------------------------------------------------------------



INSERT INTO art (artist, title, media, width, height, image, pricing_info, main_image, image_width, image_height)
	VALUES(225,
	       'chawton woods in winter',
	       'print mounted and signed',
	       30,
	       40,
	       'chawton-woods-in',
	    'limited edition print &pound;75',
	       0,
		491,
		 650);


INSERT INTO art_pricing(art, item_number, description, price)
	VALUES(LAST_INSERT_ID(), 'ab162', 'limited edition print', 75);

##---------------------------------------------------------------


INSERT INTO art (artist, title, media, width, height, image, pricing_info, main_image, image_width, image_height)
	VALUES(225,
	       'chinese lanterns',
	       'watercolour framed',
	       45,
	       56,
	       'chinese-lanterns',
	    'original &pound;1200',
	       0,
		515,
		 650);


INSERT INTO art_pricing(art, item_number, description, price)
	VALUES(LAST_INSERT_ID(), 'ab163', 'original', 1200);


##---------------------------------------------------------------



INSERT INTO art (artist, title, media, width, height, image, pricing_info, main_image, image_width, image_height)
	VALUES(225,
	       'chinese lanterns',
	       'print mounted and signed',
	       45,
	       56,
	       'chinese-lanterns',
	    'limited edition print &pound;110',
	       0,
		515,
		 650);


INSERT INTO art_pricing(art, item_number, description, price)
	VALUES(LAST_INSERT_ID(), 'ab164', 'limited edition print', 110);

##---------------------------------------------------------------



INSERT INTO art (artist, title, media, width, height, image, pricing_info, main_image, image_width, image_height)
	VALUES(225,
	       'poppies 1',
	       'print mounted and signed',
	       48,
	       37,
	       'poppies-1',
	    'limited edition print &pound;90',
	       0,
		504,
		 650);


INSERT INTO art_pricing(art, item_number, description, price)
	VALUES(LAST_INSERT_ID(), 'ab165', 'limited edition print', 90);

##---------------------------------------------------------------



INSERT INTO art (artist, title, media, width, height, image, pricing_info, main_image, image_width, image_height)
	VALUES(225,
	       'poppies 2',
	       'print mounted and signed',
	       48,
	       37,
	       'poppies-2',
	    'limited edition print &pound;90',
	       0,
		504,
		 650);


INSERT INTO art_pricing(art, item_number, description, price)
	VALUES(LAST_INSERT_ID(), 'ab166', 'limited edition print', 90);

##---------------------------------------------------------------


INSERT INTO art (artist, title, media, width, height, image, pricing_info, main_image, image_width, image_height)
	VALUES(225,
	       'sea holly in maran grass 2',
	       'watercolour framed',
	       35,
	       30,
	       'sea-holly-2',
	    'original &pound;300',
	       0,
		650,
		 569);


INSERT INTO art_pricing(art, item_number, description, price)
	VALUES(LAST_INSERT_ID(), 'ab167', 'original', 300);


##---------------------------------------------------------------

INSERT INTO art (artist, title, media, width, height, image, pricing_info, main_image, image_width, image_height)
	VALUES(225,
	       'agapanthus',
	       'watercolour framed',
	       27.5,
	       20.5,
	       'agapanthus',
	    'original &pound;350',
	       0,
		472,
		 650);


INSERT INTO art_pricing(art, item_number, description, price)
	VALUES(LAST_INSERT_ID(), 'ab101', 'original', 350);


##---------------------------------------------------------------


INSERT INTO art (artist, title, media, width, height, image, pricing_info, main_image, image_width, image_height)
	VALUES(225,
	       'agapanthus',
	       'watercolour',
	       27.5,
	       20.5,
	       'agapanthus',
	    'limited edition print &pound;65',
	       0,
		472,
		 650);


INSERT INTO art_pricing(art, item_number, description, price)
	VALUES(LAST_INSERT_ID(), 'ab102', 'limited edition print', 65);


##---------------------------------------------------------------


INSERT INTO art (artist, title, media, width, height, image, pricing_info, main_image, image_width, image_height)
	VALUES(225,
	       'ashness bridge',
	       'watercolour framed',
	       30,
	       21.5,
	       'ashness-bridge',
	    'original &pound;425',
	       0,
		650,
		 466);


INSERT INTO art_pricing(art, item_number, description, price)
	VALUES(LAST_INSERT_ID(), 'ab103', 'original', 425);


##---------------------------------------------------------------


INSERT INTO art (artist, title, media, width, height, image, pricing_info, main_image, image_width, image_height)
	VALUES(225,
	       'ashness bridge',
	       'watercolour',
	       30,
	       21.5,
	       'ashness-bridge',
	    'limited edition print &pound;75',
	       0,
		650,
		 466);


INSERT INTO art_pricing(art, item_number, description, price)
	VALUES(LAST_INSERT_ID(), 'ab104', 'limited edition print', 75);


##---------------------------------------------------------------


INSERT INTO art (artist, title, media, width, height, image, pricing_info, main_image, image_width, image_height)
	VALUES(225,
	       'autumn passion fruit',
	       'watercolour framed',
	       32.5,
	       25,
	       'autumn-passion-fruit',
	    'original &pound;400',
	       0,
		650,
		 495);


INSERT INTO art_pricing(art, item_number, description, price)
	VALUES(LAST_INSERT_ID(), 'ab105', 'original', 400);


##---------------------------------------------------------------


INSERT INTO art (artist, title, media, width, height, image, pricing_info, main_image, image_width, image_height)
	VALUES(225,
	       'autumn passion fruit',
	       'watercolour',
	       32.5,
	       25,
	       'autumn-passion-fruit',
	    'limited edition print &pound;70',
	       0,
		650,
		 495);


INSERT INTO art_pricing(art, item_number, description, price)
	VALUES(LAST_INSERT_ID(), 'ab106', 'limited edition print', 70);


##---------------------------------------------------------------


INSERT INTO art (artist, title, media, width, height, image, pricing_info, main_image, image_width, image_height)
	VALUES(225,
	       'chickens',
	       'watercolour',
	       35,
	       25,
	       'chickens',
	    'limited edition print &pound;80',
	       0,
		650,
		 465);


INSERT INTO art_pricing(art, item_number, description, price)
	VALUES(LAST_INSERT_ID(), 'ab107', 'limited edition print', 80);


##---------------------------------------------------------------


INSERT INTO art (artist, title, media, width, height, image, pricing_info, main_image, image_width, image_height)
	VALUES(225,
	       'clematis',
	       'watercolour framed',
	       34.5,
	       37,
	       'clematis',
	    'original &pound;495',
	       0,
		650,
		 506);


INSERT INTO art_pricing(art, item_number, description, price)
	VALUES(LAST_INSERT_ID(), 'ab108', 'original', 495);


##---------------------------------------------------------------


INSERT INTO art (artist, title, media, width, height, image, pricing_info, main_image, image_width, image_height)
	VALUES(225,
	       'clematis',
	       'watercolour',
	       34.5,
	       37,
	       'clematis',
	    'limited edition print &pound;85',
	       0,
		650,
		 506);


INSERT INTO art_pricing(art, item_number, description, price)
	VALUES(LAST_INSERT_ID(), 'ab109', 'limited edition print', 85);


##---------------------------------------------------------------


INSERT INTO art (artist, title, media, width, height, image, pricing_info, main_image, image_width, image_height)
	VALUES(225,
	       'dee estuary',
	       'watercolour framed',
	       27,
	       19.5,
	       'dee-estuary',
	    'original &pound;400',
	       0,
		650,
		 477);


INSERT INTO art_pricing(art, item_number, description, price)
	VALUES(LAST_INSERT_ID(), 'ab110', 'original', 400);


##---------------------------------------------------------------


INSERT INTO art (artist, title, media, width, height, image, pricing_info, main_image, image_width, image_height)
	VALUES(225,
	       'dee estuary',
	       'watercolour',
	       27,
	       19.5,
	       'dee-estuary',
	    'limited edition print &pound;75',
	       0,
		650,
		 477);


INSERT INTO art_pricing(art, item_number, description, price)
	VALUES(LAST_INSERT_ID(), 'ab111', 'limited edition print', 75);


##---------------------------------------------------------------


INSERT INTO art (artist, title, media, width, height, image, pricing_info, main_image, image_width, image_height)
	VALUES(225,
	       'delphiniums',
	       'watercolour framed',
	       25,
	       35,
	       'delphiniums',
	    'original &pound;400',
	       0,
		462,
		 650);


INSERT INTO art_pricing(art, item_number, description, price)
	VALUES(LAST_INSERT_ID(), 'ab112', 'original', 400);


##---------------------------------------------------------------


INSERT INTO art (artist, title, media, width, height, image, pricing_info, main_image, image_width, image_height)
	VALUES(225,
	       'delphiniums',
	       'watercolour',
	       25,
	       35,
	       'delphiniums',
	    'limited edition print &pound;80',
	       0,
		462,
		 650);


INSERT INTO art_pricing(art, item_number, description, price)
	VALUES(LAST_INSERT_ID(), 'ab113', 'limited edition print', 80);


##---------------------------------------------------------------


INSERT INTO art (artist, title, media, width, height, image, pricing_info, main_image, image_width, image_height)
	VALUES(225,
	       'garden poppies',
	       'watercolour',
	       24,
	       19,
	       'garden-poppies',
	    'limited edition print &pound;70',
	       0,
		443,
		 650);


INSERT INTO art_pricing(art, item_number, description, price)
	VALUES(LAST_INSERT_ID(), 'ab114', 'limited edition print', 70);


##---------------------------------------------------------------


INSERT INTO art (artist, title, media, width, height, image, pricing_info, main_image, image_width, image_height)
	VALUES(225,
	       'garlic blue',
	       'watercolour framed',
	       36,
	       26,
	       'garlic-blue',
	    'original &pound;300',
	       0,
		650,
		 471);


INSERT INTO art_pricing(art, item_number, description, price)
	VALUES(LAST_INSERT_ID(), 'ab115', 'original', 300);


##---------------------------------------------------------------


INSERT INTO art (artist, title, media, width, height, image, pricing_info, main_image, image_width, image_height)
	VALUES(225,
	       'garlic blue',
	       'watercolour',
	       36,
	       26,
	       'garlic-blue',
	    'limited edition print &pound;70',
	       0,
		650,
		 471);


INSERT INTO art_pricing(art, item_number, description, price)
	VALUES(LAST_INSERT_ID(), 'ab116', 'limited edition print', 70);


##---------------------------------------------------------------


INSERT INTO art (artist, title, media, width, height, image, pricing_info, main_image, image_width, image_height)
	VALUES(225,
	       'gladioli',
	       'watercolour framed',
	       27,
	       37.5,
	       'gladioli',
	    'original &pound;450',
	       0,
		465,
		 650);


INSERT INTO art_pricing(art, item_number, description, price)
	VALUES(LAST_INSERT_ID(), 'ab117', 'original', 450);


##---------------------------------------------------------------


INSERT INTO art (artist, title, media, width, height, image, pricing_info, main_image, image_width, image_height)
	VALUES(225,
	       'gladioli',
	       'watercolour',
	       27,
	       37.5,
	       'gladioli',
	    'limited edition print &pound;80',
	       0,
		465,
		 650);


INSERT INTO art_pricing(art, item_number, description, price)
	VALUES(LAST_INSERT_ID(), 'ab118', 'limited edition print', 80);


##---------------------------------------------------------------


INSERT INTO art (artist, title, media, width, height, image, pricing_info, main_image, image_width, image_height)
	VALUES(225,
	       'honesty',
	       'watercolour framed',
	       27,
	       37,
	       'honesty',
	    'original &pound;400',
	       0,
		474,
		 650);


INSERT INTO art_pricing(art, item_number, description, price)
	VALUES(LAST_INSERT_ID(), 'ab119', 'original', 400);


##---------------------------------------------------------------


INSERT INTO art (artist, title, media, width, height, image, pricing_info, main_image, image_width, image_height)
	VALUES(225,
	       'honesty',
	       'watercolour',
	       27,
	       37,
	       'honesty',
	    'limited edition print &pound;75',
	       0,
		474,
		 650);


INSERT INTO art_pricing(art, item_number, description, price)
	VALUES(LAST_INSERT_ID(), 'ab120', 'limited edition print', 75);


##---------------------------------------------------------------


INSERT INTO art (artist, title, media, width, height, image, pricing_info, main_image, image_width, image_height)
	VALUES(225,
	       'lotofen island 1',
	       'watercolour framed',
	       26,
	       16,
	       'lotofen-island-1',
	    'original &pound;425',
	       0,
		650,
		 399);


INSERT INTO art_pricing(art, item_number, description, price)
	VALUES(LAST_INSERT_ID(), 'ab121', 'original', 425);


##---------------------------------------------------------------


INSERT INTO art (artist, title, media, width, height, image, pricing_info, main_image, image_width, image_height)
	VALUES(225,
	       'lotofen island 1',
	       'watercolour',
	       26,
	       16,
	       'lotofen-island-1',
	    'limited edition print &pound;75',
	       0,
		650,
		 399);


INSERT INTO art_pricing(art, item_number, description, price)
	VALUES(LAST_INSERT_ID(), 'ab122', 'limited edition print', 75);


##---------------------------------------------------------------


INSERT INTO art (artist, title, media, width, height, image, pricing_info, main_image, image_width, image_height)
	VALUES(225,
	       'lotofen island 2',
	       'watercolour framed',
	       26,
	       17,
	       'lotofen-island-2',
	    'original &pound;425',
	       0,
		650,
		 423);


INSERT INTO art_pricing(art, item_number, description, price)
	VALUES(LAST_INSERT_ID(), 'ab123', 'original', 425);


##---------------------------------------------------------------


INSERT INTO art (artist, title, media, width, height, image, pricing_info, main_image, image_width, image_height)
	VALUES(225,
	       'lotofen island 2',
	       'watercolour',
	       26,
	       17,
	       'lotofen-island-2',
	    'limited edition print &pound;75',
	       0,
		650,
		 423);


INSERT INTO art_pricing(art, item_number, description, price)
	VALUES(LAST_INSERT_ID(), 'ab124', 'limited edition print', 75);


##---------------------------------------------------------------


INSERT INTO art (artist, title, media, width, height, image, pricing_info, main_image, image_width, image_height)
	VALUES(225,
	       'norwich poppy field',
	       'watercolour framed',
	       24,
	       19,
	       'norwich-poppy-field',
	    'original &pound;400',
	       0,
		650,
		 518);


INSERT INTO art_pricing(art, item_number, description, price)
	VALUES(LAST_INSERT_ID(), 'ab124', 'original', 400);


##---------------------------------------------------------------


INSERT INTO art (artist, title, media, width, height, image, pricing_info, main_image, image_width, image_height)
	VALUES(225,
	       'norwich poppy field',
	       'watercolour',
	       24,
	       19,
	       'norwich-poppy-field',
	    'limited edition print &pound;80',
	       1,
		650,
		 518);


INSERT INTO art_pricing(art, item_number, description, price)
	VALUES(LAST_INSERT_ID(), 'ab125', 'limited edition print', 80);


##---------------------------------------------------------------


INSERT INTO art (artist, title, media, width, height, image, pricing_info, main_image, image_width, image_height)
	VALUES(225,
	       'pigpen poppies',
	       'watercolour framed',
	       3,
	       25,
	       'pigpen-poppies',
	    'original &pound;450',
	       0,
		650,
		 439);


INSERT INTO art_pricing(art, item_number, description, price)
	VALUES(LAST_INSERT_ID(), 'ab126', 'original', 450);


##---------------------------------------------------------------


INSERT INTO art (artist, title, media, width, height, image, pricing_info, main_image, image_width, image_height)
	VALUES(225,
	       'pigpen poppies',
	       'watercolour',
	       3,
	       25,
	       'pigpen-poppies',
	    'limited edition print &pound;85',
	       0,
		650,
		 439);


INSERT INTO art_pricing(art, item_number, description, price)
	VALUES(LAST_INSERT_ID(), 'ab127', 'limited edition print', 85);


##--------------------------------------------------------------


INSERT INTO art (artist, title, media, width, height, image, pricing_info, main_image, image_width, image_height)
	VALUES(225,
	       'reflections',
	       'watercolour framed',
	       34,
	       24,
	       'reflections',
	    'original &pound;450',
	       0,
		650,
		 460);


INSERT INTO art_pricing(art, item_number, description, price)
	VALUES(LAST_INSERT_ID(), 'ab128', 'original', 450);


##---------------------------------------------------------------


INSERT INTO art (artist, title, media, width, height, image, pricing_info, main_image, image_width, image_height)
	VALUES(225,
	       'reflections',
	       'watercolour',
	       34,
	       24,
	       'reflections',
	    'limited edition print &pound;80',
	       0,
		650,
		 460);


INSERT INTO art_pricing(art, item_number, description, price)
	VALUES(LAST_INSERT_ID(), 'ab129', 'limited edition print', 80);


##--------------------------------------------------------------


INSERT INTO art (artist, title, media, width, height, image, pricing_info, main_image, image_width, image_height)
	VALUES(225,
	       'sidi bou said courtyard',
	       'watercolour',
	       15,
	       15,
	       'sidi-bou-said',
	    'limited edition print &pound;50',
	       0,
		638,
		 650);


INSERT INTO art_pricing(art, item_number, description, price)
	VALUES(LAST_INSERT_ID(), 'ab130', 'limited edition print', 50);


##---------------------------------------------------------------


INSERT INTO art (artist, title, media, width, height, image, pricing_info, main_image, image_width, image_height)
	VALUES(225,
	       'sidi bou said villa',
	       'watercolour framed',
	       18,
	       28,
	       'sidi-bou-villa',
	    'original &pound;325',
	       0,
		422,
		 650);


INSERT INTO art_pricing(art, item_number, description, price)
	VALUES(LAST_INSERT_ID(), 'ab131', 'original', 325);


##---------------------------------------------------------------


INSERT INTO art (artist, title, media, width, height, image, pricing_info, main_image, image_width, image_height)
	VALUES(225,
	       'sidi bou said villa',
	       'watercolour',
	       18,
	       28,
	       'sidi-bou-villa',
	    'limited edition print &pound;75',
	       0,
		422,
		 650);


INSERT INTO art_pricing(art, item_number, description, price)
	VALUES(LAST_INSERT_ID(), 'ab132', 'limited edition print', 75);


##---------------------------------------------------------------


INSERT INTO art (artist, title, media, width, height, image, pricing_info, main_image, image_width, image_height)
	VALUES(225,
	       'skiddaw in winter i',
	       'watercolour framed',
	       44,
	       36,
	       'skiddaw-in-winteri',
	    'original &pound;425',
	       0,
		650,
		 533);


INSERT INTO art_pricing(art, item_number, description, price)
	VALUES(LAST_INSERT_ID(), 'ab133', 'original', 425);


##---------------------------------------------------------------


INSERT INTO art (artist, title, media, width, height, image, pricing_info, main_image, image_width, image_height)
	VALUES(225,
	       'skiddaw in winter i',
	       'watercolour',
	       44,
	       36,
	       'skiddaw-in-winteri',
	    'limited edition print &pound;110',
	       0,
		650,
		 533);


INSERT INTO art_pricing(art, item_number, description, price)
	VALUES(LAST_INSERT_ID(), 'ab134', 'limited edition print', 110);


##---------------------------------------------------------------


INSERT INTO art (artist, title, media, width, height, image, pricing_info, main_image, image_width, image_height)
	VALUES(225,
	       'skiddaw in winter ii',
	       'watercolour framed',
	       35.5,
	       26,
	       'skiddaw-in-winterii',
	    'original &pound;350',
	       0,
		650,
		 469);


INSERT INTO art_pricing(art, item_number, description, price)
	VALUES(LAST_INSERT_ID(), 'ab135', 'original', 350);


##---------------------------------------------------------------


INSERT INTO art (artist, title, media, width, height, image, pricing_info, main_image, image_width, image_height)
	VALUES(225,
	       'skiddaw in winter ii',
	       'watercolour',
	       35.5,
	       26,
	       'skiddaw-in-winterii',
	    'limited edition print &pound;80',
	       0,
		650,
		 469);


INSERT INTO art_pricing(art, item_number, description, price)
	VALUES(LAST_INSERT_ID(), 'ab136', 'limited edition print', 80);


##---------------------------------------------------------------


INSERT INTO art (artist, title, media, width, height, image, pricing_info, main_image, image_width, image_height)
	VALUES(225,
	       'skiddaw in winter iii',
	       'watercolour framed',
	       35.5,
	       36,
	       'skiddaw-in-winteriii',
	    'original &pound;350',
	       0,
		650,
		 470);


INSERT INTO art_pricing(art, item_number, description, price)
	VALUES(LAST_INSERT_ID(), 'ab137', 'original', 350);


##---------------------------------------------------------------


INSERT INTO art (artist, title, media, width, height, image, pricing_info, main_image, image_width, image_height)
	VALUES(225,
	       'skiddaw in winter iii',
	       'watercolour',
	       35.5,
	       36,
	       'skiddaw-in-winteriii',
	    'limited edition print &pound;80',
	       0,
		650,
		 470);


INSERT INTO art_pricing(art, item_number, description, price)
	VALUES(LAST_INSERT_ID(), 'ab138', 'limited edition print', 80);


##---------------------------------------------------------------


INSERT INTO art (artist, title, media, width, height, image, pricing_info, main_image, image_width, image_height)
	VALUES(225,
	       'spring fever',
	       'watercolour framed',
	       36,
	       49.5,
	       'spring-fever',
	    'original &pound;750',
	       0,
		474,
		 650);


INSERT INTO art_pricing(art, item_number, description, price)
	VALUES(LAST_INSERT_ID(), 'ab139', 'original', 750);


##---------------------------------------------------------------


INSERT INTO art (artist, title, media, width, height, image, pricing_info, main_image, image_width, image_height)
	VALUES(225,
	       'spring fever',
	       'watercolour',
	       36,
	       49.5,
	       'spring-fever',
	    'limited edition print &pound;130',
	       0,
		474,
		 650);


INSERT INTO art_pricing(art, item_number, description, price)
	VALUES(LAST_INSERT_ID(), 'ab140', 'limited edition print', 130);


##---------------------------------------------------------------


INSERT INTO art (artist, title, media, width, height, image, pricing_info, main_image, image_width, image_height)
	VALUES(225,
	       'study in red',
	       'watercolour framed',
	       53.5,
	       40,
	       'study-in-red',
	    'original &pound;750',
	       0,
		650,
		 489);


INSERT INTO art_pricing(art, item_number, description, price)
	VALUES(LAST_INSERT_ID(), 'ab141', 'original', 750);


##---------------------------------------------------------------


INSERT INTO art (artist, title, media, width, height, image, pricing_info, main_image, image_width, image_height)
	VALUES(225,
	       'study in red',
	       'watercolour',
	       53.5,
	       40,
	       'study-in-red',
	    'limited edition print &pound;200',
	       0,
		650,
		 489);


INSERT INTO art_pricing(art, item_number, description, price)
	VALUES(LAST_INSERT_ID(), 'ab142', 'limited edition print', 200);


##---------------------------------------------------------------


INSERT INTO art (artist, title, media, width, height, image, pricing_info, main_image, image_width, image_height)
	VALUES(225,
	       'sunflowers',
	       'watercolour framed',
	       25.5,
	       35.5,
	       'sunflowers',
	    'original &pound;550',
	       0,
		470,
		 650);


INSERT INTO art_pricing(art, item_number, description, price)
	VALUES(LAST_INSERT_ID(), 'ab143', 'original', 550);


##---------------------------------------------------------------


INSERT INTO art (artist, title, media, width, height, image, pricing_info, main_image, image_width, image_height)
	VALUES(225,
	       'sunflowers',
	       'watercolour',
	       25.5,
	       35.5,
	       'sunflowers',
	    'limited edition print &pound;95',
	       0,
		470,
		 650);


INSERT INTO art_pricing(art, item_number, description, price)
	VALUES(LAST_INSERT_ID(), 'ab144', 'limited edition print', 95);


##---------------------------------------------------------------


INSERT INTO art (artist, title, media, width, height, image, pricing_info, main_image, image_width, image_height)
	VALUES(225,
	       'teatime',
	       'watercolour framed',
	       27,
	       22,
	       'teatime',
	    'original &pound;350',
	       0,
		650,
		 533);


INSERT INTO art_pricing(art, item_number, description, price)
	VALUES(LAST_INSERT_ID(), 'ab145', 'original', 350);


##---------------------------------------------------------------


INSERT INTO art (artist, title, media, width, height, image, pricing_info, main_image, image_width, image_height)
	VALUES(225,
	       'teatime',
	       'watercolour',
	       27,
	       22,
	       'teatime',
	    'limited edition print &pound;55',
	       0,
		650,
		 533);


INSERT INTO art_pricing(art, item_number, description, price)
	VALUES(LAST_INSERT_ID(), 'ab146', 'limited edition print', 55);


##---------------------------------------------------------------


INSERT INTO art (artist, title, media, width, height, image, pricing_info, main_image, image_width, image_height)
	VALUES(225,
	       'the quiet pool',
	       'watercolour',
	       27.5,
	       17.5,
	       'the-quiet-pool',
	    'limited edition print &pound;60',
	       0,
		650,
		 416);


INSERT INTO art_pricing(art, item_number, description, price)
	VALUES(LAST_INSERT_ID(), 'ab147', 'limited edition print', 60);


##---------------------------------------------------------------


INSERT INTO art (artist, title, media, width, height, image, pricing_info, main_image, image_width, image_height)
	VALUES(225,
	       'tulips',
	       'watercolour',
	       25,
	       16,
	       'tulips',
	    'limited edition print &pound;75',
	       0,
		650,
		 416);


INSERT INTO art_pricing(art, item_number, description, price)
	VALUES(LAST_INSERT_ID(), 'ab148', 'limited edition print', 75);


##---------------------------------------------------------------


INSERT INTO art (artist, title, media, width, height, image, pricing_info, main_image, image_width, image_height)
	VALUES(225,
	       'tunisia villa',
	       'watercolour framed',
	       16,
	       27,
	       'tunisia-villa',
	    'original &pound;300',
	       0,
		372,
		 650);


INSERT INTO art_pricing(art, item_number, description, price)
	VALUES(LAST_INSERT_ID(), 'ab149', 'original', 300);


##---------------------------------------------------------------


INSERT INTO art (artist, title, media, width, height, image, pricing_info, main_image, image_width, image_height)
	VALUES(225,
	       'tunisia villa',
	       'watercolour',
	       16,
	       27,
	       'tunisia-villa',
	    'limited edition print &pound;75',
	       0,
		372,
		 650);


INSERT INTO art_pricing(art, item_number, description, price)
	VALUES(LAST_INSERT_ID(), 'ab150', 'limited edition print', 75);


##---------------------------------------------------------------


INSERT INTO art (artist, title, media, width, height, image, pricing_info, main_image, image_width, image_height)
	VALUES(225,
	       'twilight at bodo',
	       'watercolour framed',
	       35,
	       25.5,
	       'twilight-at-bodo',
	    'original &pound;400',
	       0,
		650,
		 468);


INSERT INTO art_pricing(art, item_number, description, price)
	VALUES(LAST_INSERT_ID(), 'ab151', 'original', 400);


##---------------------------------------------------------------


INSERT INTO art (artist, title, media, width, height, image, pricing_info, main_image, image_width, image_height)
	VALUES(225,
	       'twilight at bodo',
	       'watercolour',
	       35,
	       25.5,
	       'twilight-at-bodo',
	    'limited edition print &pound;80',
	       0,
		650,
		 468);


INSERT INTO art_pricing(art, item_number, description, price)
	VALUES(LAST_INSERT_ID(), 'ab152', 'limited edition print', 80);


##---------------------------------------------------------------


INSERT INTO art (artist, title, media, width, height, image, pricing_info, main_image, image_width, image_height)
	VALUES(225,
	       'violets',
	       'watercolour framed',
	       16,
	       20,
	       'violets',
	    'original &pound;250',
	       0,
		506,
		 650);


INSERT INTO art_pricing(art, item_number, description, price)
	VALUES(LAST_INSERT_ID(), 'ab153', 'original', 250);


##---------------------------------------------------------------


INSERT INTO art (artist, title, media, width, height, image, pricing_info, main_image, image_width, image_height)
	VALUES(225,
	       'violets',
	       'watercolour',
	       16,
	       20,
	       'violets',
	    'limited edition print &pound;60',
	       0,
		506,
		 650);


INSERT INTO art_pricing(art, item_number, description, price)
	VALUES(LAST_INSERT_ID(), 'ab154', 'limited edition print', 60);


##---------------------------------------------------------------


INSERT INTO art (artist, title, media, width, height, image, pricing_info, main_image, image_width, image_height)
	VALUES(225,
	       'wisteria',
	       'watercolour framed',
	       36,
	       28,
	       'wisteria',
	    'original &pound;400',
	       0,
		650,
		 507);


INSERT INTO art_pricing(art, item_number, description, price)
	VALUES(LAST_INSERT_ID(), 'ab155', 'original', 400);


##---------------------------------------------------------------


INSERT INTO art (artist, title, media, width, height, image, pricing_info, main_image, image_width, image_height)
	VALUES(225,
	       'wisteria',
	       'watercolour',
	       36,
	       28,
	       'wisteria',
	    'limited edition print &pound;75',
	       0,
		650,
		 507);


INSERT INTO art_pricing(art, item_number, description, price)
	VALUES(LAST_INSERT_ID(), 'ab156', 'limited edition print', 75);


##---------------------------------------------------------------


INSERT INTO art (artist, title, media, width, height, image, pricing_info, main_image, image_width, image_height)
	VALUES(225,
	       'xanadu',
	       'watercolour framed',
	       30,
	       18,
	       'xanadu',
	    'original &pound;400',
	       0,
		650,
		 395);


INSERT INTO art_pricing(art, item_number, description, price)
	VALUES(LAST_INSERT_ID(), 'ab157', 'original', 400);


##---------------------------------------------------------------


INSERT INTO art (artist, title, media, width, height, image, pricing_info, main_image, image_width, image_height)
	VALUES(225,
	       'xanadu',
	       'watercolour',
	       30,
	       18,
	       'xanadu',
	    'limited edition print &pound;80',
	       0,
		650,
		 395);


INSERT INTO art_pricing(art, item_number, description, price)
	VALUES(LAST_INSERT_ID(), 'ab158', 'limited edition print', 80);


##---------------------------------------------------------------








INSERT INTO artist (id, name, statement, notes, display, keywords)
	VALUES(233, 'steward ellett',
	'<p class="artist">Steward started out over 15 years ago as a wildlife photographer, travelling around the world following his passion. During this time He has written articles for several magazines including photographic and wildlife editions. His work has been published in several nature books and other publications. He has had several exhibitions of his work around the north of England, as well as supplying his work for sale at retail outlets. Steward also teaches photography to groups, individuals and gives talks about photography and wildlife travel on a regular basis, as well as doing pet photography commissions. Steward also takes photo walks around Liverpool for dot-art.
</p>

<p class="artist">In the last few years Steward has started to experiment with photographic subjects, using nature and wildlife as well as cityscapes and everyday candid scenes. He also has combined his photography with digital art to merge both media. Steward also tries to capture the art within nature, by focusing on smaller parts of a whole image, trying to find natures natural lines, curves and colours. He also uses different "in camera" techniques to produce a variation to the standard photo image.
His most recent experimentation has been in black and white photography, trying to use extreme darkness and light within the image
</p>

<p class="artist">All prints are produced in an edition of just 20, and sold signed and numbered.
</p>

<p class="artist"></p>',
               NULL,
	       1,
		'liverpool photographer, landscape photography, nature photography, asbtract photography, animal photos, nature photographer, landscapes, photography of seasons ');

##---------------------------------------------------------------


INSERT INTO art (artist, title, media, width, height, image, pricing_info, main_image, image_width, image_height)
	VALUES(233,

	       'alley',
	       'photographic print',
	       40,
	       20,
	       'alley',
	      'limited edition print, &pound;55',
	       0,
		392,
		 650);


INSERT INTO art_pricing(art, item_number, description, price)
	VALUES(LAST_INSERT_ID(), 'se101', 'limited edition print', 55);


##---------------------------------------------------------------


INSERT INTO art (artist, title, media, width, height, image, pricing_info, main_image, image_width, image_height)
	VALUES(233,

	       'art beneath your feet',
	       'photographic print',
	       42,
	       30,
	       'art-beneath-your',
	      'limited edition print, &pound;55',
	       0,
		650,
		 509);


INSERT INTO art_pricing(art, item_number, description, price)
	VALUES(LAST_INSERT_ID(), 'se102', 'limited edition print', 55);


##--------------------------------------------------------------


INSERT INTO art (artist, title, media, width, height, image, pricing_info, main_image, image_width, image_height)
	VALUES(233,

	       'artist',
	       'photographic print',
	       42,
	       30,
	       'artist',
	      'limited edition print, &pound;55',
	       0,
		463,
		 650);


INSERT INTO art_pricing(art, item_number, description, price)
	VALUES(LAST_INSERT_ID(), 'se103', 'limited edition print', 55);


##---------------------------------------------------------------


INSERT INTO art (artist, title, media, width, height, image, pricing_info, main_image, image_width, image_height)
	VALUES(233,

	       'autumn',
	       'photographic print',
	       42,
	       30,
	       'autumn',
	      'limited edition print, &pound;55',
	       0,
		446,
		 650);


INSERT INTO art_pricing(art, item_number, description, price)
	VALUES(LAST_INSERT_ID(), 'se104', 'limited edition print', 55);


##---------------------------------------------------------------


INSERT INTO art (artist, title, media, width, height, image, pricing_info, main_image, image_width, image_height)
	VALUES(233,

	       'balloon landing',
	       'photographic print',
	       42,
	       30,
	       'balloon-landing',
	      'limited edition print, &pound;55',
	       0,
		478,
		 650);


INSERT INTO art_pricing(art, item_number, description, price)
	VALUES(LAST_INSERT_ID(), 'se105', 'limited edition print', 55);


##---------------------------------------------------------------


INSERT INTO art (artist, title, media, width, height, image, pricing_info, main_image, image_width, image_height)
	VALUES(233,

	       'bearing gifts',
	       'photographic print',
	       42,
	       30,
	       'bearing-gifts',
	      'limited edition print, &pound;55',
	       0,
		650,
		 478);


INSERT INTO art_pricing(art, item_number, description, price)
	VALUES(LAST_INSERT_ID(), 'se106', 'limited edition print', 55);


##---------------------------------------------------------------


INSERT INTO art (artist, title, media, width, height, image, pricing_info, main_image, image_width, image_height)
	VALUES(233,

	       'boo 2',
	       'photographic print',
	       42,
	       30,
	       'boo-2',
	      'limited edition print, &pound;55',
	       0,
		533,
		 650);


INSERT INTO art_pricing(art, item_number, description, price)
	VALUES(LAST_INSERT_ID(), 'se107', 'limited edition print', 55);


##---------------------------------------------------------------


INSERT INTO art (artist, title, media, width, height, image, pricing_info, main_image, image_width, image_height)
	VALUES(233,

	       'boo',
	       'photographic print',
	       42,
	       30,
	       'boo',
	      'limited edition print, &pound;55',
	       0,
		530,
		 650);


INSERT INTO art_pricing(art, item_number, description, price)
	VALUES(LAST_INSERT_ID(), 'se108', 'limited edition print', 55);


##---------------------------------------------------------------


INSERT INTO art (artist, title, media, width, height, image, pricing_info, main_image, image_width, image_height)
	VALUES(233,

	       'calm waters',
	       'photographic print',
	       42,
	       30,
	       'calm-waters',
	      'limited edition print, &pound;55',
	       0,
		650,
		 440);


INSERT INTO art_pricing(art, item_number, description, price)
	VALUES(LAST_INSERT_ID(), 'se109', 'limited edition print', 55);


##---------------------------------------------------------------


INSERT INTO art (artist, title, media, width, height, image, pricing_info, main_image, image_width, image_height)
	VALUES(233,

	       'colour',
	       'photographic print',
	       42,
	       30,
	       'colour',
	      'limited edition print, &pound;55',
	       0,
		462,
		 650);


INSERT INTO art_pricing(art, item_number, description, price)
	VALUES(LAST_INSERT_ID(), 'se110', 'limited edition print', 55);


##---------------------------------------------------------------


INSERT INTO art (artist, title, media, width, height, image, pricing_info, main_image, image_width, image_height)
	VALUES(233,

	       'dream scape',
	       'photographic print',
	       42,
	       30,
	       'dream-scape',
	      'limited edition print, &pound;55',
	       0,
		650,
		 451);


INSERT INTO art_pricing(art, item_number, description, price)
	VALUES(LAST_INSERT_ID(), 'se111', 'limited edition print', 55);


##---------------------------------------------------------------


INSERT INTO art (artist, title, media, width, height, image, pricing_info, main_image, image_width, image_height)
	VALUES(233,

	       'dreaming',
	       'photographic print',
	       42,
	       30,
	       'dreaming',
	      'limited edition print, &pound;55',
	       0,
		650,
		 489);


INSERT INTO art_pricing(art, item_number, description, price)
	VALUES(LAST_INSERT_ID(), 'se112', 'limited edition print', 55);


##---------------------------------------------------------------


INSERT INTO art (artist, title, media, width, height, image, pricing_info, main_image, image_width, image_height)
	VALUES(233,

	       'dreamy',
	       'photographic print',
	       42,
	       30,
	       'dreamy',
	      'limited edition print, &pound;55',
	       0,
		650,
		 450);


INSERT INTO art_pricing(art, item_number, description, price)
	VALUES(LAST_INSERT_ID(), 'se113', 'limited edition print', 55);


##---------------------------------------------------------------


INSERT INTO art (artist, title, media, width, height, image, pricing_info, main_image, image_width, image_height)
	VALUES(233,

	       'emerging',
	       'photographic print',
	       42,
	       30,
	       'emerging',
	      'limited edition print, &pound;55',
	       0,
		650,
		 448);


INSERT INTO art_pricing(art, item_number, description, price)
	VALUES(LAST_INSERT_ID(), 'se114', 'limited edition print', 55);


##---------------------------------------------------------------


INSERT INTO art (artist, title, media, width, height, image, pricing_info, main_image, image_width, image_height)
	VALUES(233,

	       'flower power',
	       'photographic print',
	       42,
	       30,
	       'flower-power',
	      'limited edition print, &pound;55',
	       0,
		650,
		 502);


INSERT INTO art_pricing(art, item_number, description, price)
	VALUES(LAST_INSERT_ID(), 'se115', 'limited edition print', 55);


##---------------------------------------------------------------


INSERT INTO art (artist, title, media, width, height, image, pricing_info, main_image, image_width, image_height)
	VALUES(233,

	       'full moon',
	       'photographic print',
	       40,
	       20,
	       'full-moon',
	      'limited edition print, &pound;55',
	       0,
		650,
		 414);


INSERT INTO art_pricing(art, item_number, description, price)
	VALUES(LAST_INSERT_ID(), 'se116', 'limited edition print', 55);


##---------------------------------------------------------------


INSERT INTO art (artist, title, media, width, height, image, pricing_info, main_image, image_width, image_height)
	VALUES(233,

	       'honey comb living',
	       'photographic print',
	       42,
	       30,
	       'honey-comb-living',
	      'limited edition print, &pound;55',
	       0,
		650,
		 434);


INSERT INTO art_pricing(art, item_number, description, price)
	VALUES(LAST_INSERT_ID(), 'se117', 'limited edition print', 55);


##---------------------------------------------------------------


INSERT INTO art (artist, title, media, width, height, image, pricing_info, main_image, image_width, image_height)
	VALUES(233,

	       'hotel disco',
	       'photographic print',
	       42,
	       30,
	       'hotel-disco',
	      'limited edition print, &pound;55',
	       0,
		650,
		 467);


INSERT INTO art_pricing(art, item_number, description, price)
	VALUES(LAST_INSERT_ID(), 'se118', 'limited edition print', 55);


##---------------------------------------------------------------


INSERT INTO art (artist, title, media, width, height, image, pricing_info, main_image, image_width, image_height)
	VALUES(233,

	       'linked',
	       'photographic print',
	       42,
	       30,
	       'linked',
	      'limited edition print, &pound;55',
	       0,
		650,
		 531);


INSERT INTO art_pricing(art, item_number, description, price)
	VALUES(LAST_INSERT_ID(), 'se119', 'limited edition print', 55);


##---------------------------------------------------------------


INSERT INTO art (artist, title, media, width, height, image, pricing_info, main_image, image_width, image_height)
	VALUES(233,

	       'liverpool at night',
	       'photographic print',
	       42,
	       30,
	       'liverpool-at-night',
	      'limited edition print, &pound;55',
	       0,
		650,
		 452);


INSERT INTO art_pricing(art, item_number, description, price)
	VALUES(LAST_INSERT_ID(), 'se120', 'limited edition print', 55);


##---------------------------------------------------------------


INSERT INTO art (artist, title, media, width, height, image, pricing_info, main_image, image_width, image_height)
	VALUES(233,

	       'lonely poppy',
	       'photographic print',
	       42,
	       30,
	       'lonely-poppy',
	      'limited edition print, &pound;55',
	       0,
		650,
		 392);


INSERT INTO art_pricing(art, item_number, description, price)
	VALUES(LAST_INSERT_ID(), 'se121', 'limited edition print', 55);


##---------------------------------------------------------------


INSERT INTO art (artist, title, media, width, height, image, pricing_info, main_image, image_width, image_height)
	VALUES(233,

	       'modern living',
	       'photographic print',
	       42,
	       30,
	       'modern-living',
	      'limited edition print, &pound;55',
	       0,
		650,
		 446);


INSERT INTO art_pricing(art, item_number, description, price)
	VALUES(LAST_INSERT_ID(), 'se122', 'limited edition print', 55);


##--------------------------------------------------------------


INSERT INTO art (artist, title, media, width, height, image, pricing_info, main_image, image_width, image_height)
	VALUES(233,

	       'moons envy',
	       'photographic print',
	       42,
	       30,
	       'moons-envy',
	      'limited edition print, &pound;55',
	       0,
		650,
		 509);


INSERT INTO art_pricing(art, item_number, description, price)
	VALUES(LAST_INSERT_ID(), 'se123', 'limited edition print', 55);


##---------------------------------------------------------------


INSERT INTO art (artist, title, media, width, height, image, pricing_info, main_image, image_width, image_height)
	VALUES(233,

	       'mystic woods',
	       'photographic print',
	       42,
	       30,
	       'mystic-woods',
	      'limited edition print, &pound;55',
	       0,
		650,
		 454);


INSERT INTO art_pricing(art, item_number, description, price)
	VALUES(LAST_INSERT_ID(), 'se124', 'limited edition print', 55);


##---------------------------------------------------------------


INSERT INTO art (artist, title, media, width, height, image, pricing_info, main_image, image_width, image_height)
	VALUES(233,

	       'natural light',
	       'photographic print',
	       42,
	       30,
	       'natural-light',
	      'limited edition print, &pound;55',
	       0,
		650,
		 453);


INSERT INTO art_pricing(art, item_number, description, price)
	VALUES(LAST_INSERT_ID(), 'se125', 'limited edition print', 55);


##---------------------------------------------------------------


INSERT INTO art (artist, title, media, width, height, image, pricing_info, main_image, image_width, image_height)
	VALUES(233,

	       'nature meets art',
	       'photographic print',
	       40,
	       20,
	       'nature-meets-art',
	      'limited edition print, &pound;55',
	       0,
		650,
		 339);


INSERT INTO art_pricing(art, item_number, description, price)
	VALUES(LAST_INSERT_ID(), 'se126', 'limited edition print', 55);


##---------------------------------------------------------------


INSERT INTO art (artist, title, media, width, height, image, pricing_info, main_image, image_width, image_height)
	VALUES(233,

	       'off to war',
	       'photographic print',
	       42,
	       30,
	       'off-to-war',
	      'limited edition print, &pound;55',
	       0,
		650,
		 425);


INSERT INTO art_pricing(art, item_number, description, price)
	VALUES(LAST_INSERT_ID(), 'se127', 'limited edition print', 55);


##---------------------------------------------------------------


INSERT INTO art (artist, title, media, width, height, image, pricing_info, main_image, image_width, image_height)
	VALUES(233,

	       'old in new',
	       'photographic print',
	       42,
	       30,
	       'old-in-new',
	      'limited edition print, &pound;55',
	       0,
		650,
		 441);


INSERT INTO art_pricing(art, item_number, description, price)
	VALUES(LAST_INSERT_ID(), 'se128', 'limited edition print', 55);


##---------------------------------------------------------------


INSERT INTO art (artist, title, media, width, height, image, pricing_info, main_image, image_width, image_height)
	VALUES(233,

	       'old path',
	       'photographic print',
	       42,
	       30,
	       'old-path',
	      'limited edition print, &pound;55',
	       0,
		650,
		 414);


INSERT INTO art_pricing(art, item_number, description, price)
	VALUES(LAST_INSERT_ID(), 'se129', 'limited edition print', 55);


##---------------------------------------------------------------


INSERT INTO art (artist, title, media, width, height, image, pricing_info, main_image, image_width, image_height)
	VALUES(233,

	       'old window',
	       'photographic print',
	       42,
	       30,
	       'old-window',
	      'limited edition print, &pound;55',
	       1,
		650,
		 452);


INSERT INTO art_pricing(art, item_number, description, price)
	VALUES(LAST_INSERT_ID(), 'se130', 'limited edition print', 55);


##---------------------------------------------------------------


INSERT INTO art (artist, title, media, width, height, image, pricing_info, main_image, image_width, image_height)
	VALUES(233,

	       'paris at dusk',
	       'photographic print',
	       42,
	       30,
	       'paris-at-dusk',
	      'limited edition print, &pound;55',
	       0,
		650,
		 451);


INSERT INTO art_pricing(art, item_number, description, price)
	VALUES(LAST_INSERT_ID(), 'se131', 'limited edition print', 55);


##---------------------------------------------------------------


INSERT INTO art (artist, title, media, width, height, image, pricing_info, main_image, image_width, image_height)
	VALUES(233,

	       'poppy dream',
	       'photographic print',
	       42,
	       30,
	       'poppy-dream',
	      'limited edition print, &pound;55',
	       0,
		650,
		 502);


INSERT INTO art_pricing(art, item_number, description, price)
	VALUES(LAST_INSERT_ID(), 'se132', 'limited edition print', 55);


##---------------------------------------------------------------


INSERT INTO art (artist, title, media, width, height, image, pricing_info, main_image, image_width, image_height)
	VALUES(233,

	       'reflecting autumn',
	       'photographic print',
	       42,
	       30,
	       'reflecting-autumn',
	      'limited edition print, &pound;55',
	       0,
		650,
		 453);


INSERT INTO art_pricing(art, item_number, description, price)
	VALUES(LAST_INSERT_ID(), 'se133', 'limited edition print', 55);


##---------------------------------------------------------------


INSERT INTO art (artist, title, media, width, height, image, pricing_info, main_image, image_width, image_height)
	VALUES(233,

	       'reflections',
	       'photographic print',
	       42,
	       30,
	       'reflections',
	      'limited edition print, &pound;55',
	       0,
		650,
		 426);


INSERT INTO art_pricing(art, item_number, description, price)
	VALUES(LAST_INSERT_ID(), 'se134', 'limited edition print', 55);


##---------------------------------------------------------------


INSERT INTO art (artist, title, media, width, height, image, pricing_info, main_image, image_width, image_height)
	VALUES(233,

	       'rustic living',
	       'photographic print',
	       42,
	       30,
	       'rustic-living',
	      'limited edition print, &pound;55',
	       0,
		650,
		 457);


INSERT INTO art_pricing(art, item_number, description, price)
	VALUES(LAST_INSERT_ID(), 'se135', 'limited edition print', 55);


##---------------------------------------------------------------


INSERT INTO art (artist, title, media, width, height, image, pricing_info, main_image, image_width, image_height)
	VALUES(233,

	       'smoke can',
	       'photographic print',
	       42,
	       30,
	       'smoke-can',
	      'limited edition print, &pound;55',
	       0,
		480,
		 650);


INSERT INTO art_pricing(art, item_number, description, price)
	VALUES(LAST_INSERT_ID(), 'se136', 'limited edition print', 55);


##---------------------------------------------------------------


INSERT INTO art (artist, title, media, width, height, image, pricing_info, main_image, image_width, image_height)
	VALUES(233,

	       'soft light',
	       'photographic print',
	       42,
	       30,
	       'soft-light',
	      'limited edition print, &pound;55',
	       0,
		650,
		 450);


INSERT INTO art_pricing(art, item_number, description, price)
	VALUES(LAST_INSERT_ID(), 'se137', 'limited edition print', 55);


##---------------------------------------------------------------


INSERT INTO art (artist, title, media, width, height, image, pricing_info, main_image, image_width, image_height)
	VALUES(233,

	       'southport pier',
	       'photographic print',
	       40,
	       20,
	       'southport-pier',
	      'limited edition print, &pound;55',
	       0,
		650,
		 367);


INSERT INTO art_pricing(art, item_number, description, price)
	VALUES(LAST_INSERT_ID(), 'se138', 'limited edition print', 55);


##---------------------------------------------------------------


INSERT INTO art (artist, title, media, width, height, image, pricing_info, main_image, image_width, image_height)
	VALUES(233,

	       'the art of smoke',
	       'photographic print',
	       42,
	       30,
	       'the-art-of',
	      'limited edition print, &pound;55',
	       0,
		650,
		 448);


INSERT INTO art_pricing(art, item_number, description, price)
	VALUES(LAST_INSERT_ID(), 'se139', 'limited edition print', 55);


##---------------------------------------------------------------


INSERT INTO art (artist, title, media, width, height, image, pricing_info, main_image, image_width, image_height)
	VALUES(233,

	       'the big question',
	       'photographic print',
	       42,
	       30,
	       'the-big-question',
	      'limited edition print, &pound;55',
	       0,
		650,
		 502);


INSERT INTO art_pricing(art, item_number, description, price)
	VALUES(LAST_INSERT_ID(), 'se140', 'limited edition print', 55);


##---------------------------------------------------------------


INSERT INTO art (artist, title, media, width, height, image, pricing_info, main_image, image_width, image_height)
	VALUES(233,

	       'the great march',
	       'photographic print',
	       42,
	       30,
	       'the-great-march',
	      'limited edition print, &pound;55',
	       0,
		650,
		 451);


INSERT INTO art_pricing(art, item_number, description, price)
	VALUES(LAST_INSERT_ID(), 'se141', 'limited edition print', 55);


##---------------------------------------------------------------


INSERT INTO art (artist, title, media, width, height, image, pricing_info, main_image, image_width, image_height)
	VALUES(233,

	       'tiger',
	       'photographic print',
	       42,
	       30,
	       'tiger',
	      'limited edition print, &pound;55',
	       0,
		650,
		 475);


INSERT INTO art_pricing(art, item_number, description, price)
	VALUES(LAST_INSERT_ID(), 'se142', 'limited edition print', 55);


##---------------------------------------------------------------


INSERT INTO art (artist, title, media, width, height, image, pricing_info, main_image, image_width, image_height)
	VALUES(233,

	       'toward the flags',
	       'photographic print',
	       42,
	       30,
	       'towards-the-flags',
	      'limited edition print, &pound;55',
	       0,
		503,
		 650);


INSERT INTO art_pricing(art, item_number, description, price)
	VALUES(LAST_INSERT_ID(), 'se143', 'limited edition print', 55);


##---------------------------------------------------------------


INSERT INTO art (artist, title, media, width, height, image, pricing_info, main_image, image_width, image_height)
	VALUES(233,

	       'vacancies',
	       'photographic print',
	       42,
	       30,
	       'vacancies',
	      'limited edition print, &pound;55',
	       0,
		650,
		 478);


INSERT INTO art_pricing(art, item_number, description, price)
	VALUES(LAST_INSERT_ID(), 'se144', 'limited edition print', 55);


##---------------------------------------------------------------


INSERT INTO art (artist, title, media, width, height, image, pricing_info, main_image, image_width, image_height)
	VALUES(233,

	       'waiting',
	       'photographic print',
	       42,
	       30,
	       'waiting',
	      'limited edition print, &pound;55',
	       0,
		650,
		 453);


INSERT INTO art_pricing(art, item_number, description, price)
	VALUES(LAST_INSERT_ID(), 'se145', 'limited edition print', 55);


##---------------------------------------------------------------


INSERT INTO art (artist, title, media, width, height, image, pricing_info, main_image, image_width, image_height)
	VALUES(233,

	       'wanting a home',
	       'photographic print',
	       42,
	       30,
	       'wanting-a-home',
	      'limited edition print, &pound;55',
	       0,
		650,
		 502);


INSERT INTO art_pricing(art, item_number, description, price)
	VALUES(LAST_INSERT_ID(), 'se146', 'limited edition print', 55);


##---------------------------------------------------------------


INSERT INTO art (artist, title, media, width, height, image, pricing_info, main_image, image_width, image_height)
	VALUES(233,

	       'white on green',
	       'photographic print',
	       42,
	       30,
	       'white-on-green',
	      'limited edition print, &pound;55',
	       0,
		458,
		 650);


INSERT INTO art_pricing(art, item_number, description, price)
	VALUES(LAST_INSERT_ID(), 'se147', 'limited edition print', 55);


##---------------------------------------------------------------


INSERT INTO art (artist, title, media, width, height, image, pricing_info, main_image, image_width, image_height)
	VALUES(233,

	       'woodland',
	       'photographic print',
	       42,
	       30,
	       'woodland',
	      'limited edition print, &pound;55',
	       0,
		650,
		 407);


INSERT INTO art_pricing(art, item_number, description, price)
	VALUES(LAST_INSERT_ID(), 'se148', 'limited edition print', 55);


##---------------------------------------------------------------




INSERT INTO artist (id, name, statement, notes, display, keywords)
	VALUES(234, 'ian mood',

	'<p class="artist">Ian Mood studied Fine Art at UWE Bristol. His current work features the landscapes and seascapes of Manchester & The Peak District, Wales, New York & Cape Cod.
</p>

<p class="artist">
Ian is an artist who is drawn towards the shifting vastness of the 
landscape; it''s unpredictability and awesome might. Through his work he 
seeks to capture some of the defining qualities of our brooding 
landscape: how, in the space of a single walk one can experience all 
the vagaries of the English weather system - from being caught in a sudden downpour to the unexpected flash of brilliant light that breaks through the pearly canopy of low-lying cloud.</p>

<p class="artist"></p>',
               NULL,
	       1,
		'landscape painting, abstract landscapes, expressionist landscapes, manchester landscapes, manchester paintings, manchester cityscape, city paintings, ian mood artist, ');

##---------------------------------------------------------------


INSERT INTO art (artist, title, media, width, height, image, pricing_info, main_image, image_width, image_height)
	VALUES(234,
	       'coastal path west wales',
	       'acrylic on board',
	       55,
	       10,
	       'coastal-path-west',
	      'original, &pound;325',
	       0,
		650,
		 255);


INSERT INTO art_pricing(art, item_number, description, price)
	VALUES(LAST_INSERT_ID(), 'im101', 'original', 325);




##---------------------------------------------------------------


INSERT INTO art (artist, title, media, width, height, image, pricing_info, main_image, image_width, image_height)
	VALUES(234,
	       'drive 1',
	       'acrylic on board',
	       20,
	       10,
	       'drive-1',
	      'original, &pound;275',
	       0,
		650,
		 292);


INSERT INTO art_pricing(art, item_number, description, price)
	VALUES(LAST_INSERT_ID(), 'im102', 'original', 275);




##---------------------------------------------------------------


INSERT INTO art (artist, title, media, width, height, image, pricing_info, main_image, image_width, image_height)
	VALUES(234,
	       'getting to nantucket',
	       'giclee print',
	       50,
	       50,
	       'getting-to-nantucket',
	      'limited edition print, &pound;195',
	       0,
		642,
		 650);


INSERT INTO art_pricing(art, item_number, description, price)
	VALUES(LAST_INSERT_ID(), 'im103', 'limited print', 195);




##---------------------------------------------------------------


INSERT INTO art (artist, title, media, width, height, image, pricing_info, main_image, image_width, image_height)
	VALUES(234,
	       'high peak moorland',
	       'acrylic on board',
	       20,
	       25,
	       'high-peak-moorland',
	      'original, &pound;375',
	       0,
		517,
		 650);


INSERT INTO art_pricing(art, item_number, description, price)
	VALUES(LAST_INSERT_ID(), 'im104', 'original', 375);




##---------------------------------------------------------------


INSERT INTO art (artist, title, media, width, height, image, pricing_info, main_image, image_width, image_height)
	VALUES(234,
	       'manchester panorama ii',
	       'acrylic on board',
	       61,
	       13,
	       'manchester-panorama-ii',
	      'original, &pound;375',
	       0,
		650,
		 135);


INSERT INTO art_pricing(art, item_number, description, price)
	VALUES(LAST_INSERT_ID(), 'im105', 'original', 375);




##---------------------------------------------------------------


INSERT INTO art (artist, title, media, width, height, image, pricing_info, main_image, image_width, image_height)
	VALUES(234,
	       'media city salford quays panorama',
	       'acrylic on board',
	       61,
	       13,
	       'media-city-salford',
	      'original, &pound;375',
	       0,
		650,
		 133);


INSERT INTO art_pricing(art, item_number, description, price)
	VALUES(LAST_INSERT_ID(), 'im106', 'original', 375);




##--------------------------------------------------------------


INSERT INTO art (artist, title, media, width, height, image, pricing_info, main_image, image_width, image_height)
	VALUES(234,
	       'media city',
	       'acrylic on board',
	       12,
	       20,
	       'media-city',
	      'original, &pound;375',
	       0,
		650,
		 449);


INSERT INTO art_pricing(art, item_number, description, price)
	VALUES(LAST_INSERT_ID(), 'im107', 'original', 375);




##---------------------------------------------------------------


INSERT INTO art (artist, title, media, width, height, image, pricing_info, main_image, image_width, image_height)
	VALUES(234,
	       'pembrokeshire coastline',
	       'acrylic on board',
	       61,
	       13,
	       'pembrokeshire-coastline',
	      'original, &pound;375',
	       0,
		650,
		 132);


INSERT INTO art_pricing(art, item_number, description, price)
	VALUES(LAST_INSERT_ID(), 'im107', 'original', 375);




##---------------------------------------------------------------


INSERT INTO art (artist, title, media, width, height, image, pricing_info, main_image, image_width, image_height)
	VALUES(234,
	       'staten island ferry',
	       'giclee print',
	       61,
	       13,
	       'staten-island-ferry',
	      'limited edition print, &pound;195',
	       0,
		650,
		 145);


INSERT INTO art_pricing(art, item_number, description, price)
	VALUES(LAST_INSERT_ID(), 'im108', 'limited print', 195);




##---------------------------------------------------------------



INSERT INTO art (artist, title, media, width, height, image, pricing_info, main_image, image_width, image_height)
	VALUES(234,
	       'stockport from viaduct',
	       'acrylic on board',
	       12,
	       20,
	       'stockport-from-viaduct',
	      'original, &pound;325',
	       0,
		650,
		 405);


INSERT INTO art_pricing(art, item_number, description, price)
	VALUES(LAST_INSERT_ID(), 'im110', 'original', 325);




##---------------------------------------------------------------



INSERT INTO art (artist, title, media, width, height, image, pricing_info, main_image, image_width, image_height)
	VALUES(234,
	       'stockport from viaduct 1',
	       'acrylic on board',
	       12,
	       20,
	       'stockport-from-viaduct-1',
	      'original, &pound;325',
	       1,
		650,
		 401);


INSERT INTO art_pricing(art, item_number, description, price)
	VALUES(LAST_INSERT_ID(), 'im109', 'original', 325);




##---------------------------------------------------------------

INSERT INTO art (artist, title, media, width, height, image, pricing_info, main_image, image_width, image_height)
	VALUES(234,
	       'stockport',
	       'acrylic on board',
	       12,
	       20,
	       'stockport',
	      'original, &pound;325',
	       0,
		521,
		 650);


INSERT INTO art_pricing(art, item_number, description, price)
	VALUES(LAST_INSERT_ID(), 'im111', 'original', 325);




##---------------------------------------------------------------


INSERT INTO art (artist, title, media, width, height, image, pricing_info, main_image, image_width, image_height)
	VALUES(234,
	       'towpath view towards manchester',
	       'acrylic on board',
	       30,
	       9,
	       'towpath-view-towards',
	      'original, &pound;340',
	       0,
		650,
		 188);


INSERT INTO art_pricing(art, item_number, description, price)
	VALUES(LAST_INSERT_ID(), 'im112', 'original', 340);




##---------------------------------------------------------------


INSERT INTO artist (id, name, statement, notes, display, keywords)
	VALUES(235, 'david broadfoot',

	'<p class="artist">I use the gallery to capture the simple joys of an earlier period. 
The 1950s and 60s were a time of massive social upheaval, with-in the inner city. Not just in my native Liverpool, 
but throughout the length of Great Britain. I like to think those changes are reflected in my works and 
that my art is in keeping with the great pulp comics of the time, the Dandy and 
the Beano.
</p>
<p class="artist">Based on my experiences of the era, I try to capture and 
illustrate the simple freedoms we enjoyed back then, when we were relatively 
unrestrained by adult supervision; unlike many of todays children.
</p>

<p class="artist">If any other fellow nostalgics out there, have any images or 
memories of their former life that they would like captured in a similar medium, 
I am more than willing to undertake commissions.
</p>

<p class="artist"></p>',
               NULL,
	       1,
		'liverpool artist, nostalgic paintings, liverpool cartoons, watercolour of liverpool, 50s liverpool, 60s liverpool, dave broadfoot artist, ');

##---------------------------------------------------------------



INSERT INTO art (artist, title, media, width, height, image, pricing_info, main_image, image_width, image_height)
	VALUES(235,
	       'the bootiful game 1 - fog',
	       'watercolour on paper',
	       62,
	       38,
	       'the-bootiful1-fog',
	      'original, &pound;275',
	       0,
		650,
		 363);


INSERT INTO art_pricing(art, item_number, description, price)
	VALUES(LAST_INSERT_ID(), 'do121', 'original', 275);




##---------------------------------------------------------------     


INSERT INTO art (artist, title, media, width, height, image, pricing_info, main_image, image_width, image_height)
	VALUES(235,
	       'the bootiful game 2 - snow',
	       'watercolour on paper',
	       62,
	       38,
	       'the-bootiful2-snow',
	      'original, &pound;275',
	       0,
		650,
		 356);


INSERT INTO art_pricing(art, item_number, description, price)
	VALUES(LAST_INSERT_ID(), 'do122', 'original', 275);




##---------------------------------------------------------------  -     


INSERT INTO art (artist, title, media, width, height, image, pricing_info, main_image, image_width, image_height)
	VALUES(235,
	       'the bootiful game 3 - rain',
	       'watercolour on paper',
	       62,
	       38,
	       'the-bootiful3-rain',
	      'original, &pound;275',
	       0,
		650,
		 359);


INSERT INTO art_pricing(art, item_number, description, price)
	VALUES(LAST_INSERT_ID(), 'do123', 'original', 275);




##---------------------------------------------------------------



INSERT INTO art (artist, title, media, width, height, image, pricing_info, main_image, image_width, image_height)
	VALUES(235,
	       'dockers kids',
	       'watercolour and ink',
	       42,
	       57,
	       'dockers-kids',
	      'original, &pound;225',
	       0,
		488,
		 650);


INSERT INTO art_pricing(art, item_number, description, price)
	VALUES(LAST_INSERT_ID(), 'do121', 'original', 225);




##---------------------------------------------------------------




INSERT INTO art (artist, title, media, width, height, image, pricing_info, main_image, image_width, image_height)
	VALUES(235,
	       'the leaving of liverpool',
	       'watercolour and ink',
	       71,
	       50,
	       'the-leaving-of',
	      'original, &pound;275',
	       1,
		650,
		 488);


INSERT INTO art_pricing(art, item_number, description, price)
	VALUES(LAST_INSERT_ID(), 'do116', 'original', 275);




##---------------------------------------------------------------


INSERT INTO art (artist, title, media, width, height, image, pricing_info, main_image, image_width, image_height)
	VALUES(235,
	       'penrhyn street school',
	       'watercolour and ink',
	       68,
	       47,
	       'penrhyn-street-school',
	      'original, &pound;250',
	       0,
		650,
		 488);


INSERT INTO art_pricing(art, item_number, description, price)
	VALUES(LAST_INSERT_ID(), 'do113', 'original', 250);




##---------------------------------------------------------------





INSERT INTO art (artist, title, media, width, height, image, pricing_info, main_image, image_width, image_height)
	VALUES(235,
	       'back entry diddlers',
	       'watercolour and ink',
	       45,
	       34,
	       'back-entry-diddlers',
	      'original, &pound;150',
	       0,
		650,
		 488);


INSERT INTO art_pricing(art, item_number, description, price)
	VALUES(LAST_INSERT_ID(), 'do114', 'original', 150);




##---------------------------------------------------------------


INSERT INTO art (artist, title, media, width, height, image, pricing_info, main_image, image_width, image_height)
	VALUES(235,
	       'toys for rags',
	       'watercolour and ink',
	       61,
	       41,
	       'toys-for-rags',
	      'sold',
	       0,
		650,
		 488);






##---------------------------------------------------------------


INSERT INTO art (artist, title, media, width, height, image, pricing_info, main_image, image_width, image_height)
	VALUES(235,
	       'grid fishin',
	       'watercolour and ink',
	       47,
	       34,
	       'grid-fishin',
	      'sold',
	       0,
		650,
		 473);






##---------------------------------------------------------------

INSERT INTO art (artist, title, media, width, height, image, pricing_info, main_image, image_width, image_height)
	VALUES(235,
	       'flowers in the rain',
	       'watercolour and ink',
	       63,
	       42,
	       'flowers-in-the',
	      'framed original, &pound;255',
	       0,
		650,
		 424);


INSERT INTO art_pricing(art, item_number, description, price)
	VALUES(LAST_INSERT_ID(), 'do101', 'original', 255);




##---------------------------------------------------------------


INSERT INTO art (artist, title, media, width, height, image, pricing_info, main_image, image_width, image_height)
	VALUES(235,
	       'bonnie night',
	       'watercolour and ink',
	       64,
	       38,
	       'bonnie-night',
	      'original, &pound;275',
	       0,
		650,
		 364);


INSERT INTO art_pricing(art, item_number, description, price)
	VALUES(LAST_INSERT_ID(), 'do102', 'original', 275);




##---------------------------------------------------------------


INSERT INTO art (artist, title, media, width, height, image, pricing_info, main_image, image_width, image_height)
	VALUES(235,
	       'the saturday matinees',
	       'watercolour and ink',
	       65,
	       40,
	       'the-saturday-matinees',
	      'original, &pound;240',
	       0,
		650,
		 417);


INSERT INTO art_pricing(art, item_number, description, price)
	VALUES(LAST_INSERT_ID(), 'do103', 'original', 240);




##---------------------------------------------------------------




INSERT INTO art (artist, title, media, width, height, image, pricing_info, main_image, image_width, image_height)
	VALUES(235,
	       'a vivid imagination',
	       'watercolour and ink',
	       69,
	       34,
	       'a-vivid-imagination',
	      'original, &pound;225',
	       0,
		650,
		 301);


INSERT INTO art_pricing(art, item_number, description, price)
	VALUES(LAST_INSERT_ID(), 'do105', 'original', 225);




##---------------------------------------------------------------


INSERT INTO art (artist, title, media, width, height, image, pricing_info, main_image, image_width, image_height)
	VALUES(235,
	       'how not to build a steerie',
	       'watercolour and ink',
	       84,
	       34,
	       'how-not-to',
	      'sold',
	       0,
		650,
		 234);




##---------------------------------------------------------------


INSERT INTO art (artist, title, media, width, height, image, pricing_info, main_image, image_width, image_height)
	VALUES(235,
	       'the hula hoop',
	       'watercolour and ink',
	       84,
	       34,
	       'the-hula-hoop',
	      'framed original, &pound;225',
	       0,
		650,
		 235);


INSERT INTO art_pricing(art, item_number, description, price)
	VALUES(LAST_INSERT_ID(), 'do107', 'original', 225);




##---------------------------------------------------------------


INSERT INTO art (artist, title, media, width, height, image, pricing_info, main_image, image_width, image_height)
	VALUES(235,
	       'a couple of swingers',
	       'watercolour and ink',
	       34,
	       61,
	       'a-couple-of',
	      'original, &pound;225',
	       0,
		398,
		 650);


INSERT INTO art_pricing(art, item_number, description, price)
	VALUES(LAST_INSERT_ID(), 'do108', 'original', 225);




##---------------------------------------------------------------


INSERT INTO art (artist, title, media, width, height, image, pricing_info, main_image, image_width, image_height)
	VALUES(235,
	       'everton blues',
	       'watercolour and ink',
	       31,
	       44,
	       'everton-blues',
	      'original, &pound;125',
	       0,
		462,
		 650);


INSERT INTO art_pricing(art, item_number, description, price)
	VALUES(LAST_INSERT_ID(), 'do109', 'original', 125);




##---------------------------------------------------------------


INSERT INTO art (artist, title, media, width, height, image, pricing_info, main_image, image_width, image_height)
	VALUES(235,
	       'the steeries',
	       'watercolour and ink',
	       38,
	       62,
	       'the-steeries',
	      'original, &pound;100',
	       0,
		456,
		 650);


INSERT INTO art_pricing(art, item_number, description, price)
	VALUES(LAST_INSERT_ID(), 'do110', 'original', 100);




##---------------------------------------------------------------




INSERT INTO art (artist, title, media, width, height, image, pricing_info, main_image, image_width, image_height)
	VALUES(235,
	       'best mates',
	       'watercolour and ink',
	       37,
	       49,
	       'best-mates',
	      'original, &pound;150',
	       0,
		650,
		 488);


INSERT INTO art_pricing(art, item_number, description, price)
	VALUES(LAST_INSERT_ID(), 'do112', 'original', 150);




##---------------------------------------------------------------





INSERT INTO art (artist, title, media, width, height, image, pricing_info, main_image, image_width, image_height)
	VALUES(235,
	       'diggin on the olla',
	       'watercolour and ink',
	       60,
	       30,
	       'diggin-on-the',
	      'original, &pound;225',
	       0,
		650,
		 323);


INSERT INTO art_pricing(art, item_number, description, price)
	VALUES(LAST_INSERT_ID(), 'do115', 'original', 225);




##---------------------------------------------------------------




INSERT INTO art (artist, title, media, width, height, image, pricing_info, main_image, image_width, image_height)
	VALUES(235,
	       'bath night',
	       'watercolour and ink',
	       47,
	       42,
	       'bath-night',
	      'original, &pound;195',
	       0,
		650,
		 488);


INSERT INTO art_pricing(art, item_number, description, price)
	VALUES(LAST_INSERT_ID(), 'do116', 'original', 195);




##---------------------------------------------------------------

INSERT INTO art (artist, title, media, width, height, image, pricing_info, main_image, image_width, image_height)
	VALUES(235,
	       'robin hood and the rent man',
	       'watercolour and ink',
	       23,
	       34,
	       'robin-hood-and',
	      'original, &pound;95',
	       0,
		433,
		 650);


INSERT INTO art_pricing(art, item_number, description, price)
	VALUES(LAST_INSERT_ID(), 'do117', 'original', 95);




##---------------------------------------------------------------


INSERT INTO art (artist, title, media, width, height, image, pricing_info, main_image, image_width, image_height)
	VALUES(235,
	       'helpin'' mum',
	       'watercolour and ink',
	       23,
	       34,
	       'helpin-mum',
	      'original, &pound;95',
	       0,
		432,
		 650);


INSERT INTO art_pricing(art, item_number, description, price)
	VALUES(LAST_INSERT_ID(), 'do118', 'original', 95);




##---------------------------------------------------------------


INSERT INTO art (artist, title, media, width, height, image, pricing_info, main_image, image_width, image_height)
	VALUES(235,
	       'janglin''',
	       'watercolour and ink',
	       23,
	       34,
	       'janglin',
	      'original, &pound;95',
	       0,
		426,
		 650);


INSERT INTO art_pricing(art, item_number, description, price)
	VALUES(LAST_INSERT_ID(), 'do119', 'original', 95);




##---------------------------------------------------------------


INSERT INTO art (artist, title, media, width, height, image, pricing_info, main_image, image_width, image_height)
	VALUES(235,
	       'a summers evening',
	       'watercolour and ink',
	       23,
	       34,
	       'a-summers-evening',
	      'original, &pound;95',
	       0,
		412,
		 650);


INSERT INTO art_pricing(art, item_number, description, price)
	VALUES(LAST_INSERT_ID(), 'do120', 'original', 95);




##---------------------------------------------------------------


INSERT INTO artist (id, name, statement, notes, display, keywords)
	VALUES(237, 'christopher turrell watts',

	'<p class="artist">"I have been making work in clay for over twenty years. My work tends to be one- off or small batch production pieces and recently I have been focusing on commission based work. My work tends to explore using clay in unexpected ways whether its through using light or sound or just through creating unusual objects that are humorous and desirable!
</p>

<p class="artist">I work in Liverpool and am part of the newly created Threshold Factory studio group at the CUC building and I have just been awarded a placement at Hope University as part of their Artists Access into Art Colleges scheme. 
Last year I was commissioned by Leicetser County Council to make three interactive ceramic objects that could be used in schools for creative storytelling. The pieces had small wind up music boxes inside them and were made to look like mysterious space objects.
I have had a number of other commissions including handmade lightshades for the Arts Council office in Brighton, a unique double spouted teapot for artists Darren Neave and John Cake who are using it in their gallery performances and pieces for the Artists Product range for Tate Modern and am currently in discussions with them for developing new work.
</p>

<p class="artist">Although some of the work shown here was for commission or has already been sold, I am open to private commissions and especially Public Art based projects."
</p>

<p class="artist"></p>',
               NULL,
	       1,
		'liverpool artist, clay artist, ceramic artist, ceramic sculpture, three dimensional art, clay commissions, chris turrell-watts artist, ');

##---------------------------------------------------------------


INSERT INTO art (artist, title, media, width, height, image, pricing_info, main_image, image_width, image_height)
	VALUES(237,
	       'clockwork cloud',
	       'ceramic music box',
	       24,
	       15,
              
	       'clockwork-cloud',
	      'original, &pound;70',
	       0,
		650,
		 487);


INSERT INTO art_pricing(art, item_number, description, price)
	VALUES(LAST_INSERT_ID(), 'cu101', 'original', 70);




##---------------------------------------------------------------


INSERT INTO art (artist, title, media, width, height, image, pricing_info, main_image, image_width, image_height)
	VALUES(237,
	       'ghost',
	       'ceramic',
	       40,
	       16,
             
	       'ghost',
	      'original, &pound;91',
	       1,
		369,
		 650);


INSERT INTO art_pricing(art, item_number, description, price)
	VALUES(LAST_INSERT_ID(), 'cu102', 'original', 91);




##---------------------------------------------------------------


INSERT INTO art (artist, title, media, width, height, image, pricing_info, main_image, image_width, image_height)
	VALUES(237,
	       'held in the hand piece',
	       'ceramic copper leaf music box',
	       18,
	       10,
              
	       'held-in-the',
	      'commission example',
	       0,
		650,
		 606);




##---------------------------------------------------------------


INSERT INTO art (artist, title, media, width, height, image, pricing_info, main_image, image_width, image_height)
	VALUES(237,
	       'kippenburger teapot',
	       'ceramic',
	       28,
	       
               35 ,
	       'kippenburger-teapot',
	         'commission example',
	       0,
		650,
		 473);




##---------------------------------------------------------------


INSERT INTO art (artist, title, media, width, height, image, pricing_info, main_image, image_width, image_height)
	VALUES(237,
	       'somewhere pink iron',
	       'ceramic and enamel transfers',
	       28,
	       15,
              
	       'somewhere-pink-iron',
	       'commission example',
	       0,
		407,
		 650);




##---------------------------------------------------------------


INSERT INTO art (artist, title, media, width, height, image, pricing_info, main_image, image_width, image_height)
	VALUES(237,
	       'wonky',
	       'slipcast porcelain',
	       21,
	       14,
              
	       'wonky',   
		 'commission example',
	       0,
		650,
		 584);




##---------------------------------------------------------------


INSERT INTO art (artist, title, media, width, height, image, pricing_info, main_image, image_width, image_height)
	VALUES(237,
	       'tanglebox',
	       'terracotta',
	       22,
	       22,
              
	       'tanglebox',
	          'commission example',
	       0,
		650,
		 488);




##---------------------------------------------------------------




INSERT INTO art (artist, title, media, width, height, image, pricing_info, main_image, image_width, image_height)
	VALUES(237,
	       'restaurant wall panel',
	       'ceramic, glass and mixed media',
	       500,
	       140,
              
	       'restaurant-commission',
	          'commission example',
	       0,
		650,
		 159);




##---------------------------------------------------------------



INSERT INTO art (artist, title, media, width, height, image, pricing_info, main_image, image_width, image_height)
	VALUES(237,
	       'restaurant wall panel (detail 1)',
	       'ceramic, glass and mixed media',
	       500,
	       140,
              
	       'restaurant-detail-1',
	          'commission example',
	       0,
		650,
		 606);




##---------------------------------------------------------------




INSERT INTO art (artist, title, media, width, height, image, pricing_info, main_image, image_width, image_height)
	VALUES(237,
	       'restaurant wall panel (detail 2)',
	       'ceramic, glass and mixed media',
	       500,
	       140,
              
	       'restaurant-detail-2',
	          'commission example',
	       0,
		650,
		 488);




##---------------------------------------------------------------



INSERT INTO art (artist, title, media, width, height, image, pricing_info, main_image, image_width, image_height)
	VALUES(237,
	       'restaurant wall panel (detail 3)',
	       'ceramic, glass and mixed media',
	       500,
	       140,
              
	       'restaurant-detail-3',
	          'commission example',
	       0,
		650,
		 427);




##---------------------------------------------------------------



INSERT INTO art (artist, title, media, width, height, image, pricing_info, main_image, image_width, image_height)
	VALUES(237,
	       'restaurant wall panel (detail 4)',
	       'ceramic, glass and mixed media',
	       500,
	       140,
              
	       'restaurant-detail-4',
	          'commission example',
	       0,
		650,
		 551);




##---------------------------------------------------------------




INSERT INTO artist (id, name, statement, notes, display, keywords)
	VALUES(238, 'john whitelaw',

	'<p class="artist">Born and raised in Liverpool from 1974 I have had the privilege of coming from a city vibrant in creativity.  
I studied Communication Media at Maidstone College of Art & Design between 1993 and 1996 specialising in Illustration. Graduating with a 2.1 BA (Hons) I spent a year in London before moving back home to the place that I love. 
</p>

</p>

<p class="artist">I try to keep my work fresh and therefore subject matter is derived from pop culture.  I''m inspired by street art as much as when I''m in the Tate or Walker Art gallery. My influences are Picasso, Basquiat, Warhol, Aztec culture and any Japanese animation preferably by studio Ghilbli. I''m definitely a promoter of new technology and borderline geek. All of my work is produced digitally but I believe the sketchbook is not dead yet and also have a stack of post-it notes on my desk with doodles crying out to be developed! Often ideas will start as a sketch or an idea on my phone and progress to a more polished version on my Mac.  
</p>

<p class="artist">All images are produced in a limited edition of 150 and are also available in larger sizes on request.</p>',
               NULL,
	       1,
		'Liverpool art, Liver building, digital art Liverpool, Liverpool landscapes, digital abstract, john whitelaw artist, radio city tower, limited edition print Liverpool,');


##---------------------------------------------------------------





INSERT INTO art (artist, title, media, width, height, image, pricing_info, main_image, image_width, image_height)
	VALUES(238,
	       'the greatest',
	       'limited print',
	       30,
	       42,
	       'The-Greatest',
	      'limited edition print, &pound;65',
	       0,
		488,
		 650);


INSERT INTO art_pricing(art, item_number, description, price)
	VALUES(LAST_INSERT_ID(), 'jw132', 'limited edition print', 65);



##---------------------------------------------------------------


INSERT INTO art (artist, title, media, width, height, image, pricing_info, main_image, image_width, image_height)
	VALUES(238,
	       'love john',
	       'limited print',
	       30,
	       42,
	       'love-john',
	      'limited edition print, &pound;65',
	       0,
		488,
		 650);


INSERT INTO art_pricing(art, item_number, description, price)
	VALUES(LAST_INSERT_ID(), 'jw131', 'limited edition print', 65);



##---------------------------------------------------------------



INSERT INTO art (artist, title, media, width, height, image, pricing_info, main_image, image_width, image_height)
	VALUES(238,
	       'love paul',
	       'limited print',
	       30,
	       42,
	       'love-paul',
	      'limited edition print, &pound;65',
	       0,
		488,
		 650);


INSERT INTO art_pricing(art, item_number, description, price)
	VALUES(LAST_INSERT_ID(), 'jw130', 'limited edition print', 65);


##---------------------------------------------------------------



INSERT INTO art (artist, title, media, width, height, image, pricing_info, main_image, image_width, image_height)
	VALUES(238,
	       'love ringo',
	       'limited print',
	       30,
	       42,
	       'love-ringo',
	      'limited edition print, &pound;65',
	       0,
		488,
		 650);


INSERT INTO art_pricing(art, item_number, description, price)
	VALUES(LAST_INSERT_ID(), 'jw129', 'limited edition print', 65);

##---------------------------------------------------------------

INSERT INTO art (artist, title, media, width, height, image, pricing_info, main_image, image_width, image_height)
	VALUES(238,
	       'love george',
	       'limited print',
	       30,
	       42,
	       'love-george',
	      'limited edition print, &pound;65',
	       0,
		488,
		 650);


INSERT INTO art_pricing(art, item_number, description, price)
	VALUES(LAST_INSERT_ID(), 'jw128', 'limited edition print', 65);





##---------------------------------------------------------------


INSERT INTO art (artist, title, media, width, height, image, pricing_info, main_image, image_width, image_height)
	VALUES(238,
	       'the song remains the same',
	       'limited print',
	       30,
	       42,
	       'the-song-remains',
	      'limited edition print, &pound;65',
	       0,
		488,
		 650);


INSERT INTO art_pricing(art, item_number, description, price)
	VALUES(LAST_INSERT_ID(), 'jw127', 'limited edition print', 65);


##---------------------------------------------------------------




INSERT INTO art (artist, title, media, width, height, image, pricing_info, main_image, image_width, image_height)
	VALUES(238,
	       'mr fett',
	       'limited print',
	       30,
	       42,
	       'mr-fett',
	      'limited edition print, &pound;65',
	       0,
		488,
		 650);


INSERT INTO art_pricing(art, item_number, description, price)
	VALUES(LAST_INSERT_ID(), 'jw126', 'limited edition print', 65);


##---------------------------------------------------------------




INSERT INTO art (artist, title, media, width, height, image, pricing_info, main_image, image_width, image_height)
	VALUES(238,
	       'storm',
	       'limited print',
	       30,
	       42,
	       'storm',
	      'limited edition print, &pound;65',
	       0,
		488,
		 650);


INSERT INTO art_pricing(art, item_number, description, price)
	VALUES(LAST_INSERT_ID(), 'jw125', 'limited edition print', 65);


##---------------------------------------------------------------



INSERT INTO art (artist, title, media, width, height, image, pricing_info, main_image, image_width, image_height)
	VALUES(238,
	       'hold on',
	       'limited print',
	       30,
	       42,
	       'hold-on',
	      'limited edition print, &pound;65',
	       0,
		488,
		 650);


INSERT INTO art_pricing(art, item_number, description, price)
	VALUES(LAST_INSERT_ID(), 'jw124', 'limited edition print', 65);


##---------------------------------------------------------------



INSERT INTO art (artist, title, media, width, height, image, pricing_info, main_image, image_width, image_height)
	VALUES(238,
	       'radiocity',
	       'giclee print',
	       29.7,
	       42,
	       'radiocity',
	      'limited edition print, &pound;65',
	       0,
		488,
		 650);


INSERT INTO art_pricing(art, item_number, description, price)
	VALUES(LAST_INSERT_ID(), 'jw112', 'limited edition print', 65);




##---------------------------------------------------------------



INSERT INTO art (artist, title, media, width, height, image, pricing_info, main_image, image_width, image_height)
	VALUES(238,
	       'scouse',
	       'giclee print',
	       29.7,
	       42,
	       'scouse',
	      'limited edition print, &pound;65',
	       1,
		488,
		 650);


INSERT INTO art_pricing(art, item_number, description, price)
	VALUES(LAST_INSERT_ID(), 'jw114', 'limited edition print', 65);




##---------------------------------------------------------------



INSERT INTO art (artist, title, media, width, height, image, pricing_info, main_image, image_width, image_height)
	VALUES(238,
	       'legends',
	       'giclee print',
	       29.7,
	       42,
	       'legends',
	      'limited edition print, &pound;65',
	       0,
		488,
		 650);


INSERT INTO art_pricing(art, item_number, description, price)
	VALUES(LAST_INSERT_ID(), 'jw118', 'limited edition print', 65);



##---------------------------------------------------------------




INSERT INTO art (artist, title, media, width, height, image, pricing_info, main_image, image_width, image_height)
	VALUES(238,
	       'park west',
	       'limited print',
	       30,
	       42,
	       'park-west',
	      'limited edition print, &pound;65',
	       0,
		488,
		 650);


INSERT INTO art_pricing(art, item_number, description, price)
	VALUES(LAST_INSERT_ID(), 'jw122', 'limited edition print', 65);



##---------------------------------------------------------------



INSERT INTO art (artist, title, media, width, height, image, pricing_info, main_image, image_width, image_height)
	VALUES(238,
	       'phoenix',
	       'limited print',
	       30,
	       42,
	       'phoenix',
	      'limited edition print, &pound;65',
	       0,
		488,
		 650);


INSERT INTO art_pricing(art, item_number, description, price)
	VALUES(LAST_INSERT_ID(), 'jw123', 'limited edition print', 65);


##---------------------------------------------------------------


INSERT INTO art (artist, title, media, width, height, image, pricing_info, main_image, image_width, image_height)
	VALUES(238,
	       'cavern',
	       'giclee print',
	       29.7,
	       42,
	       'cavern',
	      'limited edition print, &pound;65',
	       0,
		488,
		 650);


INSERT INTO art_pricing(art, item_number, description, price)
	VALUES(LAST_INSERT_ID(), 'jw104', 'limited edition print', 65);





##---------------------------------------------------------------


INSERT INTO art (artist, title, media, width, height, image, pricing_info, main_image, image_width, image_height)
	VALUES(238,
	       'all we are is stars',
	       'giclee print',
	       29.7,
	       42,
	       'all-we-are',
	      'limited edition print, &pound;65',
	       0,
		488,
		 650);


INSERT INTO art_pricing(art, item_number, description, price)
	VALUES(LAST_INSERT_ID(), 'jw102', 'limited edition print', 65);




##---------------------------------------------------------------



INSERT INTO art (artist, title, media, width, height, image, pricing_info, main_image, image_width, image_height)
	VALUES(238,
	       'livermemory',
	       'giclee print',
	       29.7,
	       42,
	       'livermemory',
	      'limited edition print, &pound;65',
	       0,
		650,
		 488);


INSERT INTO art_pricing(art, item_number, description, price)
	VALUES(LAST_INSERT_ID(), 'jw108', 'limited edition print', 65);




##---------------------------------------------------------------


INSERT INTO art (artist, title, media, width, height, image, pricing_info, main_image, image_width, image_height)
	VALUES(238,
	       'liverscape',
	       'giclee print',
	       29.7,
	       42,
	       'liverscape',
	      'limited edition print, &pound;65',
	       0,
		650,
		 488);


INSERT INTO art_pricing(art, item_number, description, price)
	VALUES(LAST_INSERT_ID(), 'jw109', 'limited edition print', 65);




##---------------------------------------------------------------


INSERT INTO art (artist, title, media, width, height, image, pricing_info, main_image, image_width, image_height)
	VALUES(238,
	       'ship and mitre',
	       'giclee print',
	       29.7,
	       42,
	       'ship-and-mitre',
	      'limited edition print, &pound;65',
	       0,
		488,
		 650);


INSERT INTO art_pricing(art, item_number, description, price)
	VALUES(LAST_INSERT_ID(), 'jw116', 'limited edition print', 65);




##---------------------------------------------------------------



INSERT INTO art (artist, title, media, width, height, image, pricing_info, main_image, image_width, image_height)
	VALUES(238,
	       'liverbird',
	       'giclee print',
	       29.7,
	       42,
	       'liverbird',
	      'limited edition print, &pound;65',
	       0,
		488,
		 650);


INSERT INTO art_pricing(art, item_number, description, price)
	VALUES(LAST_INSERT_ID(), 'jw119', 'limited edition print', 65);



##---------------------------------------------------------------



INSERT INTO art (artist, title, media, width, height, image, pricing_info, main_image, image_width, image_height)
	VALUES(238,
	       'waterfront',
	       'limited print',
	       92,
	       31,
	       'waterfront',
	      'limited edition print, &pound;150',
	       0,
		650,
		 150);


INSERT INTO art_pricing(art, item_number, description, price)
	VALUES(LAST_INSERT_ID(), 'jw120', 'limited edition print', 150);



##---------------------------------------------------------------



INSERT INTO art (artist, title, media, width, height, image, pricing_info, main_image, image_width, image_height)
	VALUES(238,
	       'new liverpool',
	       'limited print',
	       92,
	       31,
	       'new-liverpool',
	      'limited edition print, &pound;150',
	       0,
		650,
		 150);


INSERT INTO art_pricing(art, item_number, description, price)
	VALUES(LAST_INSERT_ID(), 'jw121', 'limited edition print', 150);



##---------------------------------------------------------------





INSERT INTO artist (id, name, statement, notes, display, keywords)
	VALUES(240, 'blacksoup',

	'<p class="artist">Never sleeps, always eats, occasionally doodles and took some photographs once.
</p>

</p>

<p class="artist">Exhibition history - had some pictures up in primary school class, way back in around November 1977.
</p>

<p class="artist">All limited edition prints are produced in an edition of 150, and sold mounted, signed and numbered.</p>',
               NULL,
	       1,
		'liverpool artist, digital art, limited edition print, liverpool prints, graphic art, blacksoup, digital illustration, ');

##---------------------------------------------------------------




INSERT INTO art (artist, title, media, width, height, image, pricing_info, main_image, image_width, image_height)
	VALUES(240,
	       'big docker bot',
	       'photographic print',
	       60,
	       24,
	       'big-docker-bot',
	      'limited edition print, &pound;90',
	       0,
		650,
		 266);


INSERT INTO art_pricing(art, item_number, description, price)
	VALUES(LAST_INSERT_ID(), 'bo103', 'limited edition print', 90);


##---------------------------------------------------------------




INSERT INTO art (artist, title, media, width, height, image, pricing_info, main_image, image_width, image_height)
	VALUES(240,
	       'kablammooooo',
	       'photographic print',
	       60,
	       40,
	       'kablammooooo',
	      'limited edition print, &pound;90',
	       0,
		650,
		 435);


INSERT INTO art_pricing(art, item_number, description, price)
	VALUES(LAST_INSERT_ID(), 'bo106', 'limited edition print', 90);


##---------------------------------------------------------------



INSERT INTO art (artist, title, media, width, height, image, pricing_info, main_image, image_width, image_height)
	VALUES(240,
	       'love me or die',
	       'photographic print',
	       60,
	       30,
	       'love-me-or',
	      'limited edition print, &pound;90',
	       0,
		650,
		 332);


INSERT INTO art_pricing(art, item_number, description, price)
	VALUES(LAST_INSERT_ID(), 'bo107', 'limited edition print', 90);


##---------------------------------------------------------------



INSERT INTO art (artist, title, media, width, height, image, pricing_info, main_image, image_width, image_height)
	VALUES(240,
	       'one night in istanbot',
	       'photographic print',
	       60,
	       37,
	       'one-night-in',
	      'limited edition print, &pound;90',
	       0,
		650,
		 403);


INSERT INTO art_pricing(art, item_number, description, price)
	VALUES(LAST_INSERT_ID(), 'bo108', 'limited edition print', 90);


##---------------------------------------------------------------



INSERT INTO art (artist, title, media, width, height, image, pricing_info, main_image, image_width, image_height)
	VALUES(240,
	       'the day me ma stood still',
	       'photographic print',
	       60,
	       40,
	       'the-day-me',
	      'limited edition print, &pound;90',
	       0,
		650,
		 435);


INSERT INTO art_pricing(art, item_number, description, price)
	VALUES(LAST_INSERT_ID(), 'bo109', 'limited edition print', 90);


##---------------------------------------------------------------






INSERT INTO art (artist, title, media, width, height, image, pricing_info, main_image, image_width, image_height)
	VALUES(240,
	       'you lookin at me',
	       'photographic print',
	       60,
	       35,
	       'you-lookin-at',
	      'limited edition print, &pound;90',
	       0,
		650,
		 389);


INSERT INTO art_pricing(art, item_number, description, price)
	VALUES(LAST_INSERT_ID(), 'bo111', 'limited edition print', 90);


##---------------------------------------------------------------



INSERT INTO art (artist, title, media, width, height, image, pricing_info, main_image, image_width, image_height)
	VALUES(240,
	       'that would be a nice picture...',
	       'photographic print',
	       60,
	       32,
	       'that-would-be',
	      'limited edition print, &pound;90',
	       0,
		650,
		 352);


INSERT INTO art_pricing(art, item_number, description, price)
	VALUES(LAST_INSERT_ID(), 'bo112', 'limited edition print', 90);


##---------------------------------------------------------------





INSERT INTO art (artist, title, media, width, height, image, pricing_info, main_image, image_width, image_height)
	VALUES(240,
	       'uh oh',
	       'photographic print',
	       60,
	       35,
	       'uh-oh',
	      'limited edition print, &pound;90',
	       1,
		650,
		 352);


INSERT INTO art_pricing(art, item_number, description, price)
	VALUES(LAST_INSERT_ID(), 'bo113', 'limited edition print', 90);


##---------------------------------------------------------------




INSERT INTO art (artist, title, media, width, height, image, pricing_info, main_image, image_width, image_height)
	VALUES(240,
	       'blattt',
	       'photographic print',
	       30,
	       60,
	       'blattt',
	      'limited edition print, &pound;90',
	       0,
		334,
		 650);


INSERT INTO art_pricing(art, item_number, description, price)
	VALUES(LAST_INSERT_ID(), 'bo101', 'limited edition print', 90);


##---------------------------------------------------------------




INSERT INTO art (artist, title, media, width, height, image, pricing_info, main_image, image_width, image_height)
	VALUES(240,
	       'holy fraaap',
	       'photographic print',
	       30,
	       60,
	       'holy-fraaap',
	      'limited edition print, &pound;90',
	       0,
		333,
		 650);


INSERT INTO art_pricing(art, item_number, description, price)
	VALUES(LAST_INSERT_ID(), 'bo105', 'limited edition print', 90);


##---------------------------------------------------------------


INSERT INTO artist (id, name, statement, notes, display, keywords)
	VALUES(243, 'ruth ball',

	'<p class="artist">Ruth Ball gained her BA Hons degree in Jewellery Design 
from Middlesex University. During her studies she achieved top prizes in the 
Royal Society of Arts Award and The Platinum Competition, more recently she 
was granted a British Society of Enamellers Bursary to study large scale 
enamelling in 2009 and achieved a Commended Award in the Goldsmiths Craft 
and Design Awards for 2011.
</p>

<p class="artist">Experience as a part time lecturer in Further & Higher Education, 
coupled with years of practice in trade enamelling, has meant that she has 
accomplished a wide skill base. Keen to pass on her knowledge, she was 
commissioned by publishers A&C Black to write a book about enamel techniques 
and she is now recognised internationally as being practised in a variety of 
enamel methods.</p>

<p class="artist">The extent of her making spans contemporary jewellery, fine 
silverware and unique artworks for public or private display. Observation of 
colour and light in everyday environments sustains her modern design style. 
Moreover her art based, painterly approach to enamelling underpins the elegant 
sense of beauty in her work.</p>

<p class="artist">Today, the conception of one off pieces, and limited edition 
ranges are her prime focus. Ruth''s covetable enamels are available through 
selected exhibitions and specialist galleries. Commissions for exclusive 
bespoke pieces are welcome.</p>',
               NULL,
	       1,
		'enamel artist, public art, wall panel art, commissioned wall art, relief panels, enamel art, merseyside enamel artist, north west enameller, enameller for commission');

##---------------------------------------------------------------

INSERT INTO art (artist, title, media, width, height, image, pricing_info, main_image, image_width, image_height)
	VALUES(243,
	       'off the wall',
	       'enamel on copper ',
	       45,
	       45,
	       'off-the-wall',
	      'original (9x 15x15cm panels), &pound;1700',
	       1,
		650,
		 488);


INSERT INTO art_pricing(art, item_number, description, price)
	VALUES(LAST_INSERT_ID(), 'rb101', 'original', 1700);



##---------------------------------------------------------------


INSERT INTO art (artist, title, media, width, height, image, pricing_info, main_image, image_width, image_height)
	VALUES(243,
	       'city scaffold',
	       'enamel on copper',
	       15,
	       15,
	       'city-scaffold-red',
	     'original, &pound;250',
	       0,
		488,
		 650);


INSERT INTO art_pricing(art, item_number, description, price)
	VALUES(LAST_INSERT_ID(), 'rb102', 'original', 250);



##---------------------------------------------------------------


INSERT INTO art (artist, title, media, width, height, image, pricing_info, main_image, image_width, image_height)
	VALUES(243,
	       'liver building turquoise',
	       'enamel on copper',
	       15,
	       15,
	       'liver-turquoise-blue',
	     'original, &pound;250',
	       0,
		650,
		 650);


INSERT INTO art_pricing(art, item_number, description, price)
	VALUES(LAST_INSERT_ID(), 'rb103', 'original', 250);



##---------------------------------------------------------------




INSERT INTO art (artist, title, media, width, height, image, pricing_info, main_image, image_width, image_height)
	VALUES(243,
	       'liver building cobalt',
	       'enamel on copper',
	       15,
	       15,
	     'liver-cobalt-blue',
	     'original, &pound;250',
	       0,
		650,
		 650);


INSERT INTO art_pricing(art, item_number, description, price)
	VALUES(LAST_INSERT_ID(), 'rb104', 'original', 250);



##---------------------------------------------------------------




INSERT INTO art (artist, title, media, width, height, image, pricing_info, main_image, image_width, image_height)
	VALUES(243,
	       'reflections old and new',
	       'mounted enamel on copper',
	       30,
	       30,
	     'reflections-old-new',
	     'original, &pound;275',
	       0,
		650,
		 650);


INSERT INTO art_pricing(art, item_number, description, price)
	VALUES(LAST_INSERT_ID(), 'rb105', 'original', 275);



##---------------------------------------------------------------




INSERT INTO art (artist, title, media, width, height, image, pricing_info, main_image, image_width, image_height)
	VALUES(243,
	       'rebuilding',
	       'enamel on steel',
	       60,
	       60,
	     'rebuilding',
	     'original, &pound;1700',
	       0,
		650,
		 650);


INSERT INTO art_pricing(art, item_number, description, price)
	VALUES(LAST_INSERT_ID(), 'rb106', 'original', 1700);

##---------------------------------------------------------------


INSERT INTO art (artist, title, media, width, height, image, pricing_info, main_image, image_width, image_height)
	VALUES(243,
	       'urban changes',
	       'enamel on steel',
	       60,
	       60,
	     'urban-changes',
	     'original, &pound;1700',
	       0,
		650,
		 650);


INSERT INTO art_pricing(art, item_number, description, price)
	VALUES(LAST_INSERT_ID(), 'rb107', 'original', 1700);





##---------------------------------------------------------------


INSERT INTO art (artist, title, media, width, height, image, pricing_info, main_image, image_width, image_height)
	VALUES(243,
	       'marking changes',
	       'enamel on copper',
	       40,
	       50,
	       'marking-changes',
	      'commission example',
	       0,
		488,
		 650);





##---------------------------------------------------------------


INSERT INTO art (artist, title, media, width, height, image, pricing_info, main_image, image_width, image_height)
	VALUES(243,
	       'finland winter 2',
	       'enamel on copper',
	       15,
	       15,
	       'finland-winter-2',
	      'commission example',
	       0,
		650,
		 488);





##---------------------------------------------------------------



INSERT INTO art (artist, title, media, width, height, image, pricing_info, main_image, image_width, image_height)
	VALUES(243,
	       'birch forrest',
	       'enamel on steel',
	       120,
	       40,
	       'birch-forrest',
	      'commission example',
	       0,
		650,
		 241);





##---------------------------------------------------------------



INSERT INTO art (artist, title, media, width, height, image, pricing_info, main_image, image_width, image_height)
	VALUES(243,
	       'in the city',
	       'printed enamel on copper',
	       40,
	       50,
	       'in-the-city',
	      'commission example',
	       0,
		488,
		 650);





##---------------------------------------------------------------



INSERT INTO art (artist, title, media, width, height, image, pricing_info, main_image, image_width, image_height)
	VALUES(243,
	       'bluecoats gates',
	       'enamel on copper',
	       30,
	       30,
	       'bluecoats-gates',
	      'commission example',
	       0,
		488,
		 650);





##---------------------------------------------------------------



INSERT INTO art (artist, title, media, width, height, image, pricing_info, main_image, image_width, image_height)
	VALUES(243,
	       'colour concept',
	       'enamel on copper',
	       100,
	       80,
	       'colour-concept',
	      'commission example',
	       0,
		520,
		 650);





##---------------------------------------------------------------



INSERT INTO art (artist, title, media, width, height, image, pricing_info, main_image, image_width, image_height)
	VALUES(243,
	       'winter panel',
	       'enamel on copper',
	       20,
	       20,
	       'winter-panel',
	      'commission example',
	       0,
		488,
		 650);


##---------------------------------------------------------------



INSERT INTO art (artist, title, media, width, height, image, pricing_info, main_image, image_width, image_height)
	VALUES(243,
	       'male figure',
	       'enamel on copper',
	       30,
	       30,
	       'male-figure',
	      'commission example',
	       0,
		650,
		 650);












INSERT INTO artist (id, name, statement, notes, display, keywords)
	VALUES(245, 'paul vera broadbent',

	'<p class="artist">Paul has specialised in combining classic artwork with 
contemporary media since beginning work in video games at the age of 17. 
He has now released more than 25 game titles, selling millions of units 
and attracting several BAFTA nominations. 
</p>

<p class="artist">Paul is currently a director of design studio "Found in the Future" 
where he continues to push boundaries in art, graphic design and animation. 
He has recently focused on developing innovative styles of digital painting, 
mixing his games background with an obsession with past masters to create 
spectacular new work.</p>

<p class="artist">Paul uses an iPad to create his work and all of his images are 
drawn by hand. Paul''s first exhibition was at the Autodesk University Gallery 
2011 in Las Vegas where he was one of only twelve artists from around the world 
to be shown. His art has featured on many web sites and has had over 37,000 
clicked views online.
</p>

<p class="artist">The style featured here was developed as part of Paul''s first 60 
mobile digital artworks and these can all be viewed online on his Flickr stream. 
The works available here have been specifically prepared for print.
These limited edition prints are produced in signed and numbered editions of 200,
and can also be produced at different sizes on request.</p>',
               NULL,
	       1,
		'paul vera-broadbent, ipad art, ipad paintings, old master paintings, digital paintings,
ipad old masters, liverpool digital artist, ipad limited editions');

##---------------------------------------------------------------


INSERT INTO art (artist, title, media, width, height, image, pricing_info, main_image, image_width, image_height)
	VALUES(245,
	       'the incredulity of saint thomas',
	       'ipad digital painting',
	       40,
	       30,
	       'the-incredulity-of',
	      'limited edition print, &pound;150',
	       0,
		650,
		 488);


INSERT INTO art_pricing(art, item_number, description, price)
	VALUES(LAST_INSERT_ID(), 'pv101', 'limited edition print', 150);


##---------------------------------------------------------------


INSERT INTO art (artist, title, media, width, height, image, pricing_info, main_image, image_width, image_height)
	VALUES(245,
	       'the execution of lady jane grey',
	       'ipad digital painting',
	       40,
	       30,
	       'the-execution-of',
	      'limited edition print, &pound;150',
	       0,
		650,
		 488);


INSERT INTO art_pricing(art, item_number, description, price)
	VALUES(LAST_INSERT_ID(), 'pv102', 'limited edition print', 150);


##---------------------------------------------------------------


INSERT INTO art (artist, title, media, width, height, image, pricing_info, main_image, image_width, image_height)
	VALUES(245,
	       'above the eternal tranquility',
	       'ipad digital painting',
	       40,
	       30,
	       'above-the-eternal',
	      'limited edition print, &pound;150',
	       0,
		650,
		 488);


INSERT INTO art_pricing(art, item_number, description, price)
	VALUES(LAST_INSERT_ID(), 'pv104', 'limited edition print', 150);


##---------------------------------------------------------------


INSERT INTO art (artist, title, media, width, height, image, pricing_info, main_image, image_width, image_height)
	VALUES(245,
	       'hugo grotius',
	       'ipad digital painting',
	       40,
	       30,
	       'hugo-grotius',
	      'limited edition print, &pound;150',
	       0,
		650,
		 488);


INSERT INTO art_pricing(art, item_number, description, price)
	VALUES(LAST_INSERT_ID(), 'pv105', 'limited edition print', 150);


##--------------------------------------------------------------


INSERT INTO art (artist, title, media, width, height, image, pricing_info, main_image, image_width, image_height)
	VALUES(245,
	       'barge haulers on the volga',
	       'ipad digital painting',
	       40,
	       30,
	       'barge-haulers-on',
	      'limited edition print, &pound;150',
	       0,
		650,
		 488);


INSERT INTO art_pricing(art, item_number, description, price)
	VALUES(LAST_INSERT_ID(), 'pv106', 'limited edition print', 150);


##---------------------------------------------------------------



INSERT INTO art (artist, title, media, width, height, image, pricing_info, main_image, image_width, image_height)
	VALUES(245,
	       'sunflowers',
	       'ipad digital painting',
	       40,
	       30,
	       'sunflowers',
	      'limited edition print, &pound;150',
	       1,
		488,
		 650);


INSERT INTO art_pricing(art, item_number, description, price)
	VALUES(LAST_INSERT_ID(), 'pv107', 'limited edition print', 150);


##---------------------------------------------------------------



INSERT INTO artist (id, name, statement, notes, display, keywords)
	VALUES(246, 'catherine evans jones',

	'<p class="artist">Catherine studied at the University of Manchester, 
Liverpool John Moores University, University of Chester and Central St.Martins 
College of Art and Design in London. She was tutored by the modernist painter 
Allen Barker.
</p>

<p class="artist">"Catherines illustrations are figurative, with a bold sense of colour and structure. Her expressive female characters exude style, confidence and humour."</p>

<p class="artist">The artist, who has exhibited in Chester, Manchester and Wales, says:
</p>

<p class="artist">"I am inspired and influenced by fashion illustration, old style glamour, flair, nostalgia, eccentricity, sudden bursts of colour, the telling line, a gesture or gaze and the multitude of mysteries contained within the human face."</p>',
               NULL,
	       1,
		'chester artist, chester illustrator, fashion illustration, figurative painting, paintings of women, nostalgic paintings, glamourous women, female paintings, fashion paintings ');

##---------------------------------------------------------------


INSERT INTO art (artist, title, media, width, height, image, pricing_info, main_image, image_width, image_height)
	VALUES(246,
	       '50s dance',
	       'ink and watercolour on board',
	       30,
	       22,
	       '50s-dance',
	      'original, &pound;126',
	       0,
		458,
		 650);


INSERT INTO art_pricing(art, item_number, description, price)
	VALUES(LAST_INSERT_ID(), 'cv101', 'original', 126);


##---------------------------------------------------------------


INSERT INTO art (artist, title, media, width, height, image, pricing_info, main_image, image_width, image_height)
	VALUES(246,
	       '80s',
	       'ink and watercolour on board',
	       30,
	       22,
	       '80s',
	      'original, &pound;126',
	       0,
		476,
		 650);


INSERT INTO art_pricing(art, item_number, description, price)
	VALUES(LAST_INSERT_ID(), 'cv102', 'original', 126);


##---------------------------------------------------------------


INSERT INTO art (artist, title, media, width, height, image, pricing_info, main_image, image_width, image_height)
	VALUES(246,
	       'attitude',
	       'ink and watercolour on board',
	       30,
	       22,
	       'attitude',
	      'original, &pound;126',
	       0,
		461,
		 650);


INSERT INTO art_pricing(art, item_number, description, price)
	VALUES(LAST_INSERT_ID(), 'cv103', 'original', 126);


##---------------------------------------------------------------


INSERT INTO art (artist, title, media, width, height, image, pricing_info, main_image, image_width, image_height)
	VALUES(246,
	       'berlin',
	       'ink and watercolour on board',
	       30,
	       22,
	       'berlin',
	      'original, &pound;133',
	       0,
		469,
		 650);


INSERT INTO art_pricing(art, item_number, description, price)
	VALUES(LAST_INSERT_ID(), 'cv104', 'original', 133);


##---------------------------------------------------------------


INSERT INTO art (artist, title, media, width, height, image, pricing_info, main_image, image_width, image_height)
	VALUES(246,
	       'blue',
	       'ink and watercolour on board',
	       30,
	       22,
	       'blue',
	      'original, &pound;140',
	       0,
		463,
		 650);


INSERT INTO art_pricing(art, item_number, description, price)
	VALUES(LAST_INSERT_ID(), 'cv105', 'original', 140);


##---------------------------------------------------------------


INSERT INTO art (artist, title, media, width, height, image, pricing_info, main_image, image_width, image_height)
	VALUES(246,
	       'clown',
	       'ink and watercolour on board',
	       30,
	       22,
	       'clown',
	      'original, &pound;126',
	       0,
		421,
		 650);


INSERT INTO art_pricing(art, item_number, description, price)
	VALUES(LAST_INSERT_ID(), 'cv106', 'original', 126);


##---------------------------------------------------------------


INSERT INTO art (artist, title, media, width, height, image, pricing_info, main_image, image_width, image_height)
	VALUES(246,
	       'feathers',
	       'ink and watercolour on board',
	       30,
	       22,
	       'feathers',
	      'original, &pound;126',
	       0,
		456,
		 650);


INSERT INTO art_pricing(art, item_number, description, price)
	VALUES(LAST_INSERT_ID(), 'cv107', 'original', 126);


##---------------------------------------------------------------


INSERT INTO art (artist, title, media, width, height, image, pricing_info, main_image, image_width, image_height)
	VALUES(246,
	       'flapper',
	       'ink and watercolour on board',
	       30,
	       22,
	       'flapper',
	      'original, &pound;126',
	       0,
		441,
		 650);


INSERT INTO art_pricing(art, item_number, description, price)
	VALUES(LAST_INSERT_ID(), 'cv108', 'original', 126);


##---------------------------------------------------------------


INSERT INTO art (artist, title, media, width, height, image, pricing_info, main_image, image_width, image_height)
	VALUES(246,
	       'freekles',
	       'ink and watercolour on board',
	       30,
	       22,
	       'freekles',
	      'original, &pound;140',
	       0,
		466,
		 650);


INSERT INTO art_pricing(art, item_number, description, price)
	VALUES(LAST_INSERT_ID(), 'cv109', 'original', 140);


##---------------------------------------------------------------


INSERT INTO art (artist, title, media, width, height, image, pricing_info, main_image, image_width, image_height)
	VALUES(246,
	       'green butterflies',
	       'ink and watercolour on board',
	       30,
	       22,
	       'green-butterflies',
	      'original, &pound;126',
	       0,
		454,
		 650);


INSERT INTO art_pricing(art, item_number, description, price)
	VALUES(LAST_INSERT_ID(), 'cv110', 'original', 126);


##---------------------------------------------------------------


INSERT INTO art (artist, title, media, width, height, image, pricing_info, main_image, image_width, image_height)
	VALUES(246,
	       'group',
	       'ink and watercolour on board',
	       30,
	       22,
	       'group',
	      'original, &pound;140',
	       0,
		456,
		 650);


INSERT INTO art_pricing(art, item_number, description, price)
	VALUES(LAST_INSERT_ID(), 'cv111', 'original', 140);


##---------------------------------------------------------------


INSERT INTO art (artist, title, media, width, height, image, pricing_info, main_image, image_width, image_height)
	VALUES(246,
	       'hat checkgirl',
	       'ink and watercolour on board',
	       30,
	       22,
	       'hat-checkgirl',
	      'original, &pound;168',
	       0,
		459,
		 650);


INSERT INTO art_pricing(art, item_number, description, price)
	VALUES(LAST_INSERT_ID(), 'cv112', 'original', 168);


##---------------------------------------------------------------


INSERT INTO art (artist, title, media, width, height, image, pricing_info, main_image, image_width, image_height)
	VALUES(246,
	       'hummingbird',
	       'ink and watercolour on board',
	       30,
	       22,
	       'hummingbird',
	      'original, &pound;140',
	       0,
		459,
		 650);


INSERT INTO art_pricing(art, item_number, description, price)
	VALUES(LAST_INSERT_ID(), 'cv113', 'original', 140);


##---------------------------------------------------------------


INSERT INTO art (artist, title, media, width, height, image, pricing_info, main_image, image_width, image_height)
	VALUES(246,
	       'imp',
	       'ink and watercolour on board',
	       30,
	       22,
	       'imp',
	      'original, &pound;126',
	       0,
		452,
		 650);


INSERT INTO art_pricing(art, item_number, description, price)
	VALUES(LAST_INSERT_ID(), 'cv114', 'original', 126);


##---------------------------------------------------------------


INSERT INTO art (artist, title, media, width, height, image, pricing_info, main_image, image_width, image_height)
	VALUES(246,
	       'jack',
	       'ink and watercolour on board',
	       30,
	       22,
	       'jack',
	      'original, &pound;133',
	       0,
		472,
		 650);


INSERT INTO art_pricing(art, item_number, description, price)
	VALUES(LAST_INSERT_ID(), 'cv115', 'original', 133);


##---------------------------------------------------------------


INSERT INTO art (artist, title, media, width, height, image, pricing_info, main_image, image_width, image_height)
	VALUES(246,
	       'jeannie',
	       'ink and watercolour on board',
	       30,
	       22,
	       'jeannie',
	      'original, &pound;140',
	       0,
		456,
		 650);


INSERT INTO art_pricing(art, item_number, description, price)
	VALUES(LAST_INSERT_ID(), 'cv116', 'original', 140);


##---------------------------------------------------------------


INSERT INTO art (artist, title, media, width, height, image, pricing_info, main_image, image_width, image_height)
	VALUES(246,
	       'night garden',
	       'ink and watercolour on board',
	       30,
	       22,
	       'night-garden',
	      'original, &pound;133',
	       0,
		453,
		 650);


INSERT INTO art_pricing(art, item_number, description, price)
	VALUES(LAST_INSERT_ID(), 'cv117', 'original', 133);


##---------------------------------------------------------------


INSERT INTO art (artist, title, media, width, height, image, pricing_info, main_image, image_width, image_height)
	VALUES(246,
	       'patterned dress',
	       'ink and watercolour on board',
	       30,
	       22,
	       'patterned-dress',
	      'original, &pound;140',
	       0,
		460,
		 650);


INSERT INTO art_pricing(art, item_number, description, price)
	VALUES(LAST_INSERT_ID(), 'cv118', 'original', 140);


##---------------------------------------------------------------


INSERT INTO art (artist, title, media, width, height, image, pricing_info, main_image, image_width, image_height)
	VALUES(246,
	       'pigtails',
	       'ink and watercolour on board',
	       30,
	       22,
	       'pigtails',
	      'original, &pound;126',
	       0,
		428,
		 650);


INSERT INTO art_pricing(art, item_number, description, price)
	VALUES(LAST_INSERT_ID(), 'cv119', 'original', 126);


##---------------------------------------------------------------


INSERT INTO art (artist, title, media, width, height, image, pricing_info, main_image, image_width, image_height)
	VALUES(246,
	       'rachel',
	       'ink and watercolour on board',
	       30,
	       22,
	       'rachel',
	      'original, &pound;126',
	       0,
		452,
		 650);


INSERT INTO art_pricing(art, item_number, description, price)
	VALUES(LAST_INSERT_ID(), 'cv120', 'original', 126);


##---------------------------------------------------------------


INSERT INTO art (artist, title, media, width, height, image, pricing_info, main_image, image_width, image_height)
	VALUES(246,
	       'red',
	       'ink and watercolour on board',
	       30,
	       22,
	       'red',
	      'original, &pound;126',
	       0,
		451,
		 650);


INSERT INTO art_pricing(art, item_number, description, price)
	VALUES(LAST_INSERT_ID(), 'cv121', 'original', 126);


##---------------------------------------------------------------


INSERT INTO art (artist, title, media, width, height, image, pricing_info, main_image, image_width, image_height)
	VALUES(246,
	       'red daisies',
	       'ink and watercolour on board',
	       30,
	       22,
	       'red-daisies',
	      'original, &pound;133',
	       1,
		456,
		 650);


INSERT INTO art_pricing(art, item_number, description, price)
	VALUES(LAST_INSERT_ID(), 'cv122', 'original', 133);


##---------------------------------------------------------------


INSERT INTO art (artist, title, media, width, height, image, pricing_info, main_image, image_width, image_height)
	VALUES(246,
	       'rose',
	       'ink and watercolour on board',
	       30,
	       22,
	       'rose',
	      'original, &pound;168',
	       0,
		464,
		 650);


INSERT INTO art_pricing(art, item_number, description, price)
	VALUES(LAST_INSERT_ID(), 'cv123', 'original', 168);


##---------------------------------------------------------------


INSERT INTO art (artist, title, media, width, height, image, pricing_info, main_image, image_width, image_height)
	VALUES(246,
	       'salsa',
	       'ink and watercolour on board',
	       30,
	       22,
	       'salsa',
	      'original, &pound;126',
	       0,
		453,
		 650);


INSERT INTO art_pricing(art, item_number, description, price)
	VALUES(LAST_INSERT_ID(), 'cv124', 'original', 126);


##---------------------------------------------------------------


INSERT INTO art (artist, title, media, width, height, image, pricing_info, main_image, image_width, image_height)
	VALUES(246,
	       'sending my love',
	       'ink and watercolour on board',
	       30,
	       22,
	       'sending-my-love',
	      'original, &pound;140',
	       0,
		650,
		 476);


INSERT INTO art_pricing(art, item_number, description, price)
	VALUES(LAST_INSERT_ID(), 'cv125', 'original', 140);


##---------------------------------------------------------------



INSERT INTO art (artist, title, media, width, height, image, pricing_info, main_image, image_width, image_height)
	VALUES(246,
	       'stargazing',
	       'ink and watercolour on board',
	       30,
	       22,
	       'stargazing',
	      'original, &pound;140',
	       0,
		461,
		 650);


INSERT INTO art_pricing(art, item_number, description, price)
	VALUES(LAST_INSERT_ID(), 'cv127', 'original', 140);


##---------------------------------------------------------------


INSERT INTO art (artist, title, media, width, height, image, pricing_info, main_image, image_width, image_height)
	VALUES(246,
	       'stars and the lilly',
	       'ink and watercolour on board',
	       30,
	       22,
	       'stars-and-the',
	      'original, &pound;140',
	       0,
		476,
		 650);


INSERT INTO art_pricing(art, item_number, description, price)
	VALUES(LAST_INSERT_ID(), 'cv128', 'original', 140);


##---------------------------------------------------------------


INSERT INTO art (artist, title, media, width, height, image, pricing_info, main_image, image_width, image_height)
	VALUES(246,
	       'summer daisies',
	       'ink and watercolour on board',
	       30,
	       22,
	       'summer-daisies',
	      'original, &pound;133',
	       0,
		461,
		 650);


INSERT INTO art_pricing(art, item_number, description, price)
	VALUES(LAST_INSERT_ID(), 'cv129', 'original', 133);


##---------------------------------------------------------------


INSERT INTO art (artist, title, media, width, height, image, pricing_info, main_image, image_width, image_height)
	VALUES(246,
	       'sunflowers',
	       'ink and watercolour on board',
	       30,
	       22,
	       'sunflowers',
	      'original, &pound;126',
	       0,
		461,
		 650);


INSERT INTO art_pricing(art, item_number, description, price)
	VALUES(LAST_INSERT_ID(), 'cv130', 'original', 126);


##---------------------------------------------------------------


INSERT INTO art (artist, title, media, width, height, image, pricing_info, main_image, image_width, image_height)
	VALUES(246,
	       'thoughts',
	       'ink and watercolour on board',
	       30,
	       22,
	       'thoughts',
	      'original, &pound;133',
	       0,
		455,
		 650);


INSERT INTO art_pricing(art, item_number, description, price)
	VALUES(LAST_INSERT_ID(), 'cv131', 'original', 133);


##---------------------------------------------------------------


INSERT INTO art (artist, title, media, width, height, image, pricing_info, main_image, image_width, image_height)
	VALUES(246,
	       'veil',
	       'ink and watercolour on board',
	       30,
	       22,
	       'veil',
	      'original, &pound;140',
	       0,
		459,
		 650);


INSERT INTO art_pricing(art, item_number, description, price)
	VALUES(LAST_INSERT_ID(), 'cv132', 'original', 140);


##---------------------------------------------------------------


INSERT INTO art (artist, title, media, width, height, image, pricing_info, main_image, image_width, image_height)
	VALUES(246,
	       'violet',
	       'ink and watercolour on board',
	       30,
	       22,
	       'violet',
	      'original, &pound;133',
	       0,
		457,
		 650);


INSERT INTO art_pricing(art, item_number, description, price)
	VALUES(LAST_INSERT_ID(), 'cv133', 'original', 133);


##---------------------------------------------------------------


INSERT INTO art (artist, title, media, width, height, image, pricing_info, main_image, image_width, image_height)
	VALUES(246,
	       'watching you fly',
	       'ink and watercolour on board',
	       30,
	       22,
	       'watching-you-fly',
	      'original, &pound;140',
	       0,
		458,
		 650);


INSERT INTO art_pricing(art, item_number, description, price)
	VALUES(LAST_INSERT_ID(), 'cv134', 'original', 140);


##---------------------------------------------------------------


INSERT INTO art (artist, title, media, width, height, image, pricing_info, main_image, image_width, image_height)
	VALUES(246,
	       'waves',
	       'ink and watercolour on board',
	       30,
	       22,
	       'waves',
	      'original, &pound;126',
	       0,
		453,
		 650);


INSERT INTO art_pricing(art, item_number, description, price)
	VALUES(LAST_INSERT_ID(), 'cv135', 'original', 126);


##----------------------------------------------------------------


INSERT INTO artist (id, name, statement, notes, display, keywords)
	VALUES(247, 'marianthi lainas',

	'<p class="artist">Marianthi is a freelance photographer based in Hoylake 
on the Wirral peninsula.  Whether it be capturing the interaction of light on the 
land, recording the architectural landscapes of urban life or highlighting the 
intricate details of a flower or plant, she enjoys the challenge of new and 
varied subjects. Land and seascape photography remain her particular love however 
and she is inspired by the rich colours of dawn and dusk when natural light is at 
its most special.  She also loves working in black and white, creating striking 
monochromatic images to emphasise texture and form in a scene.</p>

<p class="artist">"The stunning views around the North West coast, with its 
fantastic skies and ever-changing light provide a constant source of inspiration 
for me. I have a fascination for how the camera records movement in the 
landscape, its ability to capture magical moments of light and will frequently 
use long-exposures to explore the different effects that can be created."</p>

<p class="artist">A recent award winner at the 2011 Wirral Spring Art & Photography 
Exhibition, her images are regularly published in travel guides, magazines and 
newspapers, feature on greetings cards and calendars and her limited edition 
prints are increasingly in demand from commercial and private clients.  
</p>

<p class="artist">Images are printed as Giclee prints using pigment light fast inks on archival fine art paper.  All prints are sold mounted, signed and numbered and come with a certificate of authenticy.  
Other sizes are available on request.</p>',
               NULL,
	       1,
		'wirral photographer, wirral photography, liverpool photography, landscape photography, flower photographer, limited edition photographs');

##---------------------------------------------------------------


INSERT INTO art (artist, title, media, width, height, image, pricing_info, main_image, image_width, image_height)
	VALUES(247,
	       'mersey mist',
	       'photographic fine art print',
	       56,
	       23,
	       'mersey-mist',
	      'limited edition print, &pound;89',
	       0,
		650,
		 266);


INSERT INTO art_pricing(art, item_number, description, price)
	VALUES(LAST_INSERT_ID(), 'ml101', 'limited edition print', 89);


##---------------------------------------------------------------


INSERT INTO art (artist, title, media, width, height, image, pricing_info, main_image, image_width, image_height)
	VALUES(247,
	       'another place reflected',
	       'photographic fine art print',
	       38,
	       25,
	       'another-place-reflected',
	      'limited edition print, &pound;79',
	       0,
		650,
		 433);


INSERT INTO art_pricing(art, item_number, description, price)
	VALUES(LAST_INSERT_ID(), 'ml102', 'limited edition print', 79);


##---------------------------------------------------------------


INSERT INTO art (artist, title, media, width, height, image, pricing_info, main_image, image_width, image_height)
	VALUES(247,
	       'liverpool waterfront',
	       'photographic fine art print',
	       56,
	       23,
	       'liverpool-waterfront',
	      'limited edition print, &pound;89',
	       0,
		650,
		 248);


INSERT INTO art_pricing(art, item_number, description, price)
	VALUES(LAST_INSERT_ID(), 'ml103', 'limited edition print', 89);


##---------------------------------------------------------------


INSERT INTO art (artist, title, media, width, height, image, pricing_info, main_image, image_width, image_height)
	VALUES(247,
	       'abandoned boat',
	       'photographic fine art print',
	       38,
	       25,
	       'abandoned-boat',
	      'limited edition print, &pound;79',
	       0,
		650,
		 433);


INSERT INTO art_pricing(art, item_number, description, price)
	VALUES(LAST_INSERT_ID(), 'ml104', 'limited edition print', 79);


##---------------------------------------------------------------


INSERT INTO art (artist, title, media, width, height, image, pricing_info, main_image, image_width, image_height)
	VALUES(247,
	       'midsummer tide',
	       'photographic fine art print',
	       32,
	       32,
	       'midsummer-tide',
	      'limited edition print, &pound;79',
	       0,
		650,
		 650);


INSERT INTO art_pricing(art, item_number, description, price)
	VALUES(LAST_INSERT_ID(), 'ml105', 'limited edition print', 79);


##---------------------------------------------------------------


INSERT INTO art (artist, title, media, width, height, image, pricing_info, main_image, image_width, image_height)
	VALUES(247,
	       'first dawn of winter',
	       'photographic fine art print',
	       38,
	       25,
	       'first-dawn-of',
	      'limited edition print, &pound;79',
	       0,
		480,
		 650);


INSERT INTO art_pricing(art, item_number, description, price)
	VALUES(LAST_INSERT_ID(), 'ml106', 'limited edition print', 79);


##---------------------------------------------------------------


INSERT INTO art (artist, title, media, width, height, image, pricing_info, main_image, image_width, image_height)
	VALUES(247,
	       'looking into the light',
	       'photographic fine art print',
	       32,
	       32,
	       'looking-into-the',
	      'limited edition print, &pound;79',
	       0,
		650,
		 628);


INSERT INTO art_pricing(art, item_number, description, price)
	VALUES(LAST_INSERT_ID(), 'ml107', 'limited edition print', 79);


##---------------------------------------------------------------


INSERT INTO art (artist, title, media, width, height, image, pricing_info, main_image, image_width, image_height)
	VALUES(247,
	       'derwentwater jetty',
	       'photographic fine art print',
	       38,
	       25,
	       'derwentwater-jetty',
	      'limited edition print, &pound;79',
	       0,
		650,
		 433);


INSERT INTO art_pricing(art, item_number, description, price)
	VALUES(LAST_INSERT_ID(), 'ml108', 'limited edition print', 79);


##--------------------------------------------------------------


INSERT INTO art (artist, title, media, width, height, image, pricing_info, main_image, image_width, image_height)
	VALUES(247,
	       'hilbre summer',
	       'photographic fine art print',
	       38,
	       23,
	       'hilbre-summer',
	      'limited edition print, &pound;79',
	       0,
		650,
		 317);


INSERT INTO art_pricing(art, item_number, description, price)
	VALUES(LAST_INSERT_ID(), 'ml109', 'limited edition print', 79);


##---------------------------------------------------------------


INSERT INTO art (artist, title, media, width, height, image, pricing_info, main_image, image_width, image_height)
	VALUES(247,
	       'dee estuary sunset',
	       'photographic fine art print',
	       38,
	       25,
	       'dee-estuary-sunset',
	      'limited edition print, &pound;79',
	       0,
		433,
		 650);


INSERT INTO art_pricing(art, item_number, description, price)
	VALUES(LAST_INSERT_ID(), 'ml110', 'limited edition print', 79);


##---------------------------------------------------------------


INSERT INTO art (artist, title, media, width, height, image, pricing_info, main_image, image_width, image_height)
	VALUES(247,
	       'llandudno pier',
	       'photographic fine art print',
	       38,
	       25,
	       'llandudno-pier',
	      'limited edition print, &pound;79',
	       0,
		650,
		 430);


INSERT INTO art_pricing(art, item_number, description, price)
	VALUES(LAST_INSERT_ID(), 'ml111', 'limited edition print', 79);


##---------------------------------------------------------------


INSERT INTO art (artist, title, media, width, height, image, pricing_info, main_image, image_width, image_height)
	VALUES(247,
	       'glimmer of light',
	       'photographic fine art print',
	       38,
	       23,
	       'glimmer-of-light',
	      'limited edition print, &pound;79',
	       0,
		650,
		 360);


INSERT INTO art_pricing(art, item_number, description, price)
	VALUES(LAST_INSERT_ID(), 'ml112', 'limited edition print', 79);


##---------------------------------------------------------------


INSERT INTO art (artist, title, media, width, height, image, pricing_info, main_image, image_width, image_height)
	VALUES(247,
	       'sefton park',
	       'photographic fine art print',
	       38,
	       25,
	       'sefton-park',
	      'limited edition print, &pound;79',
	       0,
		650,
		 433);


INSERT INTO art_pricing(art, item_number, description, price)
	VALUES(LAST_INSERT_ID(), 'ml113', 'limited edition print', 79);


##---------------------------------------------------------------


INSERT INTO art (artist, title, media, width, height, image, pricing_info, main_image, image_width, image_height)
	VALUES(247,
	       'sycamore gap',
	       'photographic fine art print',
	       38,
	       25,
	       'sycamore-gap',
	      'limited edition print, &pound;79',
	       0,
		650,
		 452);


INSERT INTO art_pricing(art, item_number, description, price)
	VALUES(LAST_INSERT_ID(), 'ml114', 'limited edition print', 79);


##---------------------------------------------------------------


INSERT INTO art (artist, title, media, width, height, image, pricing_info, main_image, image_width, image_height)
	VALUES(247,
	       'sentinel',
	       'photographic fine art print',
	       38,
	       25,
	       'sentinel',
	      'limited edition print, &pound;79',
	       0,
		449,
		 650);


INSERT INTO art_pricing(art, item_number, description, price)
	VALUES(LAST_INSERT_ID(), 'ml115', 'limited edition print', 79);


##---------------------------------------------------------------


INSERT INTO art (artist, title, media, width, height, image, pricing_info, main_image, image_width, image_height)
	VALUES(247,
	       'sand swirl',
	       'photographic fine art print',
	       38,
	       25,
	       'sand-swirl',
	      'limited edition print, &pound;79',
	       0,
		424,
		 650);


INSERT INTO art_pricing(art, item_number, description, price)
	VALUES(LAST_INSERT_ID(), 'ml116', 'limited edition print', 79);


##---------------------------------------------------------------


INSERT INTO art (artist, title, media, width, height, image, pricing_info, main_image, image_width, image_height)
	VALUES(247,
	       'twiggy and the liverbird',
	       'photographic fine art print',
	       38,
	       25,
	       'twiggy-and-liverbird',
	      'limited edition print, &pound;79',
	       1,
		468,
		 650);


INSERT INTO art_pricing(art, item_number, description, price)
	VALUES(LAST_INSERT_ID(), 'ml117', 'limited edition print', 79);


##---------------------------------------------------------------


INSERT INTO art (artist, title, media, width, height, image, pricing_info, main_image, image_width, image_height)
	VALUES(247,
	       'another place mono',
	       'photographic fine art print',
	       38,
	       25,
	       'another-place-mono',
	      'limited edition print, &pound;79',
	       0,
		650,
		 434);


INSERT INTO art_pricing(art, item_number, description, price)
	VALUES(LAST_INSERT_ID(), 'ml118', 'limited edition print', 79);


##---------------------------------------------------------------


INSERT INTO art (artist, title, media, width, height, image, pricing_info, main_image, image_width, image_height)
	VALUES(247,
	       'secret bluebell wood',
	       'photographic fine art print',
	       38,
	       25,
	       'secret-bluebell-wood',
	      'limited edition print, &pound;79',
	       0,
		650,
		 433);


INSERT INTO art_pricing(art, item_number, description, price)
	VALUES(LAST_INSERT_ID(), 'ml119', 'limited edition print', 79);


##---------------------------------------------------------------


INSERT INTO art (artist, title, media, width, height, image, pricing_info, main_image, image_width, image_height)
	VALUES(247,
	       'blue yellow green',
	       'photographic fine art print',
	       38,
	       25,
	       'blue-yellow-green',
	      'limited edition print, &pound;79',
	       0,
		477,
		 650);


INSERT INTO art_pricing(art, item_number, description, price)
	VALUES(LAST_INSERT_ID(), 'ml120', 'limited edition print', 79);


##---------------------------------------------------------------


INSERT INTO art (artist, title, media, width, height, image, pricing_info, main_image, image_width, image_height)
	VALUES(247,
	       'snowdrops',
	       'photographic fine art print',
	       29,
	       19,
	       'snowdrops',
	      'limited edition print, &pound;62',
	       0,
		650,
		 433);


INSERT INTO art_pricing(art, item_number, description, price)
	VALUES(LAST_INSERT_ID(), 'ml121', 'limited edition print', 62);


##---------------------------------------------------------------


INSERT INTO art (artist, title, media, width, height, image, pricing_info, main_image, image_width, image_height)
	VALUES(247,
	       'tulip',
	       'photographic fine art print',
	        29,
	        19,
	       'tulip',
	      'limited edition print, &pound;62',
	       0,
		650,
		 650);


INSERT INTO art_pricing(art, item_number, description, price)
	VALUES(LAST_INSERT_ID(), 'ml122', 'limited edition print', 62);


##---------------------------------------------------------------


INSERT INTO art (artist, title, media, width, height, image, pricing_info, main_image, image_width, image_height)
	VALUES(247,
	       'oriental poppy',
	       'photographic fine art print',
	        29,
	        19,
	       'oriental-poppy',
	      'limited edition print, &pound;62',
	       0,
		447,
		 650);


INSERT INTO art_pricing(art, item_number, description, price)
	VALUES(LAST_INSERT_ID(), 'ml123', 'limited edition print', 62);


##---------------------------------------------------------------


INSERT INTO art (artist, title, media, width, height, image, pricing_info, main_image, image_width, image_height)
	VALUES(247,
	       'hellebores',
	       'photographic fine art print',
	        29,
	        19,
	       'hellebores',
	      'limited edition print, &pound;62',
	       0,
		650,
		 435);


INSERT INTO art_pricing(art, item_number, description, price)
	VALUES(LAST_INSERT_ID(), 'ml124', 'limited edition print', 62);


##-----------------------------------------------------------------




INSERT INTO artist (id, name, statement, notes, display, keywords)
	VALUES(249, 'joanne thompson',

	'<p class="artist">Joanne graduated from the University of North Wales in 2007,
 and has since exhibited and sold widely both nationally and in the North West.</p>

<p class="artist">"My work concentrates on exploring the interface between 
memory and experience. I rely upon my personal sensation of a subject and work 
intuitively allowing the artistic process to evolve naturally. The work is 
only finished when my perception of the subject returns as a visual object.</p>

<p class="artist">"As the artist Howard Hodgkins states;
 "A painting is finished when the subject comes back, when what has caused the 
painting to be made comes back as an object." On resolving the final image the 
viewer is free to discover his/her own interpretation."</p>

<p class="artist"></p>',
               NULL,
	       1,
		'cheshire artist, mixed media artist, abstract painter, collage work, flower paintings, large scale mixed media, kinmont thompson studios, joanne thompson artist');

##---------------------------------------------------------------


INSERT INTO art (artist, title, media, width, height, image, pricing_info, main_image, image_width, image_height)
	VALUES(249,
	       'blooming',
	       'mixed media on canvas',
	       100,
	       100,
	       'blooming',
	      'original, &pound;1495',
	       0,
		650,
		 639);


INSERT INTO art_pricing(art, item_number, description, price)
	VALUES(LAST_INSERT_ID(), 'jm101', 'original', 1495);


##---------------------------------------------------------------


INSERT INTO art (artist, title, media, width, height, image, pricing_info, main_image, image_width, image_height)
	VALUES(249,
	       'jimmys chair',
	       'oil paint on canvas and fabric',
	       120,
	       96,
	       'jimmys-chair',
	      'original, &pound;1495',
	       0,
		518,
		 650);


INSERT INTO art_pricing(art, item_number, description, price)
	VALUES(LAST_INSERT_ID(), 'jm102', 'original', 1495);


##---------------------------------------------------------------


INSERT INTO art (artist, title, media, width, height, image, pricing_info, main_image, image_width, image_height)
	VALUES(249,
	       'polly',
	       'mixed media on canvas and fabric',
	       100,
	       100,
	       'polly',
	      'original, &pound;1495',
	       0,
		650,
		 636);


INSERT INTO art_pricing(art, item_number, description, price)
	VALUES(LAST_INSERT_ID(), 'jm103', 'original', 1495);


##---------------------------------------------------------------


INSERT INTO art (artist, title, media, width, height, image, pricing_info, main_image, image_width, image_height)
	VALUES(249,
	       'sunshade',
	       'oil painting on fabric',
	       100,
	       100,
	       'sunshade',
	      'original, &pound;1495',
	       0,
		645,
		 650);


INSERT INTO art_pricing(art, item_number, description, price)
	VALUES(LAST_INSERT_ID(), 'jm104', 'original', 1495);


##---------------------------------------------------------------


INSERT INTO art (artist, title, media, width, height, image, pricing_info, main_image, image_width, image_height)
	VALUES(249,
	       'sweet tree',
	       'oil on canvas',
	       100,
	       100,
	       'sweet-tree',
	      'original, &pound;1495',
	       0,
		650,
		 649);


INSERT INTO art_pricing(art, item_number, description, price)
	VALUES(LAST_INSERT_ID(), 'jm105', 'original', 1495);


##---------------------------------------------------------------


INSERT INTO art (artist, title, media, width, height, image, pricing_info, main_image, image_width, image_height)
	VALUES(249,
	       'the child within',
	       'oil on fabric',
	       100,
	       100,
	       'the-child-within',
	      'original, &pound;1495',
	       0,
		650,
		 649);


INSERT INTO art_pricing(art, item_number, description, price)
	VALUES(LAST_INSERT_ID(), 'jm106', 'original', 1495);


##---------------------------------------------------------------


INSERT INTO art (artist, title, media, width, height, image, pricing_info, main_image, image_width, image_height)
	VALUES(249,
	       'bobbin',
	       'mixed media on fabric framed',
	       128,
	       38,
	       'bobbin',
	      'original, &pound;795',
	       0,
		650,
		 201);


INSERT INTO art_pricing(art, item_number, description, price)
	VALUES(LAST_INSERT_ID(), 'jm107', 'original', 795);


##---------------------------------------------------------------


INSERT INTO art (artist, title, media, width, height, image, pricing_info, main_image, image_width, image_height)
	VALUES(249,
	       'candy conch',
	       'mixed media unframed',
	       60,
	       32,
	       'candy-conch',
	      'original, &pound;495',
	       1,
		465,
		 650);


INSERT INTO art_pricing(art, item_number, description, price)
	VALUES(LAST_INSERT_ID(), 'jm108', 'original', 495);

##---------------------------------------------------------------

INSERT INTO art (artist, title, media, width, height, image, pricing_info, main_image, image_width, image_height)
	VALUES(249,
	       'his and his',
	       'mixed media on canvas unframed',
	       150,
	       150,
	       'his-and-his',
	      'original, &pound;1995',
	       0,
		650,
		 645);


INSERT INTO art_pricing(art, item_number, description, price)
	VALUES(LAST_INSERT_ID(), 'jm113', 'original', 1995);


##---------------------------------------------------------------


INSERT INTO art (artist, title, media, width, height, image, pricing_info, main_image, image_width, image_height)
	VALUES(249,
	       'industrious',
	       'mixed media on canvas framed',
	       60,
	       32,
	       'industrious',
	      'original, &pound;595',
	       0,
		650,
		 464);


INSERT INTO art_pricing(art, item_number, description, price)
	VALUES(LAST_INSERT_ID(), 'jm114', 'original', 595);


##---------------------------------------------------------------


INSERT INTO art (artist, title, media, width, height, image, pricing_info, main_image, image_width, image_height)
	VALUES(249,
	       'limpets at waterwynch',
	       'mixed media on canvas framed',
	       100,
	       100,
	       'limpets-at-waterwynch',
	      'original, &pound;1495',
	       0,
		650,
		 621);


INSERT INTO art_pricing(art, item_number, description, price)
	VALUES(LAST_INSERT_ID(), 'jm115', 'original', 1495);


##---------------------------------------------------------------


INSERT INTO art (artist, title, media, width, height, image, pricing_info, main_image, image_width, image_height)
	VALUES(249,
	       'live wire',
	       'mixed media framed',
	       164,
	       126,
	       'live-wire',
	      'original, &pound;2495',
	       0,
		513,
		 650);


INSERT INTO art_pricing(art, item_number, description, price)
	VALUES(LAST_INSERT_ID(), 'jm116', 'original', 2495);


##---------------------------------------------------------------


INSERT INTO art (artist, title, media, width, height, image, pricing_info, main_image, image_width, image_height)
	VALUES(249,
	       'low tide at tenby',
	       'oil on canvas framed',
	       100,
	       50,
	       'low-tide-at',
	      'original, &pound;595',
	       0,
		650,
		 322);


INSERT INTO art_pricing(art, item_number, description, price)
	VALUES(LAST_INSERT_ID(), 'jm117', 'original', 595);


##---------------------------------------------------------------


INSERT INTO art (artist, title, media, width, height, image, pricing_info, main_image, image_width, image_height)
	VALUES(249,
	       'maid to measure',
	       'mixed media on canvas framed',
	       110,
	       50,
	       'maid-to-measure',
	      'original, &pound;795',
	       0,
		305,
		 650);


INSERT INTO art_pricing(art, item_number, description, price)
	VALUES(LAST_INSERT_ID(), 'jm118', 'original', 795);


##---------------------------------------------------------------



INSERT INTO art (artist, title, media, width, height, image, pricing_info, main_image, image_width, image_height)
	VALUES(249,
	       'tea for three',
	       'mixed media on canvas framed',
	       100,
	       50,
	       'tea-for-three',
	      'original, &pound;645',
	       0,
		650,
		 327);


INSERT INTO art_pricing(art, item_number, description, price)
	VALUES(LAST_INSERT_ID(), 'jm121', 'original', 645);


##---------------------------------------------------------------


INSERT INTO art (artist, title, media, width, height, image, pricing_info, main_image, image_width, image_height)
	VALUES(249,
	       'the front room',
	       'mixed media on fabric unframed',
	       203,
	       163,
	       'the-front-room',
	      'original, &pound;2495',
	       0,
		650,
		 518);


INSERT INTO art_pricing(art, item_number, description, price)
	VALUES(LAST_INSERT_ID(), 'jm122', 'original', 2495);






##---------------------------------------------------------------


INSERT INTO art (artist, title, media, width, height, image, pricing_info, main_image, image_width, image_height)
	VALUES(249,
	       'night tree',
	       'mixed media on canvas framed',
	       100,
	       100,
	       'night-tree',
	      'original, &pound;1495',
	       0,
		650,
		 640);


INSERT INTO art_pricing(art, item_number, description, price)
	VALUES(LAST_INSERT_ID(), 'jm119', 'original', 1495);


##---------------------------------------------------------------


INSERT INTO art (artist, title, media, width, height, image, pricing_info, main_image, image_width, image_height)
	VALUES(249,
	       'restraint',
	       'mixed media',
	       130,
	       120,
	       'restraint',
	      'original, &pound;1995',
	       0,
		650,
		 601);


INSERT INTO art_pricing(art, item_number, description, price)
	VALUES(LAST_INSERT_ID(), 'jm120', 'original', 1995);


##---------------------------------------------------------------


INSERT INTO art (artist, title, media, width, height, image, pricing_info, main_image, image_width, image_height)
	VALUES(249,
	       'cast 1',
	       'mixed media',
	       25.5,
	       25.5,
	       'cast-1',
	      'original, &pound;195',
	       0,
		650,
		 650);


INSERT INTO art_pricing(art, item_number, description, price)
	VALUES(LAST_INSERT_ID(), 'jm109', 'original', 195);


##---------------------------------------------------------------


INSERT INTO art (artist, title, media, width, height, image, pricing_info, main_image, image_width, image_height)
	VALUES(249,
	       'cast 2',
	       'mixed media',
	       25.5,
	       25.5,
	       'cast-2',
	      'original, &pound;195',
	       0,
		650,
		 650);


INSERT INTO art_pricing(art, item_number, description, price)
	VALUES(LAST_INSERT_ID(), 'jm110', 'original', 195);


##---------------------------------------------------------------


INSERT INTO art (artist, title, media, width, height, image, pricing_info, main_image, image_width, image_height)
	VALUES(249,
	       'cast 3',
	       'mixed media',
	       25.5,
	       25.5,
	       'cast-3',
	      'original, &pound;195',
	       0,
		650,
		 650);


INSERT INTO art_pricing(art, item_number, description, price)
	VALUES(LAST_INSERT_ID(), 'jm111', 'original', 195);


##---------------------------------------------------------------


INSERT INTO art (artist, title, media, width, height, image, pricing_info, main_image, image_width, image_height)
	VALUES(249,
	       'cast 4',
	       'mixed media',
	       25.5,
	       25.5,
	       'cast-4',
	      'original, &pound;195',
	       0,
		650,
		 650);


INSERT INTO art_pricing(art, item_number, description, price)
	VALUES(LAST_INSERT_ID(), 'jm112', 'original', 195);


##---------------------------------------------------------------











INSERT INTO artist (id, name, statement, notes, display, keywords)
	VALUES(250, 'craig magee',

	'<p class="artist">Craig is a freelance photographer based in Liverpool. The main focus of his work is architectural and landscape photography, both for personal projects and commercial clients. This body of work is a collection of Craig''s favourite images from his personal work. The majority of the landscapes featured have been shot in North Wales, specifically the Snowdonia National Park. 
</p>

<p class="artist">"I feel North Wales is like no other place really, when you consider the mix of landscapes that are contained in such a relatively small area. Snowdonia is probably my favourite place ever, the imposing rocky peaks of Ogwen valley and the copper ore blue river beds of Coed-y-Brenin, the places I enjoy visiting the most"</p>

<p class="artist">Craig specialises in high resolution panoramic photography and has panoramas featured as wallpaper in The Royal Liverpool Hospital, Peacock and The Crossfoxes Hotel (Dolgellau). All of his personal work is shot on traditional film, using a 4x5" large format camera.</p>

<p class="artist">"Its a slow camera to work with but the detail it captures is incredible. For me though it''s more than that, it''s a relaxing and fun experience, which I think makes me give a shot more consideration."</p>

<p class="artist">Each image is produced as a limited series of 20 of the available print sizes.  Produced on Hahnemule Photo-rag Silk using archival pigment inks. This paper produces bright, colourful prints with exceptional detail. Each print is supplied dry mounted onto 3mm foamex board. Custom larger sizes are available on request.</p>',
               NULL,
	       1,
		'Liverpool photographer, North West Photographer, North Wales photography, Snowdonia photography, landscape photography, liverpool cityscape photography, large format photography, limited edition landscapes,');

##---------------------------------------------------------------


INSERT INTO art (artist, title, media, width, height, image, pricing_info, main_image, image_width, image_height)
	VALUES(250,
	       'devils kitchen',
	       'digital print',
	       50,
	       60,
	       'devils-kitchen',
	      'limited edition print, &pound;92',
	       0,
		650,
		 515);


INSERT INTO art_pricing(art, item_number, description, price)
	VALUES(LAST_INSERT_ID(), 'ca105', 'limited edition print', 92);


##---------------------------------------------------------------


INSERT INTO art (artist, title, media, width, height, image, pricing_info, main_image, image_width, image_height)
	VALUES(250,
	       'llyncau',
	       'digital print',
	       50,
	       60,
	       'llyncau',
	      'limited edition print, &pound;92',
	       0,
		650,
		 519);


INSERT INTO art_pricing(art, item_number, description, price)
	VALUES(LAST_INSERT_ID(), 'ca108', 'limited edition print', 92);


##---------------------------------------------------------------


INSERT INTO art (artist, title, media, width, height, image, pricing_info, main_image, image_width, image_height)
	VALUES(250,
	       'llynidwal',
	       'digital print',
	       50,
	       60,
	       'llynidwal',
	      'limited edition print, &pound;92',
	       0,
		650,
		 519);


INSERT INTO art_pricing(art, item_number, description, price)
	VALUES(LAST_INSERT_ID(), 'ca109', 'limited edition print', 92);


##---------------------------------------------------------------


INSERT INTO art (artist, title, media, width, height, image, pricing_info, main_image, image_width, image_height)
	VALUES(250,
	       'llynnaumymbyr',
	       'digital print',
	       50,
	       60,
	       'llynnaumymbyr',
	      'limited edition print, &pound;92',
	       0,
		650,
		 519);


INSERT INTO art_pricing(art, item_number, description, price)
	VALUES(LAST_INSERT_ID(), 'ca110', 'limited edition print', 92);


##---------------------------------------------------------------


INSERT INTO art (artist, title, media, width, height, image, pricing_info, main_image, image_width, image_height)
	VALUES(250,
	       'llyntegid',
	       'digital print',
	       50,
	       60,
	       'llyntegid',
	      'limited edition print, &pound;92',
	       0,
		650,
		 519);


INSERT INTO art_pricing(art, item_number, description, price)
	VALUES(LAST_INSERT_ID(), 'ca111', 'limited edition print', 92);


##---------------------------------------------------------------



INSERT INTO art (artist, title, media, width, height, image, pricing_info, main_image, image_width, image_height)
	VALUES(250,
	       'snowdon',
	       'digital print',
	       50,
	       60,
	       'snowdon',
	      'limited edition print, &pound;92',
	       0,
		650,
		 513);


INSERT INTO art_pricing(art, item_number, description, price)
	VALUES(LAST_INSERT_ID(), 'ca127', 'limited edition print', 92);


##---------------------------------------------------------------



INSERT INTO art (artist, title, media, width, height, image, pricing_info, main_image, image_width, image_height)
	VALUES(250,
	       'formby woods',
	       'digital print',
	       50,
	       60,
	       'formby-woods',
	      'limited edition print, &pound;92',
	       0,
		650,
		 519);


INSERT INTO art_pricing(art, item_number, description, price)
	VALUES(LAST_INSERT_ID(), 'ca106', 'limited edition print', 92);


##---------------------------------------------------------------


INSERT INTO art (artist, title, media, width, height, image, pricing_info, main_image, image_width, image_height)
	VALUES(250,
	       'nantffrancon',
	       'digital print',
	       50,
	       60,
	       'nantffrancon',
	      'limited edition print, &pound;92',
	       0,
		650,
		 519);


INSERT INTO art_pricing(art, item_number, description, price)
	VALUES(LAST_INSERT_ID(), 'ca117', 'limited edition print', 92);


##---------------------------------------------------------------


INSERT INTO art (artist, title, media, width, height, image, pricing_info, main_image, image_width, image_height)
	VALUES(250,
	       'rhaeadrdu',
	       'digital print',
	       50,
	       60,
	       'rhaeadrdu',
	      'limited edition print, &pound;92',
	       0,
		650,
		 519);


INSERT INTO art_pricing(art, item_number, description, price)
	VALUES(LAST_INSERT_ID(), 'ca123', 'limited edition print', 92);


##---------------------------------------------------------------


INSERT INTO art (artist, title, media, width, height, image, pricing_info, main_image, image_width, image_height)
	VALUES(250,
	       'afonogwen and tryfan',
	       'digital print',
	       50,
	       60,
	       'afonogwen-and-tryfan',
	      'limited edition print, &pound;92',
	       0,
		650,
		 520);


INSERT INTO art_pricing(art, item_number, description, price)
	VALUES(LAST_INSERT_ID(), 'ca102', 'limited edition print', 92);


##---------------------------------------------------------------


INSERT INTO art (artist, title, media, width, height, image, pricing_info, main_image, image_width, image_height)
	VALUES(250,
	       'afonidwal',
	       'digital print',
	       50,
	       60,
	       'afonidwal',
	      'limited edition print, &pound;92',
	       0,
		519,
		 650);


INSERT INTO art_pricing(art, item_number, description, price)
	VALUES(LAST_INSERT_ID(), 'ca101', 'limited edition print', 92);


##---------------------------------------------------------------


INSERT INTO art (artist, title, media, width, height, image, pricing_info, main_image, image_width, image_height)
	VALUES(250,
	       'afonwen 1',
	       'digital print',
	       50,
	       60,
	       'afonwen-1',
	      'limited edition print, &pound;92',
	       0,
		650,
		 517);


INSERT INTO art_pricing(art, item_number, description, price)
	VALUES(LAST_INSERT_ID(), 'ca103', 'limited edition print', 92);


##---------------------------------------------------------------


INSERT INTO art (artist, title, media, width, height, image, pricing_info, main_image, image_width, image_height)
	VALUES(250,
	       'afonwen 2',
	       'digital print',
	       50,
	       60,
	       'afonwen-2',
	      'limited edition print, &pound;92',
	       0,
		650,
		 517);


INSERT INTO art_pricing(art, item_number, description, price)
	VALUES(LAST_INSERT_ID(), 'ca103', 'limited edition print', 92);


##---------------------------------------------------------------


INSERT INTO art (artist, title, media, width, height, image, pricing_info, main_image, image_width, image_height)
	VALUES(250,
	       'afonwen 3',
	       'digital print',
	       50,
	       60,
	       'afonwen-3',
	      'limited edition print, &pound;92',
	       0,
		650,
		 519);


INSERT INTO art_pricing(art, item_number, description, price)
	VALUES(LAST_INSERT_ID(), 'ca104', 'limited edition print', 92);


##---------------------------------------------------------------



INSERT INTO art (artist, title, media, width, height, image, pricing_info, main_image, image_width, image_height)
	VALUES(250,
	       'hemisferic',
	       'digital print',
	       50,
	       60,
	       'hemisferic',
	      'limited edition print, &pound;92',
	       0,
		650,
		 517);


INSERT INTO art_pricing(art, item_number, description, price)
	VALUES(LAST_INSERT_ID(), 'ca107', 'limited edition print', 92);


##---------------------------------------------------------------



INSERT INTO art (artist, title, media, width, height, image, pricing_info, main_image, image_width, image_height)
	VALUES(250,
	       'metropolitan cathedral 1',
	       'digital print',
	       50,
	       60,
	       'metropolitan-cathedral-1',
	      'limited edition print, &pound;92',
	       1,
		521,
		 650);


INSERT INTO art_pricing(art, item_number, description, price)
	VALUES(LAST_INSERT_ID(), 'ca112', 'limited edition print', 92);


##---------------------------------------------------------------


INSERT INTO art (artist, title, media, width, height, image, pricing_info, main_image, image_width, image_height)
	VALUES(250,
	       'metropolitan cathedral 2',
	       'digital print',
	       50,
	       60,
	       'metropolitan-cathedral-2',
	      'limited edition print, &pound;92',
	       0,
		541,
		 650);


INSERT INTO art_pricing(art, item_number, description, price)
	VALUES(LAST_INSERT_ID(), 'ca113', 'limited edition print', 92);


##---------------------------------------------------------------


INSERT INTO art (artist, title, media, width, height, image, pricing_info, main_image, image_width, image_height)
	VALUES(250,
	       'museu de les ciencies',
	       'digital print',
	       50,
	       60,
	       'museu-de-les',
	      'limited edition print, &pound;92',
	       0,
		650,
		 519);


INSERT INTO art_pricing(art, item_number, description, price)
	VALUES(LAST_INSERT_ID(), 'ca114', 'limited edition print', 92);


##---------------------------------------------------------------


INSERT INTO art (artist, title, media, width, height, image, pricing_info, main_image, image_width, image_height)
	VALUES(250,
	       'museu de les ciencies 2',
	       'digital print',
	       50,
	       60,
	       'museu-de-les2',
	      'limited edition print, &pound;92',
	       0,
		489,
		 650);


INSERT INTO art_pricing(art, item_number, description, price)
	VALUES(LAST_INSERT_ID(), 'ca115', 'limited edition print', 92);


##---------------------------------------------------------------


INSERT INTO art (artist, title, media, width, height, image, pricing_info, main_image, image_width, image_height)
	VALUES(250,
	       'museum of liverpool',
	       'digital print',
	       50,
	       60,
	       'museum-of-liverpool',
	      'limited edition print, &pound;92',
	       0,
		650,
		 519);


INSERT INTO art_pricing(art, item_number, description, price)
	VALUES(LAST_INSERT_ID(), 'ca116', 'limited edition print', 92);


##---------------------------------------------------------------



INSERT INTO art (artist, title, media, width, height, image, pricing_info, main_image, image_width, image_height)
	VALUES(250,
	       'osakajo',
	       'digital print',
	       30,
	       115,
	       'osakajo',
	      'limited edition print, &pound;152',
	       0,
		650,
		 106);


INSERT INTO art_pricing(art, item_number, description, price)
	VALUES(LAST_INSERT_ID(), 'ca118', 'limited edition print', 152);


##---------------------------------------------------------------


INSERT INTO art (artist, title, media, width, height, image, pricing_info, main_image, image_width, image_height)
	VALUES(250,
	       'palau de les arts',
	       'digital print',
	       50,
	       60,
	       'palau-de-les',
	      'limited edition print, &pound;92',
	       0,
		650,
		 519);


INSERT INTO art_pricing(art, item_number, description, price)
	VALUES(LAST_INSERT_ID(), 'ca119', 'limited edition print', 92);


##---------------------------------------------------------------


INSERT INTO art (artist, title, media, width, height, image, pricing_info, main_image, image_width, image_height)
	VALUES(250,
	       'pistyllcain',
	       'digital print',
	       50,
	       60,
	       'pistyllcain',
	      'limited edition print, &pound;92',
	       0,
		519,
		 650);


INSERT INTO art_pricing(art, item_number, description, price)
	VALUES(LAST_INSERT_ID(), 'ca120', 'limited edition print', 92);


##---------------------------------------------------------------


INSERT INTO art (artist, title, media, width, height, image, pricing_info, main_image, image_width, image_height)
	VALUES(250,
	       'pistyllrhaeadr',
	       'digital print',
	       50,
	       60,
	       'pistyllrhaeadr',
	      'limited edition print, &pound;92',
	       0,
		519,
		 650);


INSERT INTO art_pricing(art, item_number, description, price)
	VALUES(LAST_INSERT_ID(), 'ca121', 'limited edition print', 92);


##---------------------------------------------------------------


INSERT INTO art (artist, title, media, width, height, image, pricing_info, main_image, image_width, image_height)
	VALUES(250,
	       'rainbow bridge',
	       'digital print',
	       30,
	       115,
	       'rainbow-bridge',
	      'limited edition print, &pound;152',
	       0,
		650,
		 123);


INSERT INTO art_pricing(art, item_number, description, price)
	VALUES(LAST_INSERT_ID(), 'ca122', 'limited edition print', 152);


##---------------------------------------------------------------



INSERT INTO art (artist, title, media, width, height, image, pricing_info, main_image, image_width, image_height)
	VALUES(250,
	       'skyline 2009',
	       'digital print',
	       30,
	       115,
	       'skyline-2009',
	      'limited edition print, &pound;152',
	       0,
		650,
		 123);


INSERT INTO art_pricing(art, item_number, description, price)
	VALUES(LAST_INSERT_ID(), 'ca124', 'limited edition print', 152);


##---------------------------------------------------------------


INSERT INTO art (artist, title, media, width, height, image, pricing_info, main_image, image_width, image_height)
	VALUES(250,
	       'skyline 2010',
	       'digital print',
	       30,
	       115,
	       'skyline-2010',
	      'limited edition print, &pound;152',
	       0,
		650,
		 123);


INSERT INTO art_pricing(art, item_number, description, price)
	VALUES(LAST_INSERT_ID(), 'ca125', 'limited edition print', 152);


##---------------------------------------------------------------


INSERT INTO art (artist, title, media, width, height, image, pricing_info, main_image, image_width, image_height)
	VALUES(250,
	       'skyline 2011',
	       'digital print',
	       30,
	       115,
	       'skyline-2011',
	      'limited edition print, &pound;152',
	       0,
		650,
		 118);


INSERT INTO art_pricing(art, item_number, description, price)
	VALUES(LAST_INSERT_ID(), 'ca126', 'limited edition print', 152);


##---------------------------------------------------------------


INSERT INTO art (artist, title, media, width, height, image, pricing_info, main_image, image_width, image_height)
	VALUES(250,
	       'tree study 1',
	       'digital print',
	       50,
	       60,
	       'tree-study-1',
	      'limited edition print, &pound;92',
	       0,
		519,
		 650);


INSERT INTO art_pricing(art, item_number, description, price)
	VALUES(LAST_INSERT_ID(), 'ca128', 'limited edition print', 92);


##---------------------------------------------------------------


INSERT INTO art (artist, title, media, width, height, image, pricing_info, main_image, image_width, image_height)
	VALUES(250,
	       'tree study 2',
	       'digital print',
	       50,
	       60,
	       'tree-study-2',
	      'limited edition print, &pound;92',
	       0,
		519,
		 650);


INSERT INTO art_pricing(art, item_number, description, price)
	VALUES(LAST_INSERT_ID(), 'ca129', 'limited edition print', 92);


##---------------------------------------------------------------


INSERT INTO art (artist, title, media, width, height, image, pricing_info, main_image, image_width, image_height)
	VALUES(250,
	       'tryfan 1',
	       'digital print',
	       50,
	       60,
	       'tryfan-1',
	      'limited edition print, &pound;92',
	       0,
		650,
		 519);


INSERT INTO art_pricing(art, item_number, description, price)
	VALUES(LAST_INSERT_ID(), 'ca130', 'limited edition print', 92);


##---------------------------------------------------------------


INSERT INTO art (artist, title, media, width, height, image, pricing_info, main_image, image_width, image_height)
	VALUES(250,
	       'tryfan 2',
	       'digital print',
	       50,
	       60,
	       'tryfan-2',
	      'limited edition print, &pound;92',
	       0,
		650,
		 519);


INSERT INTO art_pricing(art, item_number, description, price)
	VALUES(LAST_INSERT_ID(), 'ca131', 'limited edition print', 92);


##---------------------------------------------------------------




INSERT INTO artist (id, name, statement, notes, display, keywords)
	VALUES(251, 'mark chapman',

	'<p class="artist">Mark Chapman works across various media to produce his art, often combining ideas from design, 
art and photography in the same piece of work. He has a background in Digital Graphic Design, with a degree from the 
University of Huddersfield. He has also taught art, design and creative media at various colleges in the North West. 
Much of his creative work is based around the themes of symmetry, communication, recycling and regeneration.
</p>

<p class="artist"></p>
</p>

<p class="artist">
Prices shown are for artworks printed using "Di-print", on aluminium with a matt finish. Prints can also be produced on paper or canvas if required. 
All prints are signed and numbered and are produced in a limited edition of 100. 
</p>',
               NULL,
	       1,
		'Mark Chapman artist, digital art, urban art, photographic art, limited edition print, abstract photography, city photography, abstract cityscape, photographic print, Liverpool print, Liverpool art, Liverpool photography');

##---------------------------------------------------------------



INSERT INTO art (artist, title, media, width, height, image, pricing_info, main_image, image_width, image_height)
	VALUES(251,
	       'jewel 1',
	      	       'di print on aluminum',
	       25,
	       34,
	       'jewel-1',
	      'limited edition print, &pound;75',
	       0,
		479,
		 650);


INSERT INTO art_pricing(art, item_number, description, price)
	VALUES(LAST_INSERT_ID(), 'mc124', 'limited edition print', 75);


##---------------------------------------------------------------



INSERT INTO art (artist, title, media, width, height, image, pricing_info, main_image, image_width, image_height)
	VALUES(251,
	       'jewel 3',
	      	       'di print on aluminum',
	       29,
	       44,
	       'jewel-3',
	      'limited edition print, &pound;90',
	       0,
		433,
		 650);


INSERT INTO art_pricing(art, item_number, description, price)
	VALUES(LAST_INSERT_ID(), 'mc125', 'limited edition print', 90);


##---------------------------------------------------------------



INSERT INTO art (artist, title, media, width, height, image, pricing_info, main_image, image_width, image_height)
	VALUES(251,
	       'jewel 11',
	      	       'di print on aluminum',
	       29,
	       43,
	       'jewel-11',
	      'limited edition print, &pound;90',
	       0,
		440,
		 650);


INSERT INTO art_pricing(art, item_number, description, price)
	VALUES(LAST_INSERT_ID(), 'mc126', 'limited edition print', 90);


##---------------------------------------------------------------



INSERT INTO art (artist, title, media, width, height, image, pricing_info, main_image, image_width, image_height)
	VALUES(251,
	       'jewel 16',
	      	       'di print on aluminum',
	       59,
	       89,
	       'jewel-16',
	      'limited edition print, &pound;125',
	       0,
		428,
		 650);


INSERT INTO art_pricing(art, item_number, description, price)
	VALUES(LAST_INSERT_ID(), 'mc127', 'limited edition print', 125);


##---------------------------------------------------------------



INSERT INTO art (artist, title, media, width, height, image, pricing_info, main_image, image_width, image_height)
	VALUES(251,
	       'jewel 19',
	      	       'di print on aluminum',
	       59,
	       84,
	       'jewel-19',
	      'limited edition print, &pound;150',
	       0,
		453,
		 650);


INSERT INTO art_pricing(art, item_number, description, price)
	VALUES(LAST_INSERT_ID(), 'mc128', 'limited edition print', 150);


##---------------------------------------------------------------



INSERT INTO art (artist, title, media, width, height, image, pricing_info, main_image, image_width, image_height)
	VALUES(251,
	       'jewel 20',
	      	       'di print on aluminum',
	       59,
	       87,
	       'jewel-20',
	      'limited edition print, &pound;150',
	       0,
		440,
		 650);


INSERT INTO art_pricing(art, item_number, description, price)
	VALUES(LAST_INSERT_ID(), 'mc129', 'limited edition print', 150);


##---------------------------------------------------------------




INSERT INTO art (artist, title, media, width, height, image, pricing_info, main_image, image_width, image_height)
	VALUES(251,
	       'delve beyond the aesthetics',
	      	       'di print on aluminum',
	       40,
	       60,
	       'delve-beyond-the',
	      'limited edition print, &pound;150',
	       1,
		423,
		 650);


INSERT INTO art_pricing(art, item_number, description, price)
	VALUES(LAST_INSERT_ID(), 'mc124', 'limited edition print', 150);


##---------------------------------------------------------------



INSERT INTO art (artist, title, media, width, height, image, pricing_info, main_image, image_width, image_height)
	VALUES(251,
	       'feel more alive',
	      	       'di print on aluminum',
	       40,
	       60,
	       'feel-more-alive',
	      'limited edition print, &pound;150',
	       0,
		457,
		 650);


INSERT INTO art_pricing(art, item_number, description, price)
	VALUES(LAST_INSERT_ID(), 'mc125', 'limited edition print', 150);


##---------------------------------------------------------------



INSERT INTO art (artist, title, media, width, height, image, pricing_info, main_image, image_width, image_height)
	VALUES(251,
	       'music to your ears',
	      	       'di print on aluminum',
	       40,
	       60,
	       'music-to-your',
	      'limited edition print, &pound;150',
	       0,
		418,
		 650);


INSERT INTO art_pricing(art, item_number, description, price)
	VALUES(LAST_INSERT_ID(), 'mc126', 'limited edition print', 150);


##---------------------------------------------------------------



INSERT INTO art (artist, title, media, width, height, image, pricing_info, main_image, image_width, image_height)
	VALUES(251,
	       'on track for adventure',
	      	       'di print on aluminum',
	       40,
	       60,
	       'on-track-for',
	      'limited edition print, &pound;150',
	       0,
		436,
		 650);


INSERT INTO art_pricing(art, item_number, description, price)
	VALUES(LAST_INSERT_ID(), 'mc127', 'limited edition print', 150);


##---------------------------------------------------------------



INSERT INTO art (artist, title, media, width, height, image, pricing_info, main_image, image_width, image_height)
	VALUES(251,
	       'theres plenty to discover',
	      	       'di print on aluminum',
	       40,
	       60,
	       'theres-plenty-to',
	      'limited edition print, &pound;150',
	       0,
		456,
		 650);


INSERT INTO art_pricing(art, item_number, description, price)
	VALUES(LAST_INSERT_ID(), 'mc128', 'limited edition print', 150);


##---------------------------------------------------------------



INSERT INTO art (artist, title, media, width, height, image, pricing_info, main_image, image_width, image_height)
	VALUES(251,
	       'vision',
	      	       'di print on aluminum',
	       40,
	       60,
	       'vision',
	      'limited edition print, &pound;150',
	       0,
		430,
		 650);


INSERT INTO art_pricing(art, item_number, description, price)
	VALUES(LAST_INSERT_ID(), 'mc129', 'limited edition print', 150);


##------------------------------------------------------------

INSERT INTO art (artist, title, media, width, height, image, pricing_info, main_image, image_width, image_height)
	VALUES(251,
	       'ctr_0812',
	      	'di print on aluminum',
	       60,
	       40,
	       'ctr_0812',
	      'limited edition print, &pound;150',
	       0,
		433,
		 650);


INSERT INTO art_pricing(art, item_number, description, price)
	VALUES(LAST_INSERT_ID(), 'mc124', 'limited edition print', 150);


##---------------------------------------------------------------



INSERT INTO art (artist, title, media, width, height, image, pricing_info, main_image, image_width, image_height)
	VALUES(251,
	       'metria 1',
	      	'di print on aluminum',
	       60,
	       40,
	       'metria-1',
	      'limited edition print, &pound;150',
	       0,
		429,
		 650);


INSERT INTO art_pricing(art, item_number, description, price)
	VALUES(LAST_INSERT_ID(), 'mc125', 'limited edition print', 150);


##---------------------------------------------------------------



INSERT INTO art (artist, title, media, width, height, image, pricing_info, main_image, image_width, image_height)
	VALUES(251,
	       'metria 6',
	      	'di print on aluminum',
	       60,
	       40,
	       'metria-6',
	      'limited edition print, &pound;150',
	       0,
		425,
		 650);


INSERT INTO art_pricing(art, item_number, description, price)
	VALUES(LAST_INSERT_ID(), 'mc126', 'limited edition print', 150);


##---------------------------------------------------------------



INSERT INTO art (artist, title, media, width, height, image, pricing_info, main_image, image_width, image_height)
	VALUES(251,
	       'metria 14',
	      	'di print on aluminum',
	       60,
	       40,
	       'metria-14',
	      'limited edition print, &pound;150',
	       0,
		433,
		 650);


INSERT INTO art_pricing(art, item_number, description, price)
	VALUES(LAST_INSERT_ID(), 'mc127', 'limited edition print', 150);


##---------------------------------------------------------------



INSERT INTO art (artist, title, media, width, height, image, pricing_info, main_image, image_width, image_height)
	VALUES(251,
	       'ory_0812',
	      	'di print on aluminum',
	       60,
	       40,
	       'ory_0812',
	      'limited edition print, &pound;150',
	       0,
		433,
		 650);


INSERT INTO art_pricing(art, item_number, description, price)
	VALUES(LAST_INSERT_ID(), 'mc128', 'limited edition print', 150);


##---------------------------------------------------------------



INSERT INTO art (artist, title, media, width, height, image, pricing_info, main_image, image_width, image_height)
	VALUES(251,
	       'slq_0812',
	      	'di print on aluminum',
	       60,
	       40,
	       'slq_0812',
	      'limited edition print, &pound;150',
	       0,
		433,
		 650);


INSERT INTO art_pricing(art, item_number, description, price)
	VALUES(LAST_INSERT_ID(), 'mc129', 'limited edition print', 150);


##---------------------------------------------------------------



INSERT INTO art (artist, title, media, width, height, image, pricing_info, main_image, image_width, image_height)
	VALUES(251,
	       'sym 19',
	      	'di print on aluminum',
	       60,
	       40,
	       'sym-19',
	      'limited edition print, &pound;150',
	       0,
		489,
		 650);


INSERT INTO art_pricing(art, item_number, description, price)
	VALUES(LAST_INSERT_ID(), 'mc130', 'limited edition print', 150);


##---------------------------------------------------------------



INSERT INTO art (artist, title, media, width, height, image, pricing_info, main_image, image_width, image_height)
	VALUES(251,
	       'sym 30',
	      	'di print on aluminum',
	       60,
	       40,
	       'sym-30',
	      'limited edition print, &pound;150',
	       0,
		446,
		 650);


INSERT INTO art_pricing(art, item_number, description, price)
	VALUES(LAST_INSERT_ID(), 'mc131', 'limited edition print', 150);


##---------------------------------------------------------------



INSERT INTO art (artist, title, media, width, height, image, pricing_info, main_image, image_width, image_height)
	VALUES(251,
	       'sym 35',
	      	'di print on aluminum',
	       60,
	       40,
	       'sym-35',
	      'limited edition print, &pound;150',
	       0,
		459,
		 650);


INSERT INTO art_pricing(art, item_number, description, price)
	VALUES(LAST_INSERT_ID(), 'mc132', 'limited edition print', 150);


##---------------------------------------------------------------





INSERT INTO art (artist, title, media, width, height, image, pricing_info, main_image, image_width, image_height)
	VALUES(251,
	       'jws 1111',
	       'di print on aluminum',
	       60,
	       40,
	       'jws-1111',
	      'limited edition print, &pound;150',
	       0,
		650,
		 433);


INSERT INTO art_pricing(art, item_number, description, price)
	VALUES(LAST_INSERT_ID(), 'mc107', 'limited edition print', 150);


##---------------------------------------------------------------



INSERT INTO art (artist, title, media, width, height, image, pricing_info, main_image, image_width, image_height)
	VALUES(251,
	       'sar 1011',
	       'di print on aluminum',
	       60,
	       40,
	       'sar-1011',
	      'limited edition print, &pound;150',
	       0,
		650,
		 433);


INSERT INTO art_pricing(art, item_number, description, price)
	VALUES(LAST_INSERT_ID(), 'mc110', 'limited edition print', 150);


##---------------------------------------------------------------


INSERT INTO art (artist, title, media, width, height, image, pricing_info, main_image, image_width, image_height)
	VALUES(251,
	       'sdm 1011',
	       'di print on aluminum',
	       60,
	       40,
	       'sdm-1011',
	      'limited edition print, &pound;150',
	       0,
		650,
		 433);


INSERT INTO art_pricing(art, item_number, description, price)
	VALUES(LAST_INSERT_ID(), 'mc111', 'limited edition print', 150);


##---------------------------------------------------------------


INSERT INTO art (artist, title, media, width, height, image, pricing_info, main_image, image_width, image_height)
	VALUES(251,
	       'stn 0911',
	       'di print on aluminum',
	       60,
	       40,
	       'stn-0911',
	      'limited edition print, &pound 150',
	       0,
		650,
		 433);


INSERT INTO art_pricing(art, item_number, description, price)
	VALUES(LAST_INSERT_ID(), 'mc112', 'limited edition print', 150);


##---------------------------------------------------------------



INSERT INTO art (artist, title, media, width, height, image, pricing_info, main_image, image_width, image_height)
	VALUES(251,
	       'cpk 1111',
	       'di print on aluminum',
	       60,
	       40,
	       'cpk-1111',
	      'limited edition print, &pound;150',
	       0,
		650,
		 433);


INSERT INTO art_pricing(art, item_number, description, price)
	VALUES(LAST_INSERT_ID(), 'mc102', 'limited edition print', 150);


##---------------------------------------------------------------


INSERT INTO art (artist, title, media, width, height, image, pricing_info, main_image, image_width, image_height)
	VALUES(251,
	       'dis 1011',
	       'di print on aluminum',
	       60,
	       40,
	       'dis-1011',
	      'limited edition print, &pound;150',
	       0,
		650,
		 433);


INSERT INTO art_pricing(art, item_number, description, price)
	VALUES(LAST_INSERT_ID(), 'mc103', 'limited edition print', 150);


##---------------------------------------------------------------

INSERT INTO art (artist, title, media, width, height, image, pricing_info, main_image, image_width, image_height)
	VALUES(251,
	       'ins 0811',
	       'di print on aluminium',
	       60,
	       40,
	       'ins-0811',
	      'limited edition print, &pound;150',
	       0,
		433,
		 650);


INSERT INTO art_pricing(art, item_number, description, price)
	VALUES(LAST_INSERT_ID(), 'mc123', 'limited edition print', 150);


##---------------------------------------------------------------


INSERT INTO art (artist, title, media, width, height, image, pricing_info, main_image, image_width, image_height)
	VALUES(251,
	       'sym 02',
	       'di print on aluminium',
	       60,
	       40,
	       'sym-02',
	      'limited edition print, &pound;150',
	       0,
		433,
		 650);


INSERT INTO art_pricing(art, item_number, description, price)
	VALUES(LAST_INSERT_ID(), 'mc124', 'limited edition print', 150);


##---------------------------------------------------------------


INSERT INTO art (artist, title, media, width, height, image, pricing_info, main_image, image_width, image_height)
	VALUES(251,
	       'sym 07',
	       'di print on aluminium',
	       60,
	       40,
	       'sym-07',
	      'limited edition print, &pound;150',
	       0,
		433,
		 650);


INSERT INTO art_pricing(art, item_number, description, price)
	VALUES(LAST_INSERT_ID(), 'mc125', 'limited edition print', 150);


##---------------------------------------------------------------


INSERT INTO art (artist, title, media, width, height, image, pricing_info, main_image, image_width, image_height)
	VALUES(251,
	       'sym 16',
	       'di print on aluminium',
	       60,
	       40,
	       'sym-16',
	      'limited edition print, &pound;150',
	       0,
		433,
		 650);


INSERT INTO art_pricing(art, item_number, description, price)
	VALUES(LAST_INSERT_ID(), 'mc126', 'limited edition print', 150);


##---------------------------------------------------------------

INSERT INTO art (artist, title, media, width, height, image, pricing_info, main_image, image_width, image_height)
	VALUES(251,
	       'cfe 0711',
	       'di print on aluminum',
	       40,
	       60,
	       'cfe-0711',
	      'limited edition print, &pound;150',
	       0,
		433,
		 650);


INSERT INTO art_pricing(art, item_number, description, price)
	VALUES(LAST_INSERT_ID(), 'mc101', 'limited edition print', 150);


##---------------------------------------------------------------


INSERT INTO art (artist, title, media, width, height, image, pricing_info, main_image, image_width, image_height)
	VALUES(251,
	       'edk 0611',
	       'di print on aluminum',
	       40,
	       60,
	       'edk-0611',
	      'limited edition print, &pound;150',
	       0,
		433,
		 650);


INSERT INTO art_pricing(art, item_number, description, price)
	VALUES(LAST_INSERT_ID(), 'mc104', 'limited edition print', 150);


##---------------------------------------------------------------


INSERT INTO art (artist, title, media, width, height, image, pricing_info, main_image, image_width, image_height)
	VALUES(251,
	       'era 0711',
	       'di print on aluminum',
	       40,
	       60,
	       'era-0711',
	      'limited edition print, &pound;150',
	       0,
		433,
		 650);


INSERT INTO art_pricing(art, item_number, description, price)
	VALUES(LAST_INSERT_ID(), 'mc105', 'limited edition print', 150);


##---------------------------------------------------------------


INSERT INTO art (artist, title, media, width, height, image, pricing_info, main_image, image_width, image_height)
	VALUES(251,
	       'esk 0611',
	       'di print on aluminum',
	       40,
	       60,
	       'esk-0611',
	      'limited edition print, &pound;150',
	       0,
		433,
		 650);


INSERT INTO art_pricing(art, item_number, description, price)
	VALUES(LAST_INSERT_ID(), 'mc106', 'limited edition print', 150);


##---------------------------------------------------------------



INSERT INTO art (artist, title, media, width, height, image, pricing_info, main_image, image_width, image_height)
	VALUES(251,
	       'mnd 0711',
	       'di print on aluminum',
	       40,
	       60,
	       'mnd-0711',
	      'limited edition print, &pound;150',
	       0,
		433,
		 650);


INSERT INTO art_pricing(art, item_number, description, price)
	VALUES(LAST_INSERT_ID(), 'mc108', 'limited edition print', 150);


##---------------------------------------------------------------


INSERT INTO art (artist, title, media, width, height, image, pricing_info, main_image, image_width, image_height)
	VALUES(251,
	       'phd 0409',
	       'di print on aluminum',
	       42,
	       60,
	       'phd-0409',
	      'limited edition print, &pound;150',
	       0,
		457,
		 650);


INSERT INTO art_pricing(art, item_number, description, price)
	VALUES(LAST_INSERT_ID(), 'mc109', 'limited edition print', 150);


##---------------------------------------------------------------


INSERT INTO art (artist, title, media, width, height, image, pricing_info, main_image, image_width, image_height)
	VALUES(251,
	       'sym 01',
	       'di print on aluminum',
	       35,
	       60,
	       'sym-01',
	      'limited edition print, &pound;150',
	       0,
		380,
		 650);


INSERT INTO art_pricing(art, item_number, description, price)
	VALUES(LAST_INSERT_ID(), 'mc113', 'limited edition print', 150);


##---------------------------------------------------------------


INSERT INTO art (artist, title, media, width, height, image, pricing_info, main_image, image_width, image_height)
	VALUES(251,
	       'sym 04',
	       'di print on aluminum',
	       40,
	       60,
	       'sym-04',
	      'limited edition print, &pound;150',
	       0,
		433,
		 650);


INSERT INTO art_pricing(art, item_number, description, price)
	VALUES(LAST_INSERT_ID(), 'mc114', 'limited edition print', 150);


##---------------------------------------------------------------


INSERT INTO art (artist, title, media, width, height, image, pricing_info, main_image, image_width, image_height)
	VALUES(251,
	       'sym 05',
	       'di print on aluminum',
	       40,
	       60,
	       'sym-05',
	      'limited edition print, &pound;150',
	       0,
		433,
		 650);


INSERT INTO art_pricing(art, item_number, description, price)
	VALUES(LAST_INSERT_ID(), 'mc115', 'limited edition print', 150);


##---------------------------------------------------------------


INSERT INTO art (artist, title, media, width, height, image, pricing_info, main_image, image_width, image_height)
	VALUES(251,
	       'sym 09',
	       'di print on aluminum',
	       40,
	       60,
	       'sym-09',
	      'limited edition print, &pound;150',
	       0,
		421,
		 650);


INSERT INTO art_pricing(art, item_number, description, price)
	VALUES(LAST_INSERT_ID(), 'mc116', 'limited edition print', 150);


##---------------------------------------------------------------


INSERT INTO art (artist, title, media, width, height, image, pricing_info, main_image, image_width, image_height)
	VALUES(251,
	       'sym 11',
	       'di print on aluminum',
	       40,
	       60,
	       'sym-11',
	      'limited edition print, &pound;150',
	       0,
		427,
		 650);


INSERT INTO art_pricing(art, item_number, description, price)
	VALUES(LAST_INSERT_ID(), 'mc117', 'limited edition print', 150);


##---------------------------------------------------------------


INSERT INTO art (artist, title, media, width, height, image, pricing_info, main_image, image_width, image_height)
	VALUES(251,
	       'sym 12',
	       'di print on aluminum',
	       40,
	       60,
	       'sym-12',
	      'limited edition print, &pound;150',
	       0,
		434,
		 650);


INSERT INTO art_pricing(art, item_number, description, price)
	VALUES(LAST_INSERT_ID(), 'mc118', 'limited edition print', 150);


##---------------------------------------------------------------


INSERT INTO art (artist, title, media, width, height, image, pricing_info, main_image, image_width, image_height)
	VALUES(251,
	       'sym 13',
	       'di print on aluminum',
	       40,
	       60,
	       'sym-13',
	      'limited edition print, &pound;150',
	       0,
		433,
		 650);


INSERT INTO art_pricing(art, item_number, description, price)
	VALUES(LAST_INSERT_ID(), 'mc119', 'limited edition print', 150);


##---------------------------------------------------------------


INSERT INTO art (artist, title, media, width, height, image, pricing_info, main_image, image_width, image_height)
	VALUES(251,
	       'sym 15',
	       'di print on aluminum',
	       34,
	       60,
	       'sym-15',
	      'limited edition print, &pound;150',
	       0,
		362,
		 650);


INSERT INTO art_pricing(art, item_number, description, price)
	VALUES(LAST_INSERT_ID(), 'mc120', 'limited edition print', 150);


##---------------------------------------------------------------


INSERT INTO art (artist, title, media, width, height, image, pricing_info, main_image, image_width, image_height)
	VALUES(251,
	       'sym 18',
	       'di print on aluminum',
	       40,
	       60,
	       'sym-18',
	      'limited edition print, &pound;150',
	       0,
		433,
		 650);


INSERT INTO art_pricing(art, item_number, description, price)
	VALUES(LAST_INSERT_ID(), 'mc121', 'limited edition print', 150);


##---------------------------------------------------------------


INSERT INTO art (artist, title, media, width, height, image, pricing_info, main_image, image_width, image_height)
	VALUES(251,
	       'tdo 0611',
	       'di print on aluminum',
	       40,
	       60,
	       'tdo-0611',
	      'limited edition print, &pound;150',
	       0,
		433,
		 650);


INSERT INTO art_pricing(art, item_number, description, price)
	VALUES(LAST_INSERT_ID(), 'mc122', 'limited edition print', 150);


##---------------------------------------------------------------



INSERT INTO art (artist, title, media, width, height, image, pricing_info, main_image, image_width, image_height)
	VALUES(251,
	       'wse 0711',
	      	       'di print on aluminum',
	       40,
	       60,
	       'wse-0711',
	      'limited edition print, &pound;150',
	       0,
		433,
		 650);


INSERT INTO art_pricing(art, item_number, description, price)
	VALUES(LAST_INSERT_ID(), 'mc123', 'limited edition print', 150);


##---------------------------------------------------------------




INSERT INTO artist (id, name, statement, notes, display, keywords)
	VALUES(252, 'amanda lynn',

	'<p class="artist">"I am an independent artist based in Liverpool, who graduated in 2010 with a degree in Fine Art at Liverpool John Moores University.
Although I have a degree in art, almost all the skills I have artistically were self taught, as I became interested in becoming an artist from childhood. Like most children I really enjoyed cartoons, and I began to draw them out, using simple and inexpensive mediums that children often have access to such as; pencil, pencil crayon, felt tips and Biro pens.
</p>

<p class="artist">As I got into my teens, I became fascinated with comics (such as marvel) and began to copy them instead. And over time, I developed a style that was heavily influenced by comic book art. Although it was my favourite art form, I wasnt limited to the comic style and also worked in HB pencil alone, creating art with a style leaning more toward realism with a great amount of detail.
When I left school, I knew without a doubt I would pursue a career in art, so I became a full time art student at Knowsley Community College then went on to study Fine Art at LJMU."</p>
</p>

<p class="artist"></p>',
               NULL,
	       1,
		'Amanda Lynn artist, Liverpool artist, cartoon artist, liver bird art, photograms, mixed media work, photographic collage,  watercolour artist');

##---------------------------------------------------------------


INSERT INTO art (artist, title, media, width, height, image, pricing_info, main_image, image_width, image_height)
	VALUES(252,
	       'the liverbird',
	       'watercolour ink and pencil on paper',
	       60,
	       80,
	       'the-liverbird',
	      'original, &pound;400',
	       1,
		488,
		 650);


INSERT INTO art_pricing(art, item_number, description, price)
	VALUES(LAST_INSERT_ID(), 'ay101', 'original', 400);


##---------------------------------------------------------------


INSERT INTO art (artist, title, media, width, height, image, pricing_info, main_image, image_width, image_height)
	VALUES(252,
	       'woman in the doorway',
	       'watercolour and ink on paper',
	       19,
	       28.5,
	       'woman-in-the',
	      'original, &pound;60',
	       0,
		422,
		 650);


INSERT INTO art_pricing(art, item_number, description, price)
	VALUES(LAST_INSERT_ID(), 'ay102', 'original', 60);


##---------------------------------------------------------------


INSERT INTO art (artist, title, media, width, height, image, pricing_info, main_image, image_width, image_height)
	VALUES(252,
	       'untitled',
	       'watercolour and ink on paper',
	       30.5,
	       16,
	       'untitled',
	      'original, &pound;60',
	       0,
		422,
		 650);


INSERT INTO art_pricing(art, item_number, description, price)
	VALUES(LAST_INSERT_ID(), 'ay103', 'original', 60);


##---------------------------------------------------------------


INSERT INTO art (artist, title, media, width, height, image, pricing_info, main_image, image_width, image_height)
	VALUES(252,
	       'autumn road',
	       'watercolour and ink on paper',
	       30,
	       42,
	       'autumn-road',
	      'original, &pound;75',
	       0,
		469,
		 650);


INSERT INTO art_pricing(art, item_number, description, price)
	VALUES(LAST_INSERT_ID(), 'ay104', 'original', 75);


##---------------------------------------------------------------


INSERT INTO art (artist, title, media, width, height, image, pricing_info, main_image, image_width, image_height)
	VALUES(252,
	       'red rose',
	       'watercolour and ink on paper',
	       30,
	       42,
	       'red-rose',
	      'original, &pound;75',
	       0,
		488,
		 650);


INSERT INTO art_pricing(art, item_number, description, price)
	VALUES(LAST_INSERT_ID(), 'ay105', 'original', 75);


##---------------------------------------------------------------


INSERT INTO art (artist, title, media, width, height, image, pricing_info, main_image, image_width, image_height)
	VALUES(252,
	       'the playground',
	       'photogram and ink',
	       25,
	       20,
	       'the-playground',
	      'original, &pound;50',
	       0,
		650,
		 506);


INSERT INTO art_pricing(art, item_number, description, price)
	VALUES(LAST_INSERT_ID(), 'ay106', 'original', 50);


##---------------------------------------------------------------


INSERT INTO art (artist, title, media, width, height, image, pricing_info, main_image, image_width, image_height)
	VALUES(252,
	       'fork 1',
	       'photogram and ink',
	       30,
	       40,
	       'fork-1',
	      'original, &pound;50',
	       0,
		488,
		 650);


INSERT INTO art_pricing(art, item_number, description, price)
	VALUES(LAST_INSERT_ID(), 'ay107', 'original', 50);


##---------------------------------------------------------------


INSERT INTO art (artist, title, media, width, height, image, pricing_info, main_image, image_width, image_height)
	VALUES(252,
	       'fork 2',
	       'photogram and ink',
	       30,
	       40,
	       'fork-2',
	      'original, &pound;50',
	       0,
		650,
		 494);


INSERT INTO art_pricing(art, item_number, description, price)
	VALUES(LAST_INSERT_ID(), 'ay108', 'original', 50);


##---------------------------------------------------------------



INSERT INTO artist (id, name, statement, notes, display, keywords)
	VALUES(254, 'katherine doran',

	'<p class="artist">I graduated from Liverpool Hope University in 2004 with a BA Hons degree in Fine Art with English.</p>

<p class="artist">My work is a combination of abstract paintings and drawings based on random and accidental mark making with more detail added later. Some of my drawings are based on hanging fabrics and paper constructions. For the paintings I worked in a different style, they have layering and a gradual building up of images with flowing and blending of colours. Other paintings are inspired by nature or photographs that capture my interest. I am influenced by Surrealist painting, automatic drawing and psychedelic art. </p>
</p>

<p class="artist">The paintings and drawings have an ambiguous quality, I feel that they are open to interpretation, people may see a number of images within them, such as landscapes, water, sky, figures, plants or animal/insect forms.</p>',
               NULL,
	       1,
		'Katherine Doran artist, abstract art, abstract painting, abstract drawings, Liverpool artist, psychedelic art, acrylic on canvas');

##---------------------------------------------------------------


INSERT INTO art (artist, title, media, width, height, image, pricing_info, main_image, image_width, image_height)
	VALUES(254,
	       'brain freeze',
	       'acrylic on canvas',
	       51,
	       41.5,
	       'brain-freeze',
	      'original, &pound;175',
	       0,
		650,
		 504);


INSERT INTO art_pricing(art, item_number, description, price)
	VALUES(LAST_INSERT_ID(), 'kd101', 'original', 175);


##---------------------------------------------------------------


INSERT INTO art (artist, title, media, width, height, image, pricing_info, main_image, image_width, image_height)
	VALUES(254,
	       'chryalis',
	       'acrylic on canvas',
	       51.5,
	       41,
	       'chrysalis',
	      'original, &pound;175',
	       0,
		488,
		 650);


INSERT INTO art_pricing(art, item_number, description, price)
	VALUES(LAST_INSERT_ID(), 'kd102', 'original', 175);


##---------------------------------------------------------------


INSERT INTO art (artist, title, media, width, height, image, pricing_info, main_image, image_width, image_height)
	VALUES(254,
	       'red lanterns',
	       'acrylic on canvas',
	       30,
	       40,
	       'red-lanterns',
	      'original, &pound;125',
	       0,
		650,
		 489);


INSERT INTO art_pricing(art, item_number, description, price)
	VALUES(LAST_INSERT_ID(), 'kd103', 'original', 125);


##---------------------------------------------------------------


INSERT INTO art (artist, title, media, width, height, image, pricing_info, main_image, image_width, image_height)
	VALUES(254,
	       'sun eyes',
	       'acrylic on canvas',
	       35.5,
	       25.5,
	       'sun-eyes',
	      'original, &pound;75',
	       0,
		650,
		 453);


INSERT INTO art_pricing(art, item_number, description, price)
	VALUES(LAST_INSERT_ID(), 'kd104', 'original', 75);


##---------------------------------------------------------------


INSERT INTO art (artist, title, media, width, height, image, pricing_info, main_image, image_width, image_height)
	VALUES(254,
	       'swirling',
	       'acrylic on canvas',
	       66,
	       128,
	       'swirling',
	      'original, &pound;350',
	       1,
		650,
		 331);


INSERT INTO art_pricing(art, item_number, description, price)
	VALUES(LAST_INSERT_ID(), 'kd105', 'original', 350);


##---------------------------------------------------------------





INSERT INTO artist (id, name, statement, notes, display, keywords)
	VALUES(255, 'john christiansen',

	'<p class="artist">My name is John Christiansen and I have lived on Merseyside all of my life. From a very early age I found a strong connection towards the maritime side of Merseyside life. My Grandfather was born in Norre Saltum near Aalborg, Denmark in 1890 and was working at sea from age 16 on Clipper Ships. His father was a fisherman. My own father had worked on the Tugs all his life, 34 years as a Captain with the Liverpool Screw Towing Company and later the Alexandra Towing Company before his retirement in 1982.
</p>

<p class="artist">I was always interested with Art as a hobby but my career took me into Learning and Development with British Gas North Western where I held positions as Senior Trainer and Training Officer before I moved into local education in the year 2001 as a Senior Learning Mentor. I am a self taught Artist and have developed a style of watercolour through resilience and experiment.</p>

<p class="artist">Amongst my achievements I was asked to design the front cover for the book "Take the Strain" for the Alexandra Towing Company, two of my paintings were then used as Christmas Cards. A further painting was commissioned for Alexandra Marine Transportation based in London. More recently I have produced Original Paintings for both Daniel Adamson Preservation Society and The Steam Tug Kerne Preservation Society Ltd which enabled them to sell signed Limited Edition Prints to raise funds to keep these historic vessels in steam as they are part of our Maritime Heritage. I received commissions from families for "Merseysiders" who have relocated to Australia and North America.</p>

<p class="artist">The paintings in my current gallery are a reminder how the working life of the Mersey Tugboats and their crews have changed over the years, these small vessels are an essential part of the Port of Liverpool and are often un-noticed.
</p>

<p class="artist"></p>',
               NULL,
	       1,
		'JOhn Christiansen artist, maritime art, liverpool maritime art, liverpool paintings, maritime paintings, liverpool watercolours, liverpool docks, port of liverpool, liverpool tug boats, mersey tugboats, historic liverpool, paitings of liverpool docks, liverpool waterfront paiting.');

##---------------------------------------------------------------


INSERT INTO art (artist, title, media, width, height, image, pricing_info, main_image, image_width, image_height)
	VALUES(255,
	       'tugs in gladstone lock circa 1965',
	       'watercolour',
	       40,
	       30,
	       'tugs-in-gladstone',
	      'original, &pound;240',
	       0,
		650,
		 523);


INSERT INTO art_pricing(art, item_number, description, price)
	VALUES(LAST_INSERT_ID(), 'jc112', 'original', 240);


##--------------------------------------------------------------- 


INSERT INTO art (artist, title, media, width, height, image, pricing_info, main_image, image_width, image_height)
	VALUES(255,
	       'tugs in gladstone lock circa 1965',
	        'watercolour',
	       40,
	       30,
	       'tugs-in-gladstone',
	      'limited edition print, &pound;50',
	       0,
		650,
		 523);


INSERT INTO art_pricing(art, item_number, description, price)
	VALUES(LAST_INSERT_ID(), 'jc113', 'limited editon print', 50);


##---------------------------------------------------------------  

INSERT INTO art (artist, title, media, width, height, image, pricing_info, main_image, image_width, image_height)
	VALUES(255,
	       'kruzenstern tall ships race 1984',
	       'watercolour',
	       40,
	       30,
	       'kruzenstern-tall-ships',
	      'original, &pound;240',
	       0,
		507,
		 650);


INSERT INTO art_pricing(art, item_number, description, price)
	VALUES(LAST_INSERT_ID(), 'jc114', 'original', 240);


##--------------------------------------------------------------- 


INSERT INTO art (artist, title, media, width, height, image, pricing_info, main_image, image_width, image_height)
	VALUES(255,
	       'kruzenstern tall ships race 1984',
	        'watercolour',
	       40,
	       30,
	       'kruzenstern-tall-ships',
	      'limited edition print, &pound;50',
	       0,
		507,
		 650);


INSERT INTO art_pricing(art, item_number, description, price)
	VALUES(LAST_INSERT_ID(), 'jc115', 'limited editon print', 50);


##---------------------------------------------------------------  

INSERT INTO art (artist, title, media, width, height, image, pricing_info, main_image, image_width, image_height)
	VALUES(255,
	       'turmoil with flying enterprise',
	       'watercolour',
	       46,
	       30,
	       'turmoil-with-flying',
	      'original, &pound;250',
	       0,
		650,
		 422);


INSERT INTO art_pricing(art, item_number, description, price)
	VALUES(LAST_INSERT_ID(), 'jc116', 'original', 250);


##--------------------------------------------------------------- 


INSERT INTO art (artist, title, media, width, height, image, pricing_info, main_image, image_width, image_height)
	VALUES(255,
	       'turmoil with flying enterprise',
	        'watercolour',
	       40,
	       30,
	       'turmoil-with-flying',
	      'limited edition print, &pound;50',
	       0,
		650,
		 422);


INSERT INTO art_pricing(art, item_number, description, price)
	VALUES(LAST_INSERT_ID(), 'jc117', 'limited editon print', 50);


##---------------------------------------------------------------   

INSERT INTO art (artist, title, media, width, height, image, pricing_info, main_image, image_width, image_height)
	VALUES(255,
	       'early morning mist on the hudson river',
	       'watercolour',
	       40,
	       30,
	       'early-morning-mist',
	      'original, &pound;240',
	       0,
		650,
		 471);


INSERT INTO art_pricing(art, item_number, description, price)
	VALUES(LAST_INSERT_ID(), 'jc118', 'original', 240);


##--------------------------------------------------------------- 


INSERT INTO art (artist, title, media, width, height, image, pricing_info, main_image, image_width, image_height)
	VALUES(255,
	       'early morning mist on the hudson river',
	       'watercolour',
	       40,
	       30,
	       'early-morning-mist',
	      'limited edition print, &pound;50',
	       0,
		650,
		 471);


INSERT INTO art_pricing(art, item_number, description, price)
	VALUES(LAST_INSERT_ID(), 'jc119', 'limited editon print', 50);


##---------------------------------------------------------------     





INSERT INTO art (artist, title, media, width, height, image, pricing_info, main_image, image_width, image_height)
	VALUES(255,
	       'work the evening tide',
	       'watercolour',
	       40,
	       30,
	       'work-the-evening',
	      'limited edition print, &pound;50',
	       0,
		650,
		 451);


INSERT INTO art_pricing(art, item_number, description, price)
	VALUES(LAST_INSERT_ID(), 'jc112', 'limited edition print', 50);


##---------------------------------------------------------------

INSERT INTO art (artist, title, media, width, height, image, pricing_info, main_image, image_width, image_height)
	VALUES(255,
	       'river mersey off new brighton 1914',
	       'watercolour',
	       40,
	       30,
	       'river-mersey-off',
	      'original, &pound;250',
	       0,
		650,
		 483);


INSERT INTO art_pricing(art, item_number, description, price)
	VALUES(LAST_INSERT_ID(), 'jc102', 'original', 250);


##---------------------------------------------------------------


INSERT INTO art (artist, title, media, width, height, image, pricing_info, main_image, image_width, image_height)
	VALUES(255,
	       'river mersey off new brighton 1914',
	       'watercolour',
	       40,
	       30,
	       'river-mersey-off',
	      'limited edition print, &pound;50',
	       0,
		650,
		 483);


INSERT INTO art_pricing(art, item_number, description, price)
	VALUES(LAST_INSERT_ID(), 'jc113', 'limited edition print', 50);


##---------------------------------------------------------------


INSERT INTO art (artist, title, media, width, height, image, pricing_info, main_image, image_width, image_height)
	VALUES(255,
	       'new liverpool waterfront',
	       'watercolour',
	       40,
	       30,
	       'new-liverpool-waterfront',
	      'original, &pound;240',
	       1,
		650,
		 478);


INSERT INTO art_pricing(art, item_number, description, price)
	VALUES(LAST_INSERT_ID(), 'jc103', 'original', 240);


##---------------------------------------------------------------

INSERT INTO art (artist, title, media, width, height, image, pricing_info, main_image, image_width, image_height)
	VALUES(255,
	       'new liverpool waterfront',
	       'watercolour',
	       40,
	       30,
	       'new-liverpool-waterfront',
	      'limited edition print, &pound;50',
	       0,
		650,
		 478);


INSERT INTO art_pricing(art, item_number, description, price)
	VALUES(LAST_INSERT_ID(), 'jc114', 'limited edition print', 50);

##---------------------------------------------------------------

INSERT INTO art (artist, title, media, width, height, image, pricing_info, main_image, image_width, image_height)
	VALUES(255,
	       'tight squeeze',
	       'watercolour',
	       40,
	       30,
	       'tight-squeeze',
	      'original, &pound;240',
	       0,
		650,
		 491);


INSERT INTO art_pricing(art, item_number, description, price)
	VALUES(LAST_INSERT_ID(), 'jc104', 'original', 240);


##---------------------------------------------------------------

INSERT INTO art (artist, title, media, width, height, image, pricing_info, main_image, image_width, image_height)
	VALUES(255,
	       'tight squeeze',
	       'watercolour',
	       40,
	       30,
	       'tight-squeeze',
	      'limited edition print, &pound;50',
	       0,
		650,
		 491);


INSERT INTO art_pricing(art, item_number, description, price)
	VALUES(LAST_INSERT_ID(), 'jc115', 'limited edition print', 50);


##---------------------------------------------------------------

INSERT INTO art (artist, title, media, width, height, image, pricing_info, main_image, image_width, image_height)
	VALUES(255,
	       'entering eastham locks winter scene',
	       'watercolour',
	       40,
	       30,
	       'entering-eastham-locks',
	      'original, &pound;250',
	       0,
		650,
		 478);


INSERT INTO art_pricing(art, item_number, description, price)
	VALUES(LAST_INSERT_ID(), 'jc105', 'original', 250);


##---------------------------------------------------------------


INSERT INTO art (artist, title, media, width, height, image, pricing_info, main_image, image_width, image_height)
	VALUES(255,
	       'irene lamey assisting irish oak...',
	       'watercolour',
	       40,
	       30,
	       'irene-lamey-assisting',
	      'original, &pound;240',
	       0,
		650,
		 494);


INSERT INTO art_pricing(art, item_number, description, price)
	VALUES(LAST_INSERT_ID(), 'jc106', 'original', 240);


##---------------------------------------------------------------

INSERT INTO art (artist, title, media, width, height, image, pricing_info, main_image, image_width, image_height)
	VALUES(255,
	       'irene lamey assisting irish oak...',
	       'watercolour',
	       40,
	       30,
	       'irene-lamey-assisting',
	      'limited edition print, &pound;50',
	       0,
		650,
		 494);


INSERT INTO art_pricing(art, item_number, description, price)
	VALUES(LAST_INSERT_ID(), 'jc115', 'limited edition print', 50);


##---------------------------------------------------------------

INSERT INTO art (artist, title, media, width, height, image, pricing_info, main_image, image_width, image_height)
	VALUES(255,
	       'christmas past',
	       'print',
	       40,
	       30,
	       'christmas-past',
	      'limited edition print, &pound;60',
	       0,
		650,
		 481);


INSERT INTO art_pricing(art, item_number, description, price)
	VALUES(LAST_INSERT_ID(), 'jc107', 'limited editon print', 60);


##---------------------------------------------------------------


INSERT INTO art (artist, title, media, width, height, image, pricing_info, main_image, image_width, image_height)
	VALUES(255,
	       'last of the four bridges',
	       'watercolour',
	       40,
	       30,
	       'last-of-the',
	      'original, &pound;240',
	       0,
		650,
		 497);


INSERT INTO art_pricing(art, item_number, description, price)
	VALUES(LAST_INSERT_ID(), 'jc108', 'original', 240);


##---------------------------------------------------------------

INSERT INTO art (artist, title, media, width, height, image, pricing_info, main_image, image_width, image_height)
	VALUES(255,
	       'last of the four bridges',
	       'watercolour',
	       40,
	       30,
	       'last-of-the',
	      'limited edition print, &pound;50',
	       0,
		650,
		 497);


INSERT INTO art_pricing(art, item_number, description, price)
	VALUES(LAST_INSERT_ID(), 'jc116', 'limited edition print', 50);


##---------------------------------------------------------------

INSERT INTO art (artist, title, media, width, height, image, pricing_info, main_image, image_width, image_height)
	VALUES(255,
	       'falkland summer morning',
	       'watercolour',
	       40,
	       30,
	       'falkland-summer-morning',
	      'original, &pound;240',
	       0,
		650,
		 468);


INSERT INTO art_pricing(art, item_number, description, price)
	VALUES(LAST_INSERT_ID(), 'jc109', 'original', 240);


##---------------------------------------------------------------

INSERT INTO art (artist, title, media, width, height, image, pricing_info, main_image, image_width, image_height)
	VALUES(255,
	       'falkland summer morning',
	       'watercolour',
	       40,
	       30,
	       'falkland-summer-morning',
	      'limited edition print, &pound;50',
	       0,
		650,
		 468);


INSERT INTO art_pricing(art, item_number, description, price)
	VALUES(LAST_INSERT_ID(), 'jc117', 'limited edition print', 50);


##---------------------------------------------------------------

INSERT INTO art (artist, title, media, width, height, image, pricing_info, main_image, image_width, image_height)
	VALUES(255,
	       'cammell laird wet basin',
	       'watercolour',
	       40,
	       30,
	       'cammell-laird-wet',
	      'original, &pound;250',
	       0,
		650,
		 430);


INSERT INTO art_pricing(art, item_number, description, price)
	VALUES(LAST_INSERT_ID(), 'jc110', 'original', 250);


##---------------------------------------------------------------


INSERT INTO art (artist, title, media, width, height, image, pricing_info, main_image, image_width, image_height)
	VALUES(255,
	       'waterloo assisting ada gorthorn...',
	       'print',
	       40,
	       30,
	       'waterloo-assisting-ada',
	      'limited edition print, &pound;50',
	       0,
		650,
		 485);


INSERT INTO art_pricing(art, item_number, description, price)
	VALUES(LAST_INSERT_ID(), 'jc111', 'limited editon print', 50);


##---------------------------------------------------------------





INSERT INTO artist (id, name, statement, notes, display, keywords)
	VALUES(259, 'erica hamilton',

	'<p class="artist">Erica says it was an easy decision in 2006 to put 
aside years of teaching in the North East to study art at LJMU from where she 
graduated in 2009. She chose Liverpool for its vibrant art community and within 
a year had a studio in the thriving Arena Art and Design Group. 
The personal association with other professional artists and the 
participatory opportunities through both Arena, and more recently, dot-art - 
have proved invaluable.</p>

<p class="artist">Proximity to the sea is key to Erica''s work as an artist, 
hence Liverpool, where her love of verbal communication has ample opportunities 
for expression too! Eight years as a child in Sweden where "Naturen", 
the sea and the lakes are an intrinsic part of the way of life, 
plus time spent on an Island bird sanctuary in the middle of Firth of 
Forth with her father, a keen bird-watcher and conservationist, is reflected 
in her work. Awarded a scholarship by LJMU in 2008 to research in India - 
one of the highlights of the trip was the hours spent floating down the Ganges 
as night fell. The reflections, the sounds and the uniqueness of that river 
became rich additions to the artist''s repertoire.</p>

<p class="artist">The rhythm of the natural world is a recurrent theme in her work  
and none more so than the sea - however Erica Hamilton''s interest in language 
and pre-occupation with the misuse/morphing and subsequent lost meaning of words, 
escalating through the over-load of social media, has become an increasing focus. 
The artist''s recent work has revolved round these two conflicting subjects; 
Every heartbeat counts every word matters looks to consider the ease in which 
we accept the trivialisation/normalisation of abusive words and the outpouring 
banal noises that overwhelm. The artist asks/demands of us to search for the 
submerged words - not just to hear but to listen.</p>

<p class="artist"></p>

<p class="artist">
</p>

<p class="artist"></p>',
               NULL,
	       1,
		'Erica Hamilton Artist, Abstract Art, expressionist art, Liverpool artist,
');

##---------------------------------------------------------------


INSERT INTO art (artist, title, media, width, height, image, pricing_info, main_image, image_width, image_height)
	VALUES(259,
	       'irregular pulse 1- start',
	       'gesso and acrylic on canvas',
	       107,
	       107,
	       'irregular-pulse-1',
	      'not currently available',
	       0,
		650,
		 649);


INSERT INTO art_pricing(art, item_number, description, price)
	VALUES(LAST_INSERT_ID(), 'eh100', 'original', 395);


##---------------------------------------------------------------




INSERT INTO art (artist, title, media, width, height, image, pricing_info, main_image, image_width, image_height)
	VALUES(259,
	       'irregular pulse 2- is that relevant',
	       'gesso and acrylic on canvas',
	       99,
	       99,
	       'irregular-pulse-2',
	      'original, &pound;395',
	       0,
		650,
		 650);


INSERT INTO art_pricing(art, item_number, description, price)
	VALUES(LAST_INSERT_ID(), 'eh101', 'original', 395);


##---------------------------------------------------------------



INSERT INTO art (artist, title, media, width, height, image, pricing_info, main_image, image_width, image_height)
	VALUES(259,
	       'irregular pulse 3- listen',
	       'gesso and acrylic on canvas',
	       92,
	       92,
	       'irregular-pulse-3',
	       'not currently available',
	       0,
		650,
		 650);


INSERT INTO art_pricing(art, item_number, description, price)
	VALUES(LAST_INSERT_ID(), 'eh102', 'original', 395);


##---------------------------------------------------------------




INSERT INTO art (artist, title, media, width, height, image, pricing_info, main_image, image_width, image_height)
	VALUES(259,
	       'im listening now',
	       'acrylic on canvas',
	       62,
	       62,
	       'im-listening-now',
	      'original, &pound;210',
	       0,
		639,
		 650);


INSERT INTO art_pricing(art, item_number, description, price)
	VALUES(LAST_INSERT_ID(), 'eh109', 'original', 210);


##---------------------------------------------------------------



INSERT INTO art (artist, title, media, width, height, image, pricing_info, main_image, image_width, image_height)
	VALUES(259,
	       'hold that thought in passing',
	       'acrylic on canvas',
	       91,
	       153,
	       'hold-that-thought',
	       'not currently available',
	       0,
		390,
		 650);


INSERT INTO art_pricing(art, item_number, description, price)
	VALUES(LAST_INSERT_ID(), 'eh110', 'original', 525);


##---------------------------------------------------------------



INSERT INTO art (artist, title, media, width, height, image, pricing_info, main_image, image_width, image_height)
	VALUES(259,
	       'north for six hours',
	       'oil on canvas',
	       120,
	       90,
	       'north-for-six',
	     'not currently available',
	       0,
		650,
		 479);


INSERT INTO art_pricing(art, item_number, description, price)
	VALUES(LAST_INSERT_ID(), 'eh111', 'original', 495);


##---------------------------------------------------------------



INSERT INTO art (artist, title, media, width, height, image, pricing_info, main_image, image_width, image_height)
	VALUES(259,
	       'n.b.- so not x (triptych)',
	       'oil on canvas',
	       250,
	       240,
	       'nb-so-no',
	     'original, &pound;1200',
	       0,
		650,
		 595);

INSERT INTO art_pricing(art, item_number, description, price)
	VALUES(LAST_INSERT_ID(), 'eh114', 'original', 1200);


##---------------------------------------------------------------


INSERT INTO art (artist, title, media, width, height, image, pricing_info, main_image, image_width, image_height)
	VALUES(259,
	       'depth',
	       'oil on canvas',
	       122,
	       91,
	       'depth',
	      'sold',
	       0,
		650,
		 485);




##---------------------------------------------------------------




INSERT INTO art (artist, title, media, width, height, image, pricing_info, main_image, image_width, image_height)
	VALUES(259,
	       'filling the cracks',
	       'oil on canvas',
	       100,
	       100,
	       'filling-the-cracks',
	      'sold',
	       0,
		650,
		 647);



##---------------------------------------------------------------




INSERT INTO art (artist, title, media, width, height, image, pricing_info, main_image, image_width, image_height)
	VALUES(259,
	       'still standing still',
	       'oil on canvas (4 x canvases)',
	       40,
	       170,
	       'still-standing-still',
	      'sold',
	       0,
		602,
		 650);




##---------------------------------------------------------------



INSERT INTO art (artist, title, media, width, height, image, pricing_info, main_image, image_width, image_height)
	VALUES(259,
	       'cover up',
	       'oil on canvas',
	       90,
	       120,
	       'cover-up',
	       'not currently available',
	       0,
		560,
		 650);


INSERT INTO art_pricing(art, item_number, description, price)
	VALUES(LAST_INSERT_ID(), 'eh114', 'original', 350);


##---------------------------------------------------------------



INSERT INTO art (artist, title, media, width, height, image, pricing_info, main_image, image_width, image_height)
	VALUES(259,
	       'exit- no way out',
	       'oil on canvas',
	       100,
	       100,
	       'exit',
	      'original, &pound;320',
	       0,
		643,
		 650);


INSERT INTO art_pricing(art, item_number, description, price)
	VALUES(LAST_INSERT_ID(), 'eh115', 'original', 320);


##---------------------------------------------------------------





INSERT INTO art (artist, title, media, width, height, image, pricing_info, main_image, image_width, image_height)
	VALUES(259,
	       'markers',
	       'acrylic on canvas',
	       64,
	       75,
	       'markers',
	      'original, &pound;125',
	       0,
		560,
		 650);


INSERT INTO art_pricing(art, item_number, description, price)
	VALUES(LAST_INSERT_ID(), 'eh113', 'original', 125);


##---------------------------------------------------------------



INSERT INTO art (artist, title, media, width, height, image, pricing_info, main_image, image_width, image_height)
	VALUES(259,
	       'lost moment in time',
	       'acrylic on canvas',
	       122,
	       91,
	       'lost-moment-in',
	      'not currently available',
	       1,
		650,
		 489);


INSERT INTO art_pricing(art, item_number, description, price)
	VALUES(LAST_INSERT_ID(), 'eh103', 'original', 450);


##---------------------------------------------------------------



INSERT INTO art (artist, title, media, width, height, image, pricing_info, main_image, image_width, image_height)
	VALUES(259,
	       'breaking up',
	       'acrylic on canvas',
	       61,
	       61,
	       'breaking-up',
	      'not currently available',
	       0,
		650,
		 650);


INSERT INTO art_pricing(art, item_number, description, price)
	VALUES(LAST_INSERT_ID(), 'eh108', 'original', 125);


##---------------------------------------------------------------



INSERT INTO art (artist, title, media, width, height, image, pricing_info, main_image, image_width, image_height)
	VALUES(259,
	       'hearing never listening',
	       'acrylic on canvas',
	       51,
	       76,
	       'hearing-never-listening',
	      'original, &pound;125',
	       0,
		431,
		 650);


INSERT INTO art_pricing(art, item_number, description, price)
	VALUES(LAST_INSERT_ID(), 'eh105', 'original', 125);


##---------------------------------------------------------------


INSERT INTO artist (id, name, statement, notes, display, keywords)
	VALUES(261, 'pamela holstein',

	'<p class="artist">I am a Liverpool-born artist, 
based in Breeze Studios in the city centre. I enjoy working in the medium of 
printmaking. This involves etching metal plates, a print is produced when the 
plate is passed through a press. My photographs are shot on photographic film 
using a range of analogue cameras. I like the different perspectives they can 
give to familiar objects and scenes. All images are created without the use of 
digital manipulation.
</p>

<p class="artist">For many years I have kept scrap books of quirky stories 
and imagery that appeal to me. These, combined with my interest in the natural 
world, feed into my work. I have exhibited widely in London and throughout the Northwest and my work is in 
a number of private collections.</p>

<p class="artist"></p>

<p class="artist">All prints are sold mounted, signed and numbered. 
Photographic prints are produced in editions of 20-60.
Original prints are produced in editions of 1-10.</p>

<p class="artist"></p>',
               NULL,
	       1,
		'keywords');

##---------------------------------------------------------------



INSERT INTO art (artist, title, media, width, height, image, pricing_info, main_image, image_width, image_height)
	VALUES(261,

	       'fusker',
	       'woodcut print',
	       30,
	       30,
	       'fusker',
	      'limited edition print, &pound;95',
	       0,
		650,
		 635);


INSERT INTO art_pricing(art, item_number, description, price)
	VALUES(LAST_INSERT_ID(), 'ph115', 'limited edition print', 95);


##---------------------------------------------------------------


INSERT INTO art (artist, title, media, width, height, image, pricing_info, main_image, image_width, image_height)
	VALUES(261,

	       'horse 3',
	       'dry point print',
	       19,
	       21,
	       'horse-3',
	      'limited edition print, &pound;95',
	       1,
		650,
		 578);


INSERT INTO art_pricing(art, item_number, description, price)
	VALUES(LAST_INSERT_ID(), 'ph120', 'limited edition print', 95);


##---------------------------------------------------------------



INSERT INTO art (artist, title, media, width, height, image, pricing_info, main_image, image_width, image_height)
	VALUES(261,

	       'autojumble',
	       'etching and aquatint',
	       10,
	       15,
	       'autojumble',
	      'limited edition print, &pound;75',
	       0,
		650,
		 431);


INSERT INTO art_pricing(art, item_number, description, price)
	VALUES(LAST_INSERT_ID(), 'ph111', 'limited edition print', 75);


##---------------------------------------------------------------


INSERT INTO art (artist, title, media, width, height, image, pricing_info, main_image, image_width, image_height)
	VALUES(261,

	       'get me out of here!',
	       'etching and aquatint',
	       10,
	       15,
	       'get-me-out',
	      'limited edition print, &pound;75',
	       0,
		650,
		 413);


INSERT INTO art_pricing(art, item_number, description, price)
	VALUES(LAST_INSERT_ID(), 'ph112', 'limited edition print', 75);


##---------------------------------------------------------------


INSERT INTO art (artist, title, media, width, height, image, pricing_info, main_image, image_width, image_height)
	VALUES(261,

	       'deep sea dog',
	       'etching and aquatint',
	       10,
	       11,
	       'deep-sea-dog',
	      'limited edition print, &pound;65',
	       0,
		650,
		 584);


INSERT INTO art_pricing(art, item_number, description, price)
	VALUES(LAST_INSERT_ID(), 'ph116', 'limited edition print', 65);


##---------------------------------------------------------------


INSERT INTO art (artist, title, media, width, height, image, pricing_info, main_image, image_width, image_height)
	VALUES(261,

	       'blue deep sea dog',
	       'etching and aquatint',
	       10,
	       11,
	       'blue-deep-sea',
	      'limited edition print, &pound;65',
	       0,
		650,
		 584);


INSERT INTO art_pricing(art, item_number, description, price)
	VALUES(LAST_INSERT_ID(), 'ph117', 'limited edition print', 65);


##---------------------------------------------------------------


INSERT INTO art (artist, title, media, width, height, image, pricing_info, main_image, image_width, image_height)
	VALUES(261,

	       'lost wing',
	       'dry point print',
	       10,
	       11,
	       'lost-wing',
	      'limited edition print, &pound;65',
	       0,
		624,
		 650);


INSERT INTO art_pricing(art, item_number, description, price)
	VALUES(LAST_INSERT_ID(), 'ph118', 'limited edition print', 65);


##---------------------------------------------------------------


INSERT INTO art (artist, title, media, width, height, image, pricing_info, main_image, image_width, image_height)
	VALUES(261,

	       'horse 1',
	       'dry point print',
	       21,
	       29,
	       'horse-1',
	      'limited edition print, &pound;95',
	       0,
		468,
		 650);


INSERT INTO art_pricing(art, item_number, description, price)
	VALUES(LAST_INSERT_ID(), 'ph121', 'limited edition print', 95);


##---------------------------------------------------------------

INSERT INTO art (artist, title, media, width, height, image, pricing_info, main_image, image_width, image_height)
	VALUES(261,

	       'stag',
	       'dry point print',
	       11,
	       14,
	       'stag',
	      'limited edition print, &pound;65',
	       0,
		456,
		 650);


INSERT INTO art_pricing(art, item_number, description, price)
	VALUES(LAST_INSERT_ID(), 'ph119', 'limited edition print', 65);


##---------------------------------------------------------------


INSERT INTO art (artist, title, media, width, height, image, pricing_info, main_image, image_width, image_height)
	VALUES(261,

	       'english stag beetle',
	       'ink on paper',
	       13,
	       15,
	       'english-stag-beetle',
	      'original, &pound;60',
	       0,
		488,
		 650);


INSERT INTO art_pricing(art, item_number, description, price)
	VALUES(LAST_INSERT_ID(), 'ph101', 'original', 60);


##---------------------------------------------------------------



INSERT INTO art (artist, title, media, width, height, image, pricing_info, main_image, image_width, image_height)
	VALUES(261,

	       'pengy in green jumper',
	       'lithograph with chine colle',
	       21,
	       30,
	       'pengy-in-green',
	      'limited edition print, &pound;95',
	       0,
		488,
		 650);


INSERT INTO art_pricing(art, item_number, description, price)
	VALUES(LAST_INSERT_ID(), 'ph107', 'limited edition print', 95);


##---------------------------------------------------------------


INSERT INTO art (artist, title, media, width, height, image, pricing_info, main_image, image_width, image_height)
	VALUES(261,

	       'pengy',
	       'paper lithograph',
	       21,
	       30,
	       'pengy',
	      'limited edition print, &pound;95',
	       0,
		471,
		 650);


INSERT INTO art_pricing(art, item_number, description, price)
	VALUES(LAST_INSERT_ID(), 'ph108', 'limited edition print', 95);


##---------------------------------------------------------------


INSERT INTO art (artist, title, media, width, height, image, pricing_info, main_image, image_width, image_height)
	VALUES(261,

	       'giraffe',
	       'lithograph',
	       25,
	       40,
	       'giraffe',
	      'limited edition print, &pound;95',
	       0,
		488,
		 650);


INSERT INTO art_pricing(art, item_number, description, price)
	VALUES(LAST_INSERT_ID(), 'ph109', 'limited edition print', 95);


##---------------------------------------------------------------


INSERT INTO art (artist, title, media, width, height, image, pricing_info, main_image, image_width, image_height)
	VALUES(261,

	       'coloured giraffe',
	       'hand coloured lithograph',
	       25,
	       40,
	       'coloured-giraffe',
	      'limited edition print, &pound;95',
	       0,
		488,
		 650);


INSERT INTO art_pricing(art, item_number, description, price)
	VALUES(LAST_INSERT_ID(), 'ph110', 'limited edition print', 95);


##---------------------------------------------------------------


INSERT INTO art (artist, title, media, width, height, image, pricing_info, main_image, image_width, image_height)
	VALUES(261,

	       'euryphagus lundii',
	       'collage on paper',
	       24,
	       24,
	       'euryphagus-lundii',
	      'original, &pound;90',
	       0,
		637,
		 650);


INSERT INTO art_pricing(art, item_number, description, price)
	VALUES(LAST_INSERT_ID(), 'ph113', 'original', 90);


##---------------------------------------------------------------


INSERT INTO art (artist, title, media, width, height, image, pricing_info, main_image, image_width, image_height)
	VALUES(261,

	       'vanessa atlanta',
	       'collage on canvas',
	       13,
	       13,
	       'vanessa-atlanta',
	      'original, &pound;60',
	       0,
		650,
		 650);


INSERT INTO art_pricing(art, item_number, description, price)
	VALUES(LAST_INSERT_ID(), 'ph122', 'original', 60);


##---------------------------------------------------------------


INSERT INTO art (artist, title, media, width, height, image, pricing_info, main_image, image_width, image_height)
	VALUES(261,

	       'i love here',
	       'photographic print',
	       14,
	       22,
	       'i-love-here',
	      'limited edition print, &pound;45',
	       0,
		650,
		 428);


INSERT INTO art_pricing(art, item_number, description, price)
	VALUES(LAST_INSERT_ID(), 'ph102', 'limited edition print', 45);


##---------------------------------------------------------------


INSERT INTO art (artist, title, media, width, height, image, pricing_info, main_image, image_width, image_height)
	VALUES(261,

	       'john',
	       'photographic print',
	       14,
	       22,
	       'john',
	      'limited edition print, &pound;45',
	       0,
		650,
		 437);


INSERT INTO art_pricing(art, item_number, description, price)
	VALUES(LAST_INSERT_ID(), 'ph103', 'limited edition print', 45);


##---------------------------------------------------------------


INSERT INTO art (artist, title, media, width, height, image, pricing_info, main_image, image_width, image_height)
	VALUES(261,

	       'san carlo',
	       'photographic print',
	       14,
	       22,
	       'san-carlo',
	      'limited edition print, &pound;45',
	       0,
		650,
		 447);


INSERT INTO art_pricing(art, item_number, description, price)
	VALUES(LAST_INSERT_ID(), 'ph104', 'limited edition print', 45);


##---------------------------------------------------------------


INSERT INTO art (artist, title, media, width, height, image, pricing_info, main_image, image_width, image_height)
	VALUES(261,

	       'west kirby',
	       'photographic print',
	       14,
	       22,
	       'west-kirby',
	      'limited edition print, &pound;45',
	       0,
		650,
		 431);


INSERT INTO art_pricing(art, item_number, description, price)
	VALUES(LAST_INSERT_ID(), 'ph105', 'limited edition print', 45);


##---------------------------------------------------------------


INSERT INTO art (artist, title, media, width, height, image, pricing_info, main_image, image_width, image_height)
	VALUES(261,

	       'kite festival',
	       'photographic print',
	       14,
	       22,
	       'kite-festival',
	      'limited edition print, &pound;45',
	       0,
		650,
		 390);


INSERT INTO art_pricing(art, item_number, description, price)
	VALUES(LAST_INSERT_ID(), 'ph106', 'limited edition print', 45);


##---------------------------------------------------------------



INSERT INTO art (artist, title, media, width, height, image, pricing_info, main_image, image_width, image_height)
	VALUES(261,

	       'aintree',
	       'photographic print',
	       9,
	       26,
	       'aintree',
	      'limited edition print, &pound;45',
	       0,
		650,
		 231);


INSERT INTO art_pricing(art, item_number, description, price)
	VALUES(LAST_INSERT_ID(), 'ph114', 'limited edition print', 45);


##---------------------------------------------------------------





INSERT INTO artist (id, name, statement, notes, display, keywords)
	VALUES(263, 'philip rowlands',

	'<p class="artist"> 
</p>

<p class="artist">Philip is a Liverpool based artist who specialises in animal
 portraits.</p>

<p class="artist"></p>

<p class="artist"></p>

<p class="artist"></p>',
               NULL,
	       1,
		'keywords');

##---------------------------------------------------------------


INSERT INTO art (artist, title, media, width, height, image, pricing_info, main_image, image_width, image_height)
	VALUES(263,

	       'resting place',
	       'gouache on paper',
	       21,
	       30,
	       'resting-place',
	      'original, &pound;60',
	       0,
		397,
		 650);


INSERT INTO art_pricing(art, item_number, description, price)
	VALUES(LAST_INSERT_ID(), 'pw117', 'original', 60);


##---------------------------------------------------------------



INSERT INTO art (artist, title, media, width, height, image, pricing_info, main_image, image_width, image_height)
	VALUES(263,

	       'spot the tiger',
	       'acrylic and gouache on illustrated board',
	       30,
	       41,
	       'spot-the-tiger',
	      'original, &pound;50',
	       0,
		473,
		 650);


INSERT INTO art_pricing(art, item_number, description, price)
	VALUES(LAST_INSERT_ID(), 'pw114', 'original', 50);


##---------------------------------------------------------------

INSERT INTO art (artist, title, media, width, height, image, pricing_info, main_image, image_width, image_height)
	VALUES(263,

	       'my beautiful orange feet',
	       'crayon and gouache on textured paper',
	       25.5,
	       30,
	       'my-beautiful-orange',
	      'original, &pound;60',
	       0,
		486,
		 650);


INSERT INTO art_pricing(art, item_number, description, price)
	VALUES(LAST_INSERT_ID(), 'pw119', 'original', 60);


##---------------------------------------------------------------


INSERT INTO art (artist, title, media, width, height, image, pricing_info, main_image, image_width, image_height)
	VALUES(263,

	       'close to the horn',
	       'acrylic and gouache on paper',
	       27.5,
	       39.5,
	       'close-to-the',
	      'original, &pound;60',
	       1,
		473,
		 650);


INSERT INTO art_pricing(art, item_number, description, price)
	VALUES(LAST_INSERT_ID(), 'pw110', 'original', 60);


##---------------------------------------------------------------



INSERT INTO art (artist, title, media, width, height, image, pricing_info, main_image, image_width, image_height)
	VALUES(263,

	       'out foxed',
	       'crayon and gouache on textured paper',
	       19.5,
	       23.5,
	       'out-foxed',
	      'original, &pound;40',
	       0,
		533,
		 650);


INSERT INTO art_pricing(art, item_number, description, price)
	VALUES(LAST_INSERT_ID(), 'pw103', 'original', 40);


##---------------------------------------------------------------

INSERT INTO art (artist, title, media, width, height, image, pricing_info, main_image, image_width, image_height)
	VALUES(263,

	       'stripes in the city',
	       'crayon and gouache on textured paper',
	       29.5,
	       21,
	       'strips-in-the',
	      'original, &pound;40',
	       0,
		461,
		 650);


INSERT INTO art_pricing(art, item_number, description, price)
	VALUES(LAST_INSERT_ID(), 'pw101', 'original', 40);


##---------------------------------------------------------------


INSERT INTO art (artist, title, media, width, height, image, pricing_info, main_image, image_width, image_height)
	VALUES(263,

	       'spot on the snow',
	       'crayon and gouache on textured paper',
	       30,
	       21,
	       'spot-on-the',
	      'original, &pound;40',
	       0,
		650,
		 465);


INSERT INTO art_pricing(art, item_number, description, price)
	VALUES(LAST_INSERT_ID(), 'pw102', 'original', 40);


##---------------------------------------------------------------


INSERT INTO art (artist, title, media, width, height, image, pricing_info, main_image, image_width, image_height)
	VALUES(263,

	       'horse play',
	       'crayon and gouache on textured paper',
	       21,
	       23.5,
	       'horse-play',
	      'original, &pound;40',
	       0,
		467,
		 650);


INSERT INTO art_pricing(art, item_number, description, price)
	VALUES(LAST_INSERT_ID(), 'pw104', 'original', 40);


##---------------------------------------------------------------


INSERT INTO art (artist, title, media, width, height, image, pricing_info, main_image, image_width, image_height)
	VALUES(263,

	       'deer copse',
	       'crayon and gouache on textured paper',
	       21,
	       30,
	       'deer-copse',
	      'original, &pound;50',
	       0,
		499,
		 650);


INSERT INTO art_pricing(art, item_number, description, price)
	VALUES(LAST_INSERT_ID(), 'pw105', 'original', 50);


##---------------------------------------------------------------


INSERT INTO art (artist, title, media, width, height, image, pricing_info, main_image, image_width, image_height)
	VALUES(263,

	       'cold out',
	       'crayon and acrylic on paper',
	       20.5,
	       20.5,
	       'cold-out',
	      'original, &pound;40',
	       0,
		641,
		 650);


INSERT INTO art_pricing(art, item_number, description, price)
	VALUES(LAST_INSERT_ID(), 'pw106', 'original', 40);


##---------------------------------------------------------------


INSERT INTO art (artist, title, media, width, height, image, pricing_info, main_image, image_width, image_height)
	VALUES(263,

	       'big croaker',
	       'crayon and gouache on textured paper',
	       29.5,
	       20,
	       'big-croaker',
	      'original, &pound;40',
	       0,
		650,
		 438);


INSERT INTO art_pricing(art, item_number, description, price)
	VALUES(LAST_INSERT_ID(), 'pw107', 'original', 40);


##---------------------------------------------------------------


INSERT INTO art (artist, title, media, width, height, image, pricing_info, main_image, image_width, image_height)
	VALUES(263,

	       'catch!',
	       'crayon and gouache on textured paper',
	       20.5,
	       23,
	       'catch!',
	      'original, &pound;40',
	       0,
		650,
		 597);


INSERT INTO art_pricing(art, item_number, description, price)
	VALUES(LAST_INSERT_ID(), 'pw108', 'original', 40);


##---------------------------------------------------------------


INSERT INTO art (artist, title, media, width, height, image, pricing_info, main_image, image_width, image_height)
	VALUES(263,

	       'in the moon light',
	       'crayon and acrylic on paper',
	       28,
	       38,
	       'in-the-moon',
	      'original, &pound;50',
	       0,
		473,
		 650);


INSERT INTO art_pricing(art, item_number, description, price)
	VALUES(LAST_INSERT_ID(), 'pw109', 'original', 50);


##---------------------------------------------------------------




INSERT INTO art (artist, title, media, width, height, image, pricing_info, main_image, image_width, image_height)
	VALUES(263,

	       'lookout on the lookout',
	       'acrylic and gouache on illustration board',
	       29.5,
	       39.5,
	       'lookout-on-the',
	      'original, &pound;50',
	       0,
		473,
		 650);


INSERT INTO art_pricing(art, item_number, description, price)
	VALUES(LAST_INSERT_ID(), 'pw111', 'original', 50);


##---------------------------------------------------------------


INSERT INTO art (artist, title, media, width, height, image, pricing_info, main_image, image_width, image_height)
	VALUES(263,

	       'junior',
	       'pencil study on paper',
	       30,
	       20.5,
	       'junior',
	      'original, &pound;40',
	       0,
		650,
		 516);


INSERT INTO art_pricing(art, item_number, description, price)
	VALUES(LAST_INSERT_ID(), 'pw112', 'original', 40);


##---------------------------------------------------------------


INSERT INTO art (artist, title, media, width, height, image, pricing_info, main_image, image_width, image_height)
	VALUES(263,

	       'panda',
	       'crayon and gouache on textured paper',
	       21.5,
	       22.5,
	       'panda',
	      'original, &pound;40',
	       0,
		615,
		 650);


INSERT INTO art_pricing(art, item_number, description, price)
	VALUES(LAST_INSERT_ID(), 'pw113', 'original', 40);


##---------------------------------------------------------------



INSERT INTO art (artist, title, media, width, height, image, pricing_info, main_image, image_width, image_height)
	VALUES(263,

	       'swingers',
	       'crayon and gouache on textured paper',
	       21,
	       30.5,
	       'swingers',
	      'original, &pound;40',
	       0,
		457,
		 650);


INSERT INTO art_pricing(art, item_number, description, price)
	VALUES(LAST_INSERT_ID(), 'pw115', 'original', 40);


##---------------------------------------------------------------


INSERT INTO art (artist, title, media, width, height, image, pricing_info, main_image, image_width, image_height)
	VALUES(263,

	       'what cull',
	       'acrylic and gouache on illustration board',
	       28.5,
	       32,
	       'what-cull',
	      'original, &pound;50',
	       0,
		453,
		 650);


INSERT INTO art_pricing(art, item_number, description, price)
	VALUES(LAST_INSERT_ID(), 'pw116', 'original', 50);


##---------------------------------------------------------------



INSERT INTO art (artist, title, media, width, height, image, pricing_info, main_image, image_width, image_height)
	VALUES(263,

	       'big tusks little trunks',
	       'acrylic and gouache on paper',
	       21.5,
	       28,
	       'big-tusk-little',
	      'original, &pound;40',
	       0,
		494,
		 650);


INSERT INTO art_pricing(art, item_number, description, price)
	VALUES(LAST_INSERT_ID(), 'pw118', 'original', 40);


##---------------------------------------------------------------



INSERT INTO art (artist, title, media, width, height, image, pricing_info, main_image, image_width, image_height)
	VALUES(263,

	       'have a seat',
	       'acrylic and gouache on paper',
	       21,
	       27.5,
	       'have-a-seat',
	      'original, &pound;40',
	       0,
		495,
		 650);


INSERT INTO art_pricing(art, item_number, description, price)
	VALUES(LAST_INSERT_ID(), 'pw120', 'original', 40);


##---------------------------------------------------------------


INSERT INTO art (artist, title, media, width, height, image, pricing_info, main_image, image_width, image_height)
	VALUES(263,

	       'birds of a feather',
	       'crayon and gouache on textured paper',
	       28,
	       21,
	       'birds-of-a',
	      'original, &pound;50',
	       0,
		489,
		 650);


INSERT INTO art_pricing(art, item_number, description, price)
	VALUES(LAST_INSERT_ID(), 'pw121', 'original', 50);


##---------------------------------------------------------------







INSERT INTO artist (id, name, statement, notes, display, keywords)
	VALUES(262, 'bryn davies',

	'<p class="artist"> 
</p>

<p class="artist">Bryn is an award winning Fine Art Photographer and Designer. Based in Liverpool he runs his own company called Indigenous, which works with international companies, start-ups and community groups on art projects and commercial design consultancy. 
Bryn''s time is split between home and abroad, which has an influence on his art works and subject matter as can be seen in 
his collection available through dot-art.</p>

<p class="artist">Shan Shui: An award winning collection of Chinese landscapes following the principles of traditional brush and ink Calligraphy paintings in China. 
Each image is limited to an edition of 50 prints. All sizes are the paper dimensions.</p>

<p class="artist">Beyond Another Place: An extremely intimate series that studies the Sefton Coast line with an ode to Western Art History across the landscape. 
Beyond Another Place focuses on natural cycles, light and texture to capture the essence of the land without the iconography. Each image is limited to an edition of 10 prints. All sizes include mounts.</p>

<p class="artist">All editions are made using Museum Grade Papers and Archival inks, personally printed, stamped and titled by the artist.</p>

<p class="artist"></p>',
               NULL,
	       1,
		'keywords');

##---------------------------------------------------------------



INSERT INTO art (artist, title, media, width, height, image, pricing_info, main_image, image_width, image_height)
	VALUES(262,

	       'wall of fire',
	      	'limited edition mounted print',
	       40,
	       50,
	       'wall-of-fire',
	      'limited edition print, &pound;79',
	       1,
		650,
		 650);


INSERT INTO art_pricing(art, item_number, description, price)
	VALUES(LAST_INSERT_ID(), 'yd114', 'photographic print', 79);


##---------------------------------------------------------------

INSERT INTO art (artist, title, media, width, height, image, pricing_info, main_image, image_width, image_height)
	VALUES(262,

	       'the gloaming',
	      	'limited edition mounted print',
	       40,
	       50,
	       'the-gloaming',
	      'limited edition print, &pound;79',
	       0,
		650,
		 650);


INSERT INTO art_pricing(art, item_number, description, price)
	VALUES(LAST_INSERT_ID(), 'yd112', 'photographic print', 79);


##---------------------------------------------------------------


INSERT INTO art (artist, title, media, width, height, image, pricing_info, main_image, image_width, image_height)
	VALUES(262,

	       'kiss goodnight',
	      	'limited edition mounted print',
	       40,
	       50,
	       'kiss-goodnight',
	      'limited edition print, &pound;79',
	       0,
		650,
		 650);


INSERT INTO art_pricing(art, item_number, description, price)
	VALUES(LAST_INSERT_ID(), 'yd108', 'photographic print', 79);


##---------------------------------------------------------------



INSERT INTO art (artist, title, media, width, height, image, pricing_info, main_image, image_width, image_height)
	VALUES(262,

	       'water colour',
	      	'limited edition mounted print',
	       40,
	       50,
	       'water-colour',
	      'limited edition print, &pound;79',
	       0,
		650,
		 650);


INSERT INTO art_pricing(art, item_number, description, price)
	VALUES(LAST_INSERT_ID(), 'yd115', 'photographic print', 79);


##---------------------------------------------------------------


INSERT INTO art (artist, title, media, width, height, image, pricing_info, main_image, image_width, image_height)
	VALUES(262,

	       'impressionism 2012',
	      	'limited edition mounted print',
	       40,
	       50,
	       'impressionism-2012',
	      'limited edition print, &pound;79',
	       0,
		488,
		 650);


INSERT INTO art_pricing(art, item_number, description, price)
	VALUES(LAST_INSERT_ID(), 'yd107', 'photographic print', 79);


##---------------------------------------------------------------

INSERT INTO art (artist, title, media, width, height, image, pricing_info, main_image, image_width, image_height)
	VALUES(262,

	       'romanticism 2012',
	      	'limited edition mounted print',
	       40,
	       50,
	       'romanticism-2012',
	      'limited edition print, &pound;79',
	       0,
		488,
		 650);


INSERT INTO art_pricing(art, item_number, description, price)
	VALUES(LAST_INSERT_ID(), 'yd109', 'photographic print', 79);


##---------------------------------------------------------------


INSERT INTO art (artist, title, media, width, height, image, pricing_info, main_image, image_width, image_height)
	VALUES(262,

	       'sails in the sky',
	      	'limited edition mounted print',
	       70,
	       50,
	       'sails-in-the',
	      'limited edition print, &pound;99',
	       0,
		650,
		 325);


INSERT INTO art_pricing(art, item_number, description, price)
	VALUES(LAST_INSERT_ID(), 'yd110', 'photographic print', 99);


##---------------------------------------------------------------


INSERT INTO art (artist, title, media, width, height, image, pricing_info, main_image, image_width, image_height)
	VALUES(262,

	       'sunburn',
	      	'limited edition mounted print',
	       70,
	       50,
	       'sunburn',
	      'limited edition print, &pound;99',
	       0,
		650,
		 325);


INSERT INTO art_pricing(art, item_number, description, price)
	VALUES(LAST_INSERT_ID(), 'yd111', 'photographic print', 99);


##---------------------------------------------------------------



INSERT INTO art (artist, title, media, width, height, image, pricing_info, main_image, image_width, image_height)
	VALUES(262,

	       'two tilted one straight',
	      	'limited edition mounted print',
	       70,
	       50,
	       'two-tilted-one',
	      'limited edition print, &pound;99',
	       0,
		650,
		 325);


INSERT INTO art_pricing(art, item_number, description, price)
	VALUES(LAST_INSERT_ID(), 'yd113', 'photographic print', 99);


##---------------------------------------------------------------





INSERT INTO art (artist, title, media, width, height, image, pricing_info, main_image, image_width, image_height)
	VALUES(262,

	       'brush and ink',
	      	'photographic print',
	       42,
	       59,
	       'brush-and-ink',
	      'limited edition print, &pound;199',
	       0,
		520,
		 650);


INSERT INTO art_pricing(art, item_number, description, price)
	VALUES(LAST_INSERT_ID(), 'yd101', 'photographic print', 199);


##---------------------------------------------------------------


INSERT INTO art (artist, title, media, width, height, image, pricing_info, main_image, image_width, image_height)
	VALUES(262,

	       'digital calligraphy',
	      	'photographic print',
	       59,
	       42,
	       'digital-calligraphy',
	      'limited edition print, &pound;199',
	       0,
		650,
		 520);


INSERT INTO art_pricing(art, item_number, description, price)
	VALUES(LAST_INSERT_ID(), 'yd102', 'photographic print', 199);


##---------------------------------------------------------------


INSERT INTO art (artist, title, media, width, height, image, pricing_info, main_image, image_width, image_height)
	VALUES(262,

	       'factory lines',
	      	'photographic print',
	       42,
	       59,
	       'factory-lines',
	      'limited edition print, &pound;199',
	       0,
		432,
		 650);


INSERT INTO art_pricing(art, item_number, description, price)
	VALUES(LAST_INSERT_ID(), 'yd103', 'photographic print', 199);


##---------------------------------------------------------------


INSERT INTO art (artist, title, media, width, height, image, pricing_info, main_image, image_width, image_height)
	VALUES(262,

	       'hamlets and terraces',
	      	'photographic print',
	       42,
	       59,
	       'hamlets-and-terraces',
	      'limited edition print, &pound;199',
	       0,
		364,
		 650);


INSERT INTO art_pricing(art, item_number, description, price)
	VALUES(LAST_INSERT_ID(), 'yd104', 'photographic print', 199);


##---------------------------------------------------------------


INSERT INTO art (artist, title, media, width, height, image, pricing_info, main_image, image_width, image_height)
	VALUES(262,

	       'red beyond the wall',
	      	'photographic print',
	       42,
	       59,
	       'red-beyond-the',
	      'limited edition print, &pound;199',
	       0,
		365,
		 650);


INSERT INTO art_pricing(art, item_number, description, price)
	VALUES(LAST_INSERT_ID(), 'yd105', 'photographic print', 199);


##---------------------------------------------------------------


INSERT INTO art (artist, title, media, width, height, image, pricing_info, main_image, image_width, image_height)
	VALUES(262,

	       'eyes on the road',
	      	'limited edition mounted print',
	       70,
	       50,
	       'eyes-on-the',
	      'limited edition print, &pound;99',
	       0,
		650,
		 325);


INSERT INTO art_pricing(art, item_number, description, price)
	VALUES(LAST_INSERT_ID(), 'yd106', 'photographic print', 99);


##---------------------------------------------------------------



INSERT INTO artist (id, name, statement, notes, display, keywords)
	VALUES(264, 'eddie bishop',

	'<p class="artist"> 
</p>

<p class="artist">Former professional footballer, Eddie has now exchanged the skill 
of his feet to his hands to make sculptures in steel, recently gaining a fine 
art degree.
He uses a force of individuality to create a rough elegance within his work. 
He explores the possibilities of manipulating
and transforming the steel, subverting the perception of this medium and 
its potential to make something aesthetically pleasing.
</p>

<p class="artist"></p>

<p class="artist"></p>

<p class="artist"></p>',
               NULL,
	       1,
		'keywords');

##---------------------------------------------------------------


INSERT INTO art (artist, title, media, width, height, image, pricing_info, main_image, image_width, image_height)
	VALUES(264,
	       'delusional mansons helter skelter',
	       'mild steel',
	       46,
	       41,
              
	       'delusional-mansons-helter',
	      'original, &pound;2500',
	       0,
		650,
		 617);


INSERT INTO art_pricing(art, item_number, description, price)
	VALUES(LAST_INSERT_ID(), 'eb101', 'original', 2500);


##---------------------------------------------------------------


INSERT INTO art (artist, title, media, width, height, image, pricing_info, main_image, image_width, image_height)
	VALUES(264,
	       'i read the news today oh boy',
	       'mild steel',
	       102,
	       68,
	       'i-read-the',
	      'original, &pound;800',
	       0,
		475,
		 650);


INSERT INTO art_pricing(art, item_number, description, price)
	VALUES(LAST_INSERT_ID(), 'eb102', 'original', 800);


##---------------------------------------------------------------


INSERT INTO art (artist, title, media, width, height, image, pricing_info, main_image, image_width, image_height)
	VALUES(264,
	       'angled web',
	       'mild steel',
	       103,
	       86,
               
	       'angled-web',
	      'original, &pound;850',
	       0,
		441,
		 650);


INSERT INTO art_pricing(art, item_number, description, price)
	VALUES(LAST_INSERT_ID(), 'eb103', 'original', 850);


##---------------------------------------------------------------


INSERT INTO art (artist, title, media, width, height, image, pricing_info, main_image, image_width, image_height)
	VALUES(264,
	       'for no one',
	       'mild steel',
	       36,
	       26,
              
	       'for-no-one',
	      'original, &pound;700',
	       0,
		650,
		 573);


INSERT INTO art_pricing(art, item_number, description, price)
	VALUES(LAST_INSERT_ID(), 'eb104', 'original', 700);


##---------------------------------------------------------------


INSERT INTO art (artist, title, media, width, height, image, pricing_info, main_image, image_width, image_height)
	VALUES(264,
	       'abbey road apple',
	       'mild steel',
	       52,
	       38,
               
	       'abbey-rd-apple',
	      'POA',
	       1,
		650,
		 476);




##---------------------------------------------------------------



INSERT INTO art (artist, title, media, width, height, image, pricing_info, main_image, image_width, image_height)
	VALUES(264,
	       'hexagonal curve',
	       'mild steel',
	       55,
	       30,
               
	       'hexagonal-curve',
	      'original, &pound;400',
	       0,
		437,
		 650);


INSERT INTO art_pricing(art, item_number, description, price)
	VALUES(LAST_INSERT_ID(), 'eb106', 'original', 400);


##---------------------------------------------------------------



INSERT INTO art (artist, title, media, width, height, image, pricing_info, main_image, image_width, image_height)
	VALUES(264,
	       'first of may',
	       'mild steel',
	       45,
	       35,
               
	       'first-of-may',
	      'sold',
	       0,
		650,
		 575);



##---------------------------------------------------------------



INSERT INTO art (artist, title, media, width, height, image, pricing_info, main_image, image_width, image_height)
	VALUES(264,
	       'web tree thinking out loud',
	       'mild steel',
	       40,
	       37,
               
	       'web-tree-thinking',
	      'original, &pound; 600',
	       0,
		645,
		 650);


INSERT INTO art_pricing(art, item_number, description, price)
	VALUES(LAST_INSERT_ID(), 'eb108', 'original',600 );


##---------------------------------------------------------------



INSERT INTO art (artist, title, media, width, height, image, pricing_info, main_image, image_width, image_height)
	VALUES(264,
	       'in-tune-with-dali',
	       'mild steel',
	       102,
	       63,
               
	       'in-tune-with',
	      'original, &pound; 7500',
	       0,
		650,
		 489);


INSERT INTO art_pricing(art, item_number, description, price)
	VALUES(LAST_INSERT_ID(), 'eb109', 'original',7500 );


##---------------------------------------------------------------



INSERT INTO art (artist, title, media, width, height, image, pricing_info, main_image, image_width, image_height)
	VALUES(264,
	       'liver birds ours to keep',
	       'mild steel',
	       105,
	       52,
               
	       'liver-birds-ours',
	      'original, &pound; 9000',
	       0,
		650,
		 342);


INSERT INTO art_pricing(art, item_number, description, price)
	VALUES(LAST_INSERT_ID(), 'eb110', 'original',9000 );


##---------------------------------------------------------------




INSERT INTO artist (id, name, statement, notes, display, keywords)
	VALUES(265, 'maria abernethy',

	'<p class="artist">My early work consisted of pencil and charcoal drawings with the subject matter always portrayed realistically. I then moved on to painting which opened my eyes to the world of colour. My focus began to take on a more abstract nature through painting, collage and photography. Works have always been based in reality, however, I like to change that reality and create something new from that starting point. 
</p>

<p class="artist">I begin a piece in a number of ways. It can be inspired by a phrase I hear, a thought I have, a photograph I take, a feeling I have or by something that catches my eye. I allow the work to develop intuitively, meandering, experimenting and following new insights and ideas. I work primarily with paint, inks and markers as they allow me instant access to colour, and I love colour mixing. More recently I have become interested in the use of computer software in creating art.
</p>

<p class="artist">Themes that run through my work are altered states, changing the original, and trying to see more than the perceived reality. 
"Forever", "Frequency" and "Portal" are part of a series about time, 
space and the universe. The next six pieces belong in the ongoing theme of romance and love.
"City Life" comprises seven pieces about urban living. "Dance, Dance, Dance" consists of five pieces and is a celebration of music.  
These eight pieces are linked together through the idea of romantic love and the tradition of giving flowers. There are thirty pieces in the body of work entitled "Mind''s Eye". It is an exploration of meditation and levels of consciousness which grew out of photographing everyday objects and nature, a wish to explore producing digital art and a continuing love of abstract art. Each of these thirty pieces began life as an original photograph, abstract painting or mixed media collage. The works are based on the swirling colours, blurred images and flowing patterns that I see when I meditate. Colours and symbols used have meanings e.g. in "Rest" the maps depict journey and the thread is for life and destiny, and in "Stillness" indigo is for understanding, violet self knowledge and blue for healing and truth, the moon depicts magic and its circle means infinity and eternity. With these works I have endeavoured to portray a longing for more meaning in life, and the wish for deeply felt connections.   </p>

<p class="artist">All artwork is produced as a limited edition of 100 giclee prints on acid free fine art paper, and sold mounted, numbered and signed by the artist.</p>

<p class="artist"></p>',
               NULL,
	       1,
		'Maria Abernethy Artist, Liverpool Artist, dot-art Artist, Digital artist, meditation art, spiritual art. limited edition print');


##---------------------------------------------------------------



INSERT INTO art (artist, title, media, width, height, image, pricing_info, main_image, image_width, image_height)
	VALUES(265,

	       'forever I',
	       'digital art',
	       30,
	       42,
	       'forever-I',
	      'limited edition print, &pound;65',
	       0,
		650,
		 450);


INSERT INTO art_pricing(art, item_number, description, price)
	VALUES(LAST_INSERT_ID(), 'ma137', 'limited edition print',65);



##---------------------------------------------------------------      


INSERT INTO art (artist, title, media, width, height, image, pricing_info, main_image, image_width, image_height)
	VALUES(265,

	       'forever II',
	       'digital art',
	       30,
	       42,
	       'forever-II',
	      'limited edition print, &pound;65',
	       0,
		650,
		 450);


INSERT INTO art_pricing(art, item_number, description, price)
	VALUES(LAST_INSERT_ID(), 'ma138', 'limited edition print',65);



##---------------------------------------------------------------      


INSERT INTO art (artist, title, media, width, height, image, pricing_info, main_image, image_width, image_height)
	VALUES(265,

	       'forever III',
	       'digital art',
	       30,
	       42,
	       'forever-III',
	      'limited edition print, &pound;65',
	       0,
		650,
		 450);


INSERT INTO art_pricing(art, item_number, description, price)
	VALUES(LAST_INSERT_ID(), 'ma139', 'limited edition print',65);



##---------------------------------------------------------------       


INSERT INTO art (artist, title, media, width, height, image, pricing_info, main_image, image_width, image_height)
	VALUES(265,

	       'frequency I',
	       'digital art',
	       30,
	       42,
	       'frequency-I',
	      'limited edition print, &pound;65',
	       0,
		650,
		 450);


INSERT INTO art_pricing(art, item_number, description, price)
	VALUES(LAST_INSERT_ID(), 'ma140', 'limited edition print',65);



##---------------------------------------------------------------   


INSERT INTO art (artist, title, media, width, height, image, pricing_info, main_image, image_width, image_height)
	VALUES(265,

	       'frequency II',
	       'digital art',
	       30,
	       42,
	       'frequency-II',
	      'limited edition print, &pound;65',
	       0,
		650,
		 450);


INSERT INTO art_pricing(art, item_number, description, price)
	VALUES(LAST_INSERT_ID(), 'ma141', 'limited edition print',65);



##---------------------------------------------------------------   


INSERT INTO art (artist, title, media, width, height, image, pricing_info, main_image, image_width, image_height)
	VALUES(265,

	       'frequency III',
	       'digital art',
	       30,
	       42,
	       'frequency-III',
	      'limited edition print, &pound;65',
	       0,
		650,
		 450);


INSERT INTO art_pricing(art, item_number, description, price)
	VALUES(LAST_INSERT_ID(), 'ma142', 'limited edition print',65);

##--------------------------------------------------------------- 


INSERT INTO art (artist, title, media, width, height, image, pricing_info, main_image, image_width, image_height)
	VALUES(265,

	       'portal I',
	       'digital art',
	       30,
	       42,
	       'portal-I',
	      'limited edition print, &pound;65',
	       0,
		650,
		 450);


INSERT INTO art_pricing(art, item_number, description, price)
	VALUES(LAST_INSERT_ID(), 'ma149', 'limited edition print',65);



##--------------------------------------------------------------- 


INSERT INTO art (artist, title, media, width, height, image, pricing_info, main_image, image_width, image_height)
	VALUES(265,

	       'portal II',
	       'digital art',
	       30,
	       42,
	       'portal-II',
	      'limited edition print, &pound;65',
	       0,
		650,
		 450);


INSERT INTO art_pricing(art, item_number, description, price)
	VALUES(LAST_INSERT_ID(), 'ma150', 'limited edition print',65);



##---------------------------------------------------------------   


INSERT INTO art (artist, title, media, width, height, image, pricing_info, main_image, image_width, image_height)
	VALUES(265,

	       'portal III',
	       'digital art',
	       30,
	       42,
	       'portal-III',
	      'limited edition print, &pound;65',
	       0,
		650,
		 450);


INSERT INTO art_pricing(art, item_number, description, price)
	VALUES(LAST_INSERT_ID(), 'ma151', 'limited edition print',65);



##---------------------------------------------------------------   
##---------------------------------------------------------------  

INSERT INTO art (artist, title, media, width, height, image, pricing_info, main_image, image_width, image_height)
	VALUES(265,

	       'breaking the ice I',
	       'digital art',
	       30,
	       42,
	       'breaking-the-iceI',
	      'limited edition print, &pound;65',
	       0,
		650,
		 450);


INSERT INTO art_pricing(art, item_number, description, price)
	VALUES(LAST_INSERT_ID(), 'ma131', 'limited edition print',65);



##---------------------------------------------------------------  


INSERT INTO art (artist, title, media, width, height, image, pricing_info, main_image, image_width, image_height)
	VALUES(265,

	       'breaking the ice II',
	       'digital art',
	       30,
	       42,
	       'breaking-the-iceII',
	      'limited edition print, &pound;65',
	       0,
		650,
		 450);


INSERT INTO art_pricing(art, item_number, description, price)
	VALUES(LAST_INSERT_ID(), 'ma132', 'limited edition print',65);



##---------------------------------------------------------------   


INSERT INTO art (artist, title, media, width, height, image, pricing_info, main_image, image_width, image_height)
	VALUES(265,

	       'breaking the ice III',
	       'digital art',
	       30,
	       42,
	       'breaking-the-iceIII',
	      'limited edition print, &pound;65',
	       0,
		650,
		 450);


INSERT INTO art_pricing(art, item_number, description, price)
	VALUES(LAST_INSERT_ID(), 'ma133', 'limited edition print',65);



##---------------------------------------------------------------     


INSERT INTO art (artist, title, media, width, height, image, pricing_info, main_image, image_width, image_height)
	VALUES(265,

	       'first and foremost I',
	       'digital art',
	       30,
	       42,
	       'first-and-foremostI',
	      'limited edition print, &pound;65',
	       0,
		650,
		 450);


INSERT INTO art_pricing(art, item_number, description, price)
	VALUES(LAST_INSERT_ID(), 'ma134', 'limited edition print',65);



##---------------------------------------------------------------   


INSERT INTO art (artist, title, media, width, height, image, pricing_info, main_image, image_width, image_height)
	VALUES(265,

	       'first and foremost II',
	       'digital art',
	       30,
	       42,
	       'first-and-foremostII',
	      'limited edition print, &pound;65',
	       0,
		650,
		 450);


INSERT INTO art_pricing(art, item_number, description, price)
	VALUES(LAST_INSERT_ID(), 'ma135', 'limited edition print',65);



##---------------------------------------------------------------    


INSERT INTO art (artist, title, media, width, height, image, pricing_info, main_image, image_width, image_height)
	VALUES(265,

	       'first and foremost III',
	       'digital art',
	       30,
	       42,
	       'first-and-foremostIII',
	      'limited edition print, &pound;65',
	       0,
		650,
		 450);


INSERT INTO art_pricing(art, item_number, description, price)
	VALUES(LAST_INSERT_ID(), 'ma136', 'limited edition print',65);



##---------------------------------------------------------------    



INSERT INTO art (artist, title, media, width, height, image, pricing_info, main_image, image_width, image_height)
	VALUES(265,

	       'from beginning to end I',
	       'digital art',
	       30,
	       42,
	       'from-beginning-toI',
	      'limited edition print, &pound;65',
	       0,
		650,
		 450);


INSERT INTO art_pricing(art, item_number, description, price)
	VALUES(LAST_INSERT_ID(), 'ma143', 'limited edition print',65);



##---------------------------------------------------------------   


INSERT INTO art (artist, title, media, width, height, image, pricing_info, main_image, image_width, image_height)
	VALUES(265,

	       'from beginning to end II',
	       'digital art',
	       30,
	       42,
	       'from-beginning-toII',
	      'limited edition print, &pound;65',
	       0,
		650,
		 450);


INSERT INTO art_pricing(art, item_number, description, price)
	VALUES(LAST_INSERT_ID(), 'ma144', 'limited edition print',65);



##---------------------------------------------------------------   


INSERT INTO art (artist, title, media, width, height, image, pricing_info, main_image, image_width, image_height)
	VALUES(265,

	       'from beginning to end III',
	       'digital art',
	       30,
	       42,
	       'from-beginning-toIII',
	      'limited edition print, &pound;65',
	       0,
		650,
		 450);


INSERT INTO art_pricing(art, item_number, description, price)
	VALUES(LAST_INSERT_ID(), 'ma145', 'limited edition print',65);



##---------------------------------------------------------------   


INSERT INTO art (artist, title, media, width, height, image, pricing_info, main_image, image_width, image_height)
	VALUES(265,

	       'only love I',
	       'digital art',
	       30,
	       42,
	       'only-love-I',
	      'limited edition print, &pound;65',
	       0,
		650,
		 450);


INSERT INTO art_pricing(art, item_number, description, price)
	VALUES(LAST_INSERT_ID(), 'ma146', 'limited edition print',65);



##---------------------------------------------------------------  


INSERT INTO art (artist, title, media, width, height, image, pricing_info, main_image, image_width, image_height)
	VALUES(265,

	       'only love II',
	       'digital art',
	       30,
	       42,
	       'only-love-II',
	      'limited edition print, &pound;65',
	       0,
		650,
		 450);


INSERT INTO art_pricing(art, item_number, description, price)
	VALUES(LAST_INSERT_ID(), 'ma147', 'limited edition print',65);



##--------------------------------------------------------------- 


INSERT INTO art (artist, title, media, width, height, image, pricing_info, main_image, image_width, image_height)
	VALUES(265,

	       'only love III',
	       'digital art',
	       30,
	       42,
	       'only-love-III',
	      'limited edition print, &pound;65',
	       0,
		650,
		 450);


INSERT INTO art_pricing(art, item_number, description, price)
	VALUES(LAST_INSERT_ID(), 'ma148', 'limited edition print',65);



##---------------------------------------------------------------  




INSERT INTO art (artist, title, media, width, height, image, pricing_info, main_image, image_width, image_height)
	VALUES(265,

	       'what you are to me I',
	       'digital art',
	       30,
	       42,
	       'what-you-areI',
	      'limited edition print, &pound;65',
	       0,
		650,
		 450);


INSERT INTO art_pricing(art, item_number, description, price)
	VALUES(LAST_INSERT_ID(), 'ma152', 'limited edition print',65);



##---------------------------------------------------------------  


INSERT INTO art (artist, title, media, width, height, image, pricing_info, main_image, image_width, image_height)
	VALUES(265,

	       'what you are to me II',
	       'digital art',
	       30,
	       42,
	       'what-you-areII',
	      'limited edition print, &pound;65',
	       0,
		650,
		 450);


INSERT INTO art_pricing(art, item_number, description, price)
	VALUES(LAST_INSERT_ID(), 'ma153', 'limited edition print',65);



##---------------------------------------------------------------   


INSERT INTO art (artist, title, media, width, height, image, pricing_info, main_image, image_width, image_height)
	VALUES(265,

	       'what you are to me III',
	       'digital art',
	       30,
	       42,
	       'what-you-areIII',
	      'limited edition print, &pound;65',
	       0,
		650,
		 450);


INSERT INTO art_pricing(art, item_number, description, price)
	VALUES(LAST_INSERT_ID(), 'ma154', 'limited edition print',65);



##---------------------------------------------------------------    


INSERT INTO art (artist, title, media, width, height, image, pricing_info, main_image, image_width, image_height)
	VALUES(265,

	       'what you are to me IV',
	       'digital art',
	       30,
	       42,
	       'what-you-areIV',
	      'limited edition print, &pound;65',
	       0,
		650,
		 450);


INSERT INTO art_pricing(art, item_number, description, price)
	VALUES(LAST_INSERT_ID(), 'ma155', 'limited edition print',65);



##---------------------------------------------------------------     


INSERT INTO art (artist, title, media, width, height, image, pricing_info, main_image, image_width, image_height)
	VALUES(265,

	       'what you are to me V',
	       'digital art',
	       30,
	       42,
	       'what-you-areV',
	      'limited edition print, &pound;65',
	       0,
		650,
		 450);


INSERT INTO art_pricing(art, item_number, description, price)
	VALUES(LAST_INSERT_ID(), 'ma156', 'limited edition print',65);



##---------------------------------------------------------------  


INSERT INTO art (artist, title, media, width, height, image, pricing_info, main_image, image_width, image_height)
	VALUES(265,

	       'when you are with me your home I',
	       'digital art',
	       30,
	       42,
	       'when-youre-withI',
	      'limited edition print, &pound;65',
	       0,
		650,
		 450);


INSERT INTO art_pricing(art, item_number, description, price)
	VALUES(LAST_INSERT_ID(), 'ma157', 'limited edition print',65);



##---------------------------------------------------------------   


INSERT INTO art (artist, title, media, width, height, image, pricing_info, main_image, image_width, image_height)
	VALUES(265,

	       'when you are with me your home II',
	       'digital art',
	       30,
	       42,
	       'when-youre-withII',
	      'limited edition print, &pound;65',
	       0,
		650,
		 450);


INSERT INTO art_pricing(art, item_number, description, price)
	VALUES(LAST_INSERT_ID(), 'ma158', 'limited edition print',65);



##---------------------------------------------------------------    


INSERT INTO art (artist, title, media, width, height, image, pricing_info, main_image, image_width, image_height)
	VALUES(265,

	       'when you are with me your home III',
	       'digital art',
	       30,
	       42,
	       'when-youre-withIII',
	      'limited edition print, &pound;65',
	       0,
		650,
		 450);


INSERT INTO art_pricing(art, item_number, description, price)
	VALUES(LAST_INSERT_ID(), 'ma159', 'limited edition print',65);



##---------------------------------------------------------------   


INSERT INTO art (artist, title, media, width, height, image, pricing_info, main_image, image_width, image_height)
	VALUES(265,

	       'when you are with me your home IV',
	       'digital art',
	       30,
	       42,
	       'when-youre-withIV',
	      'limited edition print, &pound;65',
	       0,
		650,
		 450);


INSERT INTO art_pricing(art, item_number, description, price)
	VALUES(LAST_INSERT_ID(), 'ma160', 'limited edition print',65);



##---------------------------------------------------------------





INSERT INTO art (artist, title, media, width, height, image, pricing_info, main_image, image_width, image_height)
	VALUES(265,

	       '24 hour city',
	       'digital art',
	       30,
	       42,
	       '24-hour-city',
	      'limited edition print, &pound;65',
	       0,
		450,
		 650);


INSERT INTO art_pricing(art, item_number, description, price)
	VALUES(LAST_INSERT_ID(), 'ma131', 'limited edition print',65);



##--------------------------------------------------------------- 


INSERT INTO art (artist, title, media, width, height, image, pricing_info, main_image, image_width, image_height)
	VALUES(265,

	       'bricks an mortar',
	       'digital art',
	       30,
	       42,
	       'bricks-and-mortar',
	      'limited edition print, &pound;65',
	       0,
		450,
		 650);


INSERT INTO art_pricing(art, item_number, description, price)
	VALUES(LAST_INSERT_ID(), 'ma132', 'limited edition print',65);



##---------------------------------------------------------------   


INSERT INTO art (artist, title, media, width, height, image, pricing_info, main_image, image_width, image_height)
	VALUES(265,

	       'build',
	       'digital art',
	       30,
	       42,
	       'build',
	      'limited edition print, &pound;65',
	       0,
		650,
		 450);


INSERT INTO art_pricing(art, item_number, description, price)
	VALUES(LAST_INSERT_ID(), 'ma133', 'limited edition print',65);



##---------------------------------------------------------------  


INSERT INTO art (artist, title, media, width, height, image, pricing_info, main_image, image_width, image_height)
	VALUES(265,

	       'development',
	       'digital art',
	       30,
	       42,
	       'development',
	      'limited edition print, &pound;65',
	       0,
		450,
		 650);


INSERT INTO art_pricing(art, item_number, description, price)
	VALUES(LAST_INSERT_ID(), 'ma136', 'limited edition print',65);



##---------------------------------------------------------------  



INSERT INTO art (artist, title, media, width, height, image, pricing_info, main_image, image_width, image_height)
	VALUES(265,

	       'regenerate',
	       'digital art',
	       30,
	       42,
	       'regenerate',
	      'limited edition print, &pound;65',
	       0,
		650,
		 450);


INSERT INTO art_pricing(art, item_number, description, price)
	VALUES(LAST_INSERT_ID(), 'ma137', 'limited edition print',65);



##---------------------------------------------------------------    

INSERT INTO art (artist, title, media, width, height, image, pricing_info, main_image, image_width, image_height)
	VALUES(265,

	       'city living',
	       'digital art',
	       30,
	       42,
	       'city-living',
	      'limited edition print, &pound;65',
	       1,
		650,
		 450);


INSERT INTO art_pricing(art, item_number, description, price)
	VALUES(LAST_INSERT_ID(), 'ma134', 'limited edition print',65);



##---------------------------------------------------------------  



INSERT INTO art (artist, title, media, width, height, image, pricing_info, main_image, image_width, image_height)
	VALUES(265,

	       'urban structures',
	       'digital art',
	       30,
	       42,
	       'urban-structures',
	      'limited edition print, &pound;65',
	       0,
		450,
		 650);


INSERT INTO art_pricing(art, item_number, description, price)
	VALUES(LAST_INSERT_ID(), 'ma141', 'limited edition print',65);



##---------------------------------------------------------------         

INSERT INTO art (artist, title, media, width, height, image, pricing_info, main_image, image_width, image_height)
	VALUES(265,

	       'dancing at the end of the rainbow',
	       'digital art',
	       30,
	       42,
	       'dancing-at-the',
	      'limited edition print, &pound;65',
	       0,
		650,
		 450);


INSERT INTO art_pricing(art, item_number, description, price)
	VALUES(LAST_INSERT_ID(), 'ma135', 'limited edition print',65);



##---------------------------------------------------------------


 


INSERT INTO art (artist, title, media, width, height, image, pricing_info, main_image, image_width, image_height)
	VALUES(265,

	       'rhythm and rhyme',
	       'digital art',
	       30,
	       42,
	       'rhythm-and-rhyme',
	      'limited edition print, &pound;65',
	       0,
		650,
		 450);


INSERT INTO art_pricing(art, item_number, description, price)
	VALUES(LAST_INSERT_ID(), 'ma138', 'limited edition print',65);



##---------------------------------------------------------------       


INSERT INTO art (artist, title, media, width, height, image, pricing_info, main_image, image_width, image_height)
	VALUES(265,

	       'tango',
	       'digital art',
	       30,
	       42,
	       'tango',
	      'limited edition print, &pound;65',
	       0,
		650,
		 450);


INSERT INTO art_pricing(art, item_number, description, price)
	VALUES(LAST_INSERT_ID(), 'ma139', 'limited edition print',65);



##---------------------------------------------------------------        


INSERT INTO art (artist, title, media, width, height, image, pricing_info, main_image, image_width, image_height)
	VALUES(265,

	       'tempo',
	       'digital art',
	       30,
	       42,
	       'tempo',
	      'limited edition print, &pound;65',
	       0,
		650,
		 450);


INSERT INTO art_pricing(art, item_number, description, price)
	VALUES(LAST_INSERT_ID(), 'ma140', 'limited edition print',65);



##---------------------------------------------------------------          
   


INSERT INTO art (artist, title, media, width, height, image, pricing_info, main_image, image_width, image_height)
	VALUES(265,

	       'waltzing on the clouds',
	       'digital art',
	       30,
	       42,
	       'waltzing-on-the',
	      'limited edition print, &pound;65',
	       0,
		650,
		 450);


INSERT INTO art_pricing(art, item_number, description, price)
	VALUES(LAST_INSERT_ID(), 'ma142', 'limited edition print',65);



##---------------------------------------------------------------  




INSERT INTO art (artist, title, media, width, height, image, pricing_info, main_image, image_width, image_height)
	VALUES(265,

	       'dont go',
	       'digital art',
	       30,
	       42,
	       'dont-go',
	      'limited edition print, &pound;65',
	       0,
		650,
		 460);


INSERT INTO art_pricing(art, item_number, description, price)
	VALUES(LAST_INSERT_ID(), 'ma131', 'limited edition print',65);



##---------------------------------------------------------------


INSERT INTO art (artist, title, media, width, height, image, pricing_info, main_image, image_width, image_height)
	VALUES(265,

	       'follow your heart',
	       'digital art',
	       30,
	       42,
	       'follow-your-heart',
	      'limited edition print, &pound;65',
	       0,
		650,
		 460);


INSERT INTO art_pricing(art, item_number, description, price)
	VALUES(LAST_INSERT_ID(), 'ma132', 'limited edition print',65);



##---------------------------------------------------------------


INSERT INTO art (artist, title, media, width, height, image, pricing_info, main_image, image_width, image_height)
	VALUES(265,

	       'hold my hand',
	       'digital art',
	       30,
	       42,
	       'hold-my-hand',
	      'limited edition print, &pound;65',
	       0,
		460,
		 650);


INSERT INTO art_pricing(art, item_number, description, price)
	VALUES(LAST_INSERT_ID(), 'ma133', 'limited edition print',65);



##---------------------------------------------------------------


INSERT INTO art (artist, title, media, width, height, image, pricing_info, main_image, image_width, image_height)
	VALUES(265,

	       'learning to love again',
	       'digital art',
	       30,
	       42,
	       'learning-to-love',
	      'limited edition print, &pound;65',
	       0,
		460,
		 650);


INSERT INTO art_pricing(art, item_number, description, price)
	VALUES(LAST_INSERT_ID(), 'ma134', 'limited edition print',65);



##---------------------------------------------------------------


INSERT INTO art (artist, title, media, width, height, image, pricing_info, main_image, image_width, image_height)
	VALUES(265,

	       'to love with all we are',
	       'digital art',
	       30,
	       42,
	       'to-love-with',
	      'limited edition print, &pound;65',
	       0,
		650,
		 650);


INSERT INTO art_pricing(art, item_number, description, price)
	VALUES(LAST_INSERT_ID(), 'ma135', 'limited edition print',65);



##---------------------------------------------------------------


INSERT INTO art (artist, title, media, width, height, image, pricing_info, main_image, image_width, image_height)
	VALUES(265,

	       'under your spell',
	       'digital art',
	       30,
	       42,
	       'under-your-spell',
	      'limited edition print, &pound;65',
	       0,
		460,
		 650);


INSERT INTO art_pricing(art, item_number, description, price)
	VALUES(LAST_INSERT_ID(), 'ma136', 'limited edition print',65);



##---------------------------------------------------------------


INSERT INTO art (artist, title, media, width, height, image, pricing_info, main_image, image_width, image_height)
	VALUES(265,

	       'we will grow old together',
	       'digital art',
	       30,
	       42,
	       'we-will-grow',
	      'limited edition print, &pound;65',
	       0,
		650,
		 460);


INSERT INTO art_pricing(art, item_number, description, price)
	VALUES(LAST_INSERT_ID(), 'ma137', 'limited edition print',65);



##---------------------------------------------------------------


INSERT INTO art (artist, title, media, width, height, image, pricing_info, main_image, image_width, image_height)
	VALUES(265,

	       'you and me against the world',
	       'digital art',
	       30,
	       42,
	       'you-and-me',
	      'limited edition print, &pound;65',
	       0,
		650,
		 460);


INSERT INTO art_pricing(art, item_number, description, price)
	VALUES(LAST_INSERT_ID(), 'ma138', 'limited edition print',65);



##---------------------------------------------------------------





INSERT INTO art (artist, title, media, width, height, image, pricing_info, main_image, image_width, image_height)
	VALUES(265,

	       'closed off and broken',
	       'digital art',
	       30,
	       42,
	       'closed-off-and',
	      'limited edition print, &pound;65',
	       0,
		650,
		 460);


INSERT INTO art_pricing(art, item_number, description, price)
	VALUES(LAST_INSERT_ID(), 'ma101', 'limited edition print',65);


##---------------------------------------------------------------


INSERT INTO art (artist, title, media, width, height, image, pricing_info, main_image, image_width, image_height)
	VALUES(265,

	       'where is the answer',
	       'digital art',
	       30,
	       42,
	       'where-is-the',
	      'limited edition print, &pound;65',
	       0,
		650,
		 460);


INSERT INTO art_pricing(art, item_number, description, price)
	VALUES(LAST_INSERT_ID(), 'ma102', 'limited edition print',65);


##---------------------------------------------------------------


INSERT INTO art (artist, title, media, width, height, image, pricing_info, main_image, image_width, image_height)
	VALUES(265,

	       'who am i',
	       'digital art',
	       30,
	       42,
	       'who-am-i',
	      'limited edition print, &pound;65',
	       0,
		650,
		 460);


INSERT INTO art_pricing(art, item_number, description, price)
	VALUES(LAST_INSERT_ID(), 'ma103', 'limited edition print',65);


##---------------------------------------------------------------


INSERT INTO art (artist, title, media, width, height, image, pricing_info, main_image, image_width, image_height)
	VALUES(265,

	       'i want to know how to be a whole',
	       'digital art',
	       30,
	       42,
	       'i-want-to',
	      'limited edition print, &pound;65',
	       0,
		650,
		 460);


INSERT INTO art_pricing(art, item_number, description, price)
	VALUES(LAST_INSERT_ID(), 'ma104', 'limited edition print',65);


##---------------------------------------------------------------


INSERT INTO art (artist, title, media, width, height, image, pricing_info, main_image, image_width, image_height)
	VALUES(265,

	       'you must let go',
	       'digital art',
	       30,
	       42,
	       'you-must-let',
	      'limited edition print, &pound;65',
	       0,
		650,
		 460);


INSERT INTO art_pricing(art, item_number, description, price)
	VALUES(LAST_INSERT_ID(), 'ma105', 'limited edition print',65);


##---------------------------------------------------------------


INSERT INTO art (artist, title, media, width, height, image, pricing_info, main_image, image_width, image_height)
	VALUES(265,

	       'find another way',
	       'digital art',
	       30,
	       42,
	       'find-another-way',
	      'limited edition print, &pound;65',
	       0,
		650,
		 460);


INSERT INTO art_pricing(art, item_number, description, price)
	VALUES(LAST_INSERT_ID(), 'ma106', 'limited edition print',65);


##---------------------------------------------------------------


INSERT INTO art (artist, title, media, width, height, image, pricing_info, main_image, image_width, image_height)
	VALUES(265,

	       'nothing to fear',
	       'digital art',
	       30,
	       42,
	       'nothing-to-fear',
	      'limited edition print, &pound;65',
	       0,
		650,
		 460);


INSERT INTO art_pricing(art, item_number, description, price)
	VALUES(LAST_INSERT_ID(), 'ma107', 'limited edition print',65);


##---------------------------------------------------------------


INSERT INTO art (artist, title, media, width, height, image, pricing_info, main_image, image_width, image_height)
	VALUES(265,

	       'humpty dumpty',
	       'digital art',
	       30,
	       42,
	       'humpty-dumpty',
	      'limited edition print, &pound;65',
	       0,
		650,
		 460);


INSERT INTO art_pricing(art, item_number, description, price)
	VALUES(LAST_INSERT_ID(), 'ma108', 'limited edition print',65);


##---------------------------------------------------------------


INSERT INTO art (artist, title, media, width, height, image, pricing_info, main_image, image_width, image_height)
	VALUES(265,

	       'into the silence',
	       'digital art',
	       30,
	       42,
	       'into-the-silence',
	      'limited edition print, &pound;65',
	       0,
		650,
		 460);


INSERT INTO art_pricing(art, item_number, description, price)
	VALUES(LAST_INSERT_ID(), 'ma109', 'limited edition print',65);


##---------------------------------------------------------------


INSERT INTO art (artist, title, media, width, height, image, pricing_info, main_image, image_width, image_height)
	VALUES(265,

	       'the inner world',
	       'digital art',
	       30,
	       42,
	       'the-inner-world',
	      'limited edition print, &pound;65',
	       0,
		650,
		 460);


INSERT INTO art_pricing(art, item_number, description, price)
	VALUES(LAST_INSERT_ID(), 'ma110', 'limited edition print',65);


##---------------------------------------------------------------


INSERT INTO art (artist, title, media, width, height, image, pricing_info, main_image, image_width, image_height)
	VALUES(265,

	       'the world within',
	       'digital art',
	       30,
	       42,
	       'the-world-within',
	      'limited edition print, &pound;65',
	       0,
		650,
		 460);


INSERT INTO art_pricing(art, item_number, description, price)
	VALUES(LAST_INSERT_ID(), 'ma111', 'limited edition print',65);


##---------------------------------------------------------------


INSERT INTO art (artist, title, media, width, height, image, pricing_info, main_image, image_width, image_height)
	VALUES(265,

	       'sanctuary',
	       'digital art',
	       30,
	       42,
	       'sanctuary',
	      'limited edition print, &pound;65',
	       0,
		650,
		 460);


INSERT INTO art_pricing(art, item_number, description, price)
	VALUES(LAST_INSERT_ID(), 'ma112', 'limited edition print',65);


##---------------------------------------------------------------


INSERT INTO art (artist, title, media, width, height, image, pricing_info, main_image, image_width, image_height)
	VALUES(265,

	       'stillness',
	       'digital art',
	       30,
	       42,
	       'stillness',
	      'limited edition print, &pound;65',
	       0,
		650,
		 460);


INSERT INTO art_pricing(art, item_number, description, price)
	VALUES(LAST_INSERT_ID(), 'ma113', 'limited edition print',65);


##---------------------------------------------------------------


INSERT INTO art (artist, title, media, width, height, image, pricing_info, main_image, image_width, image_height)
	VALUES(265,

	       'rest',
	       'digital art',
	       30,
	       42,
	       'rest',
	      'limited edition print, &pound;65',
	       0,
		650,
		 460);


INSERT INTO art_pricing(art, item_number, description, price)
	VALUES(LAST_INSERT_ID(), 'ma114', 'limited edition print',65);


##---------------------------------------------------------------




INSERT INTO art (artist, title, media, width, height, image, pricing_info, main_image, image_width, image_height)
	VALUES(265,

	       'chrysalis',
	       'digital art',
	       30,
	       42,
	       'chrysalis',
	      'limited edition print, &pound;65',
	       0,
		650,
		 460);


INSERT INTO art_pricing(art, item_number, description, price)
	VALUES(LAST_INSERT_ID(), 'ma115', 'limited edition print',65);


##---------------------------------------------------------------


INSERT INTO art (artist, title, media, width, height, image, pricing_info, main_image, image_width, image_height)
	VALUES(265,

	       'wings to fly',
	       'digital art',
	       30,
	       42,
	       'wings-to-fly',
	      'limited edition print, &pound;65',
	       0,
		650,
		 460);


INSERT INTO art_pricing(art, item_number, description, price)
	VALUES(LAST_INSERT_ID(), 'ma116', 'limited edition print',65);


##---------------------------------------------------------------


INSERT INTO art (artist, title, media, width, height, image, pricing_info, main_image, image_width, image_height)
	VALUES(265,

	       'putting the pieces together again',
	       'digital art',
	       30,
	       42,
	       'putting-the-pieces',
	      'limited edition print, &pound;65',
	       0,
		650,
		 460);


INSERT INTO art_pricing(art, item_number, description, price)
	VALUES(LAST_INSERT_ID(), 'ma117', 'limited edition print',65);


##---------------------------------------------------------------


INSERT INTO art (artist, title, media, width, height, image, pricing_info, main_image, image_width, image_height)
	VALUES(265,

	       'my true identity is soul',
	       'digital art',
	       30,
	       42,
	       'my-true-identity',
	      'limited edition print, &pound;65',
	       0,
		650,
		 460);


INSERT INTO art_pricing(art, item_number, description, price)
	VALUES(LAST_INSERT_ID(), 'ma118', 'limited edition print',65);


##---------------------------------------------------------------


INSERT INTO art (artist, title, media, width, height, image, pricing_info, main_image, image_width, image_height)
	VALUES(265,

	       'the nature of soul is peace',
	       'digital art',
	       30,
	       42,
	       'the-nature-peace',
	      'limited edition print, &pound;65',
	       0,
		650,
		 460);


INSERT INTO art_pricing(art, item_number, description, price)
	VALUES(LAST_INSERT_ID(), 'ma119', 'limited edition print',65);


##---------------------------------------------------------------


INSERT INTO art (artist, title, media, width, height, image, pricing_info, main_image, image_width, image_height)
	VALUES(265,

	       'the nature of soul is love',
	       'digital art',
	       30,
	       42,
	       'the-nature-love',
	      'limited edition print, &pound;65',
	       0,
		650,
		 460);


INSERT INTO art_pricing(art, item_number, description, price)
	VALUES(LAST_INSERT_ID(), 'ma120', 'limited edition print',65);



##---------------------------------------------------------------


INSERT INTO art (artist, title, media, width, height, image, pricing_info, main_image, image_width, image_height)
	VALUES(265,

	       'the nature of soul is compassion',
	       'digital art',
	       30,
	       42,
	       'the-nature-of',
	      'limited edition print, &pound;65',
	       0,
		650,
		 460);


INSERT INTO art_pricing(art, item_number, description, price)
	VALUES(LAST_INSERT_ID(), 'ma121', 'limited edition print',65);


##---------------------------------------------------------------


INSERT INTO art (artist, title, media, width, height, image, pricing_info, main_image, image_width, image_height)
	VALUES(265,

	       'the beautiful mind',
	       'digital art',
	       30,
	       42,
	       'the-beautiful-mind',
	      'limited edition print, &pound;65',
	       0,
		650,
		 460);


INSERT INTO art_pricing(art, item_number, description, price)
	VALUES(LAST_INSERT_ID(), 'ma122', 'limited edition print',65);


##---------------------------------------------------------------


INSERT INTO art (artist, title, media, width, height, image, pricing_info, main_image, image_width, image_height)
	VALUES(265,

	       'the beautiful soul',
	       'digital art',
	       30,
	       42,
	       'the-beautiful-soul',
	      'limited edition print, &pound;65',
	       0,
		650,
		 460);


INSERT INTO art_pricing(art, item_number, description, price)
	VALUES(LAST_INSERT_ID(), 'ma123', 'limited edition print',65);



##---------------------------------------------------------------


INSERT INTO art (artist, title, media, width, height, image, pricing_info, main_image, image_width, image_height)
	VALUES(265,

	       'five minutes to yourself',
	       'digital art',
	       30,
	       42,
	       'five-minutes-to',
	      'limited edition print, &pound;65',
	       0,
		650,
		 460);


INSERT INTO art_pricing(art, item_number, description, price)
	VALUES(LAST_INSERT_ID(), 'ma124', 'limited edition print',65);


##---------------------------------------------------------------


INSERT INTO art (artist, title, media, width, height, image, pricing_info, main_image, image_width, image_height)
	VALUES(265,

	       'lift your face up to the sun',
	       'digital art',
	       30,
	       42,
	       'lift-your-face',
	      'limited edition print, &pound;65',
	       0,
		650,
		 460);


INSERT INTO art_pricing(art, item_number, description, price)
	VALUES(LAST_INSERT_ID(), 'ma125', 'limited edition print',65);


##---------------------------------------------------------------


INSERT INTO art (artist, title, media, width, height, image, pricing_info, main_image, image_width, image_height)
	VALUES(265,

	       'only connect',
	       'digital art',
	       30,
	       42,
	       'only-connect',
	      'limited edition print, &pound;65',
	       0,
		650,
		 460);


INSERT INTO art_pricing(art, item_number, description, price)
	VALUES(LAST_INSERT_ID(), 'ma126', 'limited edition print',65);


##---------------------------------------------------------------


INSERT INTO art (artist, title, media, width, height, image, pricing_info, main_image, image_width, image_height)
	VALUES(265,

	       'these moments are a gift from time',
	       'digital art',
	       30,
	       42,
	       'these-moments-are',
	      'limited edition print, &pound;65',
	       0,
		650,
		 460);


INSERT INTO art_pricing(art, item_number, description, price)
	VALUES(LAST_INSERT_ID(), 'ma127', 'limited edition print',65);


##---------------------------------------------------------------


INSERT INTO art (artist, title, media, width, height, image, pricing_info, main_image, image_width, image_height)
	VALUES(265,

	       'your beautiful day',
	       'digital art',
	       30,
	       42,
	       'your-beautiful-day',
	      'limited edition print, &pound;65',
	       0,
		650,
		 460);


INSERT INTO art_pricing(art, item_number, description, price)
	VALUES(LAST_INSERT_ID(), 'ma128', 'limited edition print',65);


##---------------------------------------------------------------


INSERT INTO art (artist, title, media, width, height, image, pricing_info, main_image, image_width, image_height)
	VALUES(265,

	       'peace at the close of the day',
	       'digital art',
	       30,
	       42,
	       'peace-at-the',
	      'limited edition print, &pound;65',
	       0,
		650,
		 460);


INSERT INTO art_pricing(art, item_number, description, price)
	VALUES(LAST_INSERT_ID(), 'ma129', 'limited edition print',65);


##---------------------------------------------------------------


INSERT INTO art (artist, title, media, width, height, image, pricing_info, main_image, image_width, image_height)
	VALUES(265,

	       'watching the breath coming and going',
	       'digital art',
	       30,
	       42,
	       'watching-the-breath',
	      'limited edition print, &pound;65',
	       0,
		650,
		 460);


INSERT INTO art_pricing(art, item_number, description, price)
	VALUES(LAST_INSERT_ID(), 'ma130', 'limited edition print',65);



##---------------------------------------------------------------







INSERT INTO artist (id, name, statement, notes, display, keywords)
	VALUES(268, 'rob edmondson',

	'<p class="artist">After teaching art for almost forty years, Rob has now now
semi-retired and is able to focus on creating his own work. His paintings are often 
inspired by his love of travel, as well as drawing inspiration from the work of other artists:
</p>

<p class="artist">"Everywhere we go I look at art and the potential for art.
I admire many artists, my tastes have changed over-time. 
Currently I admire the way David Hockney says his work is "based on" 
a place and the way Kurt Jackson sees and executes his work."
</p>

<p class="artist">Rob enjoys the physical manipulation of paint, and experimenting
with unusual techniques and tools to gain striking or evocative effects.</p>

<p class="artist"></p>

<p class="artist"></p>',
               NULL,
	       1,
		'rob edmondson artist, liverpool painter, merseyside painter, 
liverpool landscape painting, liverpool artist, landscapes in liverpool');

##---------------------------------------------------------------


INSERT INTO art (artist, title, media, width, height, image, pricing_info, main_image, image_width, image_height)
	VALUES(268,
	       'lead mine clough no 1',
	       'acrylic on deep canvas',
	       60,
	       60,
	       'lead-mine-no1',
	      'original, &pound;450',
	       0,
		650,
		 649);


INSERT INTO art_pricing(art, item_number, description, price)
	VALUES(LAST_INSERT_ID(), 're101', 'original', 450);


##---------------------------------------------------------------



INSERT INTO art (artist, title, media, width, height, image, pricing_info, main_image, image_width, image_height)
	VALUES(268,
	       'lead mine clough no 1',
	       'acrylic on deep canvas',
	       30,
	       30,
	       'lead-mine-no1',
	      'limited edition print, &pound;75',
	       0,
		650,
		 649);


INSERT INTO art_pricing(art, item_number, description, price)
	VALUES(LAST_INSERT_ID(), 're116', 'limited edition print', 75);


##---------------------------------------------------------------



INSERT INTO art (artist, title, media, width, height, image, pricing_info, main_image, image_width, image_height)
	VALUES(268,
	       'lead mine clough no 2',
	       'acrylic on deep canvas',
	       30,
	       30,
	       'lead-mine-no2',
	      'limited edition print, &pound;75',
	       0,
		650,
		 649);


INSERT INTO art_pricing(art, item_number, description, price)
	VALUES(LAST_INSERT_ID(), 're117', 'limited edition print', 75);


##---------------------------------------------------------------



INSERT INTO art (artist, title, media, width, height, image, pricing_info, main_image, image_width, image_height)
	VALUES(268,
	       'lead mine clough no 3',
	       'acrylic on deep canvas',
	       30,
	       30,
	       'lead-mine-no3',
	      'limited edition print, &pound;75',
	       0,
		650,
		 649);


INSERT INTO art_pricing(art, item_number, description, price)
	VALUES(LAST_INSERT_ID(), 're118', 'limited edition print', 75);


##---------------------------------------------------------------



INSERT INTO art (artist, title, media, width, height, image, pricing_info, main_image, image_width, image_height)
	VALUES(268,
	       'lead mine clough no 4',
	       'acrylic on deep canvas',
	       30,
	       30,
	       'lead-mine-no4',
	      'limited edition print, &pound;75',
	       0,
		650,
		 649);


INSERT INTO art_pricing(art, item_number, description, price)
	VALUES(LAST_INSERT_ID(), 're119', 'limited edition print', 75);


##---------------------------------------------------------------


INSERT INTO art (artist, title, media, width, height, image, pricing_info, main_image, image_width, image_height)
	VALUES(268,
	       'a rivington reservoir',
	       'oil on deep canvas',
	       60,
	       40,
	       'a-rivington-reservoir',
	      'original, &pound;275',
	       0,
		484,
		 650);


INSERT INTO art_pricing(art, item_number, description, price)
	VALUES(LAST_INSERT_ID(), 're105', 'original', 275);


##---------------------------------------------------------------


INSERT INTO art (artist, title, media, width, height, image, pricing_info, main_image, image_width, image_height)
	VALUES(268,
	       'a view of bridge 64...',
	       'acrylic on canvas',
	       107,
	       76,
	       'a-view-of',
	      'original, &pound;450',
	       0,
		484,
		 650);


INSERT INTO art_pricing(art, item_number, description, price)
	VALUES(LAST_INSERT_ID(), 're106', 'original', 450);


##---------------------------------------------------------------


INSERT INTO art (artist, title, media, width, height, image, pricing_info, main_image, image_width, image_height)
	VALUES(268,
	       'milford sound nz',
	       'acrylic on deep canvas',
	       100,
	       70,
	       'milford-sound-nz',
	      'original, &pound;450',
	       0,
		448,
		 650);


INSERT INTO art_pricing(art, item_number, description, price)
	VALUES(LAST_INSERT_ID(), 're107', 'original', 450);


##---------------------------------------------------------------



INSERT INTO art (artist, title, media, width, height, image, pricing_info, main_image, image_width, image_height)
	VALUES(268,
	       'thai canal 1',
	       'acrylic on canvas',
	       51,
	       76,
	       'thai-canal-1',
	      'original, &pound;350',
	       0,
		433,
		 650);


INSERT INTO art_pricing(art, item_number, description, price)
	VALUES(LAST_INSERT_ID(), 're108', 'original', 350);


##---------------------------------------------------------------


INSERT INTO art (artist, title, media, width, height, image, pricing_info, main_image, image_width, image_height)
	VALUES(268,
	       'thai canal 2',
	       'acrylic on canvas',
	       76,
	       51,
	       'thai-canal-2',
	      'original, &pound;350',
	       0,
		650,
		 435);


INSERT INTO art_pricing(art, item_number, description, price)
	VALUES(LAST_INSERT_ID(), 're109', 'original', 350);


##---------------------------------------------------------------  


INSERT INTO art (artist, title, media, width, height, image, pricing_info, main_image, image_width, image_height)
	VALUES(268,
	       'autumn evening',
	       'giclee print',
	       25,
	       38,
	       'autumn-evening',
	      'limited edition print, &pound;80',
	       0,
		430,
		 650);


INSERT INTO art_pricing(art, item_number, description, price)
	VALUES(LAST_INSERT_ID(), 're110', 'limited  edition print', 80);


##---------------------------------------------------------------   


INSERT INTO art (artist, title, media, width, height, image, pricing_info, main_image, image_width, image_height)
	VALUES(268,
	       'downstream',
	       'acrylic on canvas framed',
	       51,
	       76,
	       'downstream',
	      'original, &pound;500',
	       0,
		650,
		 432);


INSERT INTO art_pricing(art, item_number, description, price)
	VALUES(LAST_INSERT_ID(), 're111', 'original', 500);


##---------------------------------------------------------------  


INSERT INTO art (artist, title, media, width, height, image, pricing_info, main_image, image_width, image_height)
	VALUES(268,
	       'downstream',
	       'giclee print',
	       25,
	       38,
	       'downstream',
	      'limited  edition print, &pound;80',
	       0,
		650,
		 432);


INSERT INTO art_pricing(art, item_number, description, price)
	VALUES(LAST_INSERT_ID(), 're112', 'limited  edition print', 80);


##---------------------------------------------------------------   


INSERT INTO art (artist, title, media, width, height, image, pricing_info, main_image, image_width, image_height)
	VALUES(268,
	       'herdwicks',
	       'acrylic on deep edge canvas',
	       61,
	       61,
	       'herdwicks',
	      'original, &pound;400',
	       0,
		431,
		 650);


INSERT INTO art_pricing(art, item_number, description, price)
	VALUES(LAST_INSERT_ID(), 're113', 'original', 400);


##---------------------------------------------------------------    


INSERT INTO art (artist, title, media, width, height, image, pricing_info, main_image, image_width, image_height)
	VALUES(268,
	       'imminent',
	       'acrylic on deep edge canvas',
	       61,
	       61,
	       'imminent',
	      'original, &pound;400',
	       0,
		650,
		 425);


INSERT INTO art_pricing(art, item_number, description, price)
	VALUES(LAST_INSERT_ID(), 're114', 'original', 400);


##---------------------------------------------------------------     


INSERT INTO art (artist, title, media, width, height, image, pricing_info, main_image, image_width, image_height)
	VALUES(268,
	       'mobbed',
	       'acrylic on deep edge canvas',
	       61,
	       61,
	       'mobbed',
	      'original, &pound;375',
	       0,
		650,
		 637);


INSERT INTO art_pricing(art, item_number, description, price)
	VALUES(LAST_INSERT_ID(), 're115', 'original', 375);


##---------------------------------------------------------------    


INSERT INTO art (artist, title, media, width, height, image, pricing_info, main_image, image_width, image_height)
	VALUES(268,
	       'the clough',
	       'acrylic on canvas framed',
	       51,
	       76,
	       'the-clough',
	      'original, &pound;500',
	       0,
		428,
		 650);


INSERT INTO art_pricing(art, item_number, description, price)
	VALUES(LAST_INSERT_ID(), 're116', 'original', 500);


##---------------------------------------------------------------   


INSERT INTO art (artist, title, media, width, height, image, pricing_info, main_image, image_width, image_height)
	VALUES(268,
	       'the clough',
	       'giclee print',
	       25,
	       38,
	       'the-clough',
	      'limited  edition print, &pound;80',
	       1,
		428,
		 650);


INSERT INTO art_pricing(art, item_number, description, price)
	VALUES(LAST_INSERT_ID(), 're117', 'limited edition print', 80);


##---------------------------------------------------------------    


INSERT INTO art (artist, title, media, width, height, image, pricing_info, main_image, image_width, image_height)
	VALUES(268,
	       'the inlet',
	       'oil on canvas',
	       66,
	       102,
	       'the-inlet',
	      'original, &pound;450',
	       0,
		650,
		 485);


INSERT INTO art_pricing(art, item_number, description, price)
	VALUES(LAST_INSERT_ID(), 're118', 'original', 450);


##---------------------------------------------------------------   


INSERT INTO art (artist, title, media, width, height, image, pricing_info, main_image, image_width, image_height)
	VALUES(268,
	       'the inlet',
	       'giclee print',
	       51,
	       37,
	       'the-inlet',
	      'limited  edition print, &pound;130',
	       0,
		650,
		 485);


INSERT INTO art_pricing(art, item_number, description, price)
	VALUES(LAST_INSERT_ID(), 're119', 'limited edition print', 130);


##---------------------------------------------------------------    


INSERT INTO art (artist, title, media, width, height, image, pricing_info, main_image, image_width, image_height)
	VALUES(268,
	       'two for joy',
	       'giclee print',
	       25,
	       38,
	       'two-for-joy',
	      'limited edition print, &pound;80',
	       0,
		435,
		 650);


INSERT INTO art_pricing(art, item_number, description, price)
	VALUES(LAST_INSERT_ID(), 're120', 'limited edition print', 80);


##---------------------------------------------------------------      


INSERT INTO art (artist, title, media, width, height, image, pricing_info, main_image, image_width, image_height)
	VALUES(268,
	       'yarrow reservoir',
	       'acrylic on deep edge canvas',
	       61,
	       61,
	       'yarrow-reservoir',
	      'original, &pound;275',
	       0,
		649,
		 650);


INSERT INTO art_pricing(art, item_number, description, price)
	VALUES(LAST_INSERT_ID(), 're115', 'original', 275);


##---------------------------------------------------------------     


INSERT INTO artist (id, name, statement, notes, display, keywords)
	VALUES(260, 'olga snell',

	'<p class="artist"> 
</p>

<p class="artist">Olga was a freelance commercial photographer for 25 years 
based in Toronto Canada working for major Advertising Agencies, 
Designers and Blue-chip 
clients such as Apple Computer, in Canada and the U.S. She says of her
distinctive, often surreal work:</p>

<p class="artist">"I love photography and have always had a fascination with 
collage, so when I started working in Photoshop it was love at first pixel. 
Then I discovered wonderful sites on the internet where you can download 
vintage public domain images. I mix these lovely vintage images with my own 
photographs and scanned in found objects or drawings I have made, to create 
my unique digital collages."</p>

<p class="artist"></p>

<p class="artist"></p>',
               NULL,
	       1,
		'keywords');

##---------------------------------------------------------------



INSERT INTO art (artist, title, media, width, height, image, pricing_info, main_image, image_width, image_height)
	VALUES(260,
	       'flapper',
	       'digital collage',
	       50.8,
	       50.8,
	       'flapper-2',
	      'limited edition, &pound;95',
	       1,
		650,
		 650);


INSERT INTO art_pricing(art, item_number, description, price)
	VALUES(LAST_INSERT_ID(), 'ca109', 'limited edition',95);


##---------------------------------------------------------------


INSERT INTO art (artist, title, media, width, height, image, pricing_info, main_image, image_width, image_height)
	VALUES(260,
	       'lilac',
	       'digital collage',
	       50.8,
	       50.8,
	       'lilac-2',
	      'limited edition, &pound;95',
	       0,
		650,
		 650);


INSERT INTO art_pricing(art, item_number, description, price)
	VALUES(LAST_INSERT_ID(), 'ca110', 'limited edition',95);


##---------------------------------------------------------------


INSERT INTO art (artist, title, media, width, height, image, pricing_info, main_image, image_width, image_height)
	VALUES(260,
	       'snowballs',
	       'digital collage',
	       50.8,
	       50.8,
	       'snowballs-2',
	      'limited edition, &pound;95',
	       0,
		650,
		 650);


INSERT INTO art_pricing(art, item_number, description, price)
	VALUES(LAST_INSERT_ID(), 'ca111', 'limited edition',95);


##---------------------------------------------------------------




INSERT INTO art (artist, title, media, width, height, image, pricing_info, main_image, image_width, image_height)
	VALUES(260,
	       'birds nest',
	       'digital print',
	       50.8,
	       50.8,
	       'birds-nest',
	      'limited edition, &pound;95',
	       0,
		650,
		 650);


INSERT INTO art_pricing(art, item_number, description, price)
	VALUES(LAST_INSERT_ID(), 'ca101', 'limited edition',95);


##---------------------------------------------------------------


INSERT INTO art (artist, title, media, width, height, image, pricing_info, main_image, image_width, image_height)
	VALUES(260,
	       'circus',
	       'digital print',
	       50.8,
	       50.8,
	       'circus',
	      'limited edition, &pound;95',
	       0,
		650,
		 650);


INSERT INTO art_pricing(art, item_number, description, price)
	VALUES(LAST_INSERT_ID(), 'ca102', 'limited edition',95);


##---------------------------------------------------------------


INSERT INTO art (artist, title, media, width, height, image, pricing_info, main_image, image_width, image_height)
	VALUES(260,
	       'deer deer',
	       'digital print',
	       50.8,
	       50.8,
	       'deer-deer',
	      'limited edition, &pound;95',
	       0,
		650,
		 650);


INSERT INTO art_pricing(art, item_number, description, price)
	VALUES(LAST_INSERT_ID(), 'ca103', 'limited edition',95);


##---------------------------------------------------------------


INSERT INTO art (artist, title, media, width, height, image, pricing_info, main_image, image_width, image_height)
	VALUES(260,
	       'eiffel',
	       'digital print',
	       50.8,
	       50.8,
	       'eiffel',
	      'limited edition, &pound;95',
	       0,
		650,
		 650);


INSERT INTO art_pricing(art, item_number, description, price)
	VALUES(LAST_INSERT_ID(), 'ca104', 'limited edition',95);


##---------------------------------------------------------------


INSERT INTO art (artist, title, media, width, height, image, pricing_info, main_image, image_width, image_height)
	VALUES(260,
	       'lyric',
	       'digital print',
	       50.8,
	       50.8,
	       'lyric',
	      'limited edition, &pound;95',
	       0,
		650,
		 650);


INSERT INTO art_pricing(art, item_number, description, price)
	VALUES(LAST_INSERT_ID(), 'ca105', 'limited edition',95);


##---------------------------------------------------------------


INSERT INTO art (artist, title, media, width, height, image, pricing_info, main_image, image_width, image_height)
	VALUES(260,
	       'mother nature',
	       'digital print',
	       50.8,
	       50.8,
	       'mother-nature',
	      'limited edition, &pound;95',
	       0,
		650,
		 650);


INSERT INTO art_pricing(art, item_number, description, price)
	VALUES(LAST_INSERT_ID(), 'ca106', 'limited edition',95);


##---------------------------------------------------------------


INSERT INTO art (artist, title, media, width, height, image, pricing_info, main_image, image_width, image_height)
	VALUES(260,
	       'ostrich',
	       'digital print',
	       50.8,
	       50.8,
	       'ostrich',
	      'limited edition, &pound;95',
	       0,
		650,
		 650);


INSERT INTO art_pricing(art, item_number, description, price)
	VALUES(LAST_INSERT_ID(), 'ca107', 'limited edition',95);


##---------------------------------------------------------------


INSERT INTO art (artist, title, media, width, height, image, pricing_info, main_image, image_width, image_height)
	VALUES(260,
	       'reindeer travel',
	       'digital print',
	       50.8,
	       50.8,
	       'reindeer-travel',
	      'limited edition, &pound;95',
	       0,
		650,
		 650);


INSERT INTO art_pricing(art, item_number, description, price)
	VALUES(LAST_INSERT_ID(), 'ca108', 'limited edition',95);


##---------------------------------------------------------------





INSERT INTO artist (id, name, statement, notes, display, keywords)
	VALUES(269, 'anthony gribbin',
	'<p class="artist">Working in acrylic based at Bridewell Studios Liverpool, 
from its earliest days (1976), Anthony has exhibited in mixed shows on a regular 
basis with National Society for Education in Art and Design, National Acrylic 
Painters'' Association and Bridewell Studios in nationwide venues with the 
following recognition:</p>


<p class="artist">- The Addleshaw and Latham award at the Manchester Academy Open Show 1988.</p>
<p class="artist">- The Adrian Henri award at the NAPA Open show 2001 at the Black Sheep Gallery, Hawarden North Wales.</p>
<p class="artist">- The Pro ARTe award at the NAPA show 2004 at the Mariners Gallery St. Ives Cornwall.</p>
<p class="artist">- Commendation for a contemporary piece  at the 2005 NAPA exhibition at St. David''s Hall, Cardiff.</p>
<p class="artist">- Winner of Kasey-Greenword Award for "risk in application of media to support" at the 2005 NAPA exhibition at the Mariners Gallery, St. Ives.</p>
<p class="artist">- Award winner at the NAPA  Annual exhibition 2009 at the VIEW TWO Gallery Liverpool.</p>
<p class="artist">- Award winner at the NAPA Annual exhibition 2011 at the Williamson Art  Gallery and Museum, Birkenhead.</p>

<p class="artist">The current cycle of paintings concerns itself with layers and planes, revealed and hidden, passing fore and aft. Layers invite us to look closer as the various elements play with and contradict our notions of depth and surface plane.
What was on top passes behind, unexpectently, whether in strictly geometric and structured layers or as if veiled and curtained another layer, sometimes to reveal more.
The eye responds in a direct and selective way to certain colour situations, line arrangements and patterns.
The eye maybe misled so that an attempt to interpret may be confused or frustrated by ambiguous structures.
The eye tends to see in generalities. What is seen is not what is expected. Movements and balance/imbalance is implied.
</p>
<p class="artist"></p>',
               NULL,
	       1,
		'Anthony Gribbin, Abstract Artist, Abstract paintings, geometric paintings,
Liverpool artist, acrylic on canvas');

##----------------------------------------------------------------------------------------- 


INSERT INTO art (artist, title, media, width, height, image, pricing_info, main_image, image_width, image_height)
	VALUES(269,
	       'rhomboid 1',
	       'acrylic on shaped canvas',
	       30,
	       40,
	       'rhomboid-1',
	       'original &pound;650',
	       1,
		650,
		 434);


INSERT INTO art_pricing(art, item_number, description, price)
	VALUES(LAST_INSERT_ID(), 'LL124', 'original', 650);


##-----------------------------------------------------------------------------------------
                                                                                           


INSERT INTO art (artist, title, media, width, height, image, pricing_info, main_image, image_width, image_height)
	VALUES(269,
	       'rhomboid 2',
	       'acrylic on shaped canvas',
	       30,
	       40,
	       'rhomboid-2',
	       'original &pound;650',
	       0,
		650,
		 434);


INSERT INTO art_pricing(art, item_number, description, price)
	VALUES(LAST_INSERT_ID(), 'LL125', 'original', 650);


##----------------------------------------------------------------------------------------- 
                                                                                           


INSERT INTO art (artist, title, media, width, height, image, pricing_info, main_image, image_width, image_height)
	VALUES(269,
	       'rhomboid 3',
	       'acrylic on shaped canvas',
	       30,
	       40,
	       'rhomboid-3',
	       'original &pound;650',
	       0,
		650,
		 434);


INSERT INTO art_pricing(art, item_number, description, price)
	VALUES(LAST_INSERT_ID(), 'LL126', 'original', 650);


##-----------------------------------------------------------------------------------------

INSERT INTO art (artist, title, media, width, height, image, pricing_info, main_image, image_width, image_height)
	VALUES(269,
	       'constellation I',
	       'acrylic on canvas',
	       90,
	       90,
	       'constellation-1',
	       'original &pound;850',
	       0,
		633,
		 650);


INSERT INTO art_pricing(art, item_number, description, price)
	VALUES(LAST_INSERT_ID(), 'LL102', 'original', 850);


##-----------------------------------------------------------------------------------------


INSERT INTO art (artist, title, media, width, height, image, pricing_info, main_image, image_width, image_height)
	VALUES(269,
	       'constellation II',
	       'acrylic on canvas',
	       90,
	       90,
	       'constellation-2',
	       'original &pound;850',
	       0,
		631,
		 650);


INSERT INTO art_pricing(art, item_number, description, price)
	VALUES(LAST_INSERT_ID(), 'LL103', 'original', 850);


##-----------------------------------------------------------------------------------------


INSERT INTO art (artist, title, media, width, height, image, pricing_info, main_image, image_width, image_height)
	VALUES(269,
	       'constellation III',
	       'acrylic on canvas',
	       90,
	       90,
	       'constellation-3',
	       'original &pound;850',
	       0,
		641,
		 650);


INSERT INTO art_pricing(art, item_number, description, price)
	VALUES(LAST_INSERT_ID(), 'LL104', 'original', 850);


##-----------------------------------------------------------------------------------------


INSERT INTO art (artist, title, media, width, height, image, pricing_info, main_image, image_width, image_height)
	VALUES(269,
	       'constellation IV',
	       'acrylic on canvas',
	       90,
	       90,
	       'constellation-4',
	       'original &pound;850',
	       0,
		638,
		 650);


INSERT INTO art_pricing(art, item_number, description, price)
	VALUES(LAST_INSERT_ID(), 'LL105', 'original', 850);


##-----------------------------------------------------------------------------------------


INSERT INTO art (artist, title, media, width, height, image, pricing_info, main_image, image_width, image_height)
	VALUES(269,
	       'constellation V',
	       'acrylic on canvas',
	       90,
	       90,
	       'constellation-5',
	       'original &pound;850',
	       0,
		645,
		 650);


INSERT INTO art_pricing(art, item_number, description, price)
	VALUES(LAST_INSERT_ID(), 'LL106', 'original', 850);


##-----------------------------------------------------------------------------------------


INSERT INTO art (artist, title, media, width, height, image, pricing_info, main_image, image_width, image_height)
	VALUES(269,
	       'constellation VI',
	       'acrylic on canvas',
	       90,
	       90,
	       'constellation-6',
	       'original &pound;850',
	       0,
		625,
		 650);


INSERT INTO art_pricing(art, item_number, description, price)
	VALUES(LAST_INSERT_ID(), 'LL107', 'original', 850);


##-----------------------------------------------------------------------------------------


INSERT INTO art (artist, title, media, width, height, image, pricing_info, main_image, image_width, image_height)
	VALUES(269,
	       'constellation VII',
	       'acrylic on canvas',
	       90,
	       90,
	       'constellation-7',
	       'original &pound;850',
	       0,
		636,
		 650);


INSERT INTO art_pricing(art, item_number, description, price)
	VALUES(LAST_INSERT_ID(), 'LL108', 'original', 850);


##-----------------------------------------------------------------------------------------


INSERT INTO art (artist, title, media, width, height, image, pricing_info, main_image, image_width, image_height)
	VALUES(269,
	       'contained',
	       'acrylic on canvas',
	       60,
	       60,
	       'contained',
	       'original &pound;650',
	       0,
		638,
		 650);


INSERT INTO art_pricing(art, item_number, description, price)
	VALUES(LAST_INSERT_ID(), 'LL109', 'original',650);

##-----------------------------------------------------------------------------------------


INSERT INTO art (artist, title, media, width, height, image, pricing_info, main_image, image_width, image_height)
	VALUES(269,
	       'deflection 2',
	       'acrylic on canvas',
	       90,
	       90,
	       'deflection-2',
	       'original &pound;850',
	       0,
		633,
		 650);


INSERT INTO art_pricing(art, item_number, description, price)
	VALUES(LAST_INSERT_ID(), 'LL112', 'original', 850);


##-----------------------------------------------------------------------------------------


INSERT INTO art (artist, title, media, width, height, image, pricing_info, main_image, image_width, image_height)
	VALUES(269,
	       'delta',
	       'acrylic on canvas',
	       90,
	       90,
	       'delta',
	       'original &pound;650',
	       0,
		431,
		 650);


INSERT INTO art_pricing(art, item_number, description, price)
	VALUES(LAST_INSERT_ID(), 'LL113', 'original', 650);


##-----------------------------------------------------------------------------------------


INSERT INTO art (artist, title, media, width, height, image, pricing_info, main_image, image_width, image_height)
	VALUES(269,
	       'descendant',
	       'acrylic on canvas',
	       90,
	       60,
	       'descendant',
	       'original &pound;650',
	       0,
		432,
		 650);


INSERT INTO art_pricing(art, item_number, description, price)
	VALUES(LAST_INSERT_ID(), 'LL114', 'original', 650);


##-----------------------------------------------------------------------------------------


INSERT INTO art (artist, title, media, width, height, image, pricing_info, main_image, image_width, image_height)
	VALUES(269,
	       'lattice',
	       'acrylic on canvas',
	       60,
	       60,
	       'lattice',
	       'original &pound;850',
	       0,
		629,
		 650);


INSERT INTO art_pricing(art, item_number, description, price)
	VALUES(LAST_INSERT_ID(), 'LL115', 'original', 850);


##-----------------------------------------------------------------------------------------


INSERT INTO art (artist, title, media, width, height, image, pricing_info, main_image, image_width, image_height)
	VALUES(269,
	       'liner',
	       'mixed media on board',
	       80,
	       60,
	       'liner',
	       'sold',
	       0,
		494,
		 650);



##-----------------------------------------------------------------------------------------


INSERT INTO art (artist, title, media, width, height, image, pricing_info, main_image, image_width, image_height)
	VALUES(269,
	       'planate',
	       'acrylic on canvas',
	       80,
	       100,
	       'planate',
	       'original &pound;850',
	       0,
		650,
		 517);


INSERT INTO art_pricing(art, item_number, description, price)
	VALUES(LAST_INSERT_ID(), 'LL117', 'original', 850);


##-----------------------------------------------------------------------------------------


INSERT INTO art (artist, title, media, width, height, image, pricing_info, main_image, image_width, image_height)
	VALUES(269,
	       'stack',
	       'acrylic on canvas',
	       80,
	       100,
	       'stack',
	       'original &pound;850',
	       0,
		650,
		 541);


INSERT INTO art_pricing(art, item_number, description, price)
	VALUES(LAST_INSERT_ID(), 'LL118', 'original', 850);


##-----------------------------------------------------------------------------------------


INSERT INTO art (artist, title, media, width, height, image, pricing_info, main_image, image_width, image_height)
	VALUES(269,
	       'stripped',
	       'acrylic on canvas',
	       90,
	       60,
	       'stripped',
	       'original &pound;650',
	       0,
		415,
		 650);


INSERT INTO art_pricing(art, item_number, description, price)
	VALUES(LAST_INSERT_ID(), 'LL119', 'original', 650);


##-----------------------------------------------------------------------------------------


INSERT INTO art (artist, title, media, width, height, image, pricing_info, main_image, image_width, image_height)
	VALUES(269,
	       'clipper',
	       'mixed media on board',
	       80,
	       60,
	       'clipper',
	       'original &pound;500',
	       0,
		469,
		 650);


INSERT INTO art_pricing(art, item_number, description, price)
	VALUES(LAST_INSERT_ID(), 'LL120', 'original', 500);


##----------------------------------------------------------------------------------------- 


INSERT INTO art (artist, title, media, width, height, image, pricing_info, main_image, image_width, image_height)
	VALUES(269,
	       'junction',
	       'acrylic on canvas',
	       80,
	       100,
	       'junction',
	       'original &pound;850',
	       0,
		509,
		 650);


INSERT INTO art_pricing(art, item_number, description, price)
	VALUES(LAST_INSERT_ID(), 'LL121', 'original', 850);


##-----------------------------------------------------------------------------------------  


INSERT INTO art (artist, title, media, width, height, image, pricing_info, main_image, image_width, image_height)
	VALUES(269,
	       'knot',
	       'acrylic on canvas',
	       60,
	       90,
	       'knot',
	       'original &pound;850',
	       0,
		650,
		 429);


INSERT INTO art_pricing(art, item_number, description, price)
	VALUES(LAST_INSERT_ID(), 'LL122', 'original', 850);


##----------------------------------------------------------------------------------------- 


INSERT INTO art (artist, title, media, width, height, image, pricing_info, main_image, image_width, image_height)
	VALUES(269,
	       'retreat',
	       'acrylic on canvas',
	       60,
	       90,
	       'retreat',
	       'original &pound;850',
	       0,
		650,
		 436);


INSERT INTO art_pricing(art, item_number, description, price)
	VALUES(LAST_INSERT_ID(), 'LL123', 'original', 850);


##-----------------------------------------------------------------------------------------




INSERT INTO artist (id, name, statement, notes, display, keywords)
	VALUES(270, 'judy musselle',
	'<p class="artist">My childhood was spent in the dour landscape of South Yorkshire, in a pit village where I felt a bit out of place and my fevered imagination took me away to more exotic locations. I have been drawing and making things since I can remember and my creations epitomized this other world from my daydreams.</p>

<p class="artist">Going to Art College at 17 was completely liberating and I felt at home in the creative environment. Thirty years on and have been an illustrator, a muralist, a painter and a printmaker. I have also been a college lecturer and a primary school teaching assistant. My work has sold worldwide in the form of greeting cards, advertisements, fabric designs, shop logos and book jackets. My clients include Andre Deutch, Rose and Hubble, Mothercare and Booktrust. I worked for Shared Earth as their product designer for ten years and have recently illustrated two books for Harper Collins. I have shown my work in galleries nationally and I won the Bohemia Prize at the Hull Open at The Ferens Gallery in 2007. I have worked in 36 schools as an artist in residence and painted murals for restaurants, nurseries, schools culminating in my  biggest challenge; a 40 metre long mural at Hull Maritime Docks.</p>


<p class="artist">The inspiration for my own work is an unceasing obsession with escapism: I draw my ideas from the people and landscapes around me, my memories and my children but am also inspired by stories, myths and dreams of magical faraway lands (still). My paintings are autobiographical: they represent my interest in the complexities and fears of childhood and adolescence, the loss of innocence and the challenges that arise with family responsibilities. My paintings have a strong narrative quality; each one has a story behind it and I delight in the use of vivid colour and pattern. As an artist I am hugely influenced by Chagall, Ana Maria Pacheco, Frida Kahlo and Paula Rego.</p>

<p class="artist">My work has been described as vibrant, humorous and verging on sinister and I am quite happy with that.</p>',
               NULL,
	       1,
		'Judy Musselle Artist, Liverpool Artist, Southport artist, character paintings, fantastic painting, fairy tale paintings, childlike paintings, naive art,  fabulist painter, mural artist, paintings for children');

##----------------------------------------------------------------------------------


INSERT INTO art (artist, title, media, width, height, image, pricing_info, main_image, image_width, image_height)
	VALUES(270,
	       'the lost cat',
	       'acrylic on canvas',
	       76,
	       102,
	       'the-lost-cat',
	       'original &pound;1000',
	       0,
		494,
		 650);


INSERT INTO art_pricing(art, item_number, description, price)
	VALUES(LAST_INSERT_ID(), 'JM110', 'original', 1000);


##----------------------------------------------------------------------------------

INSERT INTO art (artist, title, media, width, height, image, pricing_info, main_image, image_width, image_height)
	VALUES(270,
	       'winter bride',
	    	       'framed acrylic on canvas',
	       36,
	       41,
	       'winter-bride',
	       'original &pound;450',
	       0,
		537,
		 650);


INSERT INTO art_pricing(art, item_number, description, price)
	VALUES(LAST_INSERT_ID(), 'JM115', 'original', 450);


##----------------------------------------------------------------------------------



INSERT INTO art (artist, title, media, width, height, image, pricing_info, main_image, image_width, image_height)
	VALUES(270,
	       'the mermaid costume',
	       'acrylic on canvas',
	       47,
	       56,
	       'the-mermaid-costume',
	       'original &pound;700',
	       0,
		516,
		 650);


INSERT INTO art_pricing(art, item_number, description, price)
	VALUES(LAST_INSERT_ID(), 'JM111', 'original', 700);


##----------------------------------------------------------------------------------


INSERT INTO art (artist, title, media, width, height, image, pricing_info, main_image, image_width, image_height)
	VALUES(270,
	       'the proposal',
	       'acrylic on canvas',
	       26,
	       33,
	       'the-proposal',
	       'original &pound;500',
	       1,
		467,
		 650);


INSERT INTO art_pricing(art, item_number, description, price)
	VALUES(LAST_INSERT_ID(), 'JM112', 'original', 500);


##----------------------------------------------------------------------------------



INSERT INTO art (artist, title, media, width, height, image, pricing_info, main_image, image_width, image_height)
	VALUES(270,
	       'viola player',
	      	       'framed acrylic on canvas',
	       33,
	       38,
	       'viola-player',
	       'original &pound;350',
	       0,
		496,
		 650);


INSERT INTO art_pricing(art, item_number, description, price)
	VALUES(LAST_INSERT_ID(), 'JM113', 'original', 350);


##----------------------------------------------------------------------------------

INSERT INTO art (artist, title, media, width, height, image, pricing_info, main_image, image_width, image_height)
	VALUES(270,
	       'best dress',
	       'framed acrylic on canvas',
	       26,
	       33,
	       'best-dress',
	       'original &pound;500',
	       0,
		467,
		 650);


INSERT INTO art_pricing(art, item_number, description, price)
	VALUES(LAST_INSERT_ID(), 'JM101', 'original', 500);


##----------------------------------------------------------------------------------


INSERT INTO art (artist, title, media, width, height, image, pricing_info, main_image, image_width, image_height)
	VALUES(270,
	       'enchanted night',
	  'framed acrylic on canvas',
	       42,
	       52,
	       'enchanted-night',
	       'original &pound;550',
	       0,
		505,
		 650);


INSERT INTO art_pricing(art, item_number, description, price)
	VALUES(LAST_INSERT_ID(), 'JM102', 'original', 550);


##----------------------------------------------------------------------------------



INSERT INTO art (artist, title, media, width, height, image, pricing_info, main_image, image_width, image_height)
	VALUES(270,
	       'jumping frog',
	       'acrylic on canvas',
	       76,
	       102,
	       'jumping-frog',
	       'original &pound;1000',
	       0,
		490,
		 650);


INSERT INTO art_pricing(art, item_number, description, price)
	VALUES(LAST_INSERT_ID(), 'JM104', 'original', 1000);


##----------------------------------------------------------------------------------


INSERT INTO art (artist, title, media, width, height, image, pricing_info, main_image, image_width, image_height)
	VALUES(270,
	       'mermaid in harbour',
	      	       'framed acrylic on canvas',
	       62,
	       78,
	       'mermaid-in-harbour',
	       'original &pound;750',
	       0,
		485,
		 650);


INSERT INTO art_pricing(art, item_number, description, price)
	VALUES(LAST_INSERT_ID(), 'JM105', 'original', 750);


##----------------------------------------------------------------------------------


INSERT INTO art (artist, title, media, width, height, image, pricing_info, main_image, image_width, image_height)
	VALUES(270,
	       'songs of the sea',
	     	       'framed acrylic on canvas',
	       67,
	       82,
	       'songs-of-the',
	       'original &pound;900',
	       0,
		515,
		 650);


INSERT INTO art_pricing(art, item_number, description, price)
	VALUES(LAST_INSERT_ID(), 'JM106', 'original', 900);


##----------------------------------------------------------------------------------


INSERT INTO art (artist, title, media, width, height, image, pricing_info, main_image, image_width, image_height)
	VALUES(270,
	       'starbird',
	      	       'framed acrylic on canvas',
	       36,
	       36,
	       'starbird',
	       'sold',
	       0,
		650,
		 649);




##----------------------------------------------------------------------------------


INSERT INTO art (artist, title, media, width, height, image, pricing_info, main_image, image_width, image_height)
	VALUES(270,
	       'symmetry',
	       	       'framed acrylic on canvas',
	       98,
	       118,
	       'symmetry',
	       'original &pound;1600',
	       0,
		533,
		 650);


INSERT INTO art_pricing(art, item_number, description, price)
	VALUES(LAST_INSERT_ID(), 'JM108', 'original', 1600);


##----------------------------------------------------------------------------------


INSERT INTO art (artist, title, media, width, height, image, pricing_info, main_image, image_width, image_height)
	VALUES(270,
	       'tea for two',
	   	       'framed acrylic on canvas',
	       33,
	       33,
	       'tea-for-two',
	       'original &pound;300',
	       0,
		645,
		 650);


INSERT INTO art_pricing(art, item_number, description, price)
	VALUES(LAST_INSERT_ID(), 'JM109', 'original', 300);


##----------------------------------------------------------------------------------





INSERT INTO art (artist, title, media, width, height, image, pricing_info, main_image, image_width, image_height)
	VALUES(270,
	       'whale and mermaids',
	      	       'framed acrylic on canvas',
	       67,
	       67,
	       'whale-and-mermaids',
	       'original &pound;600',
	       0,
		650,
		 644);


INSERT INTO art_pricing(art, item_number, description, price)
	VALUES(LAST_INSERT_ID(), 'JM114', 'original', 600);


##----------------------------------------------------------------------------------



INSERT INTO art (artist, title, media, width, height, image, pricing_info, main_image, image_width, image_height)
	VALUES(270,
	       'facing fears',
	       'framed acrylic on canvas',
	       132,
	       106,
	       'facing-fears',
	       'original &pound;2000',
	       0,
		650,
		 524);


INSERT INTO art_pricing(art, item_number, description, price)
	VALUES(LAST_INSERT_ID(), 'JM103', 'original', 2000);


##----------------------------------------------------------------------------------






INSERT INTO artist (id, name, statement, notes, display, keywords)
	VALUES(279, 'josie jenkins',
	'<p class="artist">Josie studied Fine Art (painting) at Norwich School of Art and Design, graduating in 2002. She has worked as an artist based in Hull and Nottinghamshire before settling in Liverpool. In 2010 Josie joined Arena Studios in Liverpool and became an active member, volunteering as the Arena Gallery Manager since 2011 and as a director between 2011 and 2013. In 2011 Josie was featured in the BBC2 television series "Show Me the Monet" and was selected by a panel of judges to show her work in the show''s accompanying exhibition at the Royal College of Art, London. More recently Josie has been represented by Castlegate House Gallery, Cockermouth and The Corke Art Gallery, Liverpool. In September 2013 Josie was selected for the New Lights Art Prize and won the main prize, the Valeria Sykes Award. Josie is planning to use the award to fund a research trip to China, including a three month residency with the Chinese European Art Centre in Xiamen.</p>

<p class="artist">She says: "My paintings explore the actuality and the disorder in our landscape. I am interested in the way human interference impacts upon our natural landscape and nature''s resultant effect on the man-made. I investigate the edgelands between city and countryside, the visual consequence of heavy industry and overgrown wastelands or forgotten places with discarded objects that once had a purpose but have now become semi integrated with their surroundings. I use imagery such as this to achieve my primary concern, which is to highlight the subtle incongruity between the natural and unnatural."</p>


<p class="artist">"When making a painting or drawing, I seek to communicate my chosen themes by obscuring some objects and defining others, through the use of colour and sometimes by taking the theme of contradiction and opposition into the realm of fantasy, by means of abstraction and by adding unexpected images and colours. It is important for me to create work which engages the emotions. I often attempt to create a sense of the weather, season or time of day to achieve this. I often start a painting with a ground of brightly coloured, sometimes fluorescent acrylic paint. I then work over this, using oils in relatively thin layers, allowing some of the under-painting to show through and remain strongly visible in some places. I use rags to wipe off and re-apply the paint until the desired effect is achieved. My use of fluorescent paint was inspired by the notion of using colours or other elements that are far removed from nature, in order to strengthen the contrasts which are evident in the imagery. I use abstract patterns in the same way; these appear from the background as if sections of the painting were lost in another world." 
</p>

<p class="artist">"I have recently been making a series of small-scale paintings of scenes taken from scrap yards, using water based oils on board. This medium lends itself well to the work, which continues to combine realism with abstraction, but uses a more considered method of painting."</p>',
               NULL,
	       1,
		'josie jenkins, liverpool artist, liverpool painter, liverpool landscapes, merseyside landscapes, urban landscapes, oil on canvas, acrylic on canvas');

##----------------------------------------------------------------------------------




INSERT INTO art (artist, title, media, width, height, image, pricing_info, main_image, image_width, image_height)
	VALUES(279,
	       'frozen beach with trees',
	       'acrylic and oil on canvas',
	       100,
	        100,
	       'frozen-beach-with',
	       'original &pound;1300',
	       0,
		644,
		 650);


INSERT INTO art_pricing(art, item_number, description, price)
	VALUES(LAST_INSERT_ID(), 'JJ102', 'original', 1300);


##----------------------------------------------------------------------------------


INSERT INTO art (artist, title, media, width, height, image, pricing_info, main_image, image_width, image_height)
	VALUES(279,
	       'beach with red flag',
	       'acrylic and oil on canvas ',
	       18,
	        12,
	       'beach-with-red',
	        'original &pound;320',
	       0,
		650,
		 472);


INSERT INTO art_pricing(art, item_number, description, price)
	VALUES(LAST_INSERT_ID(), 'JJ107', 'original', 320);


##---------------------------------------------------------------------------------- 

INSERT INTO art (artist, title, media, width, height, image, pricing_info, main_image, image_width, image_height)
	VALUES(279,
	       'bunker 1',
	       'acrylic and oil on board',
	       24.7,
	        17.5,
	       'bunker-1',
	        'original &pound;380',
	       0,
		650,
		 458);


INSERT INTO art_pricing(art, item_number, description, price)
	VALUES(LAST_INSERT_ID(), 'JJ109', 'original', 380);


##----------------------------------------------------------------------------------  

INSERT INTO art (artist, title, media, width, height, image, pricing_info, main_image, image_width, image_height)
	VALUES(279,
	       'collage with circles',
	       'water soluble oil on board framed',
	       30,
	        30,
	       'collage-with-circles',
	        'original &pound;450',
	       1,
		645,
		 650);


INSERT INTO art_pricing(art, item_number, description, price)
	VALUES(LAST_INSERT_ID(), 'JJ110', 'original', 450);


##----------------------------------------------------------------------------------  

INSERT INTO art (artist, title, media, width, height, image, pricing_info, main_image, image_width, image_height)
	VALUES(279,
	       'landscape with orange',
	       'acrylic and oil on board framed',
	       20,
	        30,
	       'landscape-with-orange',
	        'original &pound;350',
	       0,
		650,
		 440);


INSERT INTO art_pricing(art, item_number, description, price)
	VALUES(LAST_INSERT_ID(), 'JJ111', 'original', 350);


##----------------------------------------------------------------------------------   

INSERT INTO art (artist, title, media, width, height, image, pricing_info, main_image, image_width, image_height)
	VALUES(279,
	       'landscape with yellow and blue',
	       'acrylic and oil on board framed',
	       20,
	        30,
	       'landscape-with-yellow',
	        'original &pound;350',
	       0,
		650,
		 428);


INSERT INTO art_pricing(art, item_number, description, price)
	VALUES(LAST_INSERT_ID(), 'JJ112', 'original', 350);


##----------------------------------------------------------------------------------      

INSERT INTO art (artist, title, media, width, height, image, pricing_info, main_image, image_width, image_height)
	VALUES(279,
	       'line of brown trees',
	       'acrylic and oil on canvas framed',
	       18,
	        12,
	       'line-of-brown',
	        'original &pound;320',
	       0,
		650,
		 470);


INSERT INTO art_pricing(art, item_number, description, price)
	VALUES(LAST_INSERT_ID(), 'JJ113', 'original', 320);


##----------------------------------------------------------------------------------       

INSERT INTO art (artist, title, media, width, height, image, pricing_info, main_image, image_width, image_height)
	VALUES(279,
	       'scrap 1',
	       'water soluble oil on board framed',
	       15.1,
	        25,
	       'scrap-1',
	        'original &pound;370',
	       0,
		650,
		 383);


INSERT INTO art_pricing(art, item_number, description, price)
	VALUES(LAST_INSERT_ID(), 'JJ114', 'original', 370);


##----------------------------------------------------------------------------------        

INSERT INTO art (artist, title, media, width, height, image, pricing_info, main_image, image_width, image_height)
	VALUES(279,
	       'scrap 2',
	       'water soluble oil on board framed',
	       18.2,
	        30.3,
	       'scrap-2',
	        'original &pound;390',
	       0,
		650,
		 385);


INSERT INTO art_pricing(art, item_number, description, price)
	VALUES(LAST_INSERT_ID(), 'JJ115', 'original', 390);


##----------------------------------------------------------------------------------





INSERT INTO artist (id, name, statement, notes, display, keywords)
	VALUES(280, 'michael kirkham',
	'<p class="artist">Michael Kirkham captures intimate, gritty and often touching moments in the human story. In his photography Michael aims to capture emotion, and to draw the viewer into his images. Michael takes images to capture his own life happening as much as anything else. Driven by two life changing events: The loss of his brother as a young man and the birth of his daughter; he strives to capture every moment of his life.</p>

<p class="artist">Michael''s main influences are: Don McCullin; Martin Parr; Ansel Adams; William Klein; Nobuyoshi Araki; Daido Moriyama; Robert Capa and Diane Arbus.
Over the last two years, Michael has taken part in a number of exhibitions, notably the Independents Liverpool Biennial 2012 group exhibition "Love or Nothing" organised by TAG (Toxteth Art Group). He has also had two solo exhibitions in 2013 including a well-received show at Headspace, The Egg Caf. Michael is a regular editorial contributor for Halcyon Magazine, a Liverpool based publication with a National distribution. 
</p>


<p class="artist">Each print is in an edition of 150 and is sold signed, mounted and numbered.</p>

<p class="artist"></p>',
               NULL,
	       1,
		'Michael Kirkham, Liverpool photographer, Liverpool photographs, documentary photography, urban photography, photographic prints, ');

##----------------------------------------------------------------------------------


INSERT INTO art (artist, title, media, width, height, image, pricing_info, main_image, image_width, image_height)
	VALUES(280,
	       'behind the line',
	       'print',
	       46,
	        30,
	       'behind-the-line',
	       'limited edition print &pound;89',
	       0,
		650,
		 432);


INSERT INTO art_pricing(art, item_number, description, price)
	VALUES(LAST_INSERT_ID(), 'mk103', 'limited edition print', 89);


##----------------------------------------------------------------------------------


INSERT INTO art (artist, title, media, width, height, image, pricing_info, main_image, image_width, image_height)
	VALUES(280,
	       'lamp noir',
	       'print',
	       30,
	        46,
	       'lamp-noir',
	       'limited edition print &pound;89',
	       0,
		431,
		 650);


INSERT INTO art_pricing(art, item_number, description, price)
	VALUES(LAST_INSERT_ID(), 'mk108', 'limited edition print', 89);


##----------------------------------------------------------------------------------


INSERT INTO art (artist, title, media, width, height, image, pricing_info, main_image, image_width, image_height)
	VALUES(280,
	       'piccadilly in the rain',
	       'print',
	       46,
	        30,
	       'piccadilly-in-the',
	       'limited edition print &pound;89',
	       0,
		650,
		 432);


INSERT INTO art_pricing(art, item_number, description, price)
	VALUES(LAST_INSERT_ID(), 'mk112', 'limited edition print', 89);


##----------------------------------------------------------------------------------


INSERT INTO art (artist, title, media, width, height, image, pricing_info, main_image, image_width, image_height)
	VALUES(280,
	       'fog 1',
	       'print',
	       46,
	        30,
	       'fog-1',
	       'limited edition print &pound;89',
	       0,
		650,
		 427);


INSERT INTO art_pricing(art, item_number, description, price)
	VALUES(LAST_INSERT_ID(), 'mk114', 'limited edition print', 89);


##----------------------------------------------------------------------------------


INSERT INTO art (artist, title, media, width, height, image, pricing_info, main_image, image_width, image_height)
	VALUES(280,
	       'fog 2',
	       'print',
	       46,
	        30,
	       'fog-2',
	       'limited edition print &pound;89',
	       0,
		650,
		 424);


INSERT INTO art_pricing(art, item_number, description, price)
	VALUES(LAST_INSERT_ID(), 'mk115', 'limited edition print', 89);


##----------------------------------------------------------------------------------


INSERT INTO art (artist, title, media, width, height, image, pricing_info, main_image, image_width, image_height)
	VALUES(280,
	       'thats entertainment',
	       'print',
	       46,
	        30,
	       'thats-entertainment',
	       'limited edition print &pound;89',
	       0,
		650,
		 443);


INSERT INTO art_pricing(art, item_number, description, price)
	VALUES(LAST_INSERT_ID(), 'mk118', 'limited edition print', 89);


##----------------------------------------------------------------------------------


INSERT INTO art (artist, title, media, width, height, image, pricing_info, main_image, image_width, image_height)
	VALUES(280,
	       'the crossing',
	       'print',
	       30,
	        46,
	       'the-crossing',
	       'limited edition print &pound;89',
	       0,
		471,
		 650);


INSERT INTO art_pricing(art, item_number, description, price)
	VALUES(LAST_INSERT_ID(), 'mk119', 'limited edition print', 89);


##----------------------------------------------------------------------------------


INSERT INTO art (artist, title, media, width, height, image, pricing_info, main_image, image_width, image_height)
	VALUES(280,
	       'traffic trails',
	       'print',
	       46,
	        30,
	       'traffic-trails',
	       'limited edition print &pound;89',
	       0,
		650,
		 432);


INSERT INTO art_pricing(art, item_number, description, price)
	VALUES(LAST_INSERT_ID(), 'mk123', 'limited edition print', 89);


##---------------------------------------------------------------------------------- 


INSERT INTO art (artist, title, media, width, height, image, pricing_info, main_image, image_width, image_height)
	VALUES(280,
	       'l8',
	       'print',
	       46,
	        30,
	       'l8',
	       'limited edition print &pound;89',
	       0,
		650,
		 432);


INSERT INTO art_pricing(art, item_number, description, price)
	VALUES(LAST_INSERT_ID(), 'mk124', 'limited edition print', 89);


##---------------------------------------------------------------------------------- 


INSERT INTO art (artist, title, media, width, height, image, pricing_info, main_image, image_width, image_height)
	VALUES(280,
	       'match day',
	       'print',
	       46,
	        30,
	       'match-day',
	       'limited edition print &pound;89',
	       0,
		650,
		 434);


INSERT INTO art_pricing(art, item_number, description, price)
	VALUES(LAST_INSERT_ID(), 'mk125', 'limited edition print', 89);


##----------------------------------------------------------------------------------  


INSERT INTO art (artist, title, media, width, height, image, pricing_info, main_image, image_width, image_height)
	VALUES(280,
	       'metropolis 1',
	       'print',
	       46,
	        30,
	       'metropolis-1',
	       'limited edition print &pound;89',
	       0,
		650,
		 432);


INSERT INTO art_pricing(art, item_number, description, price)
	VALUES(LAST_INSERT_ID(), 'mk126', 'limited edition print', 89);


##----------------------------------------------------------------------------------   


INSERT INTO art (artist, title, media, width, height, image, pricing_info, main_image, image_width, image_height)
	VALUES(280,
	       'metropolis 6',
	       'print',
	       46,
	        30,
	       'metropolis-6',
	       'limited edition print &pound;89',
	       0,
		650,
		 432);


INSERT INTO art_pricing(art, item_number, description, price)
	VALUES(LAST_INSERT_ID(), 'mk127', 'limited edition print', 89);


##----------------------------------------------------------------------------------   


INSERT INTO art (artist, title, media, width, height, image, pricing_info, main_image, image_width, image_height)
	VALUES(280,
	       'metropolis 7',
	       'print',
	       46,
	        30,
	       'metropolis-7',
	       'limited edition print &pound;89',
	       1,
		650,
		 432);


INSERT INTO art_pricing(art, item_number, description, price)
	VALUES(LAST_INSERT_ID(), 'mk128', 'limited edition print', 89);


##----------------------------------------------------------------------------------  


INSERT INTO art (artist, title, media, width, height, image, pricing_info, main_image, image_width, image_height)
	VALUES(280,
	       'redundant',
	       'print',
	       46,
	        30,
	       'redundant',
	       'limited edition print &pound;89',
	       0,
		650,
		 432);


INSERT INTO art_pricing(art, item_number, description, price)
	VALUES(LAST_INSERT_ID(), 'mk129', 'limited edition print', 89);


##----------------------------------------------------------------------------------    


INSERT INTO art (artist, title, media, width, height, image, pricing_info, main_image, image_width, image_height)
	VALUES(280,
	       'snow 4',
	       'print',
	       46,
	        30,
	       'snow-4',
	       'limited edition print &pound;89',
	       0,
		650,
		 430);


INSERT INTO art_pricing(art, item_number, description, price)
	VALUES(LAST_INSERT_ID(), 'mk130', 'limited edition print', 89);


##----------------------------------------------------------------------------------    


INSERT INTO art (artist, title, media, width, height, image, pricing_info, main_image, image_width, image_height)
	VALUES(280,
	       'stop',
	       'print',
	       46,
	        30,
	       'stop',
	       'limited edition print &pound;89',
	       0,
		650,
		 432);


INSERT INTO art_pricing(art, item_number, description, price)
	VALUES(LAST_INSERT_ID(), 'mk131', 'limited edition print', 89);


##----------------------------------------------------------------------------------     


INSERT INTO art (artist, title, media, width, height, image, pricing_info, main_image, image_width, image_height)
	VALUES(280,
	       'waking dream',
	       'print',
	       46,
	        30,
	       'waking-dream',
	       'limited edition print &pound;89',
	       0,
		650,
		 432);


INSERT INTO art_pricing(art, item_number, description, price)
	VALUES(LAST_INSERT_ID(), 'mk132', 'limited edition print', 89);


##----------------------------------------------------------------------------------

INSERT INTO artist (id, name, statement, notes, display, keywords)
	VALUES(276, 'phil mckay',
	'<p class="artist">"I was born and still live in Anfield, Liverpool. I have been creating digital artwork for 4 years and also have an interest in black and white photography. The theme behind my artwork is surreal and desolate lonely landscapes and the pieces are digital collages, composites of many elements from different sources, including self-portraits."</p>

<p class="artist">Phil''s work has been featured in many digital art magazines, and he is currently creating cover artwork for  British classical composer Michael Price who has been involved with many high profile films and TV series including the Lord of the Rings trilogy, the Harry Potter series and Quantum of Solace, and recently composed the music for hit show Sherlock.
</p>


<p class="artist"></p>

<p class="artist"></p>',
               NULL,
	       1,
		'phil mckay artist, digital art, digital collage, dot-art, liverpool artist, limited edition print, surreal art, surreal landscape, liverpool digital artist, liverpool photographer');

##----------------------------------------------------------------------------------


INSERT INTO art (artist, title, media, width, height, image, pricing_info, main_image, image_width, image_height)
	VALUES(276,
	       'above the clouds',
	       'digital media print',
	       55,
	       55,
	       'above-the-clouds',
	       'limited edition print &pound;160',
	       0,
		650,
		 650);


INSERT INTO art_pricing(art, item_number, description, price)
	VALUES(LAST_INSERT_ID(), 'PM101', 'limited edition print', 160);


##---------------------------------------------------------------------------------- 


INSERT INTO art (artist, title, media, width, height, image, pricing_info, main_image, image_width, image_height)
	VALUES(276,
	       'afraid of mice',
	       'digital media print',
	       55,
	       55,
	       'afraid-of-mice',
	       'limited edition print &pound;160',
	       0,
		650,
		 650);


INSERT INTO art_pricing(art, item_number, description, price)
	VALUES(LAST_INSERT_ID(), 'PM102', 'limited edition print', 160);


##----------------------------------------------------------------------------------  


INSERT INTO art (artist, title, media, width, height, image, pricing_info, main_image, image_width, image_height)
	VALUES(276,
	       'can you keep a secret',
	       'digital media print',
	       55,
	       55,
	       'can-you-keep',
	       'limited edition print &pound;160',
	       0,
		650,
		 650);


INSERT INTO art_pricing(art, item_number, description, price)
	VALUES(LAST_INSERT_ID(), 'PM103', 'limited edition print', 160);


##----------------------------------------------------------------------------------


INSERT INTO art (artist, title, media, width, height, image, pricing_info, main_image, image_width, image_height)
	VALUES(276,
	       'do you feel love',
	       'digital media print',
	       55,
	       55,
	       'do-you-feel',
	       'limited edition print &pound;160',
	       0,
		650,
		 650);


INSERT INTO art_pricing(art, item_number, description, price)
	VALUES(LAST_INSERT_ID(), 'PM104', 'limited edition print', 160);


##---------------------------------------------------------------------------------- 


INSERT INTO art (artist, title, media, width, height, image, pricing_info, main_image, image_width, image_height)
	VALUES(276,
	       'dusk',
	       'digital media print',
	       55,
	       55,
	       'dusk',
	       'limited edition print &pound;160',
	       0,
		650,
		 650);


INSERT INTO art_pricing(art, item_number, description, price)
	VALUES(LAST_INSERT_ID(), 'PM105', 'limited edition print', 160);


##----------------------------------------------------------------------------------


INSERT INTO art (artist, title, media, width, height, image, pricing_info, main_image, image_width, image_height)
	VALUES(276,
	       'eclipsed',
	       'digital media print',
	       55,
	       55,
	       'eclipsed',
	       'limited edition print &pound;160',
	       0,
		650,
		 650);


INSERT INTO art_pricing(art, item_number, description, price)
	VALUES(LAST_INSERT_ID(), 'PM106', 'limited edition print', 160);


##---------------------------------------------------------------------------------- 


INSERT INTO art (artist, title, media, width, height, image, pricing_info, main_image, image_width, image_height)
	VALUES(276,
	       'feel the silence',
	       'digital media print',
	       55,
	       55,
	       'feel-the-silence',
	       'limited edition print &pound;160',
	       0,
		650,
		 650);


INSERT INTO art_pricing(art, item_number, description, price)
	VALUES(LAST_INSERT_ID(), 'PM107', 'limited edition print', 160);


##----------------------------------------------------------------------------------


INSERT INTO art (artist, title, media, width, height, image, pricing_info, main_image, image_width, image_height)
	VALUES(276,
	       'have you heard the news',
	       'digital media print',
	       55,
	       55,
	       'have-you-heard',
	       'limited edition print &pound;160',
	       0,
		650,
		 650);


INSERT INTO art_pricing(art, item_number, description, price)
	VALUES(LAST_INSERT_ID(), 'PM108', 'limited edition print', 160);


##---------------------------------------------------------------------------------- 


INSERT INTO art (artist, title, media, width, height, image, pricing_info, main_image, image_width, image_height)
	VALUES(276,
	       'i wish',
	       'digital media print',
	       55,
	       55,
	       'i-wish',
	       'limited edition print &pound;160',
	       0,
		650,
		 650);


INSERT INTO art_pricing(art, item_number, description, price)
	VALUES(LAST_INSERT_ID(), 'PM109', 'limited edition print', 160);


##---------------------------------------------------------------------------------- 


INSERT INTO art (artist, title, media, width, height, image, pricing_info, main_image, image_width, image_height)
	VALUES(276,
	       'in my dreams',
	       'digital media print',
	       55,
	       55,
	       'in-my-dreams',
	       'limited edition print &pound;160',
	       0,
		650,
		 650);


INSERT INTO art_pricing(art, item_number, description, price)
	VALUES(LAST_INSERT_ID(), 'PM110', 'limited edition print', 160);


##----------------------------------------------------------------------------------  


INSERT INTO art (artist, title, media, width, height, image, pricing_info, main_image, image_width, image_height)
	VALUES(276,
	       'ive found heaven',
	       'digital media print',
	       55,
	       55,
	       'ive-found-heaven',
	       'limited edition print &pound;160',
	       0,
		650,
		 650);


INSERT INTO art_pricing(art, item_number, description, price)
	VALUES(LAST_INSERT_ID(), 'PM111', 'limited edition print', 160);


##----------------------------------------------------------------------------------  


INSERT INTO art (artist, title, media, width, height, image, pricing_info, main_image, image_width, image_height)
	VALUES(276,
	       'listen to me',
	       'digital media print',
	       55,
	       55,
	       'listen-to-me',
	       'limited edition print &pound;160',
	       0,
		650,
		 650);


INSERT INTO art_pricing(art, item_number, description, price)
	VALUES(LAST_INSERT_ID(), 'PM112', 'limited edition print', 160);


##----------------------------------------------------------------------------------  


INSERT INTO art (artist, title, media, width, height, image, pricing_info, main_image, image_width, image_height)
	VALUES(276,
	       'never look back',
	       'digital media print',
	       55,
	       55,
	       'never-look-back',
	       'limited edition print &pound;160',
	       0,
		650,
		 650);


INSERT INTO art_pricing(art, item_number, description, price)
	VALUES(LAST_INSERT_ID(), 'PM113', 'limited edition print', 160);


##---------------------------------------------------------------------------------- 


INSERT INTO art (artist, title, media, width, height, image, pricing_info, main_image, image_width, image_height)
	VALUES(276,
	       'now that your gone',
	       'digital media print',
	       55,
	       55,
	       'now-that-your',
	       'limited edition print &pound;160',
	       0,
		650,
		 650);


INSERT INTO art_pricing(art, item_number, description, price)
	VALUES(LAST_INSERT_ID(), 'PM114', 'limited edition print', 160);


##---------------------------------------------------------------------------------- 


INSERT INTO art (artist, title, media, width, height, image, pricing_info, main_image, image_width, image_height)
	VALUES(276,
	       'one small day',
	       'digital media print',
	       55,
	       55,
	       'one-small-day',
	       'limited edition print &pound;160',
	       0,
		650,
		 650);


INSERT INTO art_pricing(art, item_number, description, price)
	VALUES(LAST_INSERT_ID(), 'PM115', 'limited edition print', 160);


##---------------------------------------------------------------------------------- 


INSERT INTO art (artist, title, media, width, height, image, pricing_info, main_image, image_width, image_height)
	VALUES(276,
	       'promise you wont tell',
	       'digital media print',
	       55,
	       55,
	       'promise-you-wont',
	       'limited edition print &pound;160',
	       0,
		650,
		 650);


INSERT INTO art_pricing(art, item_number, description, price)
	VALUES(LAST_INSERT_ID(), 'PM116', 'limited edition print', 160);


##---------------------------------------------------------------------------------- 


INSERT INTO art (artist, title, media, width, height, image, pricing_info, main_image, image_width, image_height)
	VALUES(276,
	       'someone to guide me',
	       'digital media print',
	       55,
	       55,
	       'someone-to-guide',
	       'limited edition print &pound;160',
	       0,
		650,
		 650);


INSERT INTO art_pricing(art, item_number, description, price)
	VALUES(LAST_INSERT_ID(), 'PM117', 'limited edition print', 160);


##---------------------------------------------------------------------------------- 


INSERT INTO art (artist, title, media, width, height, image, pricing_info, main_image, image_width, image_height)
	VALUES(276,
	       'staring at the sun',
	       'digital media print',
	       55,
	       55,
	       'staring-at-the',
	       'limited edition print &pound;160',
	       0,
		650,
		 650);


INSERT INTO art_pricing(art, item_number, description, price)
	VALUES(LAST_INSERT_ID(), 'PM118', 'limited edition print', 160);


##---------------------------------------------------------------------------------- 


INSERT INTO art (artist, title, media, width, height, image, pricing_info, main_image, image_width, image_height)
	VALUES(276,
	       'surreal world',
	       'digital media print',
	       55,
	       55,
	       'surreal-world',
	       'limited edition print &pound;160',
	       0,
		650,
		 650);


INSERT INTO art_pricing(art, item_number, description, price)
	VALUES(LAST_INSERT_ID(), 'PM119', 'limited edition print', 160);


##---------------------------------------------------------------------------------- 


INSERT INTO art (artist, title, media, width, height, image, pricing_info, main_image, image_width, image_height)
	VALUES(276,
	       'take me to the sky',
	       'digital media print',
	       55,
	       55,
	       'take-me-to',
	       'limited edition print &pound;160',
	       0,
		650,
		 650);


INSERT INTO art_pricing(art, item_number, description, price)
	VALUES(LAST_INSERT_ID(), 'PM120', 'limited edition print', 160);


##----------------------------------------------------------------------------------  


INSERT INTO art (artist, title, media, width, height, image, pricing_info, main_image, image_width, image_height)
	VALUES(276,
	       'teach me how to fly',
	       'digital media print',
	       55,
	       55,
	       'teach-me-how',
	       'limited edition print &pound;160',
	       1,
		650,
		 650);


INSERT INTO art_pricing(art, item_number, description, price)
	VALUES(LAST_INSERT_ID(), 'PM121', 'limited edition print', 160);


##----------------------------------------------------------------------------------   


INSERT INTO art (artist, title, media, width, height, image, pricing_info, main_image, image_width, image_height)
	VALUES(276,
	       'they might be giants',
	       'digital media print',
	       55,
	       55,
	       'they-might-be',
	       'limited edition print &pound;160',
	       0,
		650,
		 650);


INSERT INTO art_pricing(art, item_number, description, price)
	VALUES(LAST_INSERT_ID(), 'PM122', 'limited edition print', 160);


##----------------------------------------------------------------------------------   


INSERT INTO art (artist, title, media, width, height, image, pricing_info, main_image, image_width, image_height)
	VALUES(276,
	       'time',
	       'digital media print',
	       55,
	       55,
	       'time',
	       'limited edition print &pound;160',
	       0,
		650,
		 650);


INSERT INTO art_pricing(art, item_number, description, price)
	VALUES(LAST_INSERT_ID(), 'PM123', 'limited edition print', 160);


##----------------------------------------------------------------------------------      


INSERT INTO art (artist, title, media, width, height, image, pricing_info, main_image, image_width, image_height)
	VALUES(276,
	       'waiting for the rain',
	       'digital media print',
	       55,
	       55,
	       'waiting-for-the',
	       'limited edition print &pound;160',
	       0,
		650,
		 650);


INSERT INTO art_pricing(art, item_number, description, price)
	VALUES(LAST_INSERT_ID(), 'PM124', 'limited edition print', 160);


##----------------------------------------------------------------------------------       


INSERT INTO art (artist, title, media, width, height, image, pricing_info, main_image, image_width, image_height)
	VALUES(276,
	       'welcome to the machine',
	       'digital media print',
	       55,
	       55,
	       'welcome-to-the',
	       'limited edition print &pound;160',
	       0,
		650,
		 650);


INSERT INTO art_pricing(art, item_number, description, price)
	VALUES(LAST_INSERT_ID(), 'PM125', 'limited edition print', 160);


##----------------------------------------------------------------------------------


INSERT INTO artist (id, name, statement, notes, display, keywords)
	VALUES(282, 'dave boal',
	'<p class="artist"></p>

<p class="artist">Dave has been an art teacher for 34 years and painted in his spare time throughout these years, but now feels ready and able to share the work hecreates. He says of his working process:</p>


<p class="artist">"Most paintings are developed from memories, recollections and interpretations of places visited on holidays or on walks. Sketchbooks are constantly used to record observations during each visit, often backed up by written notes and sometimes photographs of particular areas of colour and texture. Back home these studies serve as reminders of events, atmosphere and ambiance of the places visited. The resulting paintings, however, are not of any particular, specific view, or location, but more of a feeling, generalised from memories of place, based on colours and shapes."</p>

<p class="artist"></p>',
               NULL,
	       1,
		'dave boal, david boal artist, liverpool artist, liverpool painter, abstract painting, abstract landscapes, acrylic on canvas, oil on canvas, colour paintings');

##----------------------------------------------------------------------------------


INSERT INTO art (artist, title, media, width, height, image, pricing_info, main_image, image_width, image_height)
	VALUES(282,
	       'tibet',
	       'acrylic on canvas',
	       122,
	       102,
	       'tibet',
	  	       'not currently available',
	       1,
		551,
		 650);





##----------------------------------------------------------------------------------


INSERT INTO art (artist, title, media, width, height, image, pricing_info, main_image, image_width, image_height)
	VALUES(282,
	       'purple nightlife',
	       'acrylic and collage on canvas',
	       122,
	       192,
	       'purpel-nightlife',
	       'original &pound;560',
	       0,
		491,
		 650);


INSERT INTO art_pricing(art, item_number, description, price)
	VALUES(LAST_INSERT_ID(), 'da113', 'original', 560);


##----------------------------------------------------------------------------------


INSERT INTO art (artist, title, media, width, height, image, pricing_info, main_image, image_width, image_height)
	VALUES(282,
	       'not easy being green',
	       'acrylic on canvas',
	       127,
	       112,
	       'not-easy-being',
	       'not currently available',
	       0,
		575,
		 650);




##----------------------------------------------------------------------------------


INSERT INTO art (artist, title, media, width, height, image, pricing_info, main_image, image_width, image_height)
	VALUES(282,
	       'duke street blues',
	       'acrylic on canvas',
	       100,
	       100,
	       'duke-street-blue',
	     	       'not currently available',
	       0,
		650,
		 647);


##----------------------------------------------------------------------------------


INSERT INTO art (artist, title, media, width, height, image, pricing_info, main_image, image_width, image_height)
	VALUES(282,
	       'yellow duke',
	       'acrylic on canvas',
	       100,
	       100,
	       'yellow-duke',
	    	       'not currently available',
	       0,
		650,
		 647);



##----------------------------------------------------------------------------------



INSERT INTO art (artist, title, media, width, height, image, pricing_info, main_image, image_width, image_height)
	VALUES(282,
	       'elmars palm springs',
	       'acrylic on canvas',
	       36,
	       26,
	       'elmars-palm-springs',
	       'original &pound;150',
	       0,
		471,
		 650);


INSERT INTO art_pricing(art, item_number, description, price)
	VALUES(LAST_INSERT_ID(), 'da107', 'original', 150);


##----------------------------------------------------------------------------------


INSERT INTO art (artist, title, media, width, height, image, pricing_info, main_image, image_width, image_height)
	VALUES(282,
	       'palm springs',
	       'acrylic on canvas',
	       36,
	       26,
	       'palm-springs',
	       'original &pound;150',
	       0,
		465,
		 650);


INSERT INTO art_pricing(art, item_number, description, price)
	VALUES(LAST_INSERT_ID(), 'da108', 'original', 150);


##----------------------------------------------------------------------------------

INSERT INTO art (artist, title, media, width, height, image, pricing_info, main_image, image_width, image_height)
	VALUES(282,
	       'yellows',
	       'acrylic on canvas',
	       61,
	       82,
	       'yellows',
	       'original &pound;350',
	       0,
		650,
		 491);


INSERT INTO art_pricing(art, item_number, description, price)
	VALUES(LAST_INSERT_ID(), 'da101', 'original', 350);


##----------------------------------------------------------------------------------


INSERT INTO art (artist, title, media, width, height, image, pricing_info, main_image, image_width, image_height)
	VALUES(282,
	       'pembrokeshire landscape',
	       'acrylic on canvas',
	       90,
	       60,
	       'pembrokeshire-landscape',
	       'original &pound;320',
	       0,
		650,
		 430);


INSERT INTO art_pricing(art, item_number, description, price)
	VALUES(LAST_INSERT_ID(), 'da102', 'original', 320);


##----------------------------------------------------------------------------------


INSERT INTO art (artist, title, media, width, height, image, pricing_info, main_image, image_width, image_height)
	VALUES(282,
	       'mont blanc pathway',
	       'acrylic on canvas',
	       127,
	       112,
	       'montblanc-passway',
		       'not currently available',
	       0,
		650,
		 583);




##----------------------------------------------------------------------------------


INSERT INTO art (artist, title, media, width, height, image, pricing_info, main_image, image_width, image_height)
	VALUES(282,
	       'large wall painting',
	       'acrylic on canvas',
	       168,
	       119,
	       'large-wall-painting',
	       'original &pound;700',
	       0,
		466,
		 650);


INSERT INTO art_pricing(art, item_number, description, price)
	VALUES(LAST_INSERT_ID(), 'da104', 'original', 700);


##----------------------------------------------------------------------------------


INSERT INTO art (artist, title, media, width, height, image, pricing_info, main_image, image_width, image_height)
	VALUES(282,
	       'green mont blanc',
	       'acrylic on canvas',
	       61,
	       51,
	       'green-montblanc',
	       'original &pound;250',
	       0,
		650,
		 546);


INSERT INTO art_pricing(art, item_number, description, price)
	VALUES(LAST_INSERT_ID(), 'da105', 'original', 250);


##----------------------------------------------------------------------------------


INSERT INTO art (artist, title, media, width, height, image, pricing_info, main_image, image_width, image_height)
	VALUES(282,
	       'cornwall',
	       'acrylic on canvas',
	       122,
	       101,
	       'cornwall',
	       'original &pound;550',
	       0,
		650,
		 537);


INSERT INTO art_pricing(art, item_number, description, price)
	VALUES(LAST_INSERT_ID(), 'da106', 'original', 550);


##----------------------------------------------------------------------------------





INSERT INTO art (artist, title, media, width, height, image, pricing_info, main_image, image_width, image_height)
	VALUES(282,
	       'nepal landscape',
	       'acrylic on canvas',
	       100,
	       70,
	       'napul-landscape',
	       'original &pound;350',
	       0,
		456,
		 650);


INSERT INTO art_pricing(art, item_number, description, price)
	VALUES(LAST_INSERT_ID(), 'da111', 'original', 350);


##----------------------------------------------------------------------------------


INSERT INTO art (artist, title, media, width, height, image, pricing_info, main_image, image_width, image_height)
	VALUES(282,
	       'holy trinity',
	       'acrylic on canvas',
	       51,
	       82,
	       'holy-trinity',
	       'original &pound;250',
	       0,
		650,
		 403);


INSERT INTO art_pricing(art, item_number, description, price)
	VALUES(LAST_INSERT_ID(), 'da112', 'original', 250);


##----------------------------------------------------------------------------------






INSERT INTO art (artist, title, media, width, height, image, pricing_info, main_image, image_width, image_height)
	VALUES(282,
	       'landscape',
	       'acrylic on canvas',
	       102,
	       76,
	       'landscape',
	       'original &pound;350',
	       0,
		488,
		 650);


INSERT INTO art_pricing(art, item_number, description, price)
	VALUES(LAST_INSERT_ID(), 'da116', 'original', 350);


##----------------------------------------------------------------------------------



INSERT INTO art (artist, title, media, width, height, image, pricing_info, main_image, image_width, image_height)
	VALUES(282,
	       'yellow creatures',
	       'acrylic on canvas',
	       51,
	       76,
	       'yellow-creatures',
	       'original &pound;270',
	       0,
		650,
		 526);


INSERT INTO art_pricing(art, item_number, description, price)
	VALUES(LAST_INSERT_ID(), 'da117', 'original', 270);


##----------------------------------------------------------------------------------



INSERT INTO art (artist, title, media, width, height, image, pricing_info, main_image, image_width, image_height)
	VALUES(282,
	       'whiter shade of pale',
	       'oil on canvas',
	       122,
	       87,
	       'whiter-shade-of',
	       'original &pound;620',
	       0,
		519,
		 650);


INSERT INTO art_pricing(art, item_number, description, price)
	VALUES(LAST_INSERT_ID(), 'da118', 'original', 620);


##----------------------------------------------------------------------------------



INSERT INTO art (artist, title, media, width, height, image, pricing_info, main_image, image_width, image_height)
	VALUES(282,
	       'winter and summer',
	       'acrylic on canvas',
	       91,
	       50,
	       'winter-and-summer',
	       'original &pound;350',
	       0,
		454,
		 650);


INSERT INTO art_pricing(art, item_number, description, price)
	VALUES(LAST_INSERT_ID(), 'da119', 'original', 350);


##----------------------------------------------------------------------------------



INSERT INTO art (artist, title, media, width, height, image, pricing_info, main_image, image_width, image_height)
	VALUES(282,
	       'montauk highway',
	       'acrylic on canvas',
	       80,
	       30,
	       'montauk-highway',
	       'original &pound;300',
	       0,
		243,
		 650);


INSERT INTO art_pricing(art, item_number, description, price)
	VALUES(LAST_INSERT_ID(), 'da120', 'original', 300);


##----------------------------------------------------------------------------------





INSERT INTO artist (id, name, statement, notes, display, keywords)
	VALUES(281, 'ian fallace',
	'<p class="artist">Ian graduated from Liverpool Art School in 1989 and remained involved in arts education for the next 10 years. He says of his work:</p>

<p class="artist">"In the early eighties I visited the Tate in London and was moved by the humming, intense presence of Rothko''s Seagram Murals. My aim is to make original paintings that resonate in a similar way; that impose themselves upon the viewer and have the iconic value of signs but which are ambiguous in meaning."</p>


<p class="artist"></p>

<p class="artist"></p>',
               NULL,
	       1,
		'KEYWORDS');

##----------------------------------------------------------------------------------

INSERT INTO art (artist, title, media, width, height, image, pricing_info, main_image, image_width, image_height)
	VALUES(281,
	       'florida sinkhole',
	       'acrylic',
	       90,
	        90,
	       'florida-sinkhole',
	       'original &pound;700',
	       1,
		637,
		 650);


INSERT INTO art_pricing(art, item_number, description, price)
	VALUES(LAST_INSERT_ID(), 'if106', 'original', 700);


##----------------------------------------------------------------------------------



INSERT INTO art (artist, title, media, width, height, image, pricing_info, main_image, image_width, image_height)
	VALUES(281,
	       'butterflies flutter by',
	       'acrylic',
	       90,
	        90,
	       'butterflies-flutter-by',
	       'original &pound;700',
	       0,
		647,
		 650);


INSERT INTO art_pricing(art, item_number, description, price)
	VALUES(LAST_INSERT_ID(), 'if107', 'original', 700);


##----------------------------------------------------------------------------------



INSERT INTO art (artist, title, media, width, height, image, pricing_info, main_image, image_width, image_height)
	VALUES(281,
	       'aspis',
	       'acrylic',
	       90,
	        90,
	       'aspis',
	       'original &pound;700',
	       0,
		636,
		 650);


INSERT INTO art_pricing(art, item_number, description, price)
	VALUES(LAST_INSERT_ID(), 'if108', 'original', 700);


##----------------------------------------------------------------------------------




INSERT INTO art (artist, title, media, width, height, image, pricing_info, main_image, image_width, image_height)
	VALUES(281,
	       'attila mesterhazy',
	       'acrylic',
	       50,
	        60,
	       'attila-mesterhazy',
	       'original &pound;560',
	       0,
		530,
		 650);


INSERT INTO art_pricing(art, item_number, description, price)
	VALUES(LAST_INSERT_ID(), 'if109', 'original', 560);


##----------------------------------------------------------------------------------


INSERT INTO art (artist, title, media, width, height, image, pricing_info, main_image, image_width, image_height)
	VALUES(281,
	       'the helmet makers wife',
	       'acrylic',
	       50,
	        60,
	       'the-helmet-makers',
	       'original &pound;560',
	       0,
		534,
		 650);


INSERT INTO art_pricing(art, item_number, description, price)
	VALUES(LAST_INSERT_ID(), 'if110', 'original', 560);


##----------------------------------------------------------------------------------

INSERT INTO art (artist, title, media, width, height, image, pricing_info, main_image, image_width, image_height)
	VALUES(281,
	       'red radiator',
	       'acrylic',
	       60,
	        50,
	       'red-radiator',
	       'original &pound;560',
	       0,
		542,
		 650);


INSERT INTO art_pricing(art, item_number, description, price)
	VALUES(LAST_INSERT_ID(), 'if101', 'original', 560);


##----------------------------------------------------------------------------------


INSERT INTO art (artist, title, media, width, height, image, pricing_info, main_image, image_width, image_height)
	VALUES(281,
	       'come see the tyrant',
	       'acrylic',
	       90,
	        90,
	       'come-see-the',
	       'original &pound;700',
	       0,
		649,
		 650);


INSERT INTO art_pricing(art, item_number, description, price)
	VALUES(LAST_INSERT_ID(), 'if102', 'original', 700);

##----------------------------------------------------------------------------------



INSERT INTO art (artist, title, media, width, height, image, pricing_info, main_image, image_width, image_height)
	VALUES(281,
	       'da bomb',
	       'acrylic',
	       90,
	        90,
	       'da-bomb',
	       'original &pound;700',
	       0,
		645,
		 650);


INSERT INTO art_pricing(art, item_number, description, price)
	VALUES(LAST_INSERT_ID(), 'if103', 'original', 700);


##----------------------------------------------------------------------------------




INSERT INTO art (artist, title, media, width, height, image, pricing_info, main_image, image_width, image_height)
	VALUES(281,
	       'abandon hope',
	       'acrylic',
	       60,
	        50,
	       'abandon-hope',
	       'original &pound;560',
	       0,
		544,
		 650);


INSERT INTO art_pricing(art, item_number, description, price)
	VALUES(LAST_INSERT_ID(), 'if104', 'original', 560);


##----------------------------------------------------------------------------------


INSERT INTO art (artist, title, media, width, height, image, pricing_info, main_image, image_width, image_height)
	VALUES(281,
	       'cagey',
	       'acrylic',
	       60,
	        50,
	       'cagey',
	       'original &pound;560',
	       0,
		539,
		 650);


INSERT INTO art_pricing(art, item_number, description, price)
	VALUES(LAST_INSERT_ID(), 'if105', 'original', 560);


##----------------------------------------------------------------------------------





INSERT INTO artist (id, name, statement, notes, display, keywords)
	VALUES(283, 'andrew g fisher',
	'<p class="artist">The passage of time has always fascinated and intrigued me.  Unchangeable and inevitable, an abstract concept which has confounding effects on every aspect of life. Photographs freeze moments in time.</p>

<p class="artist">Moments that are instantly gone forever: stories of memories.  In capturing these moments, the concept of how time moves and changes people and places can be recognised and explored.  Each of my projects seeks to identify the relationship between time, place and people. Fate: how one inevitably affects the other and how in the end, all that remains is time.</p>


<p class="artist">All photographs are personally hand printed as silver gelatin prints to a size of 18 inches square.  The artist uses heavy double-weight, 225 gsm, fibre based photographic paper.  The photographs are mounted to museum quality giving final overall dimensions of 24 inches square.  Each image is strictly limited to 5 prints and is signed by the artist.</p>

<p class="artist"></p>',
               NULL,
	       1,
		'KEYWORDS');

##----------------------------------------------------------------------------------


INSERT INTO art (artist, title, media, width, height, image, pricing_info, main_image, image_width, image_height)
	VALUES(283,
	       'forgotten corners 1',
	       'photographic prints',
	       45,
	       45,
	       'forgotten-corners-1',
	       'limited edition print &pound;450',
	       0,
		650,
		 650);


INSERT INTO art_pricing(art, item_number, description, price)
	VALUES(LAST_INSERT_ID(), 'af101', 'original', 450);


##----------------------------------------------------------------------------------


INSERT INTO art (artist, title, media, width, height, image, pricing_info, main_image, image_width, image_height)
	VALUES(283,
	       'forgotten corners 2',
	       'photographic prints',
	       45,
	       45,
	       'forgotten-corners-2',
	       'limited edition print &pound;450',
	       0,
		650,
		 650);


INSERT INTO art_pricing(art, item_number, description, price)
	VALUES(LAST_INSERT_ID(), 'af102', 'original', 450);


##----------------------------------------------------------------------------------



INSERT INTO art (artist, title, media, width, height, image, pricing_info, main_image, image_width, image_height)
	VALUES(283,
	       'forgotten corners 3',
	       'photographic prints',
	       45,
	       45,
	       'forgotten-corners-3',
	       'limited edition print &pound;450',
	       0,
		650,
		 650);


INSERT INTO art_pricing(art, item_number, description, price)
	VALUES(LAST_INSERT_ID(), 'af103', 'original', 450);


##----------------------------------------------------------------------------------



INSERT INTO art (artist, title, media, width, height, image, pricing_info, main_image, image_width, image_height)
	VALUES(283,
	       'forgotten corners 4',
	       'photographic prints',
	       45,
	       45,
	       'forgotten-corners-4',
	       'limited edition print &pound;450',
	       0,
		650,
		 650);


INSERT INTO art_pricing(art, item_number, description, price)
	VALUES(LAST_INSERT_ID(), 'af104', 'original', 450);


##----------------------------------------------------------------------------------



INSERT INTO art (artist, title, media, width, height, image, pricing_info, main_image, image_width, image_height)
	VALUES(283,
	       'forgotten corners 5',
	       'photographic prints',
	       45,
	       45,
	       'forgotten-corners-5',
	       'limited edition print &pound;450',
	       0,
		650,
		 650);


INSERT INTO art_pricing(art, item_number, description, price)
	VALUES(LAST_INSERT_ID(), 'af105', 'original', 450);


##----------------------------------------------------------------------------------



INSERT INTO art (artist, title, media, width, height, image, pricing_info, main_image, image_width, image_height)
	VALUES(283,
	       'forgotten corners 6',
	       'photographic prints',
	       45,
	       45,
	       'forgotten-corners-6',
	       'limited edition print &pound;450',
	       0,
		650,
		 650);


INSERT INTO art_pricing(art, item_number, description, price)
	VALUES(LAST_INSERT_ID(), 'af106', 'original', 450);


##----------------------------------------------------------------------------------



INSERT INTO art (artist, title, media, width, height, image, pricing_info, main_image, image_width, image_height)
	VALUES(283,
	       'forgotten corners 7',
	       'photographic prints',
	       45,
	       45,
	       'forgotten-corners-7',
	       'limited edition print &pound;450',
	       0,
		650,
		 650);


INSERT INTO art_pricing(art, item_number, description, price)
	VALUES(LAST_INSERT_ID(), 'af107', 'original', 450);


##----------------------------------------------------------------------------------



INSERT INTO art (artist, title, media, width, height, image, pricing_info, main_image, image_width, image_height)
	VALUES(283,
	       'forgotten corners 8',
	       'photographic prints',
	       45,
	       45,
	       'forgotten-corners-8',
	       'limited edition print &pound;450',
	       0,
		650,
		 650);


INSERT INTO art_pricing(art, item_number, description, price)
	VALUES(LAST_INSERT_ID(), 'af108', 'original', 450);


##----------------------------------------------------------------------------------



INSERT INTO art (artist, title, media, width, height, image, pricing_info, main_image, image_width, image_height)
	VALUES(283,
	       'forgotten corners 9',
	       'photographic prints',
	       45,
	       45,
	       'forgotten-corners-9',
	       'limited edition print &pound;450',
	       0,
		650,
		 650);


INSERT INTO art_pricing(art, item_number, description, price)
	VALUES(LAST_INSERT_ID(), 'af109', 'original', 450);


##----------------------------------------------------------------------------------



INSERT INTO art (artist, title, media, width, height, image, pricing_info, main_image, image_width, image_height)
	VALUES(283,
	       'forgotten corners 10',
	       'photographic prints',
	       45,
	       45,
	       'forgotten-corners-10',
	       'limited edition print &pound;450',
	       0,
		650,
		 650);


INSERT INTO art_pricing(art, item_number, description, price)
	VALUES(LAST_INSERT_ID(), 'af110', 'original', 450);


##----------------------------------------------------------------------------------



INSERT INTO art (artist, title, media, width, height, image, pricing_info, main_image, image_width, image_height)
	VALUES(283,
	       'besides the sea 1',
	       'photographic prints',
	       45,
	       45,
	       'besides-the-1',
	       'limited edition print &pound;450',
	       0,
		650,
		 650);


INSERT INTO art_pricing(art, item_number, description, price)
	VALUES(LAST_INSERT_ID(), 'af101', 'original', 450);


##----------------------------------------------------------------------------------



INSERT INTO art (artist, title, media, width, height, image, pricing_info, main_image, image_width, image_height)
	VALUES(283,
	       'besides the sea 2',
	       'photographic prints',
	       45,
	       45,
	       'besides-the-2',
	       'limited edition print &pound;450',
	       0,
		650,
		 650);


INSERT INTO art_pricing(art, item_number, description, price)
	VALUES(LAST_INSERT_ID(), 'af102', 'original', 450);


##----------------------------------------------------------------------------------



INSERT INTO art (artist, title, media, width, height, image, pricing_info, main_image, image_width, image_height)
	VALUES(283,
	       'besides the sea 3',
	       'photographic prints',
	       45,
	       45,
	       'besides-the-3',
	       'limited edition print &pound;450',
	       0,
		650,
		 650);


INSERT INTO art_pricing(art, item_number, description, price)
	VALUES(LAST_INSERT_ID(), 'af103', 'original', 450);


##----------------------------------------------------------------------------------



INSERT INTO art (artist, title, media, width, height, image, pricing_info, main_image, image_width, image_height)
	VALUES(283,
	       'besides the sea 4',
	       'photographic prints',
	       45,
	       45,
	       'besides-the-4',
	       'limited edition print &pound;450',
	       1,
		650,
		 650);


INSERT INTO art_pricing(art, item_number, description, price)
	VALUES(LAST_INSERT_ID(), 'af104', 'original', 450);


##----------------------------------------------------------------------------------



INSERT INTO art (artist, title, media, width, height, image, pricing_info, main_image, image_width, image_height)
	VALUES(283,
	       'besides the sea 5',
	       'photographic prints',
	       45,
	       45,
	       'besides-the-5',
	       'limited edition print &pound;450',
	       0,
		650,
		 650);


INSERT INTO art_pricing(art, item_number, description, price)
	VALUES(LAST_INSERT_ID(), 'af105', 'original', 450);


##----------------------------------------------------------------------------------



INSERT INTO art (artist, title, media, width, height, image, pricing_info, main_image, image_width, image_height)
	VALUES(283,
	       'besides the sea 6',
	       'photographic prints',
	       45,
	       45,
	       'besides-the-6',
	       'limited edition print &pound;450',
	       0,
		650,
		 650);


INSERT INTO art_pricing(art, item_number, description, price)
	VALUES(LAST_INSERT_ID(), 'af106', 'original', 450);


##----------------------------------------------------------------------------------



INSERT INTO art (artist, title, media, width, height, image, pricing_info, main_image, image_width, image_height)
	VALUES(283,
	       'besides the sea 7',
	       'photographic prints',
	       45,
	       45,
	       'besides-the-7',
	       'limited edition print &pound;450',
	       0,
		650,
		 650);


INSERT INTO art_pricing(art, item_number, description, price)
	VALUES(LAST_INSERT_ID(), 'af107', 'original', 450);


##----------------------------------------------------------------------------------



INSERT INTO art (artist, title, media, width, height, image, pricing_info, main_image, image_width, image_height)
	VALUES(283,
	       'besides the sea 8',
	       'photographic prints',
	       45,
	       45,
	       'besides-the-8',
	       'limited edition print &pound;450',
	       0,
		650,
		 650);


INSERT INTO art_pricing(art, item_number, description, price)
	VALUES(LAST_INSERT_ID(), 'af108', 'original', 450);


##----------------------------------------------------------------------------------



INSERT INTO art (artist, title, media, width, height, image, pricing_info, main_image, image_width, image_height)
	VALUES(283,
	       'besides the sea 9',
	       'photographic prints',
	       45,
	       45,
	       'besides-the-9',
	       'limited edition print &pound;450',
	       0,
		650,
		 650);


INSERT INTO art_pricing(art, item_number, description, price)
	VALUES(LAST_INSERT_ID(), 'af109', 'original', 450);


##----------------------------------------------------------------------------------



INSERT INTO art (artist, title, media, width, height, image, pricing_info, main_image, image_width, image_height)
	VALUES(283,
	       'besides the sea 10',
	       'photographic prints',
	       45,
	       45,
	       'besides-the-10',
	       'limited edition print &pound;450',
	       0,
		650,
		 650);


INSERT INTO art_pricing(art, item_number, description, price)
	VALUES(LAST_INSERT_ID(), 'af110', 'original', 450);


##----------------------------------------------------------------------------------








INSERT INTO artist (id, name, statement, notes, display, keywords)
	VALUES(284, 'john petch',
	'<p class="artist">John Petch, born in Liverpool now living in Cheshire, trained to teach art in Liverpool, working in a number of local schools. He says:</p>

<p class="artist">"My work investigates the relationship between line and space. Challenging how the brain perceives and makes sense of the difference between what is understood and unfamiliar. I began painting in the mid 1960s moving from Op Art to Geometrical Abstraction being inspired by geometric imagery and pattern. My paintings invite the viewer to be drawn into a conversation from a simple statement of pattern to the relationship between art and mathematical special awareness." 
</p>


<p class="artist">"I am currently exploring the relationship between line and shape in the environment particularly buildings and the spaces between."</p>

<p class="artist">Limited edition prints are also available in larger sizes, please call 0845 017 6660.</p>',
               NULL,
	       1,
		'KEYWORDS');

##----------------------------------------------------------------------------------






INSERT INTO art (artist, title, media, width, height, image, pricing_info, main_image, image_width, image_height)
	VALUES(284,
	       'back north john street medium',
	       'acrylic on canvas',
	       37,
	       26,
	       'back-north-john',
	       'limited edition print &pound;58',
	       0,
		650,
		 455);


INSERT INTO art_pricing(art, item_number, description, price)
	VALUES(LAST_INSERT_ID(), 'jp112', 'limited edition print', 58);


##----------------------------------------------------------------------------------  



INSERT INTO art (artist, title, media, width, height, image, pricing_info, main_image, image_width, image_height)
	VALUES(284,
	       'back north john street small',
	       'acrylic on canvas',
	       24,
	       18,
	       'back-north-john',
	       'limited edition print &pound;38',
	       0,
		650,
		 455);


INSERT INTO art_pricing(art, item_number, description, price)
	VALUES(LAST_INSERT_ID(), 'jp113', 'limited edition print', 38);


##---------------------------------------------------------------------------------- 



INSERT INTO art (artist, title, media, width, height, image, pricing_info, main_image, image_width, image_height)
	VALUES(284,
	       '1 mann island medium',
	       'acrylic on canvas',
	       37,
	       26,
	       '1-mann-island',
	       'limited edition print &pound;58',
	       0,
		650,
		 455);


INSERT INTO art_pricing(art, item_number, description, price)
	VALUES(LAST_INSERT_ID(), 'jp114', 'limited edition print', 58);


##----------------------------------------------------------------------------------  



INSERT INTO art (artist, title, media, width, height, image, pricing_info, main_image, image_width, image_height)
	VALUES(284,
	       '1 mann island small',
	       'acrylic on canvas',
	       24,
	       18,
	       '1-mann-island',
	       'limited edition print &pound;38',
	       0,
		650,
		 455);



INSERT INTO art_pricing(art, item_number, description, price)
	VALUES(LAST_INSERT_ID(), 'jp115', 'limited edition print', 38);


##----------------------------------------------------------------------------------



INSERT INTO art (artist, title, media, width, height, image, pricing_info, main_image, image_width, image_height)
	VALUES(284,
	       'jubilee bridge medium',
	       'acrylic on canvas',
	       37,
	       26,
	       'jubilee-bridge',
	       'limited edition print &pound;58',
	       0,
		650,
		 455);


INSERT INTO art_pricing(art, item_number, description, price)
	VALUES(LAST_INSERT_ID(), 'jp116', 'limited edition print', 58);


##----------------------------------------------------------------------------------   



INSERT INTO art (artist, title, media, width, height, image, pricing_info, main_image, image_width, image_height)
	VALUES(284,
	       'jubilee bridge small',
	       'acrylic on canvas',
	       24,
	       18,
	       'jubilee-bridge',
	       'limited edition print &pound;38',
	       0,
		 650,
		 455);


INSERT INTO art_pricing(art, item_number, description, price)
	VALUES(LAST_INSERT_ID(), 'jp117', 'limited edition print', 38);


##----------------------------------------------------------------------------------



INSERT INTO art (artist, title, media, width, height, image, pricing_info, main_image, image_width, image_height)
	VALUES(284,
	       'stepping off medium',
	       'acrylic on canvas',
	       37,
	       26,
	       'stepping-off',
	       'limited edition print &pound;58',
	       0,
		650,
		 455);


INSERT INTO art_pricing(art, item_number, description, price)
	VALUES(LAST_INSERT_ID(), 'jp118', 'limited edition print', 58);


##----------------------------------------------------------------------------------   



INSERT INTO art (artist, title, media, width, height, image, pricing_info, main_image, image_width, image_height)
	VALUES(284,
	       'stepping off small',
	       'acrylic on canvas',
	       24,
	       18,
	       'stepping-off',
	       'limited edition print &pound;38',
	       0,
		650,
		 455);


INSERT INTO art_pricing(art, item_number, description, price)
	VALUES(LAST_INSERT_ID(), 'jp119', 'limited edition print', 38);


##---------------------------------------------------------------------------------- 



INSERT INTO art (artist, title, media, width, height, image, pricing_info, main_image, image_width, image_height)
	VALUES(284,
	       'west tower liverpool medium',
	       'acrylic on canvas',
	       25,
	       25,
	       'west-tower-liverpool',
	       'limited edition print &pound;54',
	       0,
		650,
		 650);


INSERT INTO art_pricing(art, item_number, description, price)
	VALUES(LAST_INSERT_ID(), 'jp120', 'limited edition print', 54);


##----------------------------------------------------------------------------------    



INSERT INTO art (artist, title, media, width, height, image, pricing_info, main_image, image_width, image_height)
	VALUES(284,
	       'west tower liverpool small',
	       'acrylic on canvas',
	       16,
	       16,
	       'west-tower-liverpool',
	       'limited edition print &pound;34',
	       0,
		650,
		 650);



INSERT INTO art_pricing(art, item_number, description, price)
	VALUES(LAST_INSERT_ID(), 'jp121', 'limited edition print', 34);


##----------------------------------------------------------------------------------  



INSERT INTO art (artist, title, media, width, height, image, pricing_info, main_image, image_width, image_height)
	VALUES(284,
	       'costa liverpool medium',
	       'acrylic on canvas',
	       25,
	       25,
	       'costa-liverpool',
	       'limited edition print &pound;54',
	       0,
		650,
		 650);


INSERT INTO art_pricing(art, item_number, description, price)
	VALUES(LAST_INSERT_ID(), 'jp122', 'limited edition print', 54);


##----------------------------------------------------------------------------------    



INSERT INTO art (artist, title, media, width, height, image, pricing_info, main_image, image_width, image_height)
	VALUES(284,
	       'costa liverpool small',
	       'acrylic on canvas',
	       16,
	       16,
	       'costa-liverpool',
	       'limited edition print &pound;34',
	       0,
		650,
		 650);


INSERT INTO art_pricing(art, item_number, description, price)
	VALUES(LAST_INSERT_ID(), 'jp123', 'limited edition print', 34);


##----------------------------------------------------------------------------------    



INSERT INTO art (artist, title, media, width, height, image, pricing_info, main_image, image_width, image_height)
	VALUES(284,
	       'mann island medium',
	       'acrylic on canvas',
	       25,
	       25,
	       'mann-island',
	       'limited edition print &pound;54',
	       0,
		650,
		 650);


INSERT INTO art_pricing(art, item_number, description, price)
	VALUES(LAST_INSERT_ID(), 'jp124', 'limited edition print', 54);


##----------------------------------------------------------------------------------     



INSERT INTO art (artist, title, media, width, height, image, pricing_info, main_image, image_width, image_height)
	VALUES(284,
	       'mann island small',
	       'acrylic on canvas',
	       16,
	       16,
	       'mann-island',
	       'limited edition print &pound;34',
	       0,
		650,
		 650);


INSERT INTO art_pricing(art, item_number, description, price)
	VALUES(LAST_INSERT_ID(), 'jp125', 'limited edition print', 34);


##----------------------------------------------------------------------------------     



INSERT INTO art (artist, title, media, width, height, image, pricing_info, main_image, image_width, image_height)
	VALUES(284,
	       'st pauls square medium',
	       'acrylic on canvas',
	       25,
	       25,
	       'st-pauls-square',
	       'limited edition print &pound;54',
	       0,
		650,
		 650);


INSERT INTO art_pricing(art, item_number, description, price)
	VALUES(LAST_INSERT_ID(), 'jp126', 'limited edition print', 54);


##----------------------------------------------------------------------------------       



INSERT INTO art (artist, title, media, width, height, image, pricing_info, main_image, image_width, image_height)
	VALUES(284,
	       'st pauls square small',
	       'acrylic on canvas',
	       16,
	       16,
	       'st-pauls-square',
	       'limited edition print &pound;34',
	       0,
		650,
		 650);


INSERT INTO art_pricing(art, item_number, description, price)
	VALUES(LAST_INSERT_ID(), 'jp127', 'limited edition print', 34);


##----------------------------------------------------------------------------------        



INSERT INTO art (artist, title, media, width, height, image, pricing_info, main_image, image_width, image_height)
	VALUES(284,
	       'hilton liverpool medium',
	       'acrylic on canvas',
	       25,
	       25,
	       'hilton-liverpool',
	       'limited edition print &pound;54',
	       0,
		650,
		 650);


INSERT INTO art_pricing(art, item_number, description, price)
	VALUES(LAST_INSERT_ID(), 'jp128', 'limited edition print', 54);


##----------------------------------------------------------------------------------       



INSERT INTO art (artist, title, media, width, height, image, pricing_info, main_image, image_width, image_height)
	VALUES(284,
	       'hilton liverpool small',
	       'acrylic on canvas',
	       16,
	       16,
	       'hilton-liverpool',
	       'limited edition print &pound;34',
	       0,
		650,
		 650);



INSERT INTO art_pricing(art, item_number, description, price)
	VALUES(LAST_INSERT_ID(), 'jp129', 'limited edition print', 34);


##----------------------------------------------------------------------------------       



INSERT INTO art (artist, title, media, width, height, image, pricing_info, main_image, image_width, image_height)
	VALUES(284,
	       'echo arena medium',
	       'acrylic on canvas',
	       25,
	       25,
	       'echo-arena',
	       'limited edition print &pound;54',
	       0,
		650,
		 650);


INSERT INTO art_pricing(art, item_number, description, price)
	VALUES(LAST_INSERT_ID(), 'jp130', 'limited edition print', 54);


##----------------------------------------------------------------------------------       



INSERT INTO art (artist, title, media, width, height, image, pricing_info, main_image, image_width, image_height)
	VALUES(284,
	       'echo arena small',
	       'acrylic on canvas',
	       16,
	       16,
	       'echo-arena',
	       'limited edition print &pound;34',
	       0,
		650,
		 650);


INSERT INTO art_pricing(art, item_number, description, price)
	VALUES(LAST_INSERT_ID(), 'jp131', 'limited edition print', 34);


##----------------------------------------------------------------------------------          



INSERT INTO art (artist, title, media, width, height, image, pricing_info, main_image, image_width, image_height)
	VALUES(284,
	       'liverpool one medium',
	       'acrylic on canvas',
	       25,
	       25,
	       'liverpool-one',
	       'limited edition print &pound;54',
	       0,
		637,
		 650);


INSERT INTO art_pricing(art, item_number, description, price)
	VALUES(LAST_INSERT_ID(), 'jp132', 'limited edition print', 54);


##----------------------------------------------------------------------------------        



INSERT INTO art (artist, title, media, width, height, image, pricing_info, main_image, image_width, image_height)
	VALUES(284,
	       'liverpool one small',
	       'acrylic on canvas',
	       16,
	       16,
	       'liverpool-one',
	       'limited edition print &pound;34',
	       0,
		637,
		 650);


INSERT INTO art_pricing(art, item_number, description, price)
	VALUES(LAST_INSERT_ID(), 'jp133', 'limited edition print', 34);


##----------------------------------------------------------------------------------            



INSERT INTO art (artist, title, media, width, height, image, pricing_info, main_image, image_width, image_height)
	VALUES(284,
	       'unity residential medium',
	       'acrylic on canvas',
	       25,
	       25,
	       'unity-residential',
	       'limited edition print &pound;54',
	       0,
		649,
		 650);


INSERT INTO art_pricing(art, item_number, description, price)
	VALUES(LAST_INSERT_ID(), 'jp134', 'limited edition print', 54);


##----------------------------------------------------------------------------------            



INSERT INTO art (artist, title, media, width, height, image, pricing_info, main_image, image_width, image_height)
	VALUES(284,
	       'unity residential small',
	       'acrylic on canvas',
	       16,
	       16,
	       'unity-residential',
	       'limited edition print &pound;34',
	       0,
		649,
		 650);


INSERT INTO art_pricing(art, item_number, description, price)
	VALUES(LAST_INSERT_ID(), 'jp135', 'limited edition print', 34);


##----------------------------------------------------------------------------------                




INSERT INTO art (artist, title, media, width, height, image, pricing_info, main_image, image_width, image_height)
	VALUES(284,
	       'back north john street',
	       'acrylic on canvas',
	       100,
	       70,
	       'back-north-john-street',
	       'original &pound;750',
	       0,
		650,
		 458);


INSERT INTO art_pricing(art, item_number, description, price)
	VALUES(LAST_INSERT_ID(), 'jp114', 'original', 750);


##----------------------------------------------------------------------------------

INSERT INTO art (artist, title, media, width, height, image, pricing_info, main_image, image_width, image_height)
	VALUES(284,
	       'mann island 3',
	       'acrylic on canvas',
	       100,
	       70,
	       'mann-island-3',
	       'original &pound;750',
	       1,
		650,
		 458);


INSERT INTO art_pricing(art, item_number, description, price)
	VALUES(LAST_INSERT_ID(), 'jp113', 'original', 750);


##----------------------------------------------------------------------------------


INSERT INTO art (artist, title, media, width, height, image, pricing_info, main_image, image_width, image_height)
	VALUES(284,
	       'jubilee bridge 2012 ',
	       'acrylic on canvas',
	       100,
	       70,
	       'jubilee-bridge-2012',
	       'original &pound;600',
	       0,
		650,
		 457);


INSERT INTO art_pricing(art, item_number, description, price)
	VALUES(LAST_INSERT_ID(), 'jp112', 'original', 600);


##----------------------------------------------------------------------------------

INSERT INTO art (artist, title, media, width, height, image, pricing_info, main_image, image_width, image_height)
	VALUES(284,
	       'interrelated offset square',
	       'acrylic on canvas',
	       60,
	       60,
	       'interrelated-offset',
	       'original &pound;300',
	       0,
		650,
		 642);


INSERT INTO art_pricing(art, item_number, description, price)
	VALUES(LAST_INSERT_ID(), 'jp102', 'original', 300);


##----------------------------------------------------------------------------------


INSERT INTO art (artist, title, media, width, height, image, pricing_info, main_image, image_width, image_height)
	VALUES(284,
	       'study after sarah morris',
	       'acrylic on canvas',
	       100,
	       100,
	       'study-after-sarah',
	       'original &pound;900',
	       0,
		650,
		 642);


INSERT INTO art_pricing(art, item_number, description, price)
	VALUES(LAST_INSERT_ID(), 'jp103', 'original', 900);


##----------------------------------------------------------------------------------


INSERT INTO art (artist, title, media, width, height, image, pricing_info, main_image, image_width, image_height)
	VALUES(284,
	       'interact',
	       'acrylic on canvas',
	       100,
	       100,
	       'interact',
	       'original &pound;650',
	       0,
		650,
		 632);


INSERT INTO art_pricing(art, item_number, description, price)
	VALUES(LAST_INSERT_ID(), 'jp104', 'original', 650);


##----------------------------------------------------------------------------------


INSERT INTO art (artist, title, media, width, height, image, pricing_info, main_image, image_width, image_height)
	VALUES(284,
	       'black and white',
	       'acrylic on canvas',
	       100,
	       100,
	       'black-and-white',
	       'original &pound;650',
	       0,
		650,
		 639);


INSERT INTO art_pricing(art, item_number, description, price)
	VALUES(LAST_INSERT_ID(), 'jp105', 'original', 650);


##----------------------------------------------------------------------------------


INSERT INTO art (artist, title, media, width, height, image, pricing_info, main_image, image_width, image_height)
	VALUES(284,
	       'reducing squares',
	       'acrylic on canvas',
	       50,
	       50,
	       'reducing-squares',
	       'sold',
	       0,
		647,
		 650);




##----------------------------------------------------------------------------------


INSERT INTO art (artist, title, media, width, height, image, pricing_info, main_image, image_width, image_height)
	VALUES(284,
	       'colour blocking',
	       'acrylic on canvas',
	       60,
	       60,
	       'colour-blocking',
	       'original &pound;300',
	       0,
		650,
		 650);


INSERT INTO art_pricing(art, item_number, description, price)
	VALUES(LAST_INSERT_ID(), 'jp107', 'original', 300);


##----------------------------------------------------------------------------------




INSERT INTO art (artist, title, media, width, height, image, pricing_info, main_image, image_width, image_height)
	VALUES(284,
	       'red and green',
	       'acrylic on canvas',
	       100,
	       100,
	       'red-and-green',
	       'original &pound;650',
	       0,
		645,
		 650);


INSERT INTO art_pricing(art, item_number, description, price)
	VALUES(LAST_INSERT_ID(), 'jp109', 'original', 650);


##----------------------------------------------------------------------------------


INSERT INTO art (artist, title, media, width, height, image, pricing_info, main_image, image_width, image_height)
	VALUES(284,
	       '3d study 1',
	       'acrylic on canvas',
	       60,
	       60,
	       '3d-study-1',
	       'original &pound;250',
	       0,
		641,
		 650);


INSERT INTO art_pricing(art, item_number, description, price)
	VALUES(LAST_INSERT_ID(), 'jp110', 'original', 250);


##----------------------------------------------------------------------------------


INSERT INTO art (artist, title, media, width, height, image, pricing_info, main_image, image_width, image_height)
	VALUES(284,
	       'stepping off and on ',
	       'acrylic on canvas',
	       100,
	       140,
	       'stepping-off-and',
	       'original &pound;1300',
	       0,
		650,
		 451);


INSERT INTO art_pricing(art, item_number, description, price)
	VALUES(LAST_INSERT_ID(), 'jp111', 'original', 1300);


##----------------------------------------------------------------------------------

INSERT INTO artist (id, name, statement, notes, display, keywords)
	VALUES(285, 'art for arts sake',
	'<p class="artist">Art for Art''s Sake are Em Coombes & Paul Markland.</p>

<p class="artist">"We share the same approach and inspiration to our art, using nature as our primary inspiration. Paul paints landscapes and close-up flowers and stems on pieces of machine-cut natural world, using acrylic. Em combines nature with different painting techniques in metallic and acrylic on canvas to create abstract representations of flowers and petals, often incorporating skeleton leaves, hand-made papers and metallic pen into the designs."</p>


<p class="artist"></p>

<p class="artist"></p>',
               NULL,
	       1,
		'KEYWORDS');


##----------------------------------------------------------------------------------



INSERT INTO art (artist, title, media, width, height, image, pricing_info, main_image, image_width, image_height)
	VALUES(285,
	       'autumn fall',
	       'acrylic on wood',
	       36,
	       20,
	       'autumn-fall',
	       'original &pound;160',
	       0,
		430,
		 650);


INSERT INTO art_pricing(art, item_number, description, price)
	VALUES(LAST_INSERT_ID(), 'at101', 'original', 160);


##----------------------------------------------------------------------------------



INSERT INTO art (artist, title, media, width, height, image, pricing_info, main_image, image_width, image_height)
	VALUES(285,
	       'clouds',
	       'acrylic on wood',
	       39,
	       13,
	       'clouds',
	       'original &pound;160',
	       0,
		650,
		 243);


INSERT INTO art_pricing(art, item_number, description, price)
	VALUES(LAST_INSERT_ID(), 'at102', 'original', 160);


##----------------------------------------------------------------------------------



INSERT INTO art (artist, title, media, width, height, image, pricing_info, main_image, image_width, image_height)
	VALUES(285,
	       'full bloom',
	       'acrylic on wood',
	       46,
	       13,
	       'full-bloom',
	       'original &pound;120',
	       0,
		289,
		 650);


INSERT INTO art_pricing(art, item_number, description, price)
	VALUES(LAST_INSERT_ID(), 'at103', 'original', 120);


##---------------------------------------------------------------------------------- 



INSERT INTO art (artist, title, media, width, height, image, pricing_info, main_image, image_width, image_height)
	VALUES(285,
	       'just one flower',
	       'acrylic on wood',
	       23,
	       18.5,
	       'just-one-flower',
	       'original &pound;150',
	       1,
		557,
		 650);


INSERT INTO art_pricing(art, item_number, description, price)
	VALUES(LAST_INSERT_ID(), 'at104', 'original', 150);


##----------------------------------------------------------------------------------


INSERT INTO art (artist, title, media, width, height, image, pricing_info, main_image, image_width, image_height)
	VALUES(285,
	       'in the wild',
	       'acrylic on canvas',
	       40,
	       30,
	       'in-the-wild',
	       'original &pound;70',
	       0,
		336,
		 650);


INSERT INTO art_pricing(art, item_number, description, price)
	VALUES(LAST_INSERT_ID(), 'at105', 'original', 70);


##----------------------------------------------------------------------------------  


INSERT INTO art (artist, title, media, width, height, image, pricing_info, main_image, image_width, image_height)
	VALUES(285,
	       'freds flowers',
	       'acrylic on wood',
	       39,
	       15,
	       'freds-flowers',
	       'original &pound;100',
	       0,
		300,
		 650);


INSERT INTO art_pricing(art, item_number, description, price)
	VALUES(LAST_INSERT_ID(), 'at106', 'original', 100);


##----------------------------------------------------------------------------------


INSERT INTO art (artist, title, media, width, height, image, pricing_info, main_image, image_width, image_height)
	VALUES(285,
	       'is the anyone there',
	       'acrylic on canvas',
	       40,
	       30,
	       'is-there-anyone',
	       'original &pound;60',
	       0,
		650,
		 486);


INSERT INTO art_pricing(art, item_number, description, price)
	VALUES(LAST_INSERT_ID(), 'at107', 'original', 60);


##----------------------------------------------------------------------------------


INSERT INTO art (artist, title, media, width, height, image, pricing_info, main_image, image_width, image_height)
	VALUES(285,
	       'wood in winter',
	       'acrylic on canvas',
	       45,
	       35,
	       'wood-in-winter',
	       'original &pound;60',
	       0,
		650,
		 504);


INSERT INTO art_pricing(art, item_number, description, price)
	VALUES(LAST_INSERT_ID(), 'at108', 'original', 60);


##----------------------------------------------------------------------------------


INSERT INTO art (artist, title, media, width, height, image, pricing_info, main_image, image_width, image_height)
	VALUES(285,
	       'heart of the flower',
	       'acrylic on canvas',
	       38,
	       20,
	       'heart-of-the',
	       'original &pound;60',
	       0,
		650,
		 342);


INSERT INTO art_pricing(art, item_number, description, price)
	VALUES(LAST_INSERT_ID(), 'at109', 'original', 60);


##----------------------------------------------------------------------------------


INSERT INTO art (artist, title, media, width, height, image, pricing_info, main_image, image_width, image_height)
	VALUES(285,
	       'plants thermal sunset',
	       'mixed media on canvas',
	       50,
	       40,
	       'plants-thermal-sunset',
	       'original &pound;60',
	       0,
		650,
		 543);


INSERT INTO art_pricing(art, item_number, description, price)
	VALUES(LAST_INSERT_ID(), 'at110', 'original', 60);


##----------------------------------------------------------------------------------


INSERT INTO art (artist, title, media, width, height, image, pricing_info, main_image, image_width, image_height)
	VALUES(285,
	       'sunset in the woods',
	       'acrylic on wood',
	       30,
	       14,
	       'sunset-in-the',
	       'original &pound;120',
	       0,
		650,
		 289);


INSERT INTO art_pricing(art, item_number, description, price)
	VALUES(LAST_INSERT_ID(), 'at111', 'original', 120);


##----------------------------------------------------------------------------------  


INSERT INTO art (artist, title, media, width, height, image, pricing_info, main_image, image_width, image_height)
	VALUES(285,
	       'copper foliage1',
	       'mixed media on canvas',
	       50,
	       4,
	       'copper-foliage1',
	       'original &pound;100',
	       0,
		643,
		 650);


INSERT INTO art_pricing(art, item_number, description, price)
	VALUES(LAST_INSERT_ID(), 'at112', 'original', 100);


##----------------------------------------------------------------------------------  


INSERT INTO art (artist, title, media, width, height, image, pricing_info, main_image, image_width, image_height)
	VALUES(285,
	       'copper foliage3',
	       'mixed media on canvas',
	       60,
	       4,
	       'copper-foliage3',
	       'original &pound;110',
	       0,
		645,
		 650);


INSERT INTO art_pricing(art, item_number, description, price)
	VALUES(LAST_INSERT_ID(), 'at112', 'original', 110);


##----------------------------------------------------------------------------------    


INSERT INTO art (artist, title, media, width, height, image, pricing_info, main_image, image_width, image_height)
	VALUES(285,
	       'metal swirls1',
	       'mixed media on canvas',
	       50,
	       77,
	       'metal-swirls1',
	       'original &pound;80',
	       0,
		421,
		 650);


INSERT INTO art_pricing(art, item_number, description, price)
	VALUES(LAST_INSERT_ID(), 'at113', 'original', 80);


##----------------------------------------------------------------------------------    


INSERT INTO art (artist, title, media, width, height, image, pricing_info, main_image, image_width, image_height)
	VALUES(285,
	       'fall',
	       'mixed media on canvas',
	       50,
	       40,
	       'fall',
	       'original &pound;90',
	       0,
		650,
		 514);


INSERT INTO art_pricing(art, item_number, description, price)
	VALUES(LAST_INSERT_ID(), 'at114', 'original', 90);


##----------------------------------------------------------------------------------     


INSERT INTO art (artist, title, media, width, height, image, pricing_info, main_image, image_width, image_height)
	VALUES(285,
	       'glamour',
	       'mixed media on canvas',
	       30,
	       80,
	       'glamour',
	       'original &pound;70',
	       0,
		650,
		 243);


INSERT INTO art_pricing(art, item_number, description, price)
	VALUES(LAST_INSERT_ID(), 'at115', 'original', 70);


##----------------------------------------------------------------------------------     


INSERT INTO art (artist, title, media, width, height, image, pricing_info, main_image, image_width, image_height)
	VALUES(285,
	       'red petals1',
	       'mixed media on canvas',
	       60,
	       4,
	       'red-petals1',
	       'original &pound;100',
	       0,
		641,
		 650);


INSERT INTO art_pricing(art, item_number, description, price)
	VALUES(LAST_INSERT_ID(), 'at116', 'original', 100);


##----------------------------------------------------------------------------------

INSERT INTO artist (id, name, statement, notes, display, keywords)
	VALUES(287, 'john jones',
	'<p class="artist"></p>

<p class="artist">Self taught, Liverpool based artist John has exhibited across the region, and is a member of both the Liver Sketching Club and the Merseyside Artists'' Association. He says:</p>


<p class="artist">"My work consists mostly of oil paintings and pencil/charcoal drawings. Occasionally I will dabble in watercolour and pastel. Whilst my pictures tend towards the realism side of the behemoth that is the art world, I do not consider it photographic, nor do I aim for that. I like my work to look realistic, but also to look like a piece of artwork. I have been interested in art ever since I could pick up a pencil, or a crayon, and of course it was my favourite topic in school."</p>

<p class="artist"></p>',
               NULL,
	       1,
		'KEYWORDS');

##----------------------------------------------------------------------------------


INSERT INTO art (artist, title, media, width, height, image, pricing_info, main_image, image_width, image_height)
	VALUES(287,
	       'a storm approaches',
	       'oil',
	       44,
	       34,
	       'a-storm-approaches',
	       'original &pound;90',
	       0,
		650,
		 493);


INSERT INTO art_pricing(art, item_number, description, price)
	VALUES(LAST_INSERT_ID(), 'jh101', 'original', 90);


##----------------------------------------------------------------------------------


INSERT INTO art (artist, title, media, width, height, image, pricing_info, main_image, image_width, image_height)
	VALUES(287,
	       'discus fish',
	       'oil on box canvas',
	       20,
	       20,
	       'discus-fish',
	       'original &pound;75',
	       0,
		650,
		 628);


INSERT INTO art_pricing(art, item_number, description, price)
	VALUES(LAST_INSERT_ID(), 'jh102', 'original', 75);


##----------------------------------------------------------------------------------


INSERT INTO art (artist, title, media, width, height, image, pricing_info, main_image, image_width, image_height)
	VALUES(287,
	       'harvest mouse',
	       'oil',
	       42,
	       32,
	       'harvest-mouse',
	       'original &pound;65',
	       0,
		444,
		 650);


INSERT INTO art_pricing(art, item_number, description, price)
	VALUES(LAST_INSERT_ID(), 'jh103', 'original', 65);


##----------------------------------------------------------------------------------


INSERT INTO art (artist, title, media, width, height, image, pricing_info, main_image, image_width, image_height)
	VALUES(287,
	       'master of all he surveys',
	       'oil',
	       23,
	       29,
	       'master-of-all',
	       'original &pound;80',
	       0,
		473,
		 650);


INSERT INTO art_pricing(art, item_number, description, price)
	VALUES(LAST_INSERT_ID(), 'jh104', 'original', 80);


##----------------------------------------------------------------------------------


INSERT INTO art (artist, title, media, width, height, image, pricing_info, main_image, image_width, image_height)
	VALUES(287,
	       'sherpa',
	       'oil',
	       38,
	       33,
	       'sherpa',
	       'original &pound;70',
	       0,
		540,
		 650);


INSERT INTO art_pricing(art, item_number, description, price)
	VALUES(LAST_INSERT_ID(), 'jh105', 'original', 70);


##----------------------------------------------------------------------------------


INSERT INTO art (artist, title, media, width, height, image, pricing_info, main_image, image_width, image_height)
	VALUES(287,
	       'watcher',
	       'oil',
	       23,
	       18,
	       'watcher',
	       'original &pound;40',
	       0,
		460,
		 650);


INSERT INTO art_pricing(art, item_number, description, price)
	VALUES(LAST_INSERT_ID(), 'jh106', 'original', 40);


##----------------------------------------------------------------------------------


INSERT INTO art (artist, title, media, width, height, image, pricing_info, main_image, image_width, image_height)
	VALUES(287,
	       'unexplored',
	       'oil',
	       44,
	       33,
	       'unexplored',
	       'original &pound;70',
	       1,
		650,
		 498);


INSERT INTO art_pricing(art, item_number, description, price)
	VALUES(LAST_INSERT_ID(), 'jh107', 'original', 70);


##----------------------------------------------------------------------------------




INSERT INTO artist (id, name, statement, notes, display, keywords)
	VALUES(288, 'rob penlington',
	'<p class="artist">Rob is a freelance photographer born in Liverpool, who from an early age was fascinated by the city''s magnificent architecture. He has worked as a photographer for major developers involved in the regeneration of Liverpool city centre, and in doing so, gained access to areas of many of the city''s finest buildings that were not accessible to the general public. He says:</p>

<p class="artist">"I enjoy walking around the city looking for unusual viewpoints and angles to photograph and try to pick out surprising and interesting details. I work with both analogue and digital cameras to capture my images which consist of a combination of photographs and digital art."
</p>


<p class="artist"></p>

<p class="artist">All prints are mounted in an archival, conservation safe manner using acid free boards and tape and are supplied signed and numbered from a Limited Edition of just 50.</p>',
               NULL,
	       1,
		'KEYWORDS');

##----------------------------------------------------------------------------------


INSERT INTO art (artist, title, media, width, height, image, pricing_info, main_image, image_width, image_height)
	VALUES(288,
	       'st nicks',
	       'photographic print',
	       20,
	       30,
	       'st-nicks',
	       'limited edition print &pound;60',
	       0,
		433,
		 650);


INSERT INTO art_pricing(art, item_number, description, price)
	VALUES(LAST_INSERT_ID(), 're111', 'limited edition print', 60);


##----------------------------------------------------------------------------------



INSERT INTO art (artist, title, media, width, height, image, pricing_info, main_image, image_width, image_height)
	VALUES(288,
	       'st lukes',
	       'photographic print',
	       20,
	       29,
	       'st-lukes',
	       'limited edition print &pound;60',
	       0,
		426,
		 650);


INSERT INTO art_pricing(art, item_number, description, price)
	VALUES(LAST_INSERT_ID(), 're110', 'limited edition print', 60);


##----------------------------------------------------------------------------------




INSERT INTO art (artist, title, media, width, height, image, pricing_info, main_image, image_width, image_height)
	VALUES(288,
	       'the three faces',
	       'photographic print',
	       20,
	       30,
	       'the-three-faces',
	       'limited edition print &pound;60',
	       0,
		430,
		 650);


INSERT INTO art_pricing(art, item_number, description, price)
	VALUES(LAST_INSERT_ID(), 're113', 'limited edition print', 60);


##----------------------------------------------------------------------------------



INSERT INTO art (artist, title, media, width, height, image, pricing_info, main_image, image_width, image_height)
	VALUES(288,
	       'air raid',
	       'photographic print',
	       20,
	       30,
	       'air-raid',
	       'limited edition print &pound;60',
	       0,
		433,
		 650);


INSERT INTO art_pricing(art, item_number, description, price)
	VALUES(LAST_INSERT_ID(), 're101', 'limited edition print', 60);


##----------------------------------------------------------------------------------


INSERT INTO art (artist, title, media, width, height, image, pricing_info, main_image, image_width, image_height)
	VALUES(288,
	       'anglican cathedral',
	       'giclee print',
	       20,
	       29,
	       'anglican-cathedral',
	       'limited edition print &pound;60',
	       0,
		448,
		 650);


INSERT INTO art_pricing(art, item_number, description, price)
	VALUES(LAST_INSERT_ID(), 're103', 'limited edition print', 60);


##----------------------------------------------------------------------------------


INSERT INTO art (artist, title, media, width, height, image, pricing_info, main_image, image_width, image_height)
	VALUES(288,
	       'gateway to the world',
	       'photographic print',
	       20,
	       30,
	       'gateway-to-the',
	       'limited edition print &pound;60',
	       0,
		448,
		 650);


INSERT INTO art_pricing(art, item_number, description, price)
	VALUES(LAST_INSERT_ID(), 're104', 'limited edition print', 60);


##----------------------------------------------------------------------------------



INSERT INTO art (artist, title, media, width, height, image, pricing_info, main_image, image_width, image_height)
	VALUES(288,
	       'st johns gardens',
	       'photographic print',
	       20,
	       30,
	       'st-johns-gardens',
	       'limited edition print &pound;60',
	       0,
		433,
		 650);


INSERT INTO art_pricing(art, item_number, description, price)
	VALUES(LAST_INSERT_ID(), 're108', 'limited edition print', 60);


##----------------------------------------------------------------------------------

INSERT INTO art (artist, title, media, width, height, image, pricing_info, main_image, image_width, image_height)
	VALUES(288,
	       'albert dock',
	       'giclee print',
	       29,
	       20,
	       'albert-dock',
	       'limited edition print &pound;60',
	       1,
		650,
		 439);


INSERT INTO art_pricing(art, item_number, description, price)
	VALUES(LAST_INSERT_ID(), 're102', 'limited edition print', 60);


##----------------------------------------------------------------------------------




INSERT INTO art (artist, title, media, width, height, image, pricing_info, main_image, image_width, image_height)
	VALUES(288,
	       'sunset over the mersey',
	       'photographic print',
	       30,
	       20,
	       'sunset-over-the',
	       'limited edition print &pound;60',
	       0,
		650,
		 439);


INSERT INTO art_pricing(art, item_number, description, price)
	VALUES(LAST_INSERT_ID(), 're112', 'limited edition print', 60);


##----------------------------------------------------------------------------------

INSERT INTO art (artist, title, media, width, height, image, pricing_info, main_image, image_width, image_height)
	VALUES(288,
	       'mersey capstan',
	       'giclee print',
	       29,
	       20,
	       'mersey-capstan',
	       'limited edition print &pound;60',
	       0,
		650,
		 448);


INSERT INTO art_pricing(art, item_number, description, price)
	VALUES(LAST_INSERT_ID(), 're105', 'limited edition print', 60);


##----------------------------------------------------------------------------------


INSERT INTO art (artist, title, media, width, height, image, pricing_info, main_image, image_width, image_height)
	VALUES(288,
	       'rigbys',
	       'photographic print',
	       30,
	       20,
	       'rigbys',
	       'limited edition print &pound;60',
	       0,
		650,
		 433);


INSERT INTO art_pricing(art, item_number, description, price)
	VALUES(LAST_INSERT_ID(), 're106', 'limited edition print', 60);


##----------------------------------------------------------------------------------


INSERT INTO art (artist, title, media, width, height, image, pricing_info, main_image, image_width, image_height)
	VALUES(288,
	       'royal daffodil',
	       'giclee print',
	       29,
	       20,
	       'royal-daffodil',
	       'limited edition print &pound;60',
	       0,
		650,
		 448);


INSERT INTO art_pricing(art, item_number, description, price)
	VALUES(LAST_INSERT_ID(), 're107', 'limited edition print', 60);


##----------------------------------------------------------------------------------



INSERT INTO art (artist, title, media, width, height, image, pricing_info, main_image, image_width, image_height)
	VALUES(288,
	       'suitcases',
	       'giclee print',
	       29,
	       20,
	       'suitcases',
	       'limited edition print &pound;60',
	       0,
		650,
		 448);


INSERT INTO art_pricing(art, item_number, description, price)
	VALUES(LAST_INSERT_ID(), 're109', 'limited edition print', 60);


##----------------------------------------------------------------------------------



INSERT INTO artist (id, name, statement, notes, display, keywords)
	VALUES(286, 'carol miller',
	'<p class="artist">A prizewinning Merseyside based artist, Carol produces evocative and highly personal landscape paintings.</p>

<p class="artist">"I consider myself a painter of landscapes rather than a landscape painter. I do not make literal representations of actual places but construct reflections of my memories and emotions, which evolve on the  canvas to become illusions of places which dont exist, places visited in half remembered dreams. The representative nature of my work provokes a sense of familiarity and place to the viewer. This is enhanced by the omission of extraneous detail and the numerical titles of my work which are used to focus the viewers attention on their own experience and memories."</p>

<p class="artist">"In my current paintings, I am using landscape to represent feelings of loss, loneliness and uncertainty.  My starting point is usually a selection of my own photographs and drawings but I very quickly abandon these, as the painting takes on a life of its own.  It''s now very rare for me to plan my paintings, instead I allow them to evolve so that they become a reflection of my perception and  memories of places I''ve visited, the world as I experience it, its beauty, enormity and unpredictability."</p>

<p class="artist"></p>',
               NULL,
	       1,
		'Carol Miller Artist, Liverpool Painter, Liverpool Landscape Artist, Landscape Oils, British Landscapes, English Landscapes,
Paintings of trees, paintings of countryside, paintings of landscapes');

##----------------------------------------------------------------------------------



INSERT INTO art (artist, title, media, width, height, image, pricing_info, main_image, image_width, image_height)
	VALUES(286,
	       'landscape 64',
	       'oil on canvas',
	       76,
	       76,
	       'landscape-64',
	       'original &pound;450',
	       1,
		650,
		 650);


INSERT INTO art_pricing(art, item_number, description, price)
	VALUES(LAST_INSERT_ID(), 'ci111', 'original', 450 );


##----------------------------------------------------------------------------------




INSERT INTO art (artist, title, media, width, height, image, pricing_info, main_image, image_width, image_height)
	VALUES(286,
	       'landscape 66',
	       'oil on canvas',
	       51,
	       51,
	       'landscape-66',
	       'original &pound;280',
	       0,
		650,
		 650);


INSERT INTO art_pricing(art, item_number, description, price)
	VALUES(LAST_INSERT_ID(), 'ci113', 'original', 280);


##----------------------------------------------------------------------------------



INSERT INTO art (artist, title, media, width, height, image, pricing_info, main_image, image_width, image_height)
	VALUES(286,
	       'landscape 68',
	       'oil on canvas',
	       76,
	       76,
	       'landscape-68a',
	       'original &pound;450',
	       0,
		650,
		 650);


INSERT INTO art_pricing(art, item_number, description, price)
	VALUES(LAST_INSERT_ID(), 'ci115', 'original', 450 );


##----------------------------------------------------------------------------------


INSERT INTO art (artist, title, media, width, height, image, pricing_info, main_image, image_width, image_height)
	VALUES(286,
	       'landscape 38',
	       'oil on canvas',
	       51,
	       51,
	       'landscape-38',
	       'original &pound;280',
	       0,
		650,
		 645);


INSERT INTO art_pricing(art, item_number, description, price)
	VALUES(LAST_INSERT_ID(), 'ci101', 'original', 280 );


##----------------------------------------------------------------------------------




INSERT INTO art (artist, title, media, width, height, image, pricing_info, main_image, image_width, image_height)
	VALUES(286,
	       'landscape 67',
	       'oil on canvas',
	       76,
	       51,
	       'landscape-67',
	       'original &pound;300',
	       0,
		444,
		 650);


INSERT INTO art_pricing(art, item_number, description, price)
	VALUES(LAST_INSERT_ID(), 'ci114', 'original', 300 );


##----------------------------------------------------------------------------------


INSERT INTO art (artist, title, media, width, height, image, pricing_info, main_image, image_width, image_height)
	VALUES(286,
	       'landscape 65',
	       'oil on canvas',
	       76,
	       51,
	       'landscape-65',
	       'original &pound;300',
	       0,
		447,
		 650);


INSERT INTO art_pricing(art, item_number, description, price)
	VALUES(LAST_INSERT_ID(), 'ci112', 'original', 300 );


##----------------------------------------------------------------------------------


INSERT INTO art (artist, title, media, width, height, image, pricing_info, main_image, image_width, image_height)
	VALUES(286,
	       'landscape 39',
	       'oil on canvas',
	       76,
	       51,
	       'landscape-39',
	       'original &pound;300',
	       0,
		439,
		 650);


INSERT INTO art_pricing(art, item_number, description, price)
	VALUES(LAST_INSERT_ID(), 'ci102', 'original', 300 );


##----------------------------------------------------------------------------------


INSERT INTO art (artist, title, media, width, height, image, pricing_info, main_image, image_width, image_height)
	VALUES(286,
	       'landscape 40',
	       'oil on canvas',
	       76,
	       51,
	       'landscape-40',
	       'original &pound;350',
	       0,
		432,
		 650);


INSERT INTO art_pricing(art, item_number, description, price)
	VALUES(LAST_INSERT_ID(), 'ci103', 'original', 350 );


##----------------------------------------------------------------------------------


INSERT INTO art (artist, title, media, width, height, image, pricing_info, main_image, image_width, image_height)
	VALUES(286,
	       'landscape 43',
	       'oil on canvas',
	       101,
	       76,
	       'landscape-43',
	       'original &pound;550',
	       0,
		487,
		 650);


INSERT INTO art_pricing(art, item_number, description, price)
	VALUES(LAST_INSERT_ID(), 'ci104', 'original', 550 );


##----------------------------------------------------------------------------------


INSERT INTO art (artist, title, media, width, height, image, pricing_info, main_image, image_width, image_height)
	VALUES(286,
	       'landscape 49',
	       'oil on canvas',
	       76,
	       101,
	       'landscape-49',
	       'original &pound;500',
	       0,
		650,
		 491);


INSERT INTO art_pricing(art, item_number, description, price)
	VALUES(LAST_INSERT_ID(), 'ci105', 'original', 500 );


##----------------------------------------------------------------------------------


INSERT INTO art (artist, title, media, width, height, image, pricing_info, main_image, image_width, image_height)
	VALUES(286,
	       'landscape 54',
	       'oil on canvas',
	       76,
	       101,
	       'landscape-54',
	       'original &pound;500',
	       0,
		650,
		 494);


INSERT INTO art_pricing(art, item_number, description, price)
	VALUES(LAST_INSERT_ID(), 'ci106', 'original', 500 );


##----------------------------------------------------------------------------------



INSERT INTO art (artist, title, media, width, height, image, pricing_info, main_image, image_width, image_height)
	VALUES(286,
	       'landscape 57',
	       'oil on canvas',
	       101,
	       76,
	       'landscape-57',
	       'original &pound;500',
	       0,
		485,
		 650);


INSERT INTO art_pricing(art, item_number, description, price)
	VALUES(LAST_INSERT_ID(), 'ci107', 'original', 500 );


##----------------------------------------------------------------------------------



INSERT INTO art (artist, title, media, width, height, image, pricing_info, main_image, image_width, image_height)
	VALUES(286,
	       'landscape 62',
	       'oil on canvas',
	       76,
	       51,
	       'landscape-62',
	       'original &pound;300',
	       0,
		450,
		 650);


INSERT INTO art_pricing(art, item_number, description, price)
	VALUES(LAST_INSERT_ID(), 'ci108', 'original', 300 );


##----------------------------------------------------------------------------------



INSERT INTO art (artist, title, media, width, height, image, pricing_info, main_image, image_width, image_height)
	VALUES(286,
	       'landscape 63',
	       'oil on canvas',
	       76,
	       76,
	       'landscape-63',
	       'sold',
	       0,
		650,
		 625);





##----------------------------------------------------------------------------------



INSERT INTO art (artist, title, media, width, height, image, pricing_info, main_image, image_width, image_height)
	VALUES(286,
	       'steps 10',
	       'oil on canvas',
	       76,
	       51,
	       'steps-10',
	       'sold',
	       0,
		438,
		 650);




##----------------------------------------------------------------------------------





INSERT INTO artist (id, name, statement, notes, display, keywords)
	VALUES(289, 'darren lucas',
	'<p class="artist"></p>

<p class="artist">I am a self taught artist based in the small industrial town of St. Helens. I fell in love with art at a very young age, 
this is where I developed my passion for pencil portraits. I experimented a lot with different media during my college days, where I ended 
up specialising in Graphic Design.
For most of my adult life, I have worked within Retail and Finance but more recently I have become a fully 
qualified personal trainer and now looking to expand into Sports Coaching. It is this love of Sports that I use to influence the subjects of 
most of my portraits.</p>

<p class="artist"></p>

<p class="artist"></p>',
               NULL,
	       1,
		'darren lucas, portrait artist, portraits, pencil drawing, celebrity portraits, portrait commissions, pencil portraits');

##----------------------------------------------------------------------------------



INSERT INTO art (artist, title, media, width, height, image, pricing_info, main_image, image_width, image_height)
	VALUES(289,
	       'young budgerigar',
	       'graphite pencil on paper',
	       21,
	       29.5,
	       'young-budgerigar',
	       'original &pound;100',
	       1,
		453,
		 650);


INSERT INTO art_pricing(art, item_number, description, price)
	VALUES(LAST_INSERT_ID(), 'ci107', 'original', 100 );


##----------------------------------------------------------------------------------


INSERT INTO art (artist, title, media, width, height, image, pricing_info, main_image, image_width, image_height)
	VALUES(289,
	       'budgerigar',
	       'graphite pencil on paper',
	       21,
	       29.5,
	       'budgerigar',
	       'original &pound;100',
	       0,
		453,
		 650);


INSERT INTO art_pricing(art, item_number, description, price)
	VALUES(LAST_INSERT_ID(), 'ci108', 'original', 100 );


##----------------------------------------------------------------------------------


INSERT INTO art (artist, title, media, width, height, image, pricing_info, main_image, image_width, image_height)
	VALUES(289,
	       'best of friends',
	       'graphite pencil on paper',
	       21,
	       29.5,
	       'best-of-friends',
	       'original &pound;100',
	       0,
		453,
		 650);


INSERT INTO art_pricing(art, item_number, description, price)
	VALUES(LAST_INSERT_ID(), 'ci109', 'original', 100 );


##----------------------------------------------------------------------------------

INSERT INTO art (artist, title, media, width, height, image, pricing_info, main_image, image_width, image_height)
	VALUES(289,
	       'robin van persie',
	       'pencil on paper',
	       30.3,
	       42,
	       'robin-van-persie',
	       'original &pound;500',
	       0,
		470,
		 650);


INSERT INTO art_pricing(art, item_number, description, price)
	VALUES(LAST_INSERT_ID(), 'ci101', 'original', 500 );


##----------------------------------------------------------------------------------


INSERT INTO art (artist, title, media, width, height, image, pricing_info, main_image, image_width, image_height)
	VALUES(289,
	       'jared leto',
	       'pencil on paper',
	       30.3,
	       42,
	       'jared-leto',
	       'original &pound;900',
	       0,
		478,
		 650);


INSERT INTO art_pricing(art, item_number, description, price)
	VALUES(LAST_INSERT_ID(), 'ci102', 'original', 900 );


##----------------------------------------------------------------------------------


INSERT INTO art (artist, title, media, width, height, image, pricing_info, main_image, image_width, image_height)
	VALUES(289,
	       'tom brady',
	       'pencil on paper',
	       30.3,
	       42,
	       'tom-brady',
	       'original &pound;800',
	       0,
		458,
		 650);


INSERT INTO art_pricing(art, item_number, description, price)
	VALUES(LAST_INSERT_ID(), 'ci103', 'original', 800 );


##----------------------------------------------------------------------------------


INSERT INTO art (artist, title, media, width, height, image, pricing_info, main_image, image_width, image_height)
	VALUES(289,
	       'man city premier league champions 2012',
	       'pencil on paper',
	       30.3,
	       42,
	       'man-city-premier',
	       'original &pound;750',
	       0,
		463,
		 650);


INSERT INTO art_pricing(art, item_number, description, price)
	VALUES(LAST_INSERT_ID(), 'ci104', 'original', 750 );


##----------------------------------------------------------------------------------


INSERT INTO art (artist, title, media, width, height, image, pricing_info, main_image, image_width, image_height)
	VALUES(289,
	       'professor brian cox',
	       'pencil on paper',
	       30.3,
	       42,
	       'professor-brian-cox',
	       'original &pound;650',
	       0,
		471,
		 650);


INSERT INTO art_pricing(art, item_number, description, price)
	VALUES(LAST_INSERT_ID(), 'ci105', 'original', 650 );


##----------------------------------------------------------------------------------


INSERT INTO art (artist, title, media, width, height, image, pricing_info, main_image, image_width, image_height)
	VALUES(289,
	       'us open champion andy murray',
	       'pencil on paper',
	       30.3,
	       42,
	       'us-open-champion',
	       'original &pound;700',
	       0,
		469,
		 650);


INSERT INTO art_pricing(art, item_number, description, price)
	VALUES(LAST_INSERT_ID(), 'ci106', 'original', 700 );


##----------------------------------------------------------------------------------




INSERT INTO artist (id, name, statement, notes, display, keywords)
	VALUES(290, 'valerie marshall',
	'<p class="artist">Ever since I can remember, drawing and painting have played an essential and very natural part of my existence. My innermost thoughts even as a child were expressed through my drawings. It was therefore a natural choice to pursue a career in art. I graduated from Manchester Polytechnic with an honours degree in Fine Art and went into teaching a few years later.</p>

<p class="artist">Presenting a visual representation of imagined characters is central to my work. Frequently Shakespeare or other literary sources are the inspiration and the paintings almost always involve a figurative content, a good deal of it linking to an illustrative style that overlaps with a love of the theatre and in particular, a love of Shakespeare.</p>

<p class="artist">I love to draw and paint people, young and old alike. Friends and family often feature in my paintings as Shakespeare characters, especially when I can see a certain look that will go with my own perceptions of a character from a play. There is no end to the selection of material so I never tire of a desire to portray people in this way.</p>

<p class="artist">All prints are produced in a limited edition of 100, and sold signed by the artist.</p>',
               NULL,
	       1,
		'Valerie Marshall Artist, Liverpool Artist, Cheshire Artist, Shakespeare Art Work, Shakespeare Prints, Mixed Media Art, Shakespeare Characters');

##----------------------------------------------------------------------------------



INSERT INTO art (artist, title, media, width, height, image, pricing_info, main_image, image_width, image_height)
	VALUES(290,
	       'at the tee',
	       'acrylic on board',
	       40,
	       50,
	       'at-the-tee',
	       'original &pound;200',
	       0,
		478,
		 650);


INSERT INTO art_pricing(art, item_number, description, price)
	VALUES(LAST_INSERT_ID(), 'vm113', 'original', 200 );


##----------------------------------------------------------------------------------   


INSERT INTO art (artist, title, media, width, height, image, pricing_info, main_image, image_width, image_height)
	VALUES(290,
	       'benita',
	       'conte crayon on paper',
	       30,
	       42,
	       'benita',
	       'original &pound;75',
	       0,
		461,
		 650);


INSERT INTO art_pricing(art, item_number, description, price)
	VALUES(LAST_INSERT_ID(), 'vm114', 'original', 75 );


##----------------------------------------------------------------------------------  


INSERT INTO art (artist, title, media, width, height, image, pricing_info, main_image, image_width, image_height)
	VALUES(290,
	       'blue dancer',
	       'acrylic on canvas',
	       40,
	       50,
	       'blue-dancer',
	       'original &pound;250',
	       0,
		518,
		 650);


INSERT INTO art_pricing(art, item_number, description, price)
	VALUES(LAST_INSERT_ID(), 'vm115', 'original', 250 );


##---------------------------------------------------------------------------------- 


INSERT INTO art (artist, title, media, width, height, image, pricing_info, main_image, image_width, image_height)
	VALUES(290,
	       'dancer in space',
	       'acrylic on canvas',
	       40,
	       50,
	       'dancer-in-space',
	       'original &pound;250',
	       0,
		514,
		 650);


INSERT INTO art_pricing(art, item_number, description, price)
	VALUES(LAST_INSERT_ID(), 'vm116', 'original', 250 );


##----------------------------------------------------------------------------------  


INSERT INTO art (artist, title, media, width, height, image, pricing_info, main_image, image_width, image_height)
	VALUES(290,
	       'feeding the ducks',
	       'acrylic on canvas',
	       45,
	       60,
	       'feeding-the-ducks',
	       'original &pound;300',
	       0,
		543,
		 650);


INSERT INTO art_pricing(art, item_number, description, price)
	VALUES(LAST_INSERT_ID(), 'vm117', 'original', 300 );


##----------------------------------------------------------------------------------   


INSERT INTO art (artist, title, media, width, height, image, pricing_info, main_image, image_width, image_height)
	VALUES(290,
	       'reverence',
	       'acrylic on canvas',
	       30,
	       42,
	       'reverence',
	       'original &pound;75',
	       0,
		463,
		 650);


INSERT INTO art_pricing(art, item_number, description, price)
	VALUES(LAST_INSERT_ID(), 'vm118', 'original', 75 );


##----------------------------------------------------------------------------------   


INSERT INTO art (artist, title, media, width, height, image, pricing_info, main_image, image_width, image_height)
	VALUES(290,
	       'waiting for the giants',
	       'acrylic on canvas',
	       45,
	       60,
	       'waiting-for-the',
	       'original &pound;300',
	       0,
		463,
		 650);


INSERT INTO art_pricing(art, item_number, description, price)
	VALUES(LAST_INSERT_ID(), 'vm119', 'original', 300 );


##----------------------------------------------------------------------------------






INSERT INTO art (artist, title, media, width, height, image, pricing_info, main_image, image_width, image_height)
	VALUES(290,
	       'ballet dancer',
	       'mixed media print',
	       40,
	       50,
	       'ballet-dancer',
	       'limited edition print &pound;200',
	       0,
		521,
		 650);


INSERT INTO art_pricing(art, item_number, description, price)
	VALUES(LAST_INSERT_ID(), 'vm101', 'limited edition print', 200 );


##----------------------------------------------------------------------------------


INSERT INTO art (artist, title, media, width, height, image, pricing_info, main_image, image_width, image_height)
	VALUES(290,
	       'desdemona declares her love',
	       'mixed media print',
	       40,
	       50,
	       'desdemona-declares-her',
	       'limited edition print &pound;225',
	       0,
		520,
		 650);


INSERT INTO art_pricing(art, item_number, description, price)
	VALUES(LAST_INSERT_ID(), 'vm102', 'limited edition print', 225 );


##----------------------------------------------------------------------------------


INSERT INTO art (artist, title, media, width, height, image, pricing_info, main_image, image_width, image_height)
	VALUES(290,
	       'hamlet',
	       'mixed media print',
	       40,
	       50,
	       'hamlet',
	       'limited edition print &pound;225',
	       0,
		523,
		 650);


INSERT INTO art_pricing(art, item_number, description, price)
	VALUES(LAST_INSERT_ID(), 'vm103', 'limited edition print', 225 );


##----------------------------------------------------------------------------------


INSERT INTO art (artist, title, media, width, height, image, pricing_info, main_image, image_width, image_height)
	VALUES(290,
	       'henry',
	       'mixed media print',
	       40,
	       50,
	       'henry-v',
	       'limited edition print &pound;225',
	       0,
		471,
		 650);


INSERT INTO art_pricing(art, item_number, description, price)
	VALUES(LAST_INSERT_ID(), 'vm104', 'limited edition print', 225 );


##----------------------------------------------------------------------------------


INSERT INTO art (artist, title, media, width, height, image, pricing_info, main_image, image_width, image_height)
	VALUES(290,
	       'in-a-dream',
	       'mixed media print',
	       40,
	       50,
	       'in-a-dream',
	       'limited edition print &pound;200',
	       0,
		482,
		 650);


INSERT INTO art_pricing(art, item_number, description, price)
	VALUES(LAST_INSERT_ID(), 'vm105', 'limited edition print', 200 );


##----------------------------------------------------------------------------------


INSERT INTO art (artist, title, media, width, height, image, pricing_info, main_image, image_width, image_height)
	VALUES(290,
	       'julius caesar',
	       'mixed media print',
	       40,
	       60,
	       'julius-caesar',
	       'limited edition print &pound;225',
	       0,
		540,
		 650);


INSERT INTO art_pricing(art, item_number, description, price)
	VALUES(LAST_INSERT_ID(), 'vm106', 'limited edition print', 225 );


##----------------------------------------------------------------------------------


INSERT INTO art (artist, title, media, width, height, image, pricing_info, main_image, image_width, image_height)
	VALUES(290,
	       'king lear',
	       'mixed media print',
	       40,
	       50,
	       'king-lear',
	       'limited edition print &pound;200',
	       0,
		521,
		 650);


INSERT INTO art_pricing(art, item_number, description, price)
	VALUES(LAST_INSERT_ID(), 'vm107', 'limited edition print', 200 );


##----------------------------------------------------------------------------------


INSERT INTO art (artist, title, media, width, height, image, pricing_info, main_image, image_width, image_height)
	VALUES(290,
	       'ophelia',
	       'mixed media print',
	       50,
	       75,
	       'ophelia',
	       'limited edition print &pound;225',
	       0,
		428,
		 650);


INSERT INTO art_pricing(art, item_number, description, price)
	VALUES(LAST_INSERT_ID(), 'vm108', 'limited edition print', 225 );


##----------------------------------------------------------------------------------


INSERT INTO art (artist, title, media, width, height, image, pricing_info, main_image, image_width, image_height)
	VALUES(290,
	       'prophesy to the wind',
	       'mixed media print',
	       30,
	       40,
	       'prophesy-to-the',
	       'limited edition print &pound;200',
	       1,
		483,
		 650);


INSERT INTO art_pricing(art, item_number, description, price)
	VALUES(LAST_INSERT_ID(), 'vm109', 'limited edition print', 200 );


##----------------------------------------------------------------------------------


INSERT INTO art (artist, title, media, width, height, image, pricing_info, main_image, image_width, image_height)
	VALUES(290,
	       'puck',
	       'mixed media print',
	       40,
	       50,
	       'puck',
	       'limited edition print &pound;200',
	       0,
		521,
		 650);


INSERT INTO art_pricing(art, item_number, description, price)
	VALUES(LAST_INSERT_ID(), 'vm110', 'limited edition print', 200 );


##----------------------------------------------------------------------------------


INSERT INTO art (artist, title, media, width, height, image, pricing_info, main_image, image_width, image_height)
	VALUES(290,
	       'the fairies skip hence',
	       'mixed media print',
	       30,
	       40,
	       'the-fairies-skip',
	       'limited edition print &pound;200',
	       0,
		481,
		 650);


INSERT INTO art_pricing(art, item_number, description, price)
	VALUES(LAST_INSERT_ID(), 'vm111', 'limited edition print', 200 );


##----------------------------------------------------------------------------------


INSERT INTO art (artist, title, media, width, height, image, pricing_info, main_image, image_width, image_height)
	VALUES(290,
	       'the three witches',
	       'mixed media print',
	       50,
	       75,
	       'the-three-witches',
	       'limited edition print &pound;225',
	       0,
		431,
		 650);


INSERT INTO art_pricing(art, item_number, description, price)
	VALUES(LAST_INSERT_ID(), 'vm112', 'limited edition print', 225 );


##----------------------------------------------------------------------------------






INSERT INTO artist (id, name, statement, notes, display, keywords)
	VALUES(292, 'tony mcdonough',
	'<p class="artist">Tony McDonough is an award-winning journalist who, during a 20-year career, has worked in newspapers, television and radio. 
For the past decade he has worked as a business journalist.</p>

<p class="artist">His passion for photography first surfaced more than 20 years ago when he enrolled on a journalism, photojournalism and desktop 
publishing course at Liverpool Community College. Said Tony: "I spent many happy hours in the darkroom, ruining my clothes with photographic chemicals 
and being told off for using too much of the colleges photographic paper. Tony would pick up a camera only sporadically over the next few years and it 
wasnt until earlier this year that he decided it was time to devote more time to taking pictures. He invested in a Nikon digital SLR and has since spent 
every available spare minute taking pictures of anything and everything".</p>

<p class="artist">He added: "I began posting pictures onto Twitter and the reaction was really positive. I love taking pictures of well-known landmarks, 
but perhaps from a different or more unusual angle. I live close to Liverpool''s waterfront where the light can be fantastic. I dont go to the gym after 
work any more - I pick up my camera bag and off I go."</p>

<p class="artist">All photographic prints are produced in a limited edition of 150.</p>',
               NULL,
	       1,
		'KEYWORDS');

##----------------------------------------------------------------------------------


INSERT INTO art (artist, title, media, width, height, image, pricing_info, main_image, image_width, image_height)
	VALUES(292,
	       'pier head and ferry from woodside',
	       'limited edition photographic print',
	       29,
	       19,
	       'pier-head-and',
	       'limited edition print &pound;45',
	       0,
		650,
		 406);


INSERT INTO art_pricing(art, item_number, description, price)
	VALUES(LAST_INSERT_ID(), 'tm101', 'limited edition print',45 );


##----------------------------------------------------------------------------------


INSERT INTO art (artist, title, media, width, height, image, pricing_info, main_image, image_width, image_height)
	VALUES(292,
	       'fountain outside the walker',
	       'limited edition photographic print',
	       29,
	       19,
	       'fountain-outside-the',
	       'limited edition print &pound;45',
	       0,
		650,
		 503);


INSERT INTO art_pricing(art, item_number, description, price)
	VALUES(LAST_INSERT_ID(), 'tm102', 'limited edition print',45 );


##----------------------------------------------------------------------------------


INSERT INTO art (artist, title, media, width, height, image, pricing_info, main_image, image_width, image_height)
	VALUES(292,
	       'statue in the fountain...',
	       'limited edition photographic print',
	       29,
	       19,
	       'statue-in-the',
	       'limited edition print &pound;45',
	       0,
		650,
		 461);


INSERT INTO art_pricing(art, item_number, description, price)
	VALUES(LAST_INSERT_ID(), 'tm103', 'limited edition print',45 );


##----------------------------------------------------------------------------------


INSERT INTO art (artist, title, media, width, height, image, pricing_info, main_image, image_width, image_height)
	VALUES(292,
	       'pier head from st nicholas...',
	       'limited edition photographic print',
	       22,
	       19,
	       'pier-head-from',
	       'limited edition print &pound;45',
	       1,
		650,
		 594);


INSERT INTO art_pricing(art, item_number, description, price)
	VALUES(LAST_INSERT_ID(), 'tm104', 'limited edition print',45 );


##----------------------------------------------------------------------------------


INSERT INTO art (artist, title, media, width, height, image, pricing_info, main_image, image_width, image_height)
	VALUES(292,
	       'statue of edward vii',
	       'limited edition photographic print',
	       29,
	       19,
	       'statue-of-edward',
	       'limited edition print &pound;45',
	       0,
		650,
		 430);


INSERT INTO art_pricing(art, item_number, description, price)
	VALUES(LAST_INSERT_ID(), 'tm105', 'limited edition print',45 );


##----------------------------------------------------------------------------------


INSERT INTO art (artist, title, media, width, height, image, pricing_info, main_image, image_width, image_height)
	VALUES(292,
	       'artists frank lunds pirate ship...',
	       'limited edition photographic print',
	       29,
	       19,
	       'artists-frank-lunds',
	       'limited edition print &pound;45',
	       0,
		650,
		 435);


INSERT INTO art_pricing(art, item_number, description, price)
	VALUES(LAST_INSERT_ID(), 'tm106', 'limited edition print',45 );


##----------------------------------------------------------------------------------


INSERT INTO art (artist, title, media, width, height, image, pricing_info, main_image, image_width, image_height)
	VALUES(292,
	       'lifes a beach',
	       'limited edition photographic print',
	       29,
	       19,
	       'lifes-a-beach',
	       'limited edition print &pound;45',
	       0,
		650,
		 445);


INSERT INTO art_pricing(art, item_number, description, price)
	VALUES(LAST_INSERT_ID(), 'tm107', 'limited edition print',45 );


##----------------------------------------------------------------------------------


INSERT INTO art (artist, title, media, width, height, image, pricing_info, main_image, image_width, image_height)
	VALUES(292,
	       'fun at new brighton',
	       'limited edition photographic print',
	       29,
	       19,
	       'fun-at-new',
	       'limited edition print &pound;45',
	       0,
		650,
		 517);


INSERT INTO art_pricing(art, item_number, description, price)
	VALUES(LAST_INSERT_ID(), 'tm108', 'limited edition print',45 );


##----------------------------------------------------------------------------------


INSERT INTO art (artist, title, media, width, height, image, pricing_info, main_image, image_width, image_height)
	VALUES(292,
	       'seaforth docks from new brighton ',
	       'limited edition photographic print',
	       22,
	       19,
	       'seaforth-docks-from',
	       'limited edition print &pound;45',
	       0,
		633,
		 650);


INSERT INTO art_pricing(art, item_number, description, price)
	VALUES(LAST_INSERT_ID(), 'tm109', 'limited edition print',45 );


##----------------------------------------------------------------------------------



INSERT INTO art (artist, title, media, width, height, image, pricing_info, main_image, image_width, image_height)
	VALUES(292,
	       'summer evening on the wirral way',
	       'limited edition photographic print',
	       29,
	       19,
	       'summer-evening-on',
	       'limited edition print &pound;45',
	       0,
		650,
		 413);


INSERT INTO art_pricing(art, item_number, description, price)
	VALUES(LAST_INSERT_ID(), 'tm110', 'limited edition print',45 );


##----------------------------------------------------------------------------------



INSERT INTO art (artist, title, media, width, height, image, pricing_info, main_image, image_width, image_height)
	VALUES(292,
	       'the world cruise ship...',
	       'limited edition photographic print',
	       29,
	       19,
	       'the-world-cruise',
	       'limited edition print &pound;45',
	       0,
		650,
		 374);


INSERT INTO art_pricing(art, item_number, description, price)
	VALUES(LAST_INSERT_ID(), 'tm111', 'limited edition print',45 );


##----------------------------------------------------------------------------------



INSERT INTO art (artist, title, media, width, height, image, pricing_info, main_image, image_width, image_height)
	VALUES(292,
	       'public pianist at liverpool one',
	       'limited edition photographic print',
	       29,
	       19,
	       'public-pianist-at',
	       'limited edition print &pound;45',
	       0,
		650,
		 434);


INSERT INTO art_pricing(art, item_number, description, price)
	VALUES(LAST_INSERT_ID(), 'tm112', 'limited edition print',45 );


##----------------------------------------------------------------------------------



INSERT INTO art (artist, title, media, width, height, image, pricing_info, main_image, image_width, image_height)
	VALUES(292,
	       'evening bathers at new brighton',
	       'limited edition photographic print',
	       29,
	       19,
	       'evening-bathers-at',
	       'limited edition print &pound;45',
	       0,
		650,
		 585);


INSERT INTO art_pricing(art, item_number, description, price)
	VALUES(LAST_INSERT_ID(), 'tm113', 'limited edition print',45 );


##----------------------------------------------------------------------------------



INSERT INTO art (artist, title, media, width, height, image, pricing_info, main_image, image_width, image_height)
	VALUES(292,
	       'sunday at west kirby',
	       'limited edition photographic print',
	       29,
	       19,
	       'sunday-at-west',
	       'limited edition print &pound;45',
	       0,
		650,
		 377);


INSERT INTO art_pricing(art, item_number, description, price)
	VALUES(LAST_INSERT_ID(), 'tm114', 'limited edition print',45 );


##----------------------------------------------------------------------------------





INSERT INTO artist (id, name, statement, notes, display, keywords)
	VALUES(291, 'sarah nicholson',
	'<p class="artist">Sarah Nicholson is a practising Fine Artist based in Northwest England. She graduated from the University of Central Lancashire in 1997 
and since then has exhibited and sold her pastel works widely in this country. She hopes to move her work on into Europe and the USA in the near future. 
</p>

<p class="artist">Having spent three years making light installations for her BA (Hons) in Fine Art, Sarah found herself without the luxury of a studio or even a domestic 
space large enough to work. She therefore returned to paper to create a range of works inspired by her travels around the country, under the title 
"Visionary Industry", indulging herself in the aesthetic qualities of the industrial landscape without the constraints of academic theory to justify her 
pleasure. However, inevitably, the more you do something the more you think about it, and Nicholson found herself gradually discovering the theoretical 
ground behind the images, uncovering relations to the tradition of the Visionary Landscape as propounded by Samuel Palmer in the 1800s and more recently 
by artists such as Prunella Clough and David Blackburn.</p>

<p class="artist">The artist says: "My interest in the industrial landscape started in 1994 when I was inspired to visit and record Parkside Colliery in the 
final days before its demolition. The energy of the people I met there seemed to also reside in the buildings and I have found myself recognizing this energy 
in other industrial sites. The vivid pigment of the pastels, applied in raw line or mixed in layers on the paper present the industrial landscape as 
both bold and fragile, reminding us of how brief but devastating their history is in relation to the environment. These ubiquitous buildings are often 
almost invisible to us, or viewed as an eyesore, yet their impact on our lives is everywhere."
</p>

<p class="artist">In 2004, with the support of several local companies in the Halton area, Sarah visited sites for one or two days to gather sketches of the 
buildings and structures of the businesses. From these sketches she then created 20 framed pastel pictures for exhibition during July and August 2004 at the 
Catalyst Discovery Centre, the UK''s only museum of chemistry. Sarah does not use a camera as she find that it inhibits her spontaneity and mark making. 
We are all chemical creatures, our very lives are a series of chain reactions, and Sarah is keen that this element is visible in her work. The buildings that
 she depicts are full of energy, the energy of the people who work in them and whose skillful formulas make our lives easier, healthier and longer. 
Sarah sees the towers and spires of the industrial skyline as enchanting, as magical and mysterious as the processes going on within them. She hopes that her 
work might open up some other understanding of industry, some recognition beyond the reflex of rejection that many people have.</p>


<p class="artist">Currently renting studios in Crosby, just outside Liverpool, from dot-art, has enabled Sarah to start a new body of work entitled 
"Energy and Environment" which will be available exclusively via dot-art soon. Sarah''s work is represented in private, corporate and university collections.
</p>

<p class="artist">If you would like to view or purchase any of Sarah''s pastel works, please call 0845 0176660 to make an appointment at our Liverpool city centre showroom.
</p>',
               NULL,
	       1,
		'KEYWORDS');

##----------------------------------------------------------------------------------


INSERT INTO art (artist, title, media, width, height, image, pricing_info, main_image, image_width, image_height)
	VALUES(291,
	       'black tower',
	       'framed and glazed unison pastel on paper',
	       69,
	       71,
	       'black-tower',
	       'original &pound;420',
	       1,
		501,
		 650);



##----------------------------------------------------------------------------------


INSERT INTO art (artist, title, media, width, height, image, pricing_info, main_image, image_width, image_height)
	VALUES(291,
	       'orange silos',
	      'framed and glazed unison pastel on paper',
	       69,
	       71,
	       'orange-silos',
	       'original &pound;420',
	       0,
		484,
		 650);




##----------------------------------------------------------------------------------


INSERT INTO art (artist, title, media, width, height, image, pricing_info, main_image, image_width, image_height)
	VALUES(291,
	       'per tri',
	        'framed and glazed unison pastel on paper',
	       69,
	       71,
	       'per-tri',
	       'original &pound;420',
	       0,
		484,
		 650);




##----------------------------------------------------------------------------------


INSERT INTO art (artist, title, media, width, height, image, pricing_info, main_image, image_width, image_height)
	VALUES(291,
	       'separation stills',
	       'framed and glazed unison pastel on paper',
	       69,
	       71,
	       'separation-stills',
	       'original &pound;420',
	       0,
		483,
		 650);




##----------------------------------------------------------------------------------



INSERT INTO art (artist, title, media, width, height, image, pricing_info, main_image, image_width, image_height)
	VALUES(291,
	       'grey cooling tower',
	       'framed and glazed unison pastel on paper',
	       69,
	       71,
	       'grey-cooling-tower',
	       'original &pound;420',
	       0,
		503,
		 650);




##----------------------------------------------------------------------------------


INSERT INTO art (artist, title, media, width, height, image, pricing_info, main_image, image_width, image_height)
	VALUES(291,
	       'curves',
	       'framed and glazed unison pastel on paper',
	       69,
	       71,
	       'curves',
	       'original &pound;420',
	       0,
		503,
		 650);




##----------------------------------------------------------------------------------


INSERT INTO art (artist, title, media, width, height, image, pricing_info, main_image, image_width, image_height)
	VALUES(291,
	       'red roof blue roof',
	       'framed and glazed unison pastel on paper',
	       69,
	       71,
	       'red-roof-blue',
	       'original &pound;420',
	       0,
		514,
		 650);




##----------------------------------------------------------------------------------


INSERT INTO art (artist, title, media, width, height, image, pricing_info, main_image, image_width, image_height)
	VALUES(291,
	       'solar on red',
	       'framed and glazed unison pastel on paper',
	       69,
	       71,
	       'solar-on-red',
	       'original &pound;420',
	       0,
		505,
		 650);





##----------------------------------------------------------------------------------


INSERT INTO art (artist, title, media, width, height, image, pricing_info, main_image, image_width, image_height)
	VALUES(291,
	       'rosebud',
	       '3000 artifical roses wire and organza',
	       300,
	       200,
	       'rosebud',
	      	       'commission example',
	       0,
		488,
		 650);




##----------------------------------------------------------------------------------


INSERT INTO art (artist, title, media, width, height, image, pricing_info, main_image, image_width, image_height)
	VALUES(291,
	       'the book tower',
	       '2000 books 250 volunteers',
	       400,
	       300,
	       'the-book-tower',
	      	       'commission example',
	       0,
		453,
		 650);




##----------------------------------------------------------------------------------


INSERT INTO art (artist, title, media, width, height, image, pricing_info, main_image, image_width, image_height)
	VALUES(291,
	       'outside the archive',
	       'muslin wax chicken wire gold pigment',
	       300,
	       300,
	       'outside-the-archive',
	       	       'commission example',
	       0,
		650,
		 485);




##----------------------------------------------------------------------------------



INSERT INTO art (artist, title, media, width, height, image, pricing_info, main_image, image_width, image_height)
	VALUES(291,
	       'ganglion',
	       'rope light knitting',
	       300,
	       200,
	       'ganglion',
	       'commission example',
	       0,
		650,
		 489);




##----------------------------------------------------------------------------------







INSERT INTO artist (id, name, statement, notes, display)
	VALUES(293, 'james murphy',
	'<p class="artist">James, a Year 9 student from St Margaret''s Academy in Aigburth, is the first recipient of the dot-art Scholarship, 
giving him a years membership to dot-art''s network, allowing him to showcase and sell his work alongside professional artists;
after being named Overall Winner in the first ever dot-art Schools Competition in July 2013. His winning piece of work, Urban, can be seen below.
</p>

<p class="artist">The dot-art Schools programme is an annual, interactive, online, inter-school art competition, culminating in an end of year 
exhibition for the top students in each participating school. The winners of the 2013 dot-art Schools Competition were announced at a prize-giving 
ceremony at the Domino Gallery in Liverpool on 10th July 2013, where as well as the overall winners, the top three students from each of 
the participating schools were all presented with a certificate by the Lord Mayor, Councillor Gary Millar.
</p>

<p class="artist">You can find out more about dot-art Schools at <a class="art_prices" href="http://schools.dot-art.com/">schools.dot-art.com.</a>
</p>

<p class="artist"></p>',
               NULL,
	       1);

##---------------------------------------------------------------


INSERT INTO art (artist, title, media, width, height, image, pricing_info, main_image, image_width, image_height)
	VALUES(293,
	       'urban',
	       'acrylic on card',
	       75,
	       60,
	       'urban',
	      'sold',
	       1,
		650,
		 471);
	     
		

##---------------------------------------------------------------

INSERT INTO art (artist, title, media, width, height, image, pricing_info, main_image, image_width, image_height)
	VALUES(293,
	       'liver building',
	       'mixed media on card',
	       64,
	       81,
	       'liver-building',
	      'sold',
	       0,
		488,
		 650);
	     
		

##---------------------------------------------------------------


INSERT INTO art (artist, title, media, width, height, image, pricing_info, main_image, image_width, image_height)
	VALUES(293,
	       'catholic cathedral',
	       'acrylic on card',
	       64,
	       77,
	       'catholic-cathedral',
	      'original, &pound;75',
	       0,
		488,
		 650);
	     
		
INSERT INTO art_pricing(art, item_number, description, price)
	VALUES(LAST_INSERT_ID(), 'jm103', 'original', 75);

##---------------------------------------------------------------






INSERT INTO art (artist, title, media, width, height, image, pricing_info, main_image, image_width, image_height)
	VALUES(293,
	       'lennon',
	       'acrylic on card',
	       51,
	       70,
	       'lenon',
	      'original, &pound;75',
	       0,
		488,
		 650);
	     
		
INSERT INTO art_pricing(art, item_number, description, price)
	VALUES(LAST_INSERT_ID(), 'jm101', 'original', 75);

##---------------------------------------------------------------




INSERT INTO art (artist, title, media, width, height, image, pricing_info, main_image, image_width, image_height)
	VALUES(293,
	       'marley',
	       'mixed media on card',
	       64,
	       90,
	       'marley',
	      'original, &pound;50',
	       0,
		488,
		 650);
	     
		
INSERT INTO art_pricing(art, item_number, description, price)
	VALUES(LAST_INSERT_ID(), 'jm105', 'original', 50);

##---------------------------------------------------------------


INSERT INTO art (artist, title, media, width, height, image, pricing_info, main_image, image_width, image_height)
	VALUES(293,
	       'mona splat',
	       'acrylic on card',
	       64,
	       87,
	       'mona-splat',
	      'original, &pound;50',
	       0,
		488,
		 650);
	     
		
INSERT INTO art_pricing(art, item_number, description, price)
	VALUES(LAST_INSERT_ID(), 'jm106', 'original', 50);

##---------------------------------------------------------------


INSERT INTO art (artist, title, media, width, height, image, pricing_info, main_image, image_width, image_height)
	VALUES(293,
	       'horse',
	       'acrylic on card',
	       44,
	       64,
	       'horse',
	      'original, &pound;50',
	       0,
		488,
		 650);
	     
		
INSERT INTO art_pricing(art, item_number, description, price)
	VALUES(LAST_INSERT_ID(), 'jm107', 'original', 50);

##--------------------------------------------------------------



INSERT INTO art (artist, title, media, width, height, image, pricing_info, main_image, image_width, image_height)
	VALUES(293,
	       'conflict',
	       'acrylic on card',
	       64,
	       90,
	       'conflict',
	      'original, &pound;75',
	       0,
		650,
		 488);
	     
		
INSERT INTO art_pricing(art, item_number, description, price)
	VALUES(LAST_INSERT_ID(), 'jm104', 'original', 75);

##---------------------------------------------------------------

	





INSERT INTO artist (id, name, statement, notes, display)
	VALUES(294, 'phil disley',
	'<p class="artist">Born in Liverpool in 1971 Phil moved on from a Diploma in Foundation of Art to studying Graphics at Newcastle University where he 
came away with a BA degree and returning to his home City began the slow path to recognition. Today, Phil Disley is acknowledged as one of Britain''s foremost 
cartoonists and Illustrators. From modest beginnings with his first illustration in the "Big Issue" in 1993, Phil''s work has regularly appeared in such esteemed 
publications as The Times, The Guardian, The Spectator, The Financial Times, The London Evening Standard, Esquire, GQ Magazine, Tatler and Marketing Week. 
Oxford University Press has commissioned illustrations for many educational publications with Harper Collins and Little, Brown Book Group engaging him for 
several book covers.
</p>

<p class="artist">Phil''s longest established column, spanning fourteen years, is for the multi-award winning Financial Times publication 
"How To Spend It" entitled "Wry Society."
</p>

<p class="artist">A five year relationship with the Lawn Tennis Association rewarded Phil a regular column in Ace Tennis magazine along with numerous 
commissions from the LTA for cards and further publications. This led to an invitation to showcase his work in his home town at the Liverpool International 
Tennis Tournament, six years running.
</p>

<p class="artist">Classic FM approached Phil in 2005 to illuminate the ongoing "Hall Of Fame" series depicting the most popular pieces in the classical chart. 
This collaboration lasted a successful five years leading to further cover and CD commissions. The result of which can be seen in the Lebrecht archives.
</p>

<p class="artist">As broadsheet newspapers turned tabloid format in the 90s, numerous covers followed for The Times T2, Guardian G2 and Review sections. 
The Spectator also relied on Phil for covers both in the UK and for the launch of the magazine in Australia in 2008, which he still illustrates from time to time.
</p>

<p class="artist">Accolades include a silver medal from The Association Of Illustrators for his depiction of Winston Churchill in The Guardian. 
Phil was included in the British Cartoon archive in 2011 for his political work in The Guardian and Independent newspapers. In 2013 Phil was 
given a Trade Unions Communication award for his cover drawing in June/July Firefighter magazine.
</p>

<p class="artist">Phil has also been sought after by a number of American titles including the Wall Street Journal, Men''s Health Magazine, LA Times 
and Us Magazine. In 2008 Phil was short listed to illustrate the cover of Black Book, a prestigious advertising annual showcasing the best of American illustration.
Phil''s work is as often appreciated by his subjects as it is by editors and the general public. Collectors include David Cameron, 
Marco Pierre White, Steven Gerrard, Andrew Rawnsley, Andy Murray and film director Nicolas Roeg.
</p>

<p class="artist">Each print is produced in a limited edition of 100, and sold signed and numbered by the artist.
</p>

<p class="artist"></p>',
               NULL,
	       1);

##---------------------------------------------------------------




INSERT INTO art (artist, title, media, width, height, image, pricing_info, main_image, image_width, image_height)
	VALUES(294,
	       'big business',
	       'ink and digital print',
	       30,
	       21,
	       'big-business',
	      'limited edition print, &pound;150',
	       0,
		440,
		 650);
	     
		
INSERT INTO art_pricing(art, item_number, description, price)
	VALUES(LAST_INSERT_ID(), 'pd104', 'limited edition print', 150);

##---------------------------------------------------------------


INSERT INTO art (artist, title, media, width, height, image, pricing_info, main_image, image_width, image_height)
	VALUES(294,
	       'braveheart murray',
	       'ink and digital print',
	       27,
	       42,
	       'braveheart-murray',
	      'limited edition print, &pound;195',
	       0,
		409,
		 650);
	     
		
INSERT INTO art_pricing(art, item_number, description, price)
	VALUES(LAST_INSERT_ID(), 'pd105', 'limited edition print', 195);

##---------------------------------------------------------------



INSERT INTO art (artist, title, media, width, height, image, pricing_info, main_image, image_width, image_height)
	VALUES(294,
	       'mad churchill',
	       'ink and digital print',
	       30,
	       36,
	       'mad-churchill',
	      'limited edition print, &pound;195',
	       1,
		528,
		 650);
	     
		
INSERT INTO art_pricing(art, item_number, description, price)
	VALUES(LAST_INSERT_ID(), 'pd116', 'limited edition print', 195);

##---------------------------------------------------------------


INSERT INTO art (artist, title, media, width, height, image, pricing_info, main_image, image_width, image_height)
	VALUES(294,
	       'britania colossus',
	       'ink and digital print',
	       21,
	       30,
	       'britania-colossus',
	      'limited edition print, &pound;150',
	       0,
		502,
		 650);
	     
		
INSERT INTO art_pricing(art, item_number, description, price)
	VALUES(LAST_INSERT_ID(), 'pd106', 'limited edition print', 150);

##---------------------------------------------------------------


INSERT INTO art (artist, title, media, width, height, image, pricing_info, main_image, image_width, image_height)
	VALUES(294,
	       'dr marten',
	       'ink and digital print',
	       21,
	       26,
	       'dr-marten',
	      'limited edition print, &pound;150',
	       0,
		482,
		 650);
	     
		
INSERT INTO art_pricing(art, item_number, description, price)
	VALUES(LAST_INSERT_ID(), 'pd108', 'limited edition print', 150);

##---------------------------------------------------------------


INSERT INTO art (artist, title, media, width, height, image, pricing_info, main_image, image_width, image_height)
	VALUES(294,
	       'exchanging of rings',
	       'ink and digital print',
	       21,
	       30,
	       'exchanging-of-rings',
	      'limited edition print, &pound;150',
	       0,
		510,
		 650);
	     
		
INSERT INTO art_pricing(art, item_number, description, price)
	VALUES(LAST_INSERT_ID(), 'pd109', 'limited edition print', 150);

##---------------------------------------------------------------


INSERT INTO art (artist, title, media, width, height, image, pricing_info, main_image, image_width, image_height)
	VALUES(294,
	       'financial advisors needed',
	       'ink and digital print',
	       21,
	       30,
	       'financial-advisers-needed',
	      'limited edition print, &pound;150',
	       0,
		468,
		 650);
	     
		
INSERT INTO art_pricing(art, item_number, description, price)
	VALUES(LAST_INSERT_ID(), 'pd110', 'limited edition print', 150);

##---------------------------------------------------------------


INSERT INTO art (artist, title, media, width, height, image, pricing_info, main_image, image_width, image_height)
	VALUES(294,
	       'tablets',
	       'ink and digital print',
	       21,
	       26,
	       'tablets',
	      'limited edition print, &pound;150',
	       0,
		508,
		 650);
	     
		
INSERT INTO art_pricing(art, item_number, description, price)
	VALUES(LAST_INSERT_ID(), 'pd131', 'limited edition print', 150);

##---------------------------------------------------------------



INSERT INTO art (artist, title, media, width, height, image, pricing_info, main_image, image_width, image_height)
	VALUES(294,
	       'guaranteed',
	       'ink and digital print',
	       31,
	       40,
	       'guaranteed',
	      'limited edition print, &pound;195',
	       0,
		460,
		 650);
	     
		
INSERT INTO art_pricing(art, item_number, description, price)
	VALUES(LAST_INSERT_ID(), 'pd113', 'limited edition print', 195);

##---------------------------------------------------------------

INSERT INTO art (artist, title, media, width, height, image, pricing_info, main_image, image_width, image_height)
	VALUES(294,
	       'hillsborough pork pies',
	       'ink and digital print',
	       40,
	       27,
	       'hillsborough-pork-pies',
	      'limited edition print, &pound;195',
	       0,
		650,
		 442);
	     
		
INSERT INTO art_pricing(art, item_number, description, price)
	VALUES(LAST_INSERT_ID(), 'pd121', 'limited edition print', 195);

##---------------------------------------------------------------


INSERT INTO art (artist, title, media, width, height, image, pricing_info, main_image, image_width, image_height)
	VALUES(294,
	       'guantanamo help',
	       'ink and digital print',
	       40,
	       27,
	       'guantanamo-help',
	      'limited edition print, &pound;195',
	       0,
		650,
		 433);
	     
		
INSERT INTO art_pricing(art, item_number, description, price)
	VALUES(LAST_INSERT_ID(), 'pd112', 'limited edition print', 195);

##---------------------------------------------------------------



INSERT INTO art (artist, title, media, width, height, image, pricing_info, main_image, image_width, image_height)
	VALUES(294,
	       'saturday hunters ',
	       'ink and digital print',
	       30,
	       40,
	       'saturday-hunters',
	      'limited edition print, &pound;195',
	       0,
		650,
		 499);
	     
		
INSERT INTO art_pricing(art, item_number, description, price)
	VALUES(LAST_INSERT_ID(), 'pd122', 'limited edition print', 195);

##---------------------------------------------------------------


INSERT INTO art (artist, title, media, width, height, image, pricing_info, main_image, image_width, image_height)
	VALUES(294,
	       'stuck in the middle ',
	       'ink and digital print',
	       30,
	       40,
	       'stuck-in-the',
	      'limited edition print, &pound;195',
	       0,
		650,
		 433);
	     
		
INSERT INTO art_pricing(art, item_number, description, price)
	VALUES(LAST_INSERT_ID(), 'pd123', 'limited edition print', 195);

##---------------------------------------------------------------



INSERT INTO art (artist, title, media, width, height, image, pricing_info, main_image, image_width, image_height)
	VALUES(294,
	       'the overindulger ',
	       'ink and digital print',
	       40,
	       30,
	       'the-overindulger',
	      'limited edition print, &pound;195',
	       0,
		650,
		 481);
	     
		
INSERT INTO art_pricing(art, item_number, description, price)
	VALUES(LAST_INSERT_ID(), 'pd125', 'limited edition print', 195);

##---------------------------------------------------------------


INSERT INTO art (artist, title, media, width, height, image, pricing_info, main_image, image_width, image_height)
	VALUES(294,
	       'the ramblers ',
	       'ink and digital print',
	       30,
	       40,
	       'the-ramblers',
	      'limited edition print, &pound;195',
	       0,
		650,
		 490);
	     
		
INSERT INTO art_pricing(art, item_number, description, price)
	VALUES(LAST_INSERT_ID(), 'pd126', 'limited edition print', 195);

##---------------------------------------------------------------


INSERT INTO art (artist, title, media, width, height, image, pricing_info, main_image, image_width, image_height)
	VALUES(294,
	       'uncle sam and cam ',
	       'ink and digital print',
	       30,
	       40,
	       'uncle-sam-and',
	      'limited edition print, &pound;195',
	       0,
		650,
		 477);
	     
		
INSERT INTO art_pricing(art, item_number, description, price)
	VALUES(LAST_INSERT_ID(), 'pd127', 'limited edition print', 195);

##---------------------------------------------------------------


INSERT INTO art (artist, title, media, width, height, image, pricing_info, main_image, image_width, image_height)
	VALUES(294,
	       'villa aphrodite 2 ',
	       'ink and digital print',
	       40,
	       30,
	       'villa-aphrodite-2',
	      'limited edition print, &pound;195',
	       0,
		650,
		 478);
	     
		
INSERT INTO art_pricing(art, item_number, description, price)
	VALUES(LAST_INSERT_ID(), 'pd128', 'limited edition print', 195);

##---------------------------------------------------------------


INSERT INTO art (artist, title, media, width, height, image, pricing_info, main_image, image_width, image_height)
	VALUES(294,
	       'wonders of the world',
	       'ink and digital print',
	       30,
	       40,
	       'wonders-of-the',
	      'limited edition print, &pound;195',
	       0,
		650,
		 495);
	     
		
INSERT INTO art_pricing(art, item_number, description, price)
	VALUES(LAST_INSERT_ID(), 'pd129', 'limited edition print', 195);

##---------------------------------------------------------------




INSERT INTO art (artist, title, media, width, height, image, pricing_info, main_image, image_width, image_height)
	VALUES(294,
	       'cameron the tank engine',
	       'ink and digital print',
	       30,
	       42,
	       'cameron-the-tank',
	      'limited edition print, &pound;195',
	       0,
		650,
		 454);
	     
		
INSERT INTO art_pricing(art, item_number, description, price)
	VALUES(LAST_INSERT_ID(), 'pd107', 'limited edition print', 195);

##---------------------------------------------------------------


INSERT INTO art (artist, title, media, width, height, image, pricing_info, main_image, image_width, image_height)
	VALUES(294,
	       'new world wines',
	       'ink and digital print',
	       30,
	       40,
	       'new-world-wines',
	      'limited edition print, &pound;195',
	       0,
		650,
		 492);
	     
		
INSERT INTO art_pricing(art, item_number, description, price)
	VALUES(LAST_INSERT_ID(), 'pd118', 'limited edition print', 195);

##---------------------------------------------------------------





INSERT INTO art (artist, title, media, width, height, image, pricing_info, main_image, image_width, image_height)
	VALUES(294,
	       'the older traveller ',
	       'ink and digital print',
	       24,
	       42,
	       'the-older-traveler',
	      'limited edition print, &pound;195',
	       0,
		650,
		 368);
	     
		
INSERT INTO art_pricing(art, item_number, description, price)
	VALUES(LAST_INSERT_ID(), 'pd124', 'limited edition print', 195);

##---------------------------------------------------------------

INSERT INTO art (artist, title, media, width, height, image, pricing_info, main_image, image_width, image_height)
	VALUES(294,
	       'the youth seeker',
	       'ink and digital print',
	       30,
	       40,
	       'the-youth-seeker',
	      'limited edition print, &pound;195',
	       0,
		650,
		 488);
	     
		
INSERT INTO art_pricing(art, item_number, description, price)
	VALUES(LAST_INSERT_ID(), 'pd132', 'limited edition print', 195);

##---------------------------------------------------------------


INSERT INTO art (artist, title, media, width, height, image, pricing_info, main_image, image_width, image_height)
	VALUES(294,
	       'the clutch bag',
	       'ink and digital print',
	       30,
	       40,
	       'the-clutch-bag2',
	      'limited edition print, &pound;195',
	       0,
		650,
		 521);
	     
		
INSERT INTO art_pricing(art, item_number, description, price)
	VALUES(LAST_INSERT_ID(), 'pd133', 'limited edition print', 195);

##---------------------------------------------------------------




INSERT INTO art (artist, title, media, width, height, image, pricing_info, main_image, image_width, image_height)
	VALUES(294,
	       'a powerful new partnership',
	       'ink and digital print',
	       21,
	       26,
	       'a-powerful-new',
	      'limited edition print, &pound;150',
	       0,
		547,
		 650);
	     
		
INSERT INTO art_pricing(art, item_number, description, price)
	VALUES(LAST_INSERT_ID(), 'pd101', 'limited edition print', 150);

##---------------------------------------------------------------


INSERT INTO art (artist, title, media, width, height, image, pricing_info, main_image, image_width, image_height)
	VALUES(294,
	       'accelerate',
	       'ink and digital print',
	       30,
	       40,
	       'accelerate',
	      'limited edition print, &pound;195',
	       0,
		650,
		 454);
	     
		
INSERT INTO art_pricing(art, item_number, description, price)
	VALUES(LAST_INSERT_ID(), 'pd102', 'limited edition print', 195);

##---------------------------------------------------------------


INSERT INTO art (artist, title, media, width, height, image, pricing_info, main_image, image_width, image_height)
	VALUES(294,
	       'alternatives',
	       'ink and digital print',
	       30,
	       35,
	       'alternative',
	      'limited edition print, &pound;195',
	       0,
		433,
		 650);
	     
		
INSERT INTO art_pricing(art, item_number, description, price)
	VALUES(LAST_INSERT_ID(), 'pd103', 'limited edition print', 195);

##---------------------------------------------------------------


INSERT INTO art (artist, title, media, width, height, image, pricing_info, main_image, image_width, image_height)
	VALUES(294,
	       'flutter 2',
	       'ink and digital print',
	       21,
	       27,
	       'flutter2',
	      'limited edition print, &pound;150',
	       0,
		650,
		 520);
	     
		
INSERT INTO art_pricing(art, item_number, description, price)
	VALUES(LAST_INSERT_ID(), 'pd111', 'limited edition print', 150);

##---------------------------------------------------------------



INSERT INTO art (artist, title, media, width, height, image, pricing_info, main_image, image_width, image_height)
	VALUES(294,
	       'libor cats',
	       'ink and digital print',
	       30,
	       40,
	       'libor-cats',
	      'limited edition print, &pound;195',
	       0,
		650,
		 504);
	     
		
INSERT INTO art_pricing(art, item_number, description, price)
	VALUES(LAST_INSERT_ID(), 'pd114', 'limited edition print', 195);

##---------------------------------------------------------------


INSERT INTO art (artist, title, media, width, height, image, pricing_info, main_image, image_width, image_height)
	VALUES(294,
	       'liverpool tennis 2013',
	       'ink and digital print',
	       30,
	       32,
	       'liverpool-tennis-2013',
	      'limited edition print, &pound;195',
	       0,
		607,
		 650);
	     
		
INSERT INTO art_pricing(art, item_number, description, price)
	VALUES(LAST_INSERT_ID(), 'pd115', 'limited edition print', 195);

##---------------------------------------------------------------



INSERT INTO art (artist, title, media, width, height, image, pricing_info, main_image, image_width, image_height)
	VALUES(294,
	       'mid life crisis',
	       'ink and digital print',
	       30,
	       40,
	       'mid-life-crisis',
	      'limited edition print, &pound;195',
	       0,
		650,
		 472);
	     
		
INSERT INTO art_pricing(art, item_number, description, price)
	VALUES(LAST_INSERT_ID(), 'pd117', 'limited edition print', 195);

##---------------------------------------------------------------




INSERT INTO art (artist, title, media, width, height, image, pricing_info, main_image, image_width, image_height)
	VALUES(294,
	       'older fraud',
	       'ink and digital print',
	       30,
	       42,
	       'older-fraud',
	      'limited edition print, &pound;195',
	       0,
		464,
		 650);
	     
		
INSERT INTO art_pricing(art, item_number, description, price)
	VALUES(LAST_INSERT_ID(), 'pd119', 'limited edition print', 195);

##---------------------------------------------------------------


INSERT INTO art (artist, title, media, width, height, image, pricing_info, main_image, image_width, image_height)
	VALUES(294,
	       'own goal ball',
	       'ink and digital print',
	       30,
	       40,
	       'own-goal-ball',
	      'limited edition print, &pound;195',
	       0,
		650,
		 487);
	     
		
INSERT INTO art_pricing(art, item_number, description, price)
	VALUES(LAST_INSERT_ID(), 'pd120', 'limited edition print', 195);

##---------------------------------------------------------------




INSERT INTO art (artist, title, media, width, height, image, pricing_info, main_image, image_width, image_height)
	VALUES(294,
	       'missile madness',
	       'ink and digital print',
	       21,
	       26,
	       'missile-madness',
	      'limited edition print, &pound;150',
	       0,
		559,
		 650);
	     
		
INSERT INTO art_pricing(art, item_number, description, price)
	VALUES(LAST_INSERT_ID(), 'pd130', 'limited edition print', 150);


##---------------------------------------------------------------



INSERT INTO art (artist, title, media, width, height, image, pricing_info, main_image, image_width, image_height)
	VALUES(294,
	       'happy 2013 forecast',
	       'ink and digital print',
	       30,
	       40,
	       '2013',
	      'limited edition print, &pound;195',
	       0,
		650,
		 492);
	     
		
INSERT INTO art_pricing(art, item_number, description, price)
	VALUES(LAST_INSERT_ID(), 'pd134', 'limited edition print', 195);

##---------------------------------------------------------------



INSERT INTO art (artist, title, media, width, height, image, pricing_info, main_image, image_width, image_height)
	VALUES(294,
	       'we''re all in this together',
	       'ink and digital print',
	       30,
	       40,
	       'happy-new-year',
	      'limited edition print, &pound;195',
	       0,
		650,
		 491);
	     
		
INSERT INTO art_pricing(art, item_number, description, price)
	VALUES(LAST_INSERT_ID(), 'pd135', 'limited edition print', 195);

##---------------------------------------------------------------




INSERT INTO art (artist, title, media, width, height, image, pricing_info, main_image, image_width, image_height)
	VALUES(294,
	       'lacks focus!',
	       'ink and digital print',
	       30,
	       40,
	       'the-overseas-fashion',
	      'limited edition print, &pound;195',
	       0,
		650,
		 479);
	     
		
INSERT INTO art_pricing(art, item_number, description, price)
	VALUES(LAST_INSERT_ID(), 'pd136', 'limited edition print', 195);

##---------------------------------------------------------------




INSERT INTO art (artist, title, media, width, height, image, pricing_info, main_image, image_width, image_height)
	VALUES(294,
	       'geneva chink of light',
	       'ink and digital print',
	       30,
	       40,
	       'geneva-chink-of',
	      'limited edition print, &pound;195',
	       0,
		650,
		 459);
	     
		
INSERT INTO art_pricing(art, item_number, description, price)
	VALUES(LAST_INSERT_ID(), 'pd137', 'limited edition print', 195);

##---------------------------------------------------------------




INSERT INTO artist (id, name, statement, notes, display)
	VALUES(295, 'peter formela',
	'<p class="artist">This body of work includes a series of relief sculptures incorporating collage, paint and abstract architectural images. 

Each piece is investigating form and shape in relation to architectural references, whilst maintaining painterly abstract qualities. The work has 
evolved from a pursuit of developing linear qualities in the pieces, which organically moved into working in relief. 
The process begins by responding 
to cityscapes and sources of architecture new and old. This provides structure to the work. More forms develop by introducing various mark-making and 
layering in paint. 
Capturing that place which is "in between" the abstract and the physical world is very important.
</p>

<p class="artist">The scale of the pieces range from 20 x 20cm - 30 x 30cm, with a depth between 3-4cm. 
All works are framed and glazed, with frame size being 20-30cm larger than quoted size.
</p>

<p class="artist">The works below are for sale between &pound;180 - &pound;250. To request a viewing in our Liverpool showroom, please call 0845 017 6660.
</p>

<p class="artist"></p>',
               NULL,
	       1);

##---------------------------------------------------------------


INSERT INTO art (artist, title, media, width, height, image, pricing_info, main_image, image_width, image_height)
	VALUES(295,
	       'untitled 1',
	       'mixed media ',
	       20,
	       20,
	       'untitled-1',
	      'original, &pound;200',
	       0,
		650,
		 650);
	     
		

##---------------------------------------------------------------


INSERT INTO art (artist, title, media, width, height, image, pricing_info, main_image, image_width, image_height)
	VALUES(295,
	       'untitled 2',
	       'mixed media ',
	       20,
	       20,
	       'untitled-2',
	      'original, &pound;240',
	       0,
		650,
		 632);
	     
		

##---------------------------------------------------------------


INSERT INTO art (artist, title, media, width, height, image, pricing_info, main_image, image_width, image_height)
	VALUES(295,
	       'untitled 3',
	       'mixed media ',
	       20,
	       20,
	       'untitled-3',
	      'original, &pound;250',
	       0,
		650,
		 638);
	     
		

##---------------------------------------------------------------


INSERT INTO art (artist, title, media, width, height, image, pricing_info, main_image, image_width, image_height)
	VALUES(295,
	       'untitled 4',
	       'mixed media ',
	       20,
	       20,
	       'untitled-4',
	      'original, &pound;200',
	       1,
		640,
		 650);
	     
		

##---------------------------------------------------------------


INSERT INTO art (artist, title, media, width, height, image, pricing_info, main_image, image_width, image_height)
	VALUES(295,
	       'untitled 5',
	       'mixed media ',
	       20,
	       20,
	       'untitled-5',
	      'original, &pound;200',
	       0,
		650,
		 632);
	     
		

##---------------------------------------------------------------


INSERT INTO art (artist, title, media, width, height, image, pricing_info, main_image, image_width, image_height)
	VALUES(295,
	       'untitled 6',
	       'mixed media ',
	       20,
	       20,
	       'untitled-6',
	      'original, &pound;220',
	       0,
		650,
		 641);
	     
		

##---------------------------------------------------------------


INSERT INTO art (artist, title, media, width, height, image, pricing_info, main_image, image_width, image_height)
	VALUES(295,
	       'untitled 7',
	       'mixed media ',
	       15,
	       15,
	       'untitled-7',
	      'original, &pound;180',
	       0,
		616,
		 650);
	     
		

##---------------------------------------------------------------



INSERT INTO art (artist, title, media, width, height, image, pricing_info, main_image, image_width, image_height)
	VALUES(295,
	       'untitled 9',
	       'mixed media ',
	       15,
	       15,
	       'untitled-9',
	      'original, &pound;180',
	       0,
		647,
		 650);
	     
		

##---------------------------------------------------------------


INSERT INTO art (artist, title, media, width, height, image, pricing_info, main_image, image_width, image_height)
	VALUES(295,
	       'untitled 10',
	       'mixed media ',
	       15,
	       15,
	       'untitled-10',
	      'original, &pound;200',
	       0,
		650,
		 647);
	     
		

##---------------------------------------------------------------


INSERT INTO art (artist, title, media, width, height, image, pricing_info, main_image, image_width, image_height)
	VALUES(295,
	       'untitled 11',
	       'mixed media ',
	       15,
	       15,
	       'untitled-11',
	      'original, &pound;200',
	       0,
		650,
		 649);
	     
		

##---------------------------------------------------------------


INSERT INTO art (artist, title, media, width, height, image, pricing_info, main_image, image_width, image_height)
	VALUES(295,
	       'untitled 12',
	       'mixed media ',
	       15,
	       20,
	       'untitled-12',
	      'original, &pound;220',
	       0,
		639,
		 650);
	     
		

##---------------------------------------------------------------



INSERT INTO art (artist, title, media, width, height, image, pricing_info, main_image, image_width, image_height)
	VALUES(295,
	       'untitled 8',
	       'mixed media ',
	       15,
	       15,
	       'untitled-8',
	      'original, &pound;200',
	       0,
		551,
		 650);
	     
		

##---------------------------------------------------------------

INSERT INTO art (artist, title, media, width, height, image, pricing_info, main_image, image_width, image_height)
	VALUES(295,
	       'untitled 13',
	       'mixed media ',
	       20,
	       20,
	       'untitled-13',
	      'original, &pound;240',
	       0,
		649,
		 650);
	     
		

##---------------------------------------------------------------


INSERT INTO art (artist, title, media, width, height, image, pricing_info, main_image, image_width, image_height)
	VALUES(295,
	       'untitled 14',
	       'mixed media ',
	       20,
	       20,
	       'untitled-14',
	      'original, &pound;240',
	       0,
		650,
		 539);
	     
		

##---------------------------------------------------------------




INSERT INTO artist (id, name, statement, notes, display)
	VALUES(296, 'matthew courtney',
	'<p class="artist">About the artist and his work: "Having grown up in mid Wales, I was fortunate to have the hugely inspiring Mawddach estuary and Cardigan Bay on my door-step. The influence of the mountains and sea continue as a consistent theme throughout my work, however since relocating to the North-west, I have become equally enthralled by the photographic possibilities found within the urban, man-made environment. 
In considering the visual merit of the whole scene and not just searching for the conventional and cliched, my intention is to reveal the many fleeting glimpses, the likes of which that we all witness yet fail to really "see" as we rush from one place to the next. In this increasingly over-saturated image world that we live in, the challenge is to keep seeing with fresh eyes."

</p>

<p class="artist">"Frozen out of time and place, these images appear at odds with the seemingly relentless flux that redefines our surroundings. If one thing matters, everything matters."
</p>

<p class="artist">About the "Stories From the Sea" Series: "In a time when everything has its price and anything can be bought, the sea offers us the seductive element of surprise, mystery and danger. The sea reminds us of our insignificance and as our lives seem increasingly mapped out and controlled, we cling to the unpredictability that nature presents us. In an island nation where one is never more than seventy miles from the coastline, the Sea has shaped who we are and remains etched indelibly into our collective psyche.  

</p>

<p class="artist">All work is printed in a limited edition of 25. All work will be printed on high quality, heavyweight archival quality Hahnemuhle Photo Rag Paper. Prints will be mounted on acid free board and presented in a protective sleeve, signed and numbered by the artist.</p>',
               NULL,
	       1);

##---------------------------------------------------------------



INSERT INTO art (artist, title, media, width, height, image, pricing_info, main_image, image_width, image_height)
	VALUES(296,
	       'untitled 6 liverpool',
	       'print on photo rag paper',
	       55,
	       40,
	       'untitled-6-liverpool',
	      'limited edition print, &pound;120',
	       0,
		432,
		650);
	     
		
INSERT INTO art_pricing(art, item_number, description, price)
	VALUES(LAST_INSERT_ID(), 'pd118', 'limited edition print', 120);

##---------------------------------------------------------------


INSERT INTO art (artist, title, media, width, height, image, pricing_info, main_image, image_width, image_height)
	VALUES(296,
	       'untitled 7 liverpool',
	       'print on photo rag paper',
	       55,
	       40,
	       'untitled-7-liverpool',
	      'limited edition print, &pound;120',
	       0,
		432,
		650);
	     
		
INSERT INTO art_pricing(art, item_number, description, price)
	VALUES(LAST_INSERT_ID(), 'pd119', 'limited edition print', 120);

##---------------------------------------------------------------


INSERT INTO art (artist, title, media, width, height, image, pricing_info, main_image, image_width, image_height)
	VALUES(296,
	       'untitled 9 manchester',
	       'print on photo rag paper',
	       55,
	       40,
	       'untitled-9-manchester',
	      'limited edition print, &pound;120',
	       0,
		433,
		650);
	     
		
INSERT INTO art_pricing(art, item_number, description, price)
	VALUES(LAST_INSERT_ID(), 'pd121', 'limited edition print', 120);

##---------------------------------------------------------------



INSERT INTO art (artist, title, media, width, height, image, pricing_info, main_image, image_width, image_height)
	VALUES(296,
	       'untitled 17 liverpool',
	       'print on photo rag paper',
	       55,
	       40,
	       'untitled-17-liverpool',
	      'limited edition print, &pound;120',
	       0,
		435,
		650);
	     
		
INSERT INTO art_pricing(art, item_number, description, price)
	VALUES(LAST_INSERT_ID(), 'pd129', 'limited edition print', 120);

##---------------------------------------------------------------



INSERT INTO art (artist, title, media, width, height, image, pricing_info, main_image, image_width, image_height)
	VALUES(296,
	       'untitled 20 liverpool',
	       'print on photo rag paper',
	       55,
	       40,
	       'untitled-20-liverpool',
	      'limited edition print, &pound;120',
	       0,
		435,
		650);
	     
		
INSERT INTO art_pricing(art, item_number, description, price)
	VALUES(LAST_INSERT_ID(), 'pd132', 'limited edition print', 120);

##---------------------------------------------------------------


INSERT INTO art (artist, title, media, width, height, image, pricing_info, main_image, image_width, image_height)
	VALUES(296,
	       'untitled 26 chester',
	       'print on photo rag paper',
	       55,
	       40,
	       'untitled-26-chester',
	      'limited edition print, &pound;120',
	       0,
		433,
		650);
	     
		
INSERT INTO art_pricing(art, item_number, description, price)
	VALUES(LAST_INSERT_ID(), 'pd138', 'limited edition print', 120);

##---------------------------------------------------------------


INSERT INTO art (artist, title, media, width, height, image, pricing_info, main_image, image_width, image_height)
	VALUES(296,
	       'untitled 27 chester',
	       'print on photo rag paper',
	       55,
	       40,
	       'untitled-27-chester',
	      'limited edition print, &pound;120',
	       0,
		433,
		650);
	     
		
INSERT INTO art_pricing(art, item_number, description, price)
	VALUES(LAST_INSERT_ID(), 'pd139', 'limited edition print', 120);

##---------------------------------------------------------------


INSERT INTO art (artist, title, media, width, height, image, pricing_info, main_image, image_width, image_height)
	VALUES(296,
	       'untitled 28 chester',
	       'print on photo rag paper',
	       55,
	       40,
	       'untitled-28-chester',
	      'limited edition print, &pound;120',
	       0,
		433,
		650);
	     
		
INSERT INTO art_pricing(art, item_number, description, price)
	VALUES(LAST_INSERT_ID(), 'pd140', 'limited edition print', 120);

##---------------------------------------------------------------


INSERT INTO art (artist, title, media, width, height, image, pricing_info, main_image, image_width, image_height)
	VALUES(296,
	       'untitled 29 chester',
	       'print on photo rag paper',
	       55,
	       40,
	       'untitled-29-chester',
	      'limited edition print, &pound;120',
	       0,
		433,
		650);
	     
		
INSERT INTO art_pricing(art, item_number, description, price)
	VALUES(LAST_INSERT_ID(), 'pd141', 'limited edition print', 120);

##---------------------------------------------------------------


INSERT INTO art (artist, title, media, width, height, image, pricing_info, main_image, image_width, image_height)
	VALUES(296,
	       'untitled 30 liverpool',
	       'print on photo rag paper',
	       55,
	       40,
	       'untitled-30-liverpool',
	      'limited edition print, &pound;120',
	       0,
		435,
		650);
	     
		
INSERT INTO art_pricing(art, item_number, description, price)
	VALUES(LAST_INSERT_ID(), 'pd142', 'limited edition print', 120);

##---------------------------------------------------------------

INSERT INTO art (artist, title, media, width, height, image, pricing_info, main_image, image_width, image_height)
	VALUES(296,
	       'untitled 1 liverpool',
	       'print on photo rag paper',
	       55,
	       40,
	       'untitled-1-liverpool',
	      'limited edition print, &pound;120',
	       0,
		433,
		650);
	     
		
INSERT INTO art_pricing(art, item_number, description, price)
	VALUES(LAST_INSERT_ID(), 'pd113', 'limited edition print', 120);

##---------------------------------------------------------------


INSERT INTO art (artist, title, media, width, height, image, pricing_info, main_image, image_width, image_height)
	VALUES(296,
	       'untitled 2 chester',
	       'print on photo rag paper',
	       55,
	       40,
	       'untitled-2-chester',
	      'limited edition print, &pound;120',
	       0,
		650,
		433);
	     
		
INSERT INTO art_pricing(art, item_number, description, price)
	VALUES(LAST_INSERT_ID(), 'pd114', 'limited edition print', 120);

##---------------------------------------------------------------


INSERT INTO art (artist, title, media, width, height, image, pricing_info, main_image, image_width, image_height)
	VALUES(296,
	       'untitled 3 liverpool',
	       'print on photo rag paper',
	       55,
	       40,
	       'untitled-3-liverpool',
	      'limited edition print, &pound;120',
	       0,
		432,
		650);
	     
		
INSERT INTO art_pricing(art, item_number, description, price)
	VALUES(LAST_INSERT_ID(), 'pd115', 'limited edition print', 120);

##---------------------------------------------------------------


INSERT INTO art (artist, title, media, width, height, image, pricing_info, main_image, image_width, image_height)
	VALUES(296,
	       'untitled 4 liverpool',
	       'print on photo rag paper',
	       55,
	       40,
	       'untitled-4-liverpool',
	      'limited edition print, &pound;120',
	       0,
		650,
		432);
	     
		
INSERT INTO art_pricing(art, item_number, description, price)
	VALUES(LAST_INSERT_ID(), 'pd116', 'limited edition print', 120);

##---------------------------------------------------------------


INSERT INTO art (artist, title, media, width, height, image, pricing_info, main_image, image_width, image_height)
	VALUES(296,
	       'untitled 5 manchester',
	       'print on photo rag paper',
	       55,
	       40,
	       'untitled-5-manchester',
	      'limited edition print, &pound;120',
	       0,
		432,
		650);
	     
		
INSERT INTO art_pricing(art, item_number, description, price)
	VALUES(LAST_INSERT_ID(), 'pd117', 'limited edition print', 120);

##---------------------------------------------------------------



INSERT INTO art (artist, title, media, width, height, image, pricing_info, main_image, image_width, image_height)
	VALUES(296,
	       'untitled 8 manchester',
	       'print on photo rag paper',
	       55,
	       40,
	       'untitled-8-manchester',
	      'limited edition print, &pound;120',
	       0,
		650,
		431);
	     
		
INSERT INTO art_pricing(art, item_number, description, price)
	VALUES(LAST_INSERT_ID(), 'pd120', 'limited edition print', 120);

##---------------------------------------------------------------




INSERT INTO art (artist, title, media, width, height, image, pricing_info, main_image, image_width, image_height)
	VALUES(296,
	       'untitled 10 manchester',
	       'print on photo rag paper',
	       55,
	       40,
	       'untitled-10-manchester',
	      'limited edition print, &pound;120',
	       0,
		431,
		650);
	     
		
INSERT INTO art_pricing(art, item_number, description, price)
	VALUES(LAST_INSERT_ID(), 'pd122', 'limited edition print', 120);

##---------------------------------------------------------------


INSERT INTO art (artist, title, media, width, height, image, pricing_info, main_image, image_width, image_height)
	VALUES(296,
	       'untitled 11 manchester',
	       'print on photo rag paper',
	       55,
	       40,
	       'untitled-11-manchester',
	      'limited edition print, &pound;120',
	       0,
		431,
		650);
	     
		
INSERT INTO art_pricing(art, item_number, description, price)
	VALUES(LAST_INSERT_ID(), 'pd123', 'limited edition print', 120);

##---------------------------------------------------------------


INSERT INTO art (artist, title, media, width, height, image, pricing_info, main_image, image_width, image_height)
	VALUES(296,
	       'untitled 12 manchester',
	       'print on photo rag paper',
	       55,
	       40,
	       'untitled-12-manchester',
	      'limited edition print, &pound;120',
	       0,
		650,
		431);
	     
		
INSERT INTO art_pricing(art, item_number, description, price)
	VALUES(LAST_INSERT_ID(), 'pd124', 'limited edition print', 120);

##---------------------------------------------------------------


INSERT INTO art (artist, title, media, width, height, image, pricing_info, main_image, image_width, image_height)
	VALUES(296,
	       'untitled 13 skiathos',
	       'print on photo rag paper',
	       55,
	       40,
	       'untitled-13-skiathos',
	      'limited edition print, &pound;120',
	       0,
		433,
		650);
	     
		
INSERT INTO art_pricing(art, item_number, description, price)
	VALUES(LAST_INSERT_ID(), 'pd125', 'limited edition print', 120);

##---------------------------------------------------------------


INSERT INTO art (artist, title, media, width, height, image, pricing_info, main_image, image_width, image_height)
	VALUES(296,
	       'untitled 14 cardiff',
	       'print on photo rag paper',
	       55,
	       40,
	       'untitled-14-cardiff',
	      'limited edition print, &pound;120',
	       0,
		650,
		435);
	     
		
INSERT INTO art_pricing(art, item_number, description, price)
	VALUES(LAST_INSERT_ID(), 'pd126', 'limited edition print', 120);

##---------------------------------------------------------------


INSERT INTO art (artist, title, media, width, height, image, pricing_info, main_image, image_width, image_height)
	VALUES(296,
	       'untitled 15 portree',
	       'print on photo rag paper',
	       55,
	       40,
	       'untitled-15-portreejpg',
	      'limited edition print, &pound;120',
	       0,
		650,
		435);
	     
		
INSERT INTO art_pricing(art, item_number, description, price)
	VALUES(LAST_INSERT_ID(), 'pd127', 'limited edition print', 120);

##---------------------------------------------------------------


INSERT INTO art (artist, title, media, width, height, image, pricing_info, main_image, image_width, image_height)
	VALUES(296,
	       'untitled 16 liverpool',
	       'print on photo rag paper',
	       55,
	       40,
	       'untitled-16-liverpool',
	      'limited edition print, &pound;120',
	       0,
		650,
		435);
	     
		
INSERT INTO art_pricing(art, item_number, description, price)
	VALUES(LAST_INSERT_ID(), 'pd128', 'limited edition print', 120);

##---------------------------------------------------------------



INSERT INTO art (artist, title, media, width, height, image, pricing_info, main_image, image_width, image_height)
	VALUES(296,
	       'untitled 18 liverpool',
	       'print on photo rag paper',
	       55,
	       40,
	       'untitled-18-liverpool',
	      'limited edition print, &pound;120',
	       0,
		650,
		435);
	     
		
INSERT INTO art_pricing(art, item_number, description, price)
	VALUES(LAST_INSERT_ID(), 'pd130', 'limited edition print', 120);

##---------------------------------------------------------------


INSERT INTO art (artist, title, media, width, height, image, pricing_info, main_image, image_width, image_height)
	VALUES(296,
	       'untitled 19 liverpool',
	       'print on photo rag paper',
	       55,
	       40,
	       'untitled-19-liverpool',
	      'limited edition print, &pound;120',
	       0,
		650,
		435);
	     
		
INSERT INTO art_pricing(art, item_number, description, price)
	VALUES(LAST_INSERT_ID(), 'pd131', 'limited edition print', 120);

##---------------------------------------------------------------



INSERT INTO art (artist, title, media, width, height, image, pricing_info, main_image, image_width, image_height)
	VALUES(296,
	       'untitled 21 skiathos',
	       'print on photo rag paper',
	       55,
	       40,
	       'untitled-21-skiathos',
	      'limited edition print, &pound;120',
	       0,
		650,
		433);
	     
		
INSERT INTO art_pricing(art, item_number, description, price)
	VALUES(LAST_INSERT_ID(), 'pd133', 'limited edition print', 120);

##---------------------------------------------------------------


INSERT INTO art (artist, title, media, width, height, image, pricing_info, main_image, image_width, image_height)
	VALUES(296,
	       'untitled 22 covent gardens',
	       'print on photo rag paper',
	       55,
	       40,
	       'untitled-22-covent',
	      'limited edition print, &pound;120',
	       0,
		650,
		433);
	     
		
INSERT INTO art_pricing(art, item_number, description, price)
	VALUES(LAST_INSERT_ID(), 'pd134', 'limited edition print', 120);

##---------------------------------------------------------------


INSERT INTO art (artist, title, media, width, height, image, pricing_info, main_image, image_width, image_height)
	VALUES(296,
	       'untitled 23 english channel',
	       'print on photo rag paper',
	       55,
	       40,
	       'untitled-23-english',
	      'limited edition print, &pound;120',
	       0,
		650,
		433);
	     
		
INSERT INTO art_pricing(art, item_number, description, price)
	VALUES(LAST_INSERT_ID(), 'pd135', 'limited edition print', 120);

##---------------------------------------------------------------


INSERT INTO art (artist, title, media, width, height, image, pricing_info, main_image, image_width, image_height)
	VALUES(296,
	       'untitled 24 chester',
	       'print on photo rag paper',
	       55,
	       40,
	       'untitled-24-chester',
	      'limited edition print, &pound;120',
	       0,
		431,
		650);
	     
		
INSERT INTO art_pricing(art, item_number, description, price)
	VALUES(LAST_INSERT_ID(), 'pd136', 'limited edition print', 120);

##---------------------------------------------------------------


INSERT INTO art (artist, title, media, width, height, image, pricing_info, main_image, image_width, image_height)
	VALUES(296,
	       'untitled 25 chester',
	       'print on photo rag paper',
	       55,
	       40,
	       'untitled-25-chester',
	      'limited edition print, &pound;120',
	       0,
		650,
		433);
	     
		
INSERT INTO art_pricing(art, item_number, description, price)
	VALUES(LAST_INSERT_ID(), 'pd137', 'limited edition print', 120);

##---------------------------------------------------------------




INSERT INTO art (artist, title, media, width, height, image, pricing_info, main_image, image_width, image_height)
	VALUES(296,
	       'untitled 31 manchester',
	       'print on photo rag paper',
	       55,
	       40,
	       'untitled-31-manchester',
	      'limited edition print, &pound;120',
	       0,
		650,
		432);
	     
		
INSERT INTO art_pricing(art, item_number, description, price)
	VALUES(LAST_INSERT_ID(), 'pd143', 'limited edition print', 120);

##---------------------------------------------------------------


INSERT INTO art (artist, title, media, width, height, image, pricing_info, main_image, image_width, image_height)
	VALUES(296,
	       'untitled 32 barmouth',
	       'print on photo rag paper',
	       55,
	       40,
	       'untitled-32-barmouth',
	      'limited edition print, &pound;120',
	       0,
		650,
		433);
	     
		
INSERT INTO art_pricing(art, item_number, description, price)
	VALUES(LAST_INSERT_ID(), 'pd144', 'limited edition print', 120);

##---------------------------------------------------------------


INSERT INTO art (artist, title, media, width, height, image, pricing_info, main_image, image_width, image_height)
	VALUES(296,
	       'untitled 33 cardigan bay',
	       'print on photo rag paper',
	       55,
	       40,
	       'untitled-33-cardigan',
	      'limited edition print, &pound;120',
	       0,
		650,
		433);
	     
		
INSERT INTO art_pricing(art, item_number, description, price)
	VALUES(LAST_INSERT_ID(), 'pd145', 'limited edition print', 120);

##---------------------------------------------------------------


INSERT INTO art (artist, title, media, width, height, image, pricing_info, main_image, image_width, image_height)
	VALUES(296,
	       'untitled 34 cardigan bay',
	       'print on photo rag paper',
	       55,
	       40,
	       'untitled-34-cardigan',
	      'limited edition print, &pound;120',
	       0,
		433,
		650);
	     
		
INSERT INTO art_pricing(art, item_number, description, price)
	VALUES(LAST_INSERT_ID(), 'pd146', 'limited edition print', 120);

##---------------------------------------------------------------


INSERT INTO art (artist, title, media, width, height, image, pricing_info, main_image, image_width, image_height)
	VALUES(296,
	       'untitled 35 mawddach estuary',
	       'print on photo rag paper',
	       55,
	       40,
	       'untitled-35-mawddach',
	      'limited edition print, &pound;120',
	       0,
		433,
		650);
	     
		
INSERT INTO art_pricing(art, item_number, description, price)
	VALUES(LAST_INSERT_ID(), 'pd147', 'limited edition print', 120);

##---------------------------------------------------------------


INSERT INTO art (artist, title, media, width, height, image, pricing_info, main_image, image_width, image_height)
	VALUES(296,
	       'untitled 36 barmouth bridge',
	       'print on photo rag paper',
	       55,
	       40,
	       'untitled-36-barmouth',
	      'limited edition print, &pound;120',
	       0,
		433,
		650);
	     
		
INSERT INTO art_pricing(art, item_number, description, price)
	VALUES(LAST_INSERT_ID(), 'pd148', 'limited edition print', 120);

##---------------------------------------------------------------


INSERT INTO art (artist, title, media, width, height, image, pricing_info, main_image, image_width, image_height)
	VALUES(296,
	       'untitled 37',
	       'print on photo rag paper',
	       55,
	       40,
	       'untitled-37',
	      'limited edition print, &pound;120',
	       0,
		650,
		435);
	     
		
INSERT INTO art_pricing(art, item_number, description, price)
	VALUES(LAST_INSERT_ID(), 'pd149', 'limited edition print', 120);

##---------------------------------------------------------------




INSERT INTO art (artist, title, media, width, height, image, pricing_info, main_image, image_width, image_height)
	VALUES(296,
	       'stories from the sea 1',
	       'print on photo rag paper',
	       55,
	       40,
	       'stories-from-1',
	      'limited edition print, &pound;120',
	       0,
		650,
		432);
	     
		
INSERT INTO art_pricing(art, item_number, description, price)
	VALUES(LAST_INSERT_ID(), 'pd101', 'limited edition print', 120);

##---------------------------------------------------------------


INSERT INTO art (artist, title, media, width, height, image, pricing_info, main_image, image_width, image_height)
	VALUES(296,
	       'stories from the sea 2',
	       'print on photo rag paper',
	       55,
	       40,
	       'stories-from-2',
	      'limited edition print, &pound;120',
	       0,
		650,
		432);
	     
		
INSERT INTO art_pricing(art, item_number, description, price)
	VALUES(LAST_INSERT_ID(), 'pd102', 'limited edition print', 120);

##---------------------------------------------------------------


INSERT INTO art (artist, title, media, width, height, image, pricing_info, main_image, image_width, image_height)
	VALUES(296,
	       'stories from the sea 3',
	       'print on photo rag paper',
	       55,
	       40,
	       'stories-from-3',
	      'limited edition print, &pound;120',
	       0,
		432,
		650);
	     
		
INSERT INTO art_pricing(art, item_number, description, price)
	VALUES(LAST_INSERT_ID(), 'pd103', 'limited edition print', 120);

##---------------------------------------------------------------


INSERT INTO art (artist, title, media, width, height, image, pricing_info, main_image, image_width, image_height)
	VALUES(296,
	       'stories from the sea 4',
	       'print on photo rag paper',
	       55,
	       40,
	       'stories-from-4',
	      'limited edition print, &pound;120',
	       0,
		650,
		432);
	     
		
INSERT INTO art_pricing(art, item_number, description, price)
	VALUES(LAST_INSERT_ID(), 'pd104', 'limited edition print', 120);

##---------------------------------------------------------------


INSERT INTO art (artist, title, media, width, height, image, pricing_info, main_image, image_width, image_height)
	VALUES(296,
	       'stories from the sea 5',
	       'print on photo rag paper',
	       55,
	       40,
	       'stories-from-5',
	      'limited edition print, &pound;120',
	       0,
		650,
		432);
	     
		
INSERT INTO art_pricing(art, item_number, description, price)
	VALUES(LAST_INSERT_ID(), 'pd105', 'limited edition print', 120);

##---------------------------------------------------------------


INSERT INTO art (artist, title, media, width, height, image, pricing_info, main_image, image_width, image_height)
	VALUES(296,
	       'stories from the sea 6',
	       'print on photo rag paper',
	       55,
	       40,
	       'stories-from-6',
	      'limited edition print, &pound;120',
	       0,
		650,
		432);
	     
		
INSERT INTO art_pricing(art, item_number, description, price)
	VALUES(LAST_INSERT_ID(), 'pd106', 'limited edition print', 120);

##---------------------------------------------------------------


INSERT INTO art (artist, title, media, width, height, image, pricing_info, main_image, image_width, image_height)
	VALUES(296,
	       'stories from the sea 7',
	       'print on photo rag paper',
	       55,
	       40,
	       'stories-from-7',
	      'limited edition print, &pound;120',
	       0,
		432,
		650);
	     
		
INSERT INTO art_pricing(art, item_number, description, price)
	VALUES(LAST_INSERT_ID(), 'pd107', 'limited edition print', 120);

##---------------------------------------------------------------


INSERT INTO art (artist, title, media, width, height, image, pricing_info, main_image, image_width, image_height)
	VALUES(296,
	       'stories from the sea 8',
	       'print on photo rag paper',
	       55,
	       40,
	       'stories-from-8',
	      'limited edition print, &pound;120',
	       0,
		650,
		432);
	     
		
INSERT INTO art_pricing(art, item_number, description, price)
	VALUES(LAST_INSERT_ID(), 'pd108', 'limited edition print', 120);

##---------------------------------------------------------------


INSERT INTO art (artist, title, media, width, height, image, pricing_info, main_image, image_width, image_height)
	VALUES(296,
	       'stories from the sea 9',
	       'print on photo rag paper',
	       55,
	       40,
	       'stories-from-9',
	      'limited edition print, &pound;120',
	       0,
		432,
		650);
	     
		
INSERT INTO art_pricing(art, item_number, description, price)
	VALUES(LAST_INSERT_ID(), 'pd109', 'limited edition print', 120);

##---------------------------------------------------------------


INSERT INTO art (artist, title, media, width, height, image, pricing_info, main_image, image_width, image_height)
	VALUES(296,
	       'stories from the sea 10',
	       'print on photo rag paper',
	       55,
	       40,
	       'stories-from-10',
	      'limited edition print, &pound;120',
	       1,
		432,
		650);
	     
		
INSERT INTO art_pricing(art, item_number, description, price)
	VALUES(LAST_INSERT_ID(), 'pd110', 'limited edition print', 120);

##---------------------------------------------------------------


INSERT INTO art (artist, title, media, width, height, image, pricing_info, main_image, image_width, image_height)
	VALUES(296,
	       'stories from the sea 11',
	       'print on photo rag paper',
	       55,
	       40,
	       'stories-from-11',
	      'limited edition print, &pound;120',
	       0,
		650,
		432);
	     
		
INSERT INTO art_pricing(art, item_number, description, price)
	VALUES(LAST_INSERT_ID(), 'pd111', 'limited edition print', 120);

##---------------------------------------------------------------


INSERT INTO art (artist, title, media, width, height, image, pricing_info, main_image, image_width, image_height)
	VALUES(296,
	       'stories from the sea 12',
	       'print on photo rag paper',
	       55,
	       40,
	       'stories-from-12',
	      'limited edition print, &pound;120',
	       0,
		650,
		432);
	     
		
INSERT INTO art_pricing(art, item_number, description, price)
	VALUES(LAST_INSERT_ID(), 'pd112', 'limited edition print', 120);

##---------------------------------------------------------------

INSERT INTO artist (id, name, statement, notes, display)
	VALUES(299, 'stanislaw krakiewicz',
	'<p class="artist">Stanislaw Jan Krakiewicz (Stas) was born in 1964 in Liverpool, England from Polish immigrant parents fleeing from persecution in the 
Second World War. He has history of painting stretching back fifteen years, which has evolved stylistically and passionately through his varying arts practise. 
Recently he has preferred to find inspiration from English Naive art and Art Brute that has no need to show technical realism, with the belief that it gets 
in the way of the balancing act between concept, colour and form. He resolves his concepts through his fragmented dyslexic residual memory and revels 
artistically in its unexpected outcomes.
</p>

<p class="artist">His mature style can be broken up into three distinctive themes: dwellings in sparse abstracted landscapes, primitive art reflecting on fatherhood 
and portraiture in the faux primitive manner. 
</p>

<p class="artist">The House Works paintings are an ongoing exploration based on the theme of homes that embraces Stas''s interest in buildings. 
Although the works use landscape as a starting point his main aim is to keep a connection with abstraction. The finished paintings are left with 
a freshness that reflects the influence of his faux primitive style. The paintings highlight the vulnerability of the structures in a sparse colour plane, 
reflecting landscape simulating the abstract nature of the sky meeting land, which binds together the art works.</p>

<p class="artist">The portraiture began by representing effigies of past and close friends and exploring self-portraiture in his new style. 
The poses are kept simplistic with the sitter confronting the viewer on a brightly coloured background. The portrayed often hold or stand by 
an artefact that reflect their character. The distortions of features support the paintings honest mannerism and are bereft of the traditional 
baggage associated with portraiture. 
</p>

<p class="artist">The faux primitive paintings are an intimate look at a child''s/ naive viewpoint, that is playful and in awe of the world surrounding it. 
The work takes it influences from days out at the zoo, the aquarium and at home as the artist reinvents his visual relationships with the help of his daughter.</p>
',
               NULL,
	       1);

##---------------------------------------------------------------


INSERT INTO art (artist, title, media, width, height, image, pricing_info, main_image, image_width, image_height)
	VALUES(299,
	       'tara and cat',
	       'framed acrylic on board',
	       56,
	       72,
	       'tara-and-cat',
	      'original, &pound;1360',
	       0,
		505,
		650);
	     
		
INSERT INTO art_pricing(art, item_number, description, price)
	VALUES(LAST_INSERT_ID(), 'sk101', 'original', 1360);

##---------------------------------------------------------------


INSERT INTO art (artist, title, media, width, height, image, pricing_info, main_image, image_width, image_height)
	VALUES(299,
	       'five high rise on grey ground',
	       'framed acrylic on board',
	       55,
	       41,
	       'five-high-rise',
	      'original, &pound;1190',
	       0,
		650,
		472);
	     
		
INSERT INTO art_pricing(art, item_number, description, price)
	VALUES(LAST_INSERT_ID(), 'sk102', 'original', 1190);

##---------------------------------------------------------------


INSERT INTO art (artist, title, media, width, height, image, pricing_info, main_image, image_width, image_height)
	VALUES(299,
	       'man who would be king',
	       'framed acrylic on board',
	       33,
	       41,
	       'man-who-would',
	      'original, &pound;1190',
	       0,
		482,
		650);
	     
		
INSERT INTO art_pricing(art, item_number, description, price)
	VALUES(LAST_INSERT_ID(), 'sk103', 'original', 1190);

##---------------------------------------------------------------


INSERT INTO art (artist, title, media, width, height, image, pricing_info, main_image, image_width, image_height)
	VALUES(299,
	       'house with double garage',
	       'framed acrylic on board',
	       40,
	       32,
	       'house-with-double',
	      'original, &pound;850',
	       1,
		650,
		466);
	     
		
INSERT INTO art_pricing(art, item_number, description, price)
	VALUES(LAST_INSERT_ID(), 'sk104', 'original', 850);

##---------------------------------------------------------------


INSERT INTO art (artist, title, media, width, height, image, pricing_info, main_image, image_width, image_height)
	VALUES(299,
	       'attractive fish',
	       'framed acrylic on board',
	       54,
	       44,
	       'attractive-fish',
	      'original, &pound;850',
	       0,
		650,
		488);
	     
		
INSERT INTO art_pricing(art, item_number, description, price)
	VALUES(LAST_INSERT_ID(), 'sk105', 'original', 850);

##---------------------------------------------------------------





INSERT INTO artist (id, name, statement, notes, display)
	VALUES(297, 'sarah dooley',
	'<p class="artist">
</p>

<p class="artist">
</p>

<p class="artist">

</p>

<p class="artist"></p>',
               NULL,
	       1);

##---------------------------------------------------------------


INSERT INTO art (artist, title, media, width, height, image, pricing_info, main_image, image_width, image_height)
	VALUES(297,
	       'flowers 1',
	       'acrylic on acid free canvas textured paper',
	       45,
	       35,
	       'flowers-1',
	      'original, &pound;125',
	       1,
		650,
		496);
	     
		
INSERT INTO art_pricing(art, item_number, description, price)
	VALUES(LAST_INSERT_ID(), 'sd101', 'original', 125);

##---------------------------------------------------------------


INSERT INTO art (artist, title, media, width, height, image, pricing_info, main_image, image_width, image_height)
	VALUES(297,
	       'flowers 2',
	       'acrylic on acid free canvas textured paper',
	       45,
	       35,
	       'flowers-2',
	      'original, &pound;125',
	       0,
		509,
		650);
	     
		
INSERT INTO art_pricing(art, item_number, description, price)
	VALUES(LAST_INSERT_ID(), 'sd102', 'original', 125);

##---------------------------------------------------------------


INSERT INTO art (artist, title, media, width, height, image, pricing_info, main_image, image_width, image_height)
	VALUES(297,
	       'flowers 3',
	       'acrylic on acid free canvas textured paper',
	       45,
	       35,
	       'flowers-3',
	      'original, &pound;125',
	       0,
		650,
		506);
	     
		
INSERT INTO art_pricing(art, item_number, description, price)
	VALUES(LAST_INSERT_ID(), 'sd103', 'original', 125);

##---------------------------------------------------------------






INSERT INTO artist (id, name, statement, notes, display)
	VALUES(298, 'brian lunt',
	'<p class="artist">Brian is a Liverpool based photographer who bought his first camera at the age of ten, in the 1960s.
His photography is led by emotion; his reaction to a location or subject give rise to highly indvidual and personal images.
</p>

<p class="artist">His work is of immense importance to him; an industrial accident left him with spinal damage, joint problems and extreme PTSD, 
and while drug and talking therapies have not proved effective, photography is the only thing that gives relief.
</p>

<p class="artist">

</p>

<p class="artist">All prints are produced in an edition of 295 and sold signed and numbered by the artist.</p>',
               NULL,
	       1);

##---------------------------------------------------------------


INSERT INTO art (artist, title, media, width, height, image, pricing_info, main_image, image_width, image_height)
	VALUES(298,
	       'black pearl',
	       'photographic print',
	       42,
	       29,
	       'black-pearl',
	      'limited edition print, &pound;99',
	       0,
		650,
		586);
	     
		
INSERT INTO art_pricing(art, item_number, description, price)
	VALUES(LAST_INSERT_ID(), 'bl101', 'limited edition print', 99);

##---------------------------------------------------------------


INSERT INTO art (artist, title, media, width, height, image, pricing_info, main_image, image_width, image_height)
	VALUES(298,
	       'dusk at liverpool',
	       'photographic print',
	       42,
	       29,
	       'dusk-at-liverpool',
	      'limited edition print, &pound;99',
	       1,
		650,
		423);
	     
		
INSERT INTO art_pricing(art, item_number, description, price)
	VALUES(LAST_INSERT_ID(), 'bl102', 'limited edition print', 99);

##---------------------------------------------------------------


INSERT INTO art (artist, title, media, width, height, image, pricing_info, main_image, image_width, image_height)
	VALUES(298,
	       'i am power',
	       'photographic print',
	       42,
	       29,
	       'i-am-power',
	      'limited edition print, &pound;99',
	       0,
		650,
		444);
	     
		
INSERT INTO art_pricing(art, item_number, description, price)
	VALUES(LAST_INSERT_ID(), 'bl103', 'limited edition print', 99);

##---------------------------------------------------------------


INSERT INTO art (artist, title, media, width, height, image, pricing_info, main_image, image_width, image_height)
	VALUES(298,
	       'i guardian',
	       'photographic print',
	       42,
	       29,
	       'i-guardian',
	      'limited edition print, &pound;99',
	       0,
		650,
		433);
	     
		
INSERT INTO art_pricing(art, item_number, description, price)
	VALUES(LAST_INSERT_ID(), 'bl104', 'limited edition print', 99);

##---------------------------------------------------------------


INSERT INTO art (artist, title, media, width, height, image, pricing_info, main_image, image_width, image_height)
	VALUES(298,
	       'liverpools all',
	       'photographic print',
	       42,
	       29,
	       'liverpools-all',
	      'limited edition print, &pound;99',
	       0,
		650,
		433);
	     
		
INSERT INTO art_pricing(art, item_number, description, price)
	VALUES(LAST_INSERT_ID(), 'bl105', 'limited edition print', 99);

##---------------------------------------------------------------


INSERT INTO art (artist, title, media, width, height, image, pricing_info, main_image, image_width, image_height)
	VALUES(298,
	       'star man',
	       'photographic print',
	       42,
	       29,
	       'star-man',
	      'limited edition print, &pound;99',
	       0,
		443,
		650);
	     
		
INSERT INTO art_pricing(art, item_number, description, price)
	VALUES(LAST_INSERT_ID(), 'bl106', 'limited edition print', 99);

##---------------------------------------------------------------


INSERT INTO art (artist, title, media, width, height, image, pricing_info, main_image, image_width, image_height)
	VALUES(298,
	       'superlambanana sees northern lights',
	       'photographic print',
	       42,
	       29,
	       'superlambanana-sees',
	      'limited edition print, &pound;99',
	       0,
		650,
		421);
	     
		
INSERT INTO art_pricing(art, item_number, description, price)
	VALUES(LAST_INSERT_ID(), 'bl107', 'limited edition print', 99);

##---------------------------------------------------------------



INSERT INTO art (artist, title, media, width, height, image, pricing_info, main_image, image_width, image_height)
	VALUES(298,
	       'that casablanca thing',
	       'photographic print',
	       42,
	       29,
	       'that-casablanca-thing',
	      'limited edition print, &pound;99',
	       0,
		429,
		650);
	     
		
INSERT INTO art_pricing(art, item_number, description, price)
	VALUES(LAST_INSERT_ID(), 'bl108', 'limited edition print', 99);

##---------------------------------------------------------------



INSERT INTO art (artist, title, media, width, height, image, pricing_info, main_image, image_width, image_height)
	VALUES(298,
	       'the gothic look',
	       'photographic print',
	       42,
	       29,
	       'the-gothic-look',
	      'limited edition print, &pound;99',
	       0,
		431,
		650);
	     
		
INSERT INTO art_pricing(art, item_number, description, price)
	VALUES(LAST_INSERT_ID(), 'bl109', 'limited edition print', 99);

##---------------------------------------------------------------



INSERT INTO art (artist, title, media, width, height, image, pricing_info, main_image, image_width, image_height)
	VALUES(298,
	       'untitled 50',
	       'photographic print',
	       42,
	       29,
	       'untitled-50',
	      'limited edition print, &pound;99',
	       0,
		650,
		433);
	     
		
INSERT INTO art_pricing(art, item_number, description, price)
	VALUES(LAST_INSERT_ID(), 'bl110', 'limited edition print', 99);

##---------------------------------------------------------------



INSERT INTO art (artist, title, media, width, height, image, pricing_info, main_image, image_width, image_height)
	VALUES(298,
	       'untitled 96',
	       'photographic print',
	       42,
	       29,
	       'untitled-96',
	      'limited edition print, &pound;99',
	       0,
		650,
		460);
	     
		
INSERT INTO art_pricing(art, item_number, description, price)
	VALUES(LAST_INSERT_ID(), 'bl111', 'limited edition print', 99);

##---------------------------------------------------------------



INSERT INTO art (artist, title, media, width, height, image, pricing_info, main_image, image_width, image_height)
	VALUES(298,
	       'untitled 115',
	       'photographic print',
	       42,
	       29,
	       'untitled-115',
	      'limited edition print, &pound;99',
	       0,
		650,
		549);
	     
		
INSERT INTO art_pricing(art, item_number, description, price)
	VALUES(LAST_INSERT_ID(), 'bl112', 'limited edition print', 99);

##---------------------------------------------------------------



INSERT INTO art (artist, title, media, width, height, image, pricing_info, main_image, image_width, image_height)
	VALUES(298,
	       'untitled 116',
	       'photographic print',
	       42,
	       29,
	       'untitled-116',
	      'limited edition print, &pound;99',
	       0,
		650,
		519);
	     
		
INSERT INTO art_pricing(art, item_number, description, price)
	VALUES(LAST_INSERT_ID(), 'bl113', 'limited edition print', 99);

##---------------------------------------------------------------



INSERT INTO art (artist, title, media, width, height, image, pricing_info, main_image, image_width, image_height)
	VALUES(298,
	       'untitled 122',
	       'photographic print',
	       42,
	       29,
	       'untitled-122',
	      'limited edition print, &pound;99',
	       0,
		650,
		372);
	     
		
INSERT INTO art_pricing(art, item_number, description, price)
	VALUES(LAST_INSERT_ID(), 'bl114', 'limited edition print', 99);

##---------------------------------------------------------------



INSERT INTO art (artist, title, media, width, height, image, pricing_info, main_image, image_width, image_height)
	VALUES(298,
	       'untitled 145',
	       'photographic print',
	       42,
	       29,
	       'untitled-145',
	      'limited edition print, &pound;99',
	       0,
		650,
		431);
	     
		
INSERT INTO art_pricing(art, item_number, description, price)
	VALUES(LAST_INSERT_ID(), 'bl115', 'limited edition print', 99);

##---------------------------------------------------------------








INSERT INTO art (artist, title, media, width, height, image, pricing_info, main_image, image_width, image_height)
	VALUES(298,
	       'ghosts',
	       'photographic print',
	       42,
	       29,
	       'ghosts',
	      'limited edition print, &pound;99',
	       0,
		650,
		438);
	     
		
INSERT INTO art_pricing(art, item_number, description, price)
	VALUES(LAST_INSERT_ID(), 'bl116', 'limited edition print', 99);

##---------------------------------------------------------------



INSERT INTO art (artist, title, media, width, height, image, pricing_info, main_image, image_width, image_height)
	VALUES(298,
	       'textures in grey',
	       'photographic print',
	       42,
	       29,
	       'textures-in-grey',
	      'limited edition print, &pound;99',
	       0,
		450,
		650);
	     
		
INSERT INTO art_pricing(art, item_number, description, price)
	VALUES(LAST_INSERT_ID(), 'bl117', 'limited edition print', 99);

##---------------------------------------------------------------



INSERT INTO art (artist, title, media, width, height, image, pricing_info, main_image, image_width, image_height)
	VALUES(298,
	       'end of line',
	       'photographic print',
	       42,
	       29,
	       'end-of-line',
	      'limited edition print, &pound;99',
	       0,
		650,
		371);
	     
		
INSERT INTO art_pricing(art, item_number, description, price)
	VALUES(LAST_INSERT_ID(), 'bl118', 'limited edition print', 99);

##---------------------------------------------------------------



INSERT INTO art (artist, title, media, width, height, image, pricing_info, main_image, image_width, image_height)
	VALUES(298,
	       'warship',
	       'photographic print',
	       42,
	       29,
	       'warship',
	      'limited edition print, &pound;99',
	       0,
		650,
		436);
	     
		
INSERT INTO art_pricing(art, item_number, description, price)
	VALUES(LAST_INSERT_ID(), 'bl119', 'limited edition print', 99);

##---------------------------------------------------------------




INSERT INTO art (artist, title, media, width, height, image, pricing_info, main_image, image_width, image_height)
	VALUES(298,
	       'menace',
	       'photographic print',
	       42,
	       29,
	       'menace',
	      'limited edition print, &pound;99',
	       0,
		650,
		451);
	     
		
INSERT INTO art_pricing(art, item_number, description, price)
	VALUES(LAST_INSERT_ID(), 'bl120', 'limited edition print', 99);

##---------------------------------------------------------------





INSERT INTO art (artist, title, media, width, height, image, pricing_info, main_image, image_width, image_height)
	VALUES(298,
	       'unnerves connects with earth',
	       'photographic print',
	       42,
	       29,
	       'unnerves-connects-with',
	      'limited edition print, &pound;99',
	       0,
		650,
		443);
	     
		
INSERT INTO art_pricing(art, item_number, description, price)
	VALUES(LAST_INSERT_ID(), 'bl121', 'limited edition print', 99);

##---------------------------------------------------------------








INSERT INTO artist (id, name, statement, notes, display)
	VALUES(301, 'jackie wagg',
	'<p class="artist">The work of Jackie Wagg depicts the urban North West, particularly Manchester and Stockport where she lives, 
and parts of the coast of Britain where she has had a connection over time. 
She is a teacher of art at Aquinas College and her studio is in Stockport.
</p>

<p class="artist">Jackie graduated in 1984 with a First Class Honours Degree in Fine Art. 
She has exhibited in group exhibitions in the UK and USA including the National Portrait Gallery London, the Royal Academy and Manchester United Stadium Gallery.
A prize-winner three times for her paintings at the Williamson Art Gallery Merseyside, she has also been featured in Cheshire Life Magazine and the 
Manchester Evening News. Her work is in the permanent collection of The Victoria and Albert Museum, National Art Library, Stockport Art Gallery 
and many private collections. Jackie has had solo exhibitions at Salisbury Arts Centre, Bayham Abbey in East Sussex (sponsored by English Heritage), 
Direct Line Insurance Manchester, Stockport Art Gallery and Buxton Museum.
</p>



<p class="artist">Linocuts are produced in editions of between 7 and 12.

</p>

<p class="artist"></p>',
               NULL,
	       1);

##---------------------------------------------------------------


INSERT INTO art (artist, title, media, width, height, image, pricing_info, main_image, image_width, image_height)
	VALUES(301,
	       'beaumaris from the boatyard',
	       'acrylic on canvas',
	       20,
	       20,
	       'beaumaris-from-the',
	      'original, &pound;160',
	       0,
		647,
		650);
	     
		
INSERT INTO art_pricing(art, item_number, description, price)
	VALUES(LAST_INSERT_ID(), 'jw101', 'original', 160);

##---------------------------------------------------------------  



INSERT INTO art (artist, title, media, width, height, image, pricing_info, main_image, image_width, image_height)
	VALUES(301,
	       'buxton viaduct',
	       'acrylic on canvas',
	       40,
	       50,
	       'buxton-viaduct',
	      'original, &pound;300',
	       0,
		494,
		650);
	     
		
INSERT INTO art_pricing(art, item_number, description, price)
	VALUES(LAST_INSERT_ID(), 'jw103', 'original', 300);

##---------------------------------------------------------------   


INSERT INTO art (artist, title, media, width, height, image, pricing_info, main_image, image_width, image_height)
	VALUES(301,
	       'calm day shoreham harbour',
	       'acrylic on canvas',
	       20,
	       20,
	       'calm-day-shoreham',
	      'original, &pound;160',
	       0,
		650,
		627);
	     
		
INSERT INTO art_pricing(art, item_number, description, price)
	VALUES(LAST_INSERT_ID(), 'jw104', 'original', 160);

##---------------------------------------------------------------    


INSERT INTO art (artist, title, media, width, height, image, pricing_info, main_image, image_width, image_height)
	VALUES(301,
	       'canal at chorlton st manchester',
	       'acrylic on canvas',
	       60,
	       76,
	       'canal-at-chorlton',
	      'commission example',
	       0,
		492,
		650);
	     
		

##---------------------------------------------------------------    


INSERT INTO art (artist, title, media, width, height, image, pricing_info, main_image, image_width, image_height)
	VALUES(301,
	       'canal in manchester',
	       'acrylic on canvas',
	       60,
	       76,
	       'canal-in-manchester',
	      'original, &pound;950',
	       0,
		516,
		650);
	     
		
INSERT INTO art_pricing(art, item_number, description, price)
	VALUES(LAST_INSERT_ID(), 'jw106', 'original', 950);

##---------------------------------------------------------------   


INSERT INTO art (artist, title, media, width, height, image, pricing_info, main_image, image_width, image_height)
	VALUES(301,
	       'houses in kendal',
	       'acrylic on canvas',
	       30,
	       30,
	       'houses-in-kendal',
	      'original, &pound;275',
	       0,
		650,
		650);
	     
		
INSERT INTO art_pricing(art, item_number, description, price)
	VALUES(LAST_INSERT_ID(), 'jw109', 'original', 275);

##---------------------------------------------------------------  
 


INSERT INTO art (artist, title, media, width, height, image, pricing_info, main_image, image_width, image_height)
	VALUES(301,
	       'market place stockport',
	       'acrylic on canvas',
	       60,
	       76,
	       'market-place-stockport',
	      'sold',
	       0,
		650,
		518);
	     
		

##---------------------------------------------------------------      



INSERT INTO art (artist, title, media, width, height, image, pricing_info, main_image, image_width, image_height)
	VALUES(301,
	       'port issac harbour cornwall',
	       'acrylic on canvas',
	       12,
	       7,
	       'port-issac-harbour',
	      'original, &pound;160',
	       0,
		458,
		650);
	     
		
INSERT INTO art_pricing(art, item_number, description, price)
	VALUES(LAST_INSERT_ID(), 'jw115', 'original', 160);

##---------------------------------------------------------------      


INSERT INTO art (artist, title, media, width, height, image, pricing_info, main_image, image_width, image_height)
	VALUES(301,
	       'red sails shoreham',
	       'acrylic on canvas',
	       40,
	       40,
	       'red-sails-shoreham',
	      'original, &pound;300',
	       0,
		644,
		650);
	     
		
INSERT INTO art_pricing(art, item_number, description, price)
	VALUES(LAST_INSERT_ID(), 'jw116', 'original', 300);

##---------------------------------------------------------------         


INSERT INTO art (artist, title, media, width, height, image, pricing_info, main_image, image_width, image_height)
	VALUES(301,
	       'shoreham harbour in winter',
	       'acrylic on canvas',
	       60,
	       60,
	       'shoreham-harbour-in',
	      'original, &pound;700',
	       0,
		650,
		650);
	     
		
INSERT INTO art_pricing(art, item_number, description, price)
	VALUES(LAST_INSERT_ID(), 'jw117', 'original', 700);

##---------------------------------------------------------------            


INSERT INTO art (artist, title, media, width, height, image, pricing_info, main_image, image_width, image_height)
	VALUES(301,
	       'st georges church stockport',
	       'acrylic on canvas',
	       100,
	       80,
	       'st-georges-church',
	      'original, &pound;1500',
	       0,
		532,
		650);
	     
		
INSERT INTO art_pricing(art, item_number, description, price)
	VALUES(LAST_INSERT_ID(), 'jw118', 'original', 1500);

##---------------------------------------------------------------                


INSERT INTO art (artist, title, media, width, height, image, pricing_info, main_image, image_width, image_height)
	VALUES(301,
	       'summer in albert square manchester',
	       'acrylic on canvas',
	       50,
	       40,
	       'summer-in-albert',
	      'original, &pound;300',
	       1,
		650,
		523);
	     
		
INSERT INTO art_pricing(art, item_number, description, price)
	VALUES(LAST_INSERT_ID(), 'jw119', 'original', 300);

##---------------------------------------------------------------          


INSERT INTO art (artist, title, media, width, height, image, pricing_info, main_image, image_width, image_height)
	VALUES(301,
	       'teapot and boat',
	       'lino cut',
	       8,
	       15,
	       'teapot-and-boat',
	      'limited edition print, &pound;80',
	       0,
		632,
		650);
	     
		
INSERT INTO art_pricing(art, item_number, description, price)
	VALUES(LAST_INSERT_ID(), 'jw120', 'original', 80);

##---------------------------------------------------------------                


INSERT INTO art (artist, title, media, width, height, image, pricing_info, main_image, image_width, image_height)
	VALUES(301,
	       'viaduct and lemon',
	       'lino cut',
	       15,
	       20,
	       'viaduct-and-lemon',
	      'limited edition print, &pound;80',
	       0,
		494,
		650);
	     
		
INSERT INTO art_pricing(art, item_number, description, price)
	VALUES(LAST_INSERT_ID(), 'jw121', 'original', 80);

##---------------------------------------------------------------                   


INSERT INTO art (artist, title, media, width, height, image, pricing_info, main_image, image_width, image_height)
	VALUES(301,
	       'when the boat comes in',
	       'lino cut',
	       15,
	       20,
	       'when-the-boat',
	      'limited edition print, &pound;80',
	       0,
		502,
		650);
	     
		
INSERT INTO art_pricing(art, item_number, description, price)
	VALUES(LAST_INSERT_ID(), 'jw122', 'original', 80);

##---------------------------------------------------------------                      


INSERT INTO art (artist, title, media, width, height, image, pricing_info, main_image, image_width, image_height)
	VALUES(301,
	       'white tulips',
	       'lino cut',
	       30,
	       30,
	       'white-tulips',
	      'limited edition print, &pound;80',
	       0,
		650,
		639);
	     
		
INSERT INTO art_pricing(art, item_number, description, price)
	VALUES(LAST_INSERT_ID(), 'jw123', 'original', 80);

##---------------------------------------------------------------    


INSERT INTO art (artist, title, media, width, height, image, pricing_info, main_image, image_width, image_height)
	VALUES(301,
	       'blackbird and mill',
	       'lino cut',
	       15,
	       20,
	       'blackbird-and-mill',
	      'limited edition print, &pound;80',
	       0,
		484,
		650);
	     
		
INSERT INTO art_pricing(art, item_number, description, price)
	VALUES(LAST_INSERT_ID(), 'jw102', 'original', 80);

##---------------------------------------------------------------   



INSERT INTO art (artist, title, media, width, height, image, pricing_info, main_image, image_width, image_height)
	VALUES(301,
	       'jug sea moon',
	       'lino cut',
	       15,
	       20,
	       'jug-sea-moon',
	      'limited edition print, &pound;80',
	       0,
		492,
		650);
	     
		
INSERT INTO art_pricing(art, item_number, description, price)
	VALUES(LAST_INSERT_ID(), 'jw110', 'original', 80);

##---------------------------------------------------------------      


INSERT INTO art (artist, title, media, width, height, image, pricing_info, main_image, image_width, image_height)
	VALUES(301,
	       'leaving whitby',
	       'lino cut',
	       15,
	       20,
	       'leaving-whitby',
	      'limited edition print, &pound;80',
	       0,
		479,
		650);
	     
		
INSERT INTO art_pricing(art, item_number, description, price)
	VALUES(LAST_INSERT_ID(), 'jw111', 'original', 80);

##---------------------------------------------------------------          


INSERT INTO art (artist, title, media, width, height, image, pricing_info, main_image, image_width, image_height)
	VALUES(301,
	       'lime and the sea',
	       'lino cut',
	       15,
	       20,
	       'lime-and-the',
	      'limited edition print, &pound;80',
	       0,
		584,
		650);
	     
		
INSERT INTO art_pricing(art, item_number, description, price)
	VALUES(LAST_INSERT_ID(), 'jw112', 'original', 80);

##---------------------------------------------------------------  



INSERT INTO art (artist, title, media, width, height, image, pricing_info, main_image, image_width, image_height)
	VALUES(301,
	       'estuary',
	       'lino cut',
	       15,
	       20,
	       'estuary',
	      'limited edition print, &pound;80',
	       0,
		493,
		650);
	     
		
INSERT INTO art_pricing(art, item_number, description, price)
	VALUES(LAST_INSERT_ID(), 'jw107', 'original', 80);

##---------------------------------------------------------------  




INSERT INTO art (artist, title, media, width, height, image, pricing_info, main_image, image_width, image_height)
	VALUES(301,
	       'market place stockport 2',
	       'graphite on paper',
	       48,
	       39,
	       'market-place-stockport2',
	      'original, &pound;400',
	       0,
		650,
		513);
	     
		
INSERT INTO art_pricing(art, item_number, description, price)
	VALUES(LAST_INSERT_ID(), 'jw114', 'original', 400);

##--------------------------------------------------------------- 


INSERT INTO art (artist, title, media, width, height, image, pricing_info, main_image, image_width, image_height)
	VALUES(301,
	       'going home',
	       'graphite on paper',
	       60,
	       53,
	       'going-home',
	      'original, &pound;400',
	       0,
		650,
		563);
	     
		
INSERT INTO art_pricing(art, item_number, description, price)
	VALUES(LAST_INSERT_ID(), 'jw108', 'original', 400);

##---------------------------------------------------------------    








INSERT INTO artist (id, name, statement, notes, display)
	VALUES(300, 'vivien richmond',
	'<p class="artist">"I studied ceramics in two colleges, obtaining a distinction in ceramics with a teachers certificate from London University. 
After teaching for some years, I took time out to work with both Michael Leach and then Ray Finch at Winchcombe. 
Through this experience I learned all the aspects of running a studio and making table ware. I was not, howeverin the position to set 
up my own studio at the time, but as well as teaching I worked on my painting instead exhibited widely. Then due to the very great kindness of my 
former ceramics tutor, I was given the wherewithal to at last equip my present workshop. I soon realised that I needed to sharpen up my skills again after so long away from working with clay so I took an MA in ceramic design 
from Liverpool Hope University, where I passed with merit. Much more important to me was the fact that most of my former skills had returned. 
I have exhibited in a number of places in Gloucestershire, London at the CPA, Birmingham at the Preisler Gallery, Chester, as well as Liverpool."
</p>

<p class="artist">"Though I was originally taught to make pottery by throwing it on a potters wheel, I now see myself as a 
ceramic sculptor and all my pieces are individual. I do, however tend to follow a theme of sorts with the result that 
much of my pieces have similarities. For example for several years I wanted to concentrate on studying cone shapes and made a 
number of pieces which used these exclusively. I am currently interested in using thrown hollow tubes to make various bottle forms. 
I am very interested and inspired by the natural world particularly rock formations and trees."
</p>

<p class="artist">

</p>

<p class="artist"></p>',
               NULL,
	       1);

##---------------------------------------------------------------


INSERT INTO art (artist, title, media, width, height, image, pricing_info, main_image, image_width, image_height)
	VALUES(300,
	       'composite arrangement 2-001',
	       'thrown and slabbed stoneware',
	       12,
	       46,
	       'composite-arrangement',
	      'original, &pound;200',
	       0,
		650,
		433);
	     
		
INSERT INTO art_pricing(art, item_number, description, price)
	VALUES(LAST_INSERT_ID(), 'vr116', 'original', 200);

##---------------------------------------------------------------   


INSERT INTO art (artist, title, media, width, height, image, pricing_info, main_image, image_width, image_height)
	VALUES(300,
	       'scalloped jardiniere 2-002',
	       'thrown and slabbed stoneware',
	       12,
	       31,
	       'scalloped-jardiniere',
	      'original, &pound;125',
	       0,
		650,
		433);
	     
		
INSERT INTO art_pricing(art, item_number, description, price)
	VALUES(LAST_INSERT_ID(), 'vr117', 'original', 125);

##---------------------------------------------------------------  


INSERT INTO art (artist, title, media, width, height, image, pricing_info, main_image, image_width, image_height)
	VALUES(300,
	       'eccentric form 2-003',
	       'thrown and slabbed stoneware',
	       11,
	       40,
	       'eccentric-form-2-003',
	      'original, &pound;150',
	       0,
		650,
		433);
	     
		
INSERT INTO art_pricing(art, item_number, description, price)
	VALUES(LAST_INSERT_ID(), 'vr118', 'original', 150);

##---------------------------------------------------------------   


INSERT INTO art (artist, title, media, width, height, image, pricing_info, main_image, image_width, image_height)
	VALUES(300,
	       'tubular sculpture 1 2-004',
	       'thrown and slabbed stoneware',
	       11,
	       29,
	       'tubular-sculpture1-2-004',
	      'original, &pound;100',
	       0,
		650,
		433);
	     
		
INSERT INTO art_pricing(art, item_number, description, price)
	VALUES(LAST_INSERT_ID(), 'vr119', 'original', 100);

##---------------------------------------------------------------   


INSERT INTO art (artist, title, media, width, height, image, pricing_info, main_image, image_width, image_height)
	VALUES(300,
	       'tubular sculpture 2 2-005',
	       'thrown and slabbed stoneware',
	       13,
	       27,
	       'tubular-sculpture2-2-005',
	      'original, &pound;100',
	       0,
		650,
		433);
	     
		
INSERT INTO art_pricing(art, item_number, description, price)
	VALUES(LAST_INSERT_ID(), 'vr120', 'original', 100);

##---------------------------------------------------------------



INSERT INTO art (artist, title, media, width, height, image, pricing_info, main_image, image_width, image_height)
	VALUES(300,
	       'conical spiral 3-002',
	       'thrown stoneware',
	       12,
	       11,
	       'conical-spiral-3-002',
	      'original, &pound;90',
	       0,
		650,
		433);
	     
		
INSERT INTO art_pricing(art, item_number, description, price)
	VALUES(LAST_INSERT_ID(), 'vr106', 'original', 90);

##---------------------------------------------------------------    


INSERT INTO art (artist, title, media, width, height, image, pricing_info, main_image, image_width, image_height)
	VALUES(300,
	       'conical spiral 3-003',
	       'thrown stoneware',
	       13,
	       16,
	       'conical-spiral-3-003',
	      'original, &pound;95',
	       0,
		650,
		433);
	     
		
INSERT INTO art_pricing(art, item_number, description, price)
	VALUES(LAST_INSERT_ID(), 'vr107', 'original', 95);

##---------------------------------------------------------------    


INSERT INTO art (artist, title, media, width, height, image, pricing_info, main_image, image_width, image_height)
	VALUES(300,
	       'conical spiral 3-004',
	       'thrown stoneware',
	       13,
	       20,
	       'conical-spiral-3-004',
	      'original, &pound;100',
	       0,
		650,
		433);
	     
		
INSERT INTO art_pricing(art, item_number, description, price)
	VALUES(LAST_INSERT_ID(), 'vr108', 'original', 100);

##---------------------------------------------------------------    


INSERT INTO art (artist, title, media, width, height, image, pricing_info, main_image, image_width, image_height)
	VALUES(300,
	       'conical spiral 3-005',
	       'thrown stoneware',
	       11.5,
	       20,
	       'conical-spiral-3-005',
	      'original, &pound;130',
	       0,
		650,
		433);
	     
		
INSERT INTO art_pricing(art, item_number, description, price)
	VALUES(LAST_INSERT_ID(), 'vr109', 'original', 130);

##---------------------------------------------------------------    


INSERT INTO art (artist, title, media, width, height, image, pricing_info, main_image, image_width, image_height)
	VALUES(300,
	       'conical spiral 3-006',
	       'thrown stoneware',
	       14,
	       22,
	       'conical-spiral-3-006',
	      'original, &pound;150',
	       0,
		650,
		433);
	     
		
INSERT INTO art_pricing(art, item_number, description, price)
	VALUES(LAST_INSERT_ID(), 'vr110', 'original', 150);

##---------------------------------------------------------------     


INSERT INTO art (artist, title, media, width, height, image, pricing_info, main_image, image_width, image_height)
	VALUES(300,
	       'conical form 1-772',
	       'thrown stoneware',
	       13,
	       13,
	       'conical-form-1-772',
	      'original, &pound;90',
	       0,
		650,
		433);
	     
		
INSERT INTO art_pricing(art, item_number, description, price)
	VALUES(LAST_INSERT_ID(), 'vr101', 'original', 90);

##--------------------------------------------------------------- 


INSERT INTO art (artist, title, media, width, height, image, pricing_info, main_image, image_width, image_height)
	VALUES(300,
	       'conical form 1-785',
	       'thrown stoneware',
	       13,
	       13,
	       'conical-form-1-785',
	      'original, &pound;90',
	       0,
		650,
		433);
	     
		
INSERT INTO art_pricing(art, item_number, description, price)
	VALUES(LAST_INSERT_ID(), 'vr102', 'original', 90);

##--------------------------------------------------------------- 


INSERT INTO art (artist, title, media, width, height, image, pricing_info, main_image, image_width, image_height)
	VALUES(300,
	       'conical form 1-788',
	       'thrown stoneware',
	       14,
	       14,
	       'conical-form-1-788',
	      'original, &pound;90',
	       1,
		433,
		650);
	     
		
INSERT INTO art_pricing(art, item_number, description, price)
	VALUES(LAST_INSERT_ID(), 'vr103', 'original', 90);

##---------------------------------------------------------------  


INSERT INTO art (artist, title, media, width, height, image, pricing_info, main_image, image_width, image_height)
	VALUES(300,
	       'conical form 1-791',
	       'thrown stoneware',
	       14.5,
	       14,
	       'conical-form-1-791',
	      'original, &pound;100',
	       0,
		650,
		433);
	     
		
INSERT INTO art_pricing(art, item_number, description, price)
	VALUES(LAST_INSERT_ID(), 'vr104', 'original', 100);

##---------------------------------------------------------------   


INSERT INTO art (artist, title, media, width, height, image, pricing_info, main_image, image_width, image_height)
	VALUES(300,
	       'conical form 1-793',
	       'thrown stoneware',
	       15,
	       14,
	       'conical-form-1-793',
	      'original, &pound;90',
	       0,
		433,
		650);
	     
		
INSERT INTO art_pricing(art, item_number, description, price)
	VALUES(LAST_INSERT_ID(), 'vr105', 'original', 90);

##---------------------------------------------------------------    


INSERT INTO art (artist, title, media, width, height, image, pricing_info, main_image, image_width, image_height)
	VALUES(300,
	       'conical structure 1-794',
	       'thrown stoneware',
	       13,
	       13,
	       'conical-structure-1-794',
	      'original, &pound;80',
	       0,
		650,
		433);
	     
		
INSERT INTO art_pricing(art, item_number, description, price)
	VALUES(LAST_INSERT_ID(), 'vr111', 'original', 80);

##---------------------------------------------------------------      


INSERT INTO art (artist, title, media, width, height, image, pricing_info, main_image, image_width, image_height)
	VALUES(300,
	       'conical structure 1-797',
	       'thrown stoneware',
	       15,
	       15,
	       'conical-structure-1-797',
	      'original, &pound;90',
	       0,
		433,
		650);
	     
		
INSERT INTO art_pricing(art, item_number, description, price)
	VALUES(LAST_INSERT_ID(), 'vr112', 'original', 90);

##---------------------------------------------------------------      


INSERT INTO art (artist, title, media, width, height, image, pricing_info, main_image, image_width, image_height)
	VALUES(300,
	       'conical structure 1-813',
	       'thrown stoneware',
	       15,
	       24,
	       'conical-structure-1-813',
	      'original, &pound;150',
	       0,
		650,
		433);
	     
		
INSERT INTO art_pricing(art, item_number, description, price)
	VALUES(LAST_INSERT_ID(), 'vr113', 'original', 150);

##---------------------------------------------------------------  


INSERT INTO art (artist, title, media, width, height, image, pricing_info, main_image, image_width, image_height)
	VALUES(300,
	       'conical structure 1-814',
	       'thrown stoneware',
	       18,
	       23,
	       'conical-structure-1-814',
	      'original, &pound;125',
	       0,
		650,
		433);
	     
		
INSERT INTO art_pricing(art, item_number, description, price)
	VALUES(LAST_INSERT_ID(), 'vr114', 'original', 125);

##---------------------------------------------------------------   


INSERT INTO art (artist, title, media, width, height, image, pricing_info, main_image, image_width, image_height)
	VALUES(300,
	       'conical structure 1-815',
	       'thrown stoneware',
	       19,
	       19,
	       'conical-structure-1-815',
	      'original, &pound;125',
	       0,
		433,
		650);
	     
		
INSERT INTO art_pricing(art, item_number, description, price)
	VALUES(LAST_INSERT_ID(), 'vr115', 'original', 125);

##---------------------------------------------------------------    








INSERT INTO artist (id, name, statement, notes, display)
	VALUES(302, 'catherine harrison',
	'<p class="artist">Catherine is inspired by history, decay, cycles, nature, meaning and symbolism and these themes are referenced in her work. 
There is a clear interest in alchemy and how a variety of metals can be changed and manipulated through various corrosive chemicals and forces. 
Both the practical and physiological aspects of alchemy stand out through many of the works. Her work also expresses fascination with found objects 
already corroded by nature''s elements. Through experimenting, constructing and transforming these materials, Catherine brings a new perspective and 
life to these objects.</p>

<p class="artist">She is based at Liverpool''s Arena Studios and has exhibited extensively in the region as well as nationally. 
In 2012 she was awarded Best British Student Artist at "My Place on The Isle, Exploring Faith & Identity" at the Mica Gallery.
</p>



<p class="artist">

</p>

<p class="artist"></p>',
               NULL,
	       1);

##---------------------------------------------------------------


INSERT INTO art (artist, title, media, width, height, image, pricing_info, main_image, image_width, image_height)
	VALUES(302,
	       'infinity emblem',
	       'pen and ink on paper',
	       31,
	       31,
	       'infinity-emblem',
	      'commission example',
	       0,
		650,
		618);
	     
		

##--------------------------------------------------------------- 



INSERT INTO art (artist, title, media, width, height, image, pricing_info, main_image, image_width, image_height)
	VALUES(302,
	       'eternity emblem',
	       'pen and ink on paper',
	       31,
	       31,
	       'eternity-emblem',
	      'commission example',
	       0,
		650,
		618);
	     
		

##--------------------------------------------------------------- 

INSERT INTO art (artist, title, media, width, height, image, pricing_info, main_image, image_width, image_height)
	VALUES(302,
	       'torment of metal - brass',
	       'brass sheet mixed media',
	       30,
	       30,
	       'torment-of-brass',
	      'original, &pound;250',
	       0,
		650,
		434);
	     
		
INSERT INTO art_pricing(art, item_number, description, price)
	VALUES(LAST_INSERT_ID(), 'ch107', 'original', 250);

##---------------------------------------------------------------      


INSERT INTO art (artist, title, media, width, height, image, pricing_info, main_image, image_width, image_height)
	VALUES(302,
	       'torment of metal - brass 2',
	       'brass sheet mixed media',
	       30,
	       30,
	       'torment-of-brass2',
	      'original, &pound;250',
	       0,
		650,
		434);
	     
		
INSERT INTO art_pricing(art, item_number, description, price)
	VALUES(LAST_INSERT_ID(), 'ch108', 'original', 250);

##---------------------------------------------------------------       


INSERT INTO art (artist, title, media, width, height, image, pricing_info, main_image, image_width, image_height)
	VALUES(302,
	       'torment of metal - copper',
	       'copper sheet mixed media',
	       30,
	       30,
	       'torment-of-copper',
	      'original, &pound;250',
	       0,
		488,
		650);
	     
		
INSERT INTO art_pricing(art, item_number, description, price)
	VALUES(LAST_INSERT_ID(), 'ch109', 'original', 250);

##---------------------------------------------------------------        


INSERT INTO art (artist, title, media, width, height, image, pricing_info, main_image, image_width, image_height)
	VALUES(302,
	       'decay',
	       'copper sheet mixed media',
	       30,
	       30,
	       'decay',
	      'original, &pound;250',
	       0,
		650,
		434);
	     
		
INSERT INTO art_pricing(art, item_number, description, price)
	VALUES(LAST_INSERT_ID(), 'ch110', 'original', 250);

##---------------------------------------------------------------        


INSERT INTO art (artist, title, media, width, height, image, pricing_info, main_image, image_width, image_height)
	VALUES(302,
	       'matter',
	       'copper sheet mixed media',
	       30,
	       30,
	       'matter',
	      'original, &pound;250',
	       0,
		650,
		434);
	     
		
INSERT INTO art_pricing(art, item_number, description, price)
	VALUES(LAST_INSERT_ID(), 'ch111', 'original', 250);

##---------------------------------------------------------------        




INSERT INTO art (artist, title, media, width, height, image, pricing_info, main_image, image_width, image_height)
	VALUES(302,
	       'rust',
	       'mixed media on paper',
	       15,
	       15,
	       'rust',
	      'limited edition print (50), &pound;70',
	       1,
		650,
		584);
	     
		
INSERT INTO art_pricing(art, item_number, description, price)
	VALUES(LAST_INSERT_ID(), 'ch112', 'limited edition print (50)', 70);

##---------------------------------------------------------------        


INSERT INTO art (artist, title, media, width, height, image, pricing_info, main_image, image_width, image_height)
	VALUES(302,
	       'copper',
	       'pen and ink on paper',
	       24.9,
	       35.1,
	       'copper',
	      'original, &pound;200',
	       0,
		650,
		420);
	     
		
INSERT INTO art_pricing(art, item_number, description, price)
	VALUES(LAST_INSERT_ID(), 'ch113', 'original', 200);

##--------------------------------------------------------------- 


INSERT INTO art (artist, title, media, width, height, image, pricing_info, main_image, image_width, image_height)
	VALUES(302,
	       'iron',
	       'pen and ink on paper',
	       24.9,
	       35.1,
	       'iron',
	      'original, &pound;250',
	       0,
		650,
		440);
	     
		
INSERT INTO art_pricing(art, item_number, description, price)
	VALUES(LAST_INSERT_ID(), 'ch101', 'original', 250);

##---------------------------------------------------------------   


INSERT INTO art (artist, title, media, width, height, image, pricing_info, main_image, image_width, image_height)
	VALUES(302,
	       'iron emblem',
	       'pen and ink on paper',
	       18,
	       18,
	       'iron-emblem',
	      'original, &pound;200',
	       0,
		485,
		650);
	     
		
INSERT INTO art_pricing(art, item_number, description, price)
	VALUES(LAST_INSERT_ID(), 'ch102', 'original', 200);

##---------------------------------------------------------------  


INSERT INTO art (artist, title, media, width, height, image, pricing_info, main_image, image_width, image_height)
	VALUES(302,
	       'lux',
	       'digital print',
	       30,
	       30,
	       'lux',
	      'limited edition print (250), &pound;65',
	       0,
		650,
		618);
	     
		
INSERT INTO art_pricing(art, item_number, description, price)
	VALUES(LAST_INSERT_ID(), 'ch103', 'limited edition print (250)', 65);

##---------------------------------------------------------------   


INSERT INTO art (artist, title, media, width, height, image, pricing_info, main_image, image_width, image_height)
	VALUES(302,
	       'lux 2',
	       'digital print',
	       17.8,
	       17.7,
	       'lux-2',
	      'limited edition print (250), &pound;45',
	       0,
		650,
		434);
	     
		
INSERT INTO art_pricing(art, item_number, description, price)
	VALUES(LAST_INSERT_ID(), 'ch104', 'limited edition print (250)', 45);

##---------------------------------------------------------------     


INSERT INTO art (artist, title, media, width, height, image, pricing_info, main_image, image_width, image_height)
	VALUES(302,
	       'lux 3',
	       'digital print',
	       17.8,
	       17.7,
	       'lux-3',
	      'limited edition print (250), &pound;45',
	       0,
		650,
		434);
	     
		
INSERT INTO art_pricing(art, item_number, description, price)
	VALUES(LAST_INSERT_ID(), 'ch105', 'limited edition print (250)', 45);

##---------------------------------------------------------------     


INSERT INTO art (artist, title, media, width, height, image, pricing_info, main_image, image_width, image_height)
	VALUES(302,
	       'lux 4',
	       'digital print',
	       17.8,
	       17.7,
	       'lux-4',
	      'limited edition print (250), &pound;45',
	       0,
		650,
		434);
	     
		
INSERT INTO art_pricing(art, item_number, description, price)
	VALUES(LAST_INSERT_ID(), 'ch106', 'limited edition print (250)', 45);

##---------------------------------------------------------------      




INSERT INTO artist (id, name, statement, notes, display)
	VALUES(303, 'max bullock',
	'<p class="artist">Max was born on 4th December 1938 near Morecambe and showed a natural artistic talent from a very young age. His first memories are of drawing stick men that he''d seen in a Daily Mail Annual, a book he still possesses, along with his very first homemade cartoon books which he did as a young child. 
In his teens Max fell in love with Jazz and taught himself to play the trumpet and over the years has played in many bands which were part of the Manchester Jazz Scene in the 60''s and 70''s. Earning his living as a piano tuner Max followed his musical and artistic ambitions, concentrating mostly on cartoon strips, a media that has been most consistently used to give his "take" on the world.</p>

<p class="artist">In the late 70''s, as a mature student, Max studied Fine Art at Manchester Polytechnic where his creativity thrived, producing prolific amounts of work in all sorts of media. Post college years saw him involved with a home-made puppet theatre, works in clay, illustrator/designer for various private commissions and, of course, more cartoons. In the late 90''s, Max suffered a series of mini strokes and with his left hand being affected his artistic output was seriously impaired. However, a decade on, he is again working with clay.</p>


<p class="artist">Of his own work Max says, "Making marks and making things seems to be a compulsion to be creative." In 2013, Max had his first ever exhibition at the age of 75 at the Old Parsonage in Didsbury, Manchester, which reflected his lifetime''s work, and was described as "diverse, moving, amusing, sad and honest."

</p>

<p class="artist"></p>',
               NULL,
	       1);

##---------------------------------------------------------------



INSERT INTO art (artist, title, media, width, height, image, pricing_info, main_image, image_width, image_height)
	VALUES(303,
	       'some objects',
	       'crayon on paper',
	       30,
	       11,
	       'some-objects',
	      'original, &pound;175',
	       0,
		650,
		228);
	     
		
INSERT INTO art_pricing(art, item_number, description, price)
	VALUES(LAST_INSERT_ID(), 'mx101', 'original', 175);

##---------------------------------------------------------------    



INSERT INTO art (artist, title, media, width, height, image, pricing_info, main_image, image_width, image_height)
	VALUES(303,
	       'abstract',
	       'mixed media on paper',
	       30,
	       76,
	       'abstract',
	      'original, &pound;345',
	       0,
		650,
		257);
	     
		
INSERT INTO art_pricing(art, item_number, description, price)
	VALUES(LAST_INSERT_ID(), 'mx102', 'original', 345);

##---------------------------------------------------------------            



INSERT INTO art (artist, title, media, width, height, image, pricing_info, main_image, image_width, image_height)
	VALUES(303,
	       'summer glory',
	       'acrylic paint on paper',
	       39,
	       56,
	       'summer-glory',
	      'original, &pound;345',
	       0,
		444,
		650);
	     
		
INSERT INTO art_pricing(art, item_number, description, price)
	VALUES(LAST_INSERT_ID(), 'mx103', 'original', 345);

##---------------------------------------------------------------              



INSERT INTO art (artist, title, media, width, height, image, pricing_info, main_image, image_width, image_height)
	VALUES(303,
	       'meeting point',
	       'pen and ink on paper',
	       41,
	       58,
	       'meeting-point',
	      'original, &pound;250',
	       0,
		650,
		640);
	     
		
INSERT INTO art_pricing(art, item_number, description, price)
	VALUES(LAST_INSERT_ID(), 'mx104', 'original', 250);

##---------------------------------------------------------------                 



INSERT INTO art (artist, title, media, width, height, image, pricing_info, main_image, image_width, image_height)
	VALUES(303,
	       'ribbons',
	       'pen and ink on paper',
	       42,
	       60,
	       'ribbons',
	      'original, &pound;250',
	       0,
		650,
		465);
	     
		
INSERT INTO art_pricing(art, item_number, description, price)
	VALUES(LAST_INSERT_ID(), 'mx105', 'original', 250);

##---------------------------------------------------------------                   



INSERT INTO art (artist, title, media, width, height, image, pricing_info, main_image, image_width, image_height)
	VALUES(303,
	       'scrambled egghead',
	       'mixed media on paper',
	       41,
	       58,
	       'scrambled-egghead',
	      'original, &pound;345',
	       0,
		650,
		447);
	     
		
INSERT INTO art_pricing(art, item_number, description, price)
	VALUES(LAST_INSERT_ID(), 'mx106', 'original', 345);

##---------------------------------------------------------------                      



INSERT INTO art (artist, title, media, width, height, image, pricing_info, main_image, image_width, image_height)
	VALUES(303,
	       'quiet night',
	       'oil on board',
	       38,
	       38,
	       'quiet-night',
	      'original, &pound;300',
	       0,
		650,
		640);
	     
		
INSERT INTO art_pricing(art, item_number, description, price)
	VALUES(LAST_INSERT_ID(), 'mx107', 'original', 300);

##---------------------------------------------------------------                        



INSERT INTO art (artist, title, media, width, height, image, pricing_info, main_image, image_width, image_height)
	VALUES(303,
	       'red and green cabbage',
	       'oil on board',
	       20,
	       20,
	       'red-and-green',
	      'original, &pound;175',
	       0,
		650,
		621);
	     
		
INSERT INTO art_pricing(art, item_number, description, price)
	VALUES(LAST_INSERT_ID(), 'mx108', 'original', 175);

##---------------------------------------------------------------                          



INSERT INTO art (artist, title, media, width, height, image, pricing_info, main_image, image_width, image_height)
	VALUES(303,
	       'untitled 1',
	       'felt tip pen on paper',
	       23,
	       23,
	       'untitled-1',
	      'original, &pound;175',
	       0,
		650,
		637);
	     
		
INSERT INTO art_pricing(art, item_number, description, price)
	VALUES(LAST_INSERT_ID(), 'mx109', 'original', 175);

##---------------------------------------------------------------                            



INSERT INTO art (artist, title, media, width, height, image, pricing_info, main_image, image_width, image_height)
	VALUES(303,
	       'light at the end of the tunnel',
	       'pencil on paper',
	       37,
	       27,
	       'light-at-the',
	      'original, &pound;175',
	       0,
		650,
		402);
	     
		
INSERT INTO art_pricing(art, item_number, description, price)
	VALUES(LAST_INSERT_ID(), 'mx110', 'original', 175);

##---------------------------------------------------------------                             



INSERT INTO art (artist, title, media, width, height, image, pricing_info, main_image, image_width, image_height)
	VALUES(303,
	       'blown fuse',
	       'mixed media on paper',
	       42,
	       58,
	       'blown-fuse',
	      'original, &pound;250',
	       0,
		650,
		456);
	     
		
INSERT INTO art_pricing(art, item_number, description, price)
	VALUES(LAST_INSERT_ID(), 'mx111', 'original', 250);

##---------------------------------------------------------------                                 



INSERT INTO art (artist, title, media, width, height, image, pricing_info, main_image, image_width, image_height)
	VALUES(303,
	       'fishing net',
	       'pen and ink on paper',
	       42,
	       52,
	       'fishing-net',
	      'original, &pound;250',
	       0,
		650,
		509);
	     
		
INSERT INTO art_pricing(art, item_number, description, price)
	VALUES(LAST_INSERT_ID(), 'mx112', 'original', 250);

##---------------------------------------------------------------                                     



INSERT INTO art (artist, title, media, width, height, image, pricing_info, main_image, image_width, image_height)
	VALUES(303,
	       'now you see it now you dont',
	       'pen and ink on paper',
	       42,
	       58,
	       'now-you-see',
	      'original, &pound;250',
	       0,
		650,
		461);
	     
		
INSERT INTO art_pricing(art, item_number, description, price)
	VALUES(LAST_INSERT_ID(), 'mx113', 'original', 250);

##---------------------------------------------------------------                                        



INSERT INTO art (artist, title, media, width, height, image, pricing_info, main_image, image_width, image_height)
	VALUES(303,
	       'untitled 3',
	       'felt tip pen and paint on paper',
	       41,
	       60,
	       'untitled-3',
	      'original, &pound;175',
	       0,
		650,
		463);
	     
		
INSERT INTO art_pricing(art, item_number, description, price)
	VALUES(LAST_INSERT_ID(), 'mx114', 'original', 175);

##---------------------------------------------------------------                                         



INSERT INTO art (artist, title, media, width, height, image, pricing_info, main_image, image_width, image_height)
	VALUES(303,
	       'is it quantum',
	       'pen and ink on paper',
	       42,
	       58,
	       'is-it-quantum',
	      'original, &pound;250',
	       0,
		650,
		460);
	     
		
INSERT INTO art_pricing(art, item_number, description, price)
	VALUES(LAST_INSERT_ID(), 'mx115', 'original', 250);

##---------------------------------------------------------------                                           



INSERT INTO art (artist, title, media, width, height, image, pricing_info, main_image, image_width, image_height)
	VALUES(303,
	       'the bridge',
	       'oil pastel on paper',
	       42,
	       56,
	       'the-bridge',
	      'original, &pound;250',
	       0,
		650,
		508);
	     
		
INSERT INTO art_pricing(art, item_number, description, price)
	VALUES(LAST_INSERT_ID(), 'mx116', 'original', 250);

##---------------------------------------------------------------                                             



INSERT INTO art (artist, title, media, width, height, image, pricing_info, main_image, image_width, image_height)
	VALUES(303,
	       'still life with blocks of wood',
	       'charcoal and paint on paper',
	       58,
	       84,
	       'still-life-with',
	      'original, &pound;345',
	       0,
		650,
		465);
	     
		
INSERT INTO art_pricing(art, item_number, description, price)
	VALUES(LAST_INSERT_ID(), 'mx117', 'original', 345);

##---------------------------------------------------------------                                               



INSERT INTO art (artist, title, media, width, height, image, pricing_info, main_image, image_width, image_height)
	VALUES(303,
	       'still life',
	       'charcoal and paint on paper',
	       58,
	       84,
	       'still-life',
	      'original, &pound;345',
	       0,
		465,
		650);
	     
		
INSERT INTO art_pricing(art, item_number, description, price)
	VALUES(LAST_INSERT_ID(), 'mx118', 'original', 345);

##---------------------------------------------------------------                                                 



INSERT INTO art (artist, title, media, width, height, image, pricing_info, main_image, image_width, image_height)
	VALUES(303,
	       'untitled 4',
	       'oil on board',
	       18,
	       20,
	       'untitled-4',
	      'original, &pound;175',
	       0,
		563,
		650);
	     
		
INSERT INTO art_pricing(art, item_number, description, price)
	VALUES(LAST_INSERT_ID(), 'mx119', 'original', 175);

##---------------------------------------------------------------                                                   



INSERT INTO art (artist, title, media, width, height, image, pricing_info, main_image, image_width, image_height)
	VALUES(303,
	       'frottage landscape',
	       'charcoal and felt tip pen on paper',
	       22,
	       29,
	       'frottage-landscape',
	      'original, &pound;175',
	       0,
		650,
		445);
	     
		
INSERT INTO art_pricing(art, item_number, description, price)
	VALUES(LAST_INSERT_ID(), 'mx120', 'original', 175);

##---------------------------------------------------------------                                                     



INSERT INTO art (artist, title, media, width, height, image, pricing_info, main_image, image_width, image_height)
	VALUES(303,
	       'yorkshire dales 1',
	       'oil pastel on paper',
	       23,
	       28,
	       'yorkshire-dales-1',
	      'original, &pound;175',
	       0,
		529,
		650);
	     
		
INSERT INTO art_pricing(art, item_number, description, price)
	VALUES(LAST_INSERT_ID(), 'mx121', 'original', 175);

##---------------------------------------------------------------                                                      



INSERT INTO art (artist, title, media, width, height, image, pricing_info, main_image, image_width, image_height)
	VALUES(303,
	       'yorkshire dales 2',
	       'oil pastel on paper',
	       23,
	       28,
	       'yorkshire-dales-2',
	      'original, &pound;175',
	       0,
		491,
		650);
	     
		
INSERT INTO art_pricing(art, item_number, description, price)
	VALUES(LAST_INSERT_ID(), 'mx122', 'original', 175);

##---------------------------------------------------------------                                                       



INSERT INTO art (artist, title, media, width, height, image, pricing_info, main_image, image_width, image_height)
	VALUES(303,
	       'blue valley',
	       'oil pastel on paper',
	       42,
	       31,
	       'blue-valley',
	      'original, &pound;175',
	       0,
		650,
		434);
	     
		
INSERT INTO art_pricing(art, item_number, description, price)
	VALUES(LAST_INSERT_ID(), 'mx123', 'original', 175);

##---------------------------------------------------------------                                                        



INSERT INTO art (artist, title, media, width, height, image, pricing_info, main_image, image_width, image_height)
	VALUES(303,
	       'broadbottom',
	       'oil on board',
	       37,
	       37,
	       'broadbottom',
	      'original, &pound;425',
	       1,
		650,
		603);
	     
		
INSERT INTO art_pricing(art, item_number, description, price)
	VALUES(LAST_INSERT_ID(), 'mx124', 'original', 425);

##---------------------------------------------------------------                                                          



INSERT INTO art (artist, title, media, width, height, image, pricing_info, main_image, image_width, image_height)
	VALUES(303,
	       'landscape',
	       'oil on board',
	       24,
	       33,
	       'landscape',
	      'original, &pound;175',
	       0,
		491,
		650);
	     
		
INSERT INTO art_pricing(art, item_number, description, price)
	VALUES(LAST_INSERT_ID(), 'mx125', 'original', 175);

##---------------------------------------------------------------                                                          



INSERT INTO art (artist, title, media, width, height, image, pricing_info, main_image, image_width, image_height)
	VALUES(303,
	       'didsbury blossom',
	       'oil on board',
	       27,
	       20,
	       'didsbury-blossom',
	      'original, &pound;250',
	       0,
		650,
		540);
	     
		
INSERT INTO art_pricing(art, item_number, description, price)
	VALUES(LAST_INSERT_ID(), 'mx126', 'original', 250);

##---------------------------------------------------------------                                                          



INSERT INTO art (artist, title, media, width, height, image, pricing_info, main_image, image_width, image_height)
	VALUES(303,
	       'hoars end',
	       'oil on board',
	       25,
	       30,
	       'hoars-end',
	      'original, &pound;175',
	       0,
		545,
		650);
	     
		
INSERT INTO art_pricing(art, item_number, description, price)
	VALUES(LAST_INSERT_ID(), 'mx127', 'original', 175);

##---------------------------------------------------------------                                                           



INSERT INTO art (artist, title, media, width, height, image, pricing_info, main_image, image_width, image_height)
	VALUES(303,
	       'didsbury roof tops',
	       'oil on board',
	       25,
	       28,
	       'didsbury-roof-tops',
	      'original, &pound;250',
	       0,
		650,
		578);
	     
		
INSERT INTO art_pricing(art, item_number, description, price)
	VALUES(LAST_INSERT_ID(), 'mx128', 'original', 250);

##---------------------------------------------------------------                                                          



INSERT INTO art (artist, title, media, width, height, image, pricing_info, main_image, image_width, image_height)
	VALUES(303,
	       'suburban roof tops',
	       'oil on board',
	       25,
	       36,
	       'surbuban-roof-tops',
	      'original, &pound;175',
	       0,
		465,
		650);
	     
		
INSERT INTO art_pricing(art, item_number, description, price)
	VALUES(LAST_INSERT_ID(), 'mx129', 'original', 175);

##---------------------------------------------------------------                                                           



INSERT INTO art (artist, title, media, width, height, image, pricing_info, main_image, image_width, image_height)
	VALUES(303,
	       'railway station kenya',
	       'oil pastel on paper',
	       41,
	       29,
	       'railway-station-kenya',
	      'original, &pound;175',
	       0,
		650,
		465);
	     
		
INSERT INTO art_pricing(art, item_number, description, price)
	VALUES(LAST_INSERT_ID(), 'mx130', 'original', 175);

##---------------------------------------------------------------                                                           



INSERT INTO art (artist, title, media, width, height, image, pricing_info, main_image, image_width, image_height)
	VALUES(303,
	       'on the way to the bazaar',
	       'oil pastel on paper',
	       41,
	       31,
	       'on-the-way',
	      'original, &pound;175',
	       0,
		650,
		465);
	     
		
INSERT INTO art_pricing(art, item_number, description, price)
	VALUES(LAST_INSERT_ID(), 'mx131', 'original', 175);

##---------------------------------------------------------------                                                           



INSERT INTO art (artist, title, media, width, height, image, pricing_info, main_image, image_width, image_height)
	VALUES(303,
	       'the pub',
	       'pencil on paper',
	       57,
	       83,
	       'the-pub',
	      'original, &pound;425',
	       0,
		650,
		434);
	     
		
INSERT INTO art_pricing(art, item_number, description, price)
	VALUES(LAST_INSERT_ID(), 'mx132', 'original', 425);

##---------------------------------------------------------------                                                          


 



INSERT INTO artist (id, name, statement, notes, display)
	VALUES(304, 'jefferson waters',
	'<p class="artist">"My background was originally high-end interior design and during those twenty years I worked with some of the most prestigious clients in the world. My work hangs in locations as diverse as Burgh House in Hampstead, the Italian Embassy in London, Le Cirque in New York and numerous private collections across Britain. After noticing the difficulty that some clients had finding and choosing appropriate art for their interiors, I established a bespoke painting service working to the colour palette and scale of each individual room. This has enabled me to respond to commissions in an interesting and exciting way for the client, making the process more fun.</p>

<p class="artist">I am self-taught and multi-disciplined; my love affair with drawing began as soon as I could hold a crayon and it''s the primitivism of childrens'' drawings that still fascinates me. My heroes are Basquiat, Marlene Dumas, Jean DuBuffet and Francesco Clemente and I try hard to celebrate the energetic irony of this style of painting in my own work. I''m also very interested in images that try to capture the ephemeral silhouettes and dream-like shapes that inhabit the edges of our consciousness, with the reoccurring theme of the supernatural and the mythical. I live in Liverpool where I''m generally thinking about colours and shapes."</p>


<p class="artist">
</p>

<p class="artist"></p>',
               NULL,
	       1);

##---------------------------------------------------------------



INSERT INTO art (artist, title, media, width, height, image, pricing_info, main_image, image_width, image_height)
	VALUES(304,
	       'edo rain',
	       'framed card',
	       85,
	       60,
	       'edo-rain',
	      'original, &pound;150',
	       0,
		472,
		650);
	     
		
INSERT INTO art_pricing(art, item_number, description, price)
	VALUES(LAST_INSERT_ID(), 'jw112', 'original', 150);

##---------------------------------------------------------------    



INSERT INTO art (artist, title, media, width, height, image, pricing_info, main_image, image_width, image_height)
	VALUES(304,
	       'fire',
	       'canvas',
	       102,
	       82,
	       'fire',
	      'original, &pound;400',
	       0,
		488,
		650);
	     
		
INSERT INTO art_pricing(art, item_number, description, price)
	VALUES(LAST_INSERT_ID(), 'jw115', 'original', 400);

##---------------------------------------------------------------                               




INSERT INTO art (artist, title, media, width, height, image, pricing_info, main_image, image_width, image_height)
	VALUES(304,
	       'horizon',
	       'deep canvas',
	       30,
	       40,
	       'horizon',
	      'original, &pound;250',
	       0,
		488,
		650);
	     
		
INSERT INTO art_pricing(art, item_number, description, price)
	VALUES(LAST_INSERT_ID(), 'jw119', 'original', 250);

##---------------------------------------------------------------                                





INSERT INTO art (artist, title, media, width, height, image, pricing_info, main_image, image_width, image_height)
	VALUES(304,
	       'king',
	       'canvas',
	       102,
	       85,
	       'king',
	      'original, &pound;400',
	       0,
		488,
		650);
	     
		
INSERT INTO art_pricing(art, item_number, description, price)
	VALUES(LAST_INSERT_ID(), 'jw121', 'original', 400);

##--------------------------------------------------------------- 




INSERT INTO art (artist, title, media, width, height, image, pricing_info, main_image, image_width, image_height)
	VALUES(304,
	       'rock crystal',
	       'canvas',
	       78,
	       57,
	       'rock-crystal',
	      'original, &pound;450',
	       0,
		482,
		650);
	     
		
INSERT INTO art_pricing(art, item_number, description, price)
	VALUES(LAST_INSERT_ID(), 'jw131', 'original', 450);

##---------------------------------------------------------------                                               




INSERT INTO art (artist, title, media, width, height, image, pricing_info, main_image, image_width, image_height)
	VALUES(304,
	       'still hungry',
	       'framed card',
	       85,
	       60,
	       'still-hungry',
	      'original, &pound;150',
	       0,
		488,
		650);
	     
		
INSERT INTO art_pricing(art, item_number, description, price)
	VALUES(LAST_INSERT_ID(), 'jw134', 'original', 150);

##---------------------------------------------------------------    



INSERT INTO art (artist, title, media, width, height, image, pricing_info, main_image, image_width, image_height)
	VALUES(304,
	       'treasure',
	       'deep canvas',
	       62,
	       46,
	       'treasure',
	      'original, &pound;350',
	       0,
		488,
		650);
	     
		
INSERT INTO art_pricing(art, item_number, description, price)
	VALUES(LAST_INSERT_ID(), 'jw136', 'original', 350);

##---------------------------------------------------------------                                                          



INSERT INTO art (artist, title, media, width, height, image, pricing_info, main_image, image_width, image_height)
	VALUES(304,
	       'untitled',
	       'framed card',
	       85,
	       60,
	       'untitled',
	      'original, &pound;150',
	       0,
		650,
		488);
	     
		
INSERT INTO art_pricing(art, item_number, description, price)
	VALUES(LAST_INSERT_ID(), 'jw137', 'original', 150);

##---------------------------------------------------------------  


INSERT INTO art (artist, title, media, width, height, image, pricing_info, main_image, image_width, image_height)
	VALUES(304,
	       'im serious',
	       'framed card',
	       85,
	       60,
	       'im-serious',
	      'original, &pound;150',
	       0,
		650,
		488);
	     
		
INSERT INTO art_pricing(art, item_number, description, price)
	VALUES(LAST_INSERT_ID(), 'jw120', 'original', 150);

##--------------------------------------------------------------- 





INSERT INTO art (artist, title, media, width, height, image, pricing_info, main_image, image_width, image_height)
	VALUES(304,
	       'rose',
	       'deep canvas',
	       46,
	       62,
	       'rose',
	      'original, &pound;250',
	       0,
		650,
		488);
	     
		
INSERT INTO art_pricing(art, item_number, description, price)
	VALUES(LAST_INSERT_ID(), 'jw132', 'original', 250);

##---------------------------------------------------------------      
                                     
 

INSERT INTO art (artist, title, media, width, height, image, pricing_info, main_image, image_width, image_height)
	VALUES(304,
	       'black madonna',
	       'framed card',
	       85,
	       60,
	       'black-madonna',
	      'original, &pound;150',
	       0,
		488,
		650);
	     
		
INSERT INTO art_pricing(art, item_number, description, price)
	VALUES(LAST_INSERT_ID(), 'jw102', 'original', 150);

##---------------------------------------------------------------         



INSERT INTO art (artist, title, media, width, height, image, pricing_info, main_image, image_width, image_height)
	VALUES(304,
	       'buffalo bill',
	       'framed card',
	       85,
	       60,
	       'buffalo-bill',
	      'original, &pound;350',
	       0,
		488,
		650);
	     
		
INSERT INTO art_pricing(art, item_number, description, price)
	VALUES(LAST_INSERT_ID(), 'jw103', 'original', 350);

##---------------------------------------------------------------          



INSERT INTO art (artist, title, media, width, height, image, pricing_info, main_image, image_width, image_height)
	VALUES(304,
	       'burnt tuxedo',
	       'canvas',
	       101,
	       82,
	       'burnt-tuxedo',
	      'original, &pound;500',
	       0,
		488,
		650);
	     
		
INSERT INTO art_pricing(art, item_number, description, price)
	VALUES(LAST_INSERT_ID(), 'jw104', 'original', 500);

##---------------------------------------------------------------            



INSERT INTO art (artist, title, media, width, height, image, pricing_info, main_image, image_width, image_height)
	VALUES(304,
	       'ceasar',
	       'canvas',
	       82,
	       102,
	       'ceasar',
	      'original, &pound;500',
	       0,
		488,
		650);
	     
		
INSERT INTO art_pricing(art, item_number, description, price)
	VALUES(LAST_INSERT_ID(), 'jw105', 'original', 500);

##---------------------------------------------------------------           



INSERT INTO art (artist, title, media, width, height, image, pricing_info, main_image, image_width, image_height)
	VALUES(304,
	       'cathedral',
	       'deep canvas',
	       90,
	       90,
	       'cathedral',
	      'original, &pound;850',
	       0,
		488,
		650);
	     
		
INSERT INTO art_pricing(art, item_number, description, price)
	VALUES(LAST_INSERT_ID(), 'jw106', 'original', 850);

##---------------------------------------------------------------           



INSERT INTO art (artist, title, media, width, height, image, pricing_info, main_image, image_width, image_height)
	VALUES(304,
	       'cathedral at dawn',
	       'mixed media on canvas',
	       41,
	       52,
	       'cathedral-at-dawn',
	      'original, &pound;150',
	       0,
		488,
		650);
	     
		
INSERT INTO art_pricing(art, item_number, description, price)
	VALUES(LAST_INSERT_ID(), 'jw138', 'original', 150);

##---------------------------------------------------------------  



INSERT INTO art (artist, title, media, width, height, image, pricing_info, main_image, image_width, image_height)
	VALUES(304,
	       'chief',
	       'framed card',
	       85,
	       60,
	       'chief',
	      'original, &pound;200',
	       0,
		488,
		650);
	     
		
INSERT INTO art_pricing(art, item_number, description, price)
	VALUES(LAST_INSERT_ID(), 'jw107', 'original', 200);

##---------------------------------------------------------------               



INSERT INTO art (artist, title, media, width, height, image, pricing_info, main_image, image_width, image_height)
	VALUES(304,
	       'cloak',
	       'framed card',
	       85,
	       60,
	       'cloak',
	      'original, &pound;150',
	       0,
		650,
		482);
	     
		
INSERT INTO art_pricing(art, item_number, description, price)
	VALUES(LAST_INSERT_ID(), 'jw108', 'original', 150);

##---------------------------------------------------------------                   



INSERT INTO art (artist, title, media, width, height, image, pricing_info, main_image, image_width, image_height)
	VALUES(304,
	       'dead boss',
	       'framed print',
	       85,
	       60,
	       'dead-boss',
	      'original, &pound;350',
	       0,
		650,
		488);
	     
		
INSERT INTO art_pricing(art, item_number, description, price)
	VALUES(LAST_INSERT_ID(), 'jw109', 'original', 350);

##---------------------------------------------------------------                    



INSERT INTO art (artist, title, media, width, height, image, pricing_info, main_image, image_width, image_height)
	VALUES(304,
	       'death of the oligarch',
	       'canvas',
	       102,
	       82,
	       'death-of-the',
	      'original, &pound;500',
	       0,
		650,
		488);
	     
		
INSERT INTO art_pricing(art, item_number, description, price)
	VALUES(LAST_INSERT_ID(), 'jw110', 'original', 500);

##---------------------------------------------------------------                     



INSERT INTO art (artist, title, media, width, height, image, pricing_info, main_image, image_width, image_height)
	VALUES(304,
	       'diesel revamp',
	       'canvas',
	       102,
	       82,
	       'diesel-revamp',
	      'original, &pound;500',
	       0,
		491,
		650);
	     
		
INSERT INTO art_pricing(art, item_number, description, price)
	VALUES(LAST_INSERT_ID(), 'jw111', 'original', 500);

##---------------------------------------------------------------                       

                    



INSERT INTO art (artist, title, media, width, height, image, pricing_info, main_image, image_width, image_height)
	VALUES(304,
	       'eh la',
	       'framed card',
	       85,
	       60,
	       'eh-la',
	      'original, &pound;350',
	       0,
		488,
		650);
	     
		
INSERT INTO art_pricing(art, item_number, description, price)
	VALUES(LAST_INSERT_ID(), 'jw113', 'original', 350);

##---------------------------------------------------------------                          



INSERT INTO art (artist, title, media, width, height, image, pricing_info, main_image, image_width, image_height)
	VALUES(304,
	       'foole',
	       'framed card',
	       85,
	       60,
	       'foole',
	      'original, &pound;150',
	       0,
		473,
		650);
	     
		
INSERT INTO art_pricing(art, item_number, description, price)
	VALUES(LAST_INSERT_ID(), 'jw116', 'original', 150);

##---------------------------------------------------------------                                



INSERT INTO art (artist, title, media, width, height, image, pricing_info, main_image, image_width, image_height)
	VALUES(304,
	       'green man',
	       'framed card',
	       85,
	       60,
	       'green-man',
	      'original, &pound;300',
	       0,
		458,
		650);
	     
		
INSERT INTO art_pricing(art, item_number, description, price)
	VALUES(LAST_INSERT_ID(), 'jw117', 'original', 300);

##---------------------------------------------------------------                                



INSERT INTO art (artist, title, media, width, height, image, pricing_info, main_image, image_width, image_height)
	VALUES(304,
	       'head the ball',
	       'framed card',
	       85,
	       60,
	       'head-the-ball',
	      'original, &pound;350',
	       0,
		488,
		650);
	     
		
INSERT INTO art_pricing(art, item_number, description, price)
	VALUES(LAST_INSERT_ID(), 'jw118', 'original', 350);

##---------------------------------------------------------------                                 


                                 



INSERT INTO art (artist, title, media, width, height, image, pricing_info, main_image, image_width, image_height)
	VALUES(304,
	       'liver buildings',
	       'canvas',
	       90,
	       90,
	       'liver-buildings',
	      'original, &pound;700',
	       0,
		650,
		557);
	     
		
INSERT INTO art_pricing(art, item_number, description, price)
	VALUES(LAST_INSERT_ID(), 'jw122', 'original', 700);

##---------------------------------------------------------------                                        



INSERT INTO art (artist, title, media, width, height, image, pricing_info, main_image, image_width, image_height)
	VALUES(304,
	       'lucrezia',
	       'canvas',
	       82,
	       102,
	       'lucrezia',
	      'original, &pound;500',
	       0,
		490,
		650);
	     
		
INSERT INTO art_pricing(art, item_number, description, price)
	VALUES(LAST_INSERT_ID(), 'jw123', 'original', 500);

##---------------------------------------------------------------                                         




INSERT INTO art (artist, title, media, width, height, image, pricing_info, main_image, image_width, image_height)
	VALUES(304,
	       'mother',
	       'framed card',
	       85,
	       60,
	       'mother',
	      'original, &pound;200',
	       0,
		650,
		497);
	     
		
INSERT INTO art_pricing(art, item_number, description, price)
	VALUES(LAST_INSERT_ID(), 'jw126', 'original', 200);

##---------------------------------------------------------------                                        



INSERT INTO art (artist, title, media, width, height, image, pricing_info, main_image, image_width, image_height)
	VALUES(304,
	       'naughty nautilus',
	       'framed card',
	       85,
	       60,
	       'naughty-nautilus',
	      'original, &pound;200',
	       0,
		650,
		491);
	     
		
INSERT INTO art_pricing(art, item_number, description, price)
	VALUES(LAST_INSERT_ID(), 'jw127', 'original', 200);

##---------------------------------------------------------------                                       



INSERT INTO art (artist, title, media, width, height, image, pricing_info, main_image, image_width, image_height)
	VALUES(304,
	       'noh',
	       'framed card',
	       85,
	       60,
	       'noh',
	      'original, &pound;150',
	       0,
		488,
		650);
	     
		
INSERT INTO art_pricing(art, item_number, description, price)
	VALUES(LAST_INSERT_ID(), 'jw128', 'original', 150);

##---------------------------------------------------------------                                         


                                        



INSERT INTO art (artist, title, media, width, height, image, pricing_info, main_image, image_width, image_height)
	VALUES(304,
	       'pythoness',
	       'framed card',
	       85,
	       60,
	       'pythoness',
	      'original, &pound;200',
	       0,
		650,
		447);
	     
		
INSERT INTO art_pricing(art, item_number, description, price)
	VALUES(LAST_INSERT_ID(), 'jw130', 'original', 200);

##---------------------------------------------------------------                                            

                                              



INSERT INTO art (artist, title, media, width, height, image, pricing_info, main_image, image_width, image_height)
	VALUES(304,
	       'skitter',
	       'framed card',
	       85,
	       60,
	       'skitter',
	      'original, &pound;350',
	       0,
		650,
		488);
	     
		
INSERT INTO art_pricing(art, item_number, description, price)
	VALUES(LAST_INSERT_ID(), 'jw133', 'original', 350);

##---------------------------------------------------------------                                                   

                                             



INSERT INTO art (artist, title, media, width, height, image, pricing_info, main_image, image_width, image_height)
	VALUES(304,
	       'town',
	       'framed card',
	       85,
	       60,
	       'town',
	      'original, &pound;150',
	       0,
		478,
		650);
	     
		
INSERT INTO art_pricing(art, item_number, description, price)
	VALUES(LAST_INSERT_ID(), 'jw135', 'original', 150);

##---------------------------------------------------------------                                                       

                                                       



INSERT INTO art (artist, title, media, width, height, image, pricing_info, main_image, image_width, image_height)
	VALUES(304,
	       'working your head',
	       'framed card',
	       85,
	       60,
	       'working-your-head',
	      'original, &pound;150',
	       0,
		650,
		488);
	     
		
INSERT INTO art_pricing(art, item_number, description, price)
	VALUES(LAST_INSERT_ID(), 'jw138', 'original', 350);

##---------------------------------------------------------------  




INSERT INTO art (artist, title, media, width, height, image, pricing_info, main_image, image_width, image_height)
	VALUES(304,
	       'abstract gold 1',
	       'oil on board',
	       31,
	       26,
	       'abstract-gold-1',
	      'original, &pound;75',
	       0,
		544,
		650);
	     
		
INSERT INTO art_pricing(art, item_number, description, price)
	VALUES(LAST_INSERT_ID(), 'jw139', 'original', 75);

##---------------------------------------------------------------                                                           

                                                       



INSERT INTO art (artist, title, media, width, height, image, pricing_info, main_image, image_width, image_height)
	VALUES(304,
	       'abstract gold 2',
	       'oil on board',
	       31,
	       26,
	       'abstract-gold-2',
	      'original, &pound;75',
	       0,
		544,
		650);
	     
		
INSERT INTO art_pricing(art, item_number, description, price)
	VALUES(LAST_INSERT_ID(), 'jw140', 'original', 75);

##---------------------------------------------------------------                                                              

                                                       



INSERT INTO art (artist, title, media, width, height, image, pricing_info, main_image, image_width, image_height)
	VALUES(304,
	       'abstract 1',
	       'oil on board',
	       31,
	       26,
	       'abstract-1',
	      'original, &pound;75',
	       0,
		538,
		650);
	     
		
INSERT INTO art_pricing(art, item_number, description, price)
	VALUES(LAST_INSERT_ID(), 'jw141', 'original', 75);

##---------------------------------------------------------------                                                                 

                                                       



INSERT INTO art (artist, title, media, width, height, image, pricing_info, main_image, image_width, image_height)
	VALUES(304,
	       'abstract 2',
	       'oil on board',
	       31,
	       26,
	       'abstract-2',
	      'original, &pound;75',
	       0,
		541,
		650);
	     
		
INSERT INTO art_pricing(art, item_number, description, price)
	VALUES(LAST_INSERT_ID(), 'jw142', 'original', 75);

##---------------------------------------------------------------                                                                  

                                                       



INSERT INTO art (artist, title, media, width, height, image, pricing_info, main_image, image_width, image_height)
	VALUES(304,
	       'abstract 3',
	       'oil on board',
	       31,
	       23,
	       'abstract-3',
	      'original, &pound;75',
	       0,
		541,
		650);
	     
		
INSERT INTO art_pricing(art, item_number, description, price)
	VALUES(LAST_INSERT_ID(), 'jw143', 'original', 75);

##---------------------------------------------------------------                                                                  

                                                       



INSERT INTO art (artist, title, media, width, height, image, pricing_info, main_image, image_width, image_height)
	VALUES(304,
	       'abstract 4',
	       'oil on board',
	       26,
	       31,
	       'abstract-4',
	      'original, &pound;75',
	       0,
		534,
		650);
	     
		
INSERT INTO art_pricing(art, item_number, description, price)
	VALUES(LAST_INSERT_ID(), 'jw144', 'original', 75);

##---------------------------------------------------------------                                                                    

                                                       

INSERT INTO art (artist, title, media, width, height, image, pricing_info, main_image, image_width, image_height)
	VALUES(304,
	       'abstract 5',
	       'oil on board',
	       31,
	       26,
	       'abstract-5',
	      'original, &pound;75',
	       0,
		488,
		650);
	     
		
INSERT INTO art_pricing(art, item_number, description, price)
	VALUES(LAST_INSERT_ID(), 'jw145', 'original', 75);

##---------------------------------------------------------------  

                                                                                                                                      

                                                       
INSERT INTO art (artist, title, media, width, height, image, pricing_info, main_image, image_width, image_height)
	VALUES(304,
	       'exploding heart',
	       'oil on canvas',
	       61,
	       61,
	       'exploding-heart',
	      'original, &pound;350',
	       0,
		650,
		645);
	     
		
INSERT INTO art_pricing(art, item_number, description, price)
	VALUES(LAST_INSERT_ID(), 'jw146', 'original', 350);

##---------------------------------------------------------------   

                                                                                                                                      

                                                       
INSERT INTO art (artist, title, media, width, height, image, pricing_info, main_image, image_width, image_height)
	VALUES(304,
	       'memories of a sunset',
	       'mixed media on deep canvas',
	       41,
	       31,
	       'memories-of-a',
	      'original, &pound;150',
	       0,
		487,
		650);
	     
		
INSERT INTO art_pricing(art, item_number, description, price)
	VALUES(LAST_INSERT_ID(), 'jw147', 'original', 150);

##--------------------------------------------------------------- 

                                                                      

                                                                                                                                      

                                                       
INSERT INTO art (artist, title, media, width, height, image, pricing_info, main_image, image_width, image_height)
	VALUES(304,
	       'quattro 1',
	       'mixed media on canvas',
	       30,
	       30,
	       'quattro-1',
	      'original, &pound;120',
	       0,
		650,
		640);
	     
		
INSERT INTO art_pricing(art, item_number, description, price)
	VALUES(LAST_INSERT_ID(), 'jw148', 'original', 120);

##---------------------------------------------------------------   

                                                                      

                                                                                                                                      

                                                       
INSERT INTO art (artist, title, media, width, height, image, pricing_info, main_image, image_width, image_height)
	VALUES(304,
	       'quattro 2',
	       'mixed media on canvas',
	       30,
	       30,
	       'quattro-2',
	      'original, &pound;120',
	       0,
		646,
		650);
	     
		
INSERT INTO art_pricing(art, item_number, description, price)
	VALUES(LAST_INSERT_ID(), 'jw149', 'original', 120);

##---------------------------------------------------------------       

                                                                      

                                                                                                                                      

                                                       
INSERT INTO art (artist, title, media, width, height, image, pricing_info, main_image, image_width, image_height)
	VALUES(304,
	       'quattro 3',
	       'mixed media on canvas',
	       30,
	       30,
	       'quattro-3',
	      'original, &pound;120',
	       0,
		643,
		650);
	     
		
INSERT INTO art_pricing(art, item_number, description, price)
	VALUES(LAST_INSERT_ID(), 'jw150', 'original', 120);

##---------------------------------------------------------------         

                                                                      

                                                                                                                                      

                                                       
INSERT INTO art (artist, title, media, width, height, image, pricing_info, main_image, image_width, image_height)
	VALUES(304,
	       'quattro 4',
	       'mixed media on canvas',
	       30,
	       30,
	       'quattro-4',
	      'original, &pound;120',
	       0,
		650,
		643);
	     
		
INSERT INTO art_pricing(art, item_number, description, price)
	VALUES(LAST_INSERT_ID(), 'jw151', 'original', 120);

##---------------------------------------------------------------          

                                                                      

                                                                                                                                      

                                                       
INSERT INTO art (artist, title, media, width, height, image, pricing_info, main_image, image_width, image_height)
	VALUES(304,
	       'snow tracks',
	       'mixed media on deep canvas',
	       41,
	       31,
	       'snow-tracks',
	      'original, &pound;150',
	       0,
		481,
		650);
	     
		
INSERT INTO art_pricing(art, item_number, description, price)
	VALUES(LAST_INSERT_ID(), 'jw152', 'original', 150);

##--------------------------------------------------------------- 

 
                                          

INSERT INTO art (artist, title, media, width, height, image, pricing_info, main_image, image_width, image_height)
	VALUES(304,
	       'the vanished',
	       'deep canvas',
	       100,
	       100,
	       'the-vanished',
	      'original, &pound;1200',
	       0,
		646,
		650);
	     
		
INSERT INTO art_pricing(art, item_number, description, price)
	VALUES(LAST_INSERT_ID(), 'jw153', 'original', 1200);

##---------------------------------------------------------------              

                                         

INSERT INTO art (artist, title, media, width, height, image, pricing_info, main_image, image_width, image_height)
	VALUES(304,
	       'teeth',
	       'oil on canvas',
	       100,
	       100,
	       'teeth',
	      'original, &pound;1500',
	       0,
		650,
		611);
	     
		
INSERT INTO art_pricing(art, item_number, description, price)
	VALUES(LAST_INSERT_ID(), 'jw166', 'original', 1500 );

##---------------------------------------------------------------                       

                                                                      

INSERT INTO art (artist, title, media, width, height, image, pricing_info, main_image, image_width, image_height)
	VALUES(304,
	       'moving past the good and the bad',
	       'oil on canvas',
	       100,
	       100,
	       'moving-past-the',
	      'original, &pound;1200 ',
	       1,
		627,
		650);
	     
		
INSERT INTO art_pricing(art, item_number, description, price)
	VALUES(LAST_INSERT_ID(), 'jw167', 'original', 1200 );

##---------------------------------------------------------------                      
                                                                      

INSERT INTO art (artist, title, media, width, height, image, pricing_info, main_image, image_width, image_height)
	VALUES(304,
	       'lost',
	       'deep canvas',
	       100,
	       100,
	       'lost',
	      'original, &pound;1500',
	       0,
		650,
		650);
	     
		
INSERT INTO art_pricing(art, item_number, description, price)
	VALUES(LAST_INSERT_ID(), 'jw154', 'original', 1500);

##---------------------------------------------------------------               

                                                                      

INSERT INTO art (artist, title, media, width, height, image, pricing_info, main_image, image_width, image_height)
	VALUES(304,
	       'sleeping dragons',
	       'deep canvas',
	       100,
	       100,
	       'sleeping-dragons',
	      'original, &pound;1200',
	       0,
		626,
		650);
	     
		
INSERT INTO art_pricing(art, item_number, description, price)
	VALUES(LAST_INSERT_ID(), 'jw155', 'original', 1200);

##---------------------------------------------------------------               


                                             

INSERT INTO art (artist, title, media, width, height, image, pricing_info, main_image, image_width, image_height)
	VALUES(304,
	       'abstract VI',
	       'oil on board',
	       31,
	       26,
	       'abstract-VI',
	      'original, &pound;75',
	       0,
		535,
		650);
	     
		
INSERT INTO art_pricing(art, item_number, description, price)
	VALUES(LAST_INSERT_ID(), 'jw164', 'original', 75);

##---------------------------------------------------------------                      

                                                                      

INSERT INTO art (artist, title, media, width, height, image, pricing_info, main_image, image_width, image_height)
	VALUES(304,
	       'abstract VIII',
	       'oil on board',
	       31,
	       26,
	       'abstract-VIII',
	      'original, &pound;75',
	       0,
		537,
		650);
	     
		
INSERT INTO art_pricing(art, item_number, description, price)
	VALUES(LAST_INSERT_ID(), 'jw165', 'original', 75);

##---------------------------------------------------------------                       
                                                                      

INSERT INTO art (artist, title, media, width, height, image, pricing_info, main_image, image_width, image_height)
	VALUES(304,
	       'invention 1',
	       'goache on paper',
	       31,
	       41,
	       'invention-1',
	      'original, &pound;95',
	       0,
		488,
		650);
	     
		
INSERT INTO art_pricing(art, item_number, description, price)
	VALUES(LAST_INSERT_ID(), 'jw156', 'original', 95);

##---------------------------------------------------------------                

                                                                      

INSERT INTO art (artist, title, media, width, height, image, pricing_info, main_image, image_width, image_height)
	VALUES(304,
	       'invention 2',
	       'goache on paper',
	       31,
	       41,
	       'invention-2',
	      'original, &pound;95',
	       0,
		488,
		650);
	     
		
INSERT INTO art_pricing(art, item_number, description, price)
	VALUES(LAST_INSERT_ID(), 'jw157', 'original', 95);

##---------------------------------------------------------------               

                                                                      

INSERT INTO art (artist, title, media, width, height, image, pricing_info, main_image, image_width, image_height)
	VALUES(304,
	       'invention 3',
	       'goache on paper',
	       31,
	       41,
	       'invention-3',
	      'original, &pound;95',
	       0,
		488,
		650);
	     
		
INSERT INTO art_pricing(art, item_number, description, price)
	VALUES(LAST_INSERT_ID(), 'jw158', 'original', 95);

##---------------------------------------------------------------                 

                                                                      

INSERT INTO art (artist, title, media, width, height, image, pricing_info, main_image, image_width, image_height)
	VALUES(304,
	       'invention 4',
	       'goache on paper',
	       31,
	       41,
	       'invention-4',
	      'original, &pound;95',
	       0,
		488,
		650);
	     
		
INSERT INTO art_pricing(art, item_number, description, price)
	VALUES(LAST_INSERT_ID(), 'jw159', 'original', 95);

##---------------------------------------------------------------               

                                                                      

INSERT INTO art (artist, title, media, width, height, image, pricing_info, main_image, image_width, image_height)
	VALUES(304,
	       'invention 5',
	       'goache on paper',
	       31,
	       41,
	       'invention-5',
	      'original, &pound;95',
	       0,
		488,
		650);
	     
		
INSERT INTO art_pricing(art, item_number, description, price)
	VALUES(LAST_INSERT_ID(), 'jw160', 'original', 95);

##---------------------------------------------------------------                 

                                                                      

INSERT INTO art (artist, title, media, width, height, image, pricing_info, main_image, image_width, image_height)
	VALUES(304,
	       'invention 6',
	       'goache on paper',
	       31,
	       41,
	       'invention-6',
	      'original, &pound;95',
	       0,
		488,
		650);
	     
		
INSERT INTO art_pricing(art, item_number, description, price)
	VALUES(LAST_INSERT_ID(), 'jw161', 'original', 95);

##---------------------------------------------------------------                   

                                                                      

INSERT INTO art (artist, title, media, width, height, image, pricing_info, main_image, image_width, image_height)
	VALUES(304,
	       'invention 7',
	       'goache on paper',
	       31,
	       41,
	       'invention-7',
	      'original, &pound;95',
	       0,
		488,
		650);
	     
		
INSERT INTO art_pricing(art, item_number, description, price)
	VALUES(LAST_INSERT_ID(), 'jw162', 'original', 95);

##---------------------------------------------------------------                    

                                                                      

INSERT INTO art (artist, title, media, width, height, image, pricing_info, main_image, image_width, image_height)
	VALUES(304,
	       'invention 8',
	       'goache on paper',
	       31,
	       41,
	       'invention-8',
	      'original, &pound;95',
	       0,
		488,
		650);
	     
		
INSERT INTO art_pricing(art, item_number, description, price)
	VALUES(LAST_INSERT_ID(), 'jw163', 'original', 95);

##---------------------------------------------------------------                      

                         
                             
                   
 



INSERT INTO artist (id, name, statement, notes, display)
	VALUES(305, 'kelly lester',
	'<p class="artist">Artist from Kirkby, a place that has actively fuelled my work for the last few years. Currently studying BA (hons) Fine Art Painting at St Helens College, I have just finished 2nd year. I have recently exhibited work within the college as well as in the local Kiiro Gallery, a hugely successful exhibition that I am proud I was apart of.</p>

<p class="artist">I focus my work on myself and use it as a way of expressing emotions or opinions, on things that affect my life. Using a range of materials, I am able to do this. At the moment, my work employs fabric, stitch, acrylic and house paints by means of layering fabric pieces repeatedly with alternating coats of acrylic and house paints, then stitching together. The painted fabric is irregular; reacting differently each time it is stitched into, the whole process is something quite unpredictable which reflects my reality. Using text allows me to be blunt and to the point about things I wish to express, although sometimes I do not wish to be so obvious, at these times I enjoy creating paintings using only my hands and house paints in order to articulate these certain emotions.</p>


<p class="artist">
</p>

<p class="artist"></p>',
               NULL,
	       1);

##---------------------------------------------------------------



INSERT INTO art (artist, title, media, width, height, image, pricing_info, main_image, image_width, image_height)
	VALUES(305,
	       'selfie 2',
	       'acrylic and house paint on canvas',
	       40,
	       30,
	       'selfie-2',
	      'original, &pound;100',
	       0,
		529,
		650);
	     
		
INSERT INTO art_pricing(art, item_number, description, price)
	VALUES(LAST_INSERT_ID(), 'ke101', 'original', 100);

##---------------------------------------------------------------       



INSERT INTO art (artist, title, media, width, height, image, pricing_info, main_image, image_width, image_height)
	VALUES(305,
	       'selfie 1',
	       'watercolour on paper',
	       30,
	       21,
	       'selfie-1',
	      'original, &pound;70',
	       0,
		470,
		650);
	     
		
INSERT INTO art_pricing(art, item_number, description, price)
	VALUES(LAST_INSERT_ID(), 'ke102', 'original', 70);

##---------------------------------------------------------------         



INSERT INTO art (artist, title, media, width, height, image, pricing_info, main_image, image_width, image_height)
	VALUES(305,
	       'leave me alone',
	       'house paint and stitch on fabric',
	       54,
	       37,
	       'leave-me-alone',
	      'original, &pound;245',
	       0,
		433,
		650);
	     
		
INSERT INTO art_pricing(art, item_number, description, price)
	VALUES(LAST_INSERT_ID(), 'ke103', 'original', 245);

##---------------------------------------------------------------           



INSERT INTO art (artist, title, media, width, height, image, pricing_info, main_image, image_width, image_height)
	VALUES(305,
	       'people',
	       'house paint on canvas',
	       60,
	       50,
	       'people',
	      'original, &pound;130',
	       0,
		549,
		650);
	     
		
INSERT INTO art_pricing(art, item_number, description, price)
	VALUES(LAST_INSERT_ID(), 'ke104', 'original', 130);

##---------------------------------------------------------------             



INSERT INTO art (artist, title, media, width, height, image, pricing_info, main_image, image_width, image_height)
	VALUES(305,
	       'kirkby 24',
	       'house paint and acrylic on canvas',
	       60,
	       50,
	       'kirkby-24',
	      'original, &pound;130',
	       1,
		583,
		650);
	     
		
INSERT INTO art_pricing(art, item_number, description, price)
	VALUES(LAST_INSERT_ID(), 'ke105', 'original', 130);

##---------------------------------------------------------------                



INSERT INTO art (artist, title, media, width, height, image, pricing_info, main_image, image_width, image_height)
	VALUES(305,
	       'untitled',
	       'house paint acrylic and stitch on fabric',
	       40,
	       30,
	       'untitled',
	      'original, &pound;100',
	       0,
		470,
		650);
	     
		
INSERT INTO art_pricing(art, item_number, description, price)
	VALUES(LAST_INSERT_ID(), 'ke106', 'original', 100);

##---------------------------------------------------------------                  



INSERT INTO art (artist, title, media, width, height, image, pricing_info, main_image, image_width, image_height)
	VALUES(305,
	       'i am not happy',
	       'house paint acrylic and stitch on fabric',
	       16,
	       17,
	       'i-am-not-happy',
	      'original, &pound;60',
	       0,
		650,
		591);
	     
		
INSERT INTO art_pricing(art, item_number, description, price)
	VALUES(LAST_INSERT_ID(), 'ke107', 'original', 60);

##---------------------------------------------------------------                      



INSERT INTO art (artist, title, media, width, height, image, pricing_info, main_image, image_width, image_height)
	VALUES(305,
	       'no respect',
	       'stitch on fabric',
	       46.5,
	       38,
	       'no-respect',
	      'original, &pound;180',
	       0,
		507,
		650);
	     
		
INSERT INTO art_pricing(art, item_number, description, price)
	VALUES(LAST_INSERT_ID(), 'ke108', 'original', 180);

##---------------------------------------------------------------                        



INSERT INTO art (artist, title, media, width, height, image, pricing_info, main_image, image_width, image_height)
	VALUES(305,
	       'relief',
	       'house paint and stitch on fabric',
	       17.5,
	       17,
	       'relief',
	      'original, &pound;60',
	       0,
		605,
		650);
	     
		
INSERT INTO art_pricing(art, item_number, description, price)
	VALUES(LAST_INSERT_ID(), 'ke109', 'original', 60);

##---------------------------------------------------------------   


 



INSERT INTO artist (id, name, statement, notes, display)
	VALUES(306, 'kristel pillkahn',
	'<p class="artist">Born in Puerto La Cruz - Venezuela, Kristel moved to the United Kingdom a few years ago to study. She now lives and works as a freelance artist in Liverpool where she feels captivated by the old streets and landscapes around the Mersey. Her paintings are held in private collections and have been exhibited in venues across Merseyside.</p>

<p class="artist">Kristel mainly works in acrylics and pastel, although she also loves coloured pencils and inks.  Her creations are a celebration of colour. Her palette is vibrant and fascinating. She is always trying to reflect the beautiful colours and forms out there and transform them into unique and beautiful pieces of art that can hopefully lift heavy hearts and bring smiles to people''s faces. That is her greatest desire.</p>


<p class="artist">
</p>

<p class="artist"></p>',
               NULL,
	       1);

##---------------------------------------------------------------



INSERT INTO art (artist, title, media, width, height, image, pricing_info, main_image, image_width, image_height)
	VALUES(306,
	       'enchanted night',
	       'acrylic on canvas',
	       50,
	       70,
	       'enchanted-night',
	      'original, &pound;420',
	       1,
		460,
		650);
	     
		
INSERT INTO art_pricing(art, item_number, description, price)
	VALUES(LAST_INSERT_ID(), 'kh101', 'original', 420);

##---------------------------------------------------------------     



INSERT INTO art (artist, title, media, width, height, image, pricing_info, main_image, image_width, image_height)
	VALUES(306,
	       'suize',
	       'acrylic on canvas',
	       40,
	       40,
	       'suzie',
	      'original, &pound;85',
	       0,
		650,
		645);
	     
		
INSERT INTO art_pricing(art, item_number, description, price)
	VALUES(LAST_INSERT_ID(), 'kh102', 'original', 85);

##---------------------------------------------------------------       



INSERT INTO art (artist, title, media, width, height, image, pricing_info, main_image, image_width, image_height)
	VALUES(306,
	       'new beginning',
	       'acrylic on canvas',
	       50,
	       60,
	       'new-beginning',
	      'original, &pound;350',
	       0,
		650,
		533);
	     
		
INSERT INTO art_pricing(art, item_number, description, price)
	VALUES(LAST_INSERT_ID(), 'kh103', 'original', 350);

##---------------------------------------------------------------          



INSERT INTO art (artist, title, media, width, height, image, pricing_info, main_image, image_width, image_height)
	VALUES(306,
	       'cherry blossom',
	       'acrylic on canvas',
	       60,
	       60,
	       'cherry-blossom',
	      'original, &pound;350',
	       0,
		650,
		649);
	     
		
INSERT INTO art_pricing(art, item_number, description, price)
	VALUES(LAST_INSERT_ID(), 'kh104', 'original', 350);

##---------------------------------------------------------------             



INSERT INTO art (artist, title, media, width, height, image, pricing_info, main_image, image_width, image_height)
	VALUES(306,
	       'spring',
	       'acrylic on canvas',
	       50.5,
	       40.5,
	       'spring',
	      'original, &pound;200',
	       0,
		650,
		515);
	     
		
INSERT INTO art_pricing(art, item_number, description, price)
	VALUES(LAST_INSERT_ID(), 'kh105', 'original', 200);

##---------------------------------------------------------------               



INSERT INTO art (artist, title, media, width, height, image, pricing_info, main_image, image_width, image_height)
	VALUES(306,
	       'golden serenade',
	       'mixed media',
	       40,
	       30,
	       'golden-serenade',
	      'original, &pound;85',
	       0,
		650,
		490);
	     
		
INSERT INTO art_pricing(art, item_number, description, price)
	VALUES(LAST_INSERT_ID(), 'kh106', 'original', 85);

##---------------------------------------------------------------              



INSERT INTO art (artist, title, media, width, height, image, pricing_info, main_image, image_width, image_height)
	VALUES(306,
	       'blossom',
	       'acrylic on canvas',
	       50,
	       40,
	       'blossom',
	      'original, &pound;170',
	       0,
		650,
		522);
	     
		
INSERT INTO art_pricing(art, item_number, description, price)
	VALUES(LAST_INSERT_ID(), 'kh108', 'original', 170);

##---------------------------------------------------------------              


INSERT INTO art (artist, title, media, width, height, image, pricing_info, main_image, image_width, image_height)
	VALUES(306,
	       'lets play',
	       'mixed media',
	       40,
	       30,
	       'lets-play',
	      'original, &pound;85',
	       0,
		650,
		486);
	     
		
INSERT INTO art_pricing(art, item_number, description, price)
	VALUES(LAST_INSERT_ID(), 'kh107', 'original', 85);

##---------------------------------------------------------------               




INSERT INTO art (artist, title, media, width, height, image, pricing_info, main_image, image_width, image_height)
	VALUES(306,
	       'pretty and elegant',
	       'mixed media',
	       40,
	       30,
	       'pretty-and-elegant',
	      'sold',
	       0,
		650,
		484);
	     
		

##---------------------------------------------------------------   


 



INSERT INTO artist (id, name, statement, notes, display)
	VALUES(308, 'jessica a stanley',
	'<p class="artist"></p>

<p class="artist">Although born near Liverpool, Jessica Arrowsmith Stanley has recently returned from London where she worked as a freelance painter and mural artist with high profile clients such as Beyond Retro and the Underworld, Camden after receiving a Bachelor''s degree in Mixed Media Fine Art from Westminster University.</p>

<p class="artist">For the most part her works are a collision of objects, pop culture references and typography bursting with colour and movement. From her canvases to her wall pieces, Jessica''s works are lovingly hand painted in rich detail and tailor made for the client in question while retaining Jessica''s distinctive style, blending retro iconography and contemporary street art.</p>

<p class="artist"></p>',
               NULL,
	       1);

##---------------------------------------------------------------



INSERT INTO art (artist, title, media, width, height, image, pricing_info, main_image, image_width, image_height)
	VALUES(308,
	       'wall pt 3',
	       'mixed media on mdf',
	       365,
	       250,
	       'wall-pt-3',
	      'commission example',
	       0,
		650,
		433);
	     
##---------------------------------------------------------------



INSERT INTO art (artist, title, media, width, height, image, pricing_info, main_image, image_width, image_height)
	VALUES(308,
	       'underworld mural',
	       'mixed media on wall',
	       400,
	       210,
	       'underworld-mural',
	      'commission example',
	       0,
		650,
		392);
	     


##---------------------------------------------------------------



INSERT INTO art (artist, title, media, width, height, image, pricing_info, main_image, image_width, image_height)
	VALUES(308,
	       'like digital media mural',
	       'mixed media on wall',
	       300,
	       250,
	       'like-digital-media',
	      'commission example',
	       0,
		650,
		414);
	     


##---------------------------------------------------------------



INSERT INTO art (artist, title, media, width, height, image, pricing_info, main_image, image_width, image_height)
	VALUES(308,
	       'mayfly',
	       'mixed media on wall',
	       490,
	       275,
	       'mayfly',
	      'commission example',
	       1,
		650,
		414);
	     


##---------------------------------------------------------------



INSERT INTO art (artist, title, media, width, height, image, pricing_info, main_image, image_width, image_height)
	VALUES(308,
	       'spin',
	       'acrylic on canvas',
	       180,
	       120,
	       'spin',
	      'commission example',
	       0,
		650,
		435);
	     


##---------------------------------------------------------------



INSERT INTO art (artist, title, media, width, height, image, pricing_info, main_image, image_width, image_height)
	VALUES(308,
	       'ringmaster',
	       'mixed media on canvas',
	       210,
	       120,
	       'ringmaster',
	      'commission example',
	       0,
		650,
		348);
	     


##---------------------------------------------------------------



INSERT INTO art (artist, title, media, width, height, image, pricing_info, main_image, image_width, image_height)
	VALUES(308,
	       'vice',
	       'mixed media on mdf',
	       210,
	       120,
	       'vice',
	      'commission example',
	       0,
		650,
		354);
	     


##---------------------------------------------------------------    

 



INSERT INTO artist (id, name, statement, notes, display)
	VALUES(309, 'keith sweeney',
	'<p class="artist">Keith was born in Huyton Merseyside and spent his formative years in Knowsley Village. He now lives in Prescot with his wife and two daughters. He was introduced to photography from an early age, after being given a Kodak 127 Brownie camera as a child. He loved the sounds it made, winding on the film and firing the shutter, he was hooked!</p>

<p class="artist">In 1982, he studied photography at Wigan Technology, after which he initially worked as a photographic technician, before taking up a position as a medical photographer in 1998. Currently, he is employed as a photographer by National Museums Liverpool. Keith specialises in Infrared Landscapes and Documentary Photography. His main inspiration for photography came from photographers, Bill Brandt, Ansel Adams and Henri Cartier Bresson. Keith believes in the ability to capture emotion and express oneself freely without oppression.</p>


<p class="artist">Keith will personally print each photograph using Harman Fine Art Gloss Fibre Based Baryta paper.
Using Epson Ultrachrome K3 ink technology to produce true black and white photographic prints, each print will be mounted, hand signed, numbered with a certificate of authenticity. Other sizes are also available on request.</p>

<p class="artist"></p>',
               NULL,
	       1);

##---------------------------------------------------------------



INSERT INTO art (artist, title, media, width, height, image, pricing_info, main_image, image_width, image_height)
	VALUES(309,
	       'through the langdales',
	       'photographic print on baryta fibre based paper',
	       28,
	       16,
	       'through-the-langdales',
	      'limited edition print, &pound;55',
	       0,
		650,
		354);
	     
		
INSERT INTO art_pricing(art, item_number, description, price)
	VALUES(LAST_INSERT_ID(), 'ks101', 'limited edition print', 55);

##---------------------------------------------------------------  



INSERT INTO art (artist, title, media, width, height, image, pricing_info, main_image, image_width, image_height)
	VALUES(309,
	       'broken tree',
	       'photographic print on baryta fibre based paper',
	       28,
	       20,
	       'broken-tree',
	      'limited edition print, &pound;55',
	       0,
		650,
		429);
	     
		
INSERT INTO art_pricing(art, item_number, description, price)
	VALUES(LAST_INSERT_ID(), 'ks102', 'limited edition print', 55);

##---------------------------------------------------------------       



INSERT INTO art (artist, title, media, width, height, image, pricing_info, main_image, image_width, image_height)
	VALUES(309,
	       'fishermans hut 1',
	       'photographic print on baryta fibre based paper',
	       28,
	       20,
	       'fishermans-hut-1',
	      'limited edition print, &pound;55',
	       0,
		650,
		432);
	     
		
INSERT INTO art_pricing(art, item_number, description, price)
	VALUES(LAST_INSERT_ID(), 'ks103', 'limited edition print', 55);

##---------------------------------------------------------------         



INSERT INTO art (artist, title, media, width, height, image, pricing_info, main_image, image_width, image_height)
	VALUES(309,
	       'formby coast',
	       'photographic print on baryta fibre based paper',
	       28,
	       20,
	       'formby-coast',
	      'limited edition print, &pound;55',
	       0,
		650,
		467);
	     
		
INSERT INTO art_pricing(art, item_number, description, price)
	VALUES(LAST_INSERT_ID(), 'ks104', 'limited edition print', 55);

##---------------------------------------------------------------           



INSERT INTO art (artist, title, media, width, height, image, pricing_info, main_image, image_width, image_height)
	VALUES(309,
	       'formby footprints',
	       'photographic print on baryta fibre based paper',
	       28,
	       20,
	       'formby-footprints',
	      'limited edition print, &pound;55',
	       1,
		650,
		432);
	     
		
INSERT INTO art_pricing(art, item_number, description, price)
	VALUES(LAST_INSERT_ID(), 'ks105', 'limited edition print', 55);

##---------------------------------------------------------------             



INSERT INTO art (artist, title, media, width, height, image, pricing_info, main_image, image_width, image_height)
	VALUES(309,
	       'formby point',
	       'photographic print on baryta fibre based paper',
	       28,
	       20,
	       'formby-point',
	      'limited edition print, &pound;55',
	       0,
		650,
		432);
	     
		
INSERT INTO art_pricing(art, item_number, description, price)
	VALUES(LAST_INSERT_ID(), 'ks106', 'limited edition print', 55);

##---------------------------------------------------------------              



INSERT INTO art (artist, title, media, width, height, image, pricing_info, main_image, image_width, image_height)
	VALUES(309,
	       'kirkstone horse',
	       'photographic print on baryta fibre based paper',
	       28,
	       20,
	       'kirkstone-horse',
	      'limited edition print, &pound;55',
	       0,
		650,
		432);
	     
		
INSERT INTO art_pricing(art, item_number, description, price)
	VALUES(LAST_INSERT_ID(), 'ks108', 'limited edition print', 55);

##---------------------------------------------------------------                  



INSERT INTO art (artist, title, media, width, height, image, pricing_info, main_image, image_width, image_height)
	VALUES(309,
	       'lindisfarne 1',
	       'photographic print on baryta fibre based paper',
	       28,
	       20,
	       'lindisfarne-1',
	      'limited edition print, &pound;55',
	       0,
		650,
		438);
	     
		
INSERT INTO art_pricing(art, item_number, description, price)
	VALUES(LAST_INSERT_ID(), 'ks109', 'limited edition print', 55);

##---------------------------------------------------------------                    



INSERT INTO art (artist, title, media, width, height, image, pricing_info, main_image, image_width, image_height)
	VALUES(309,
	       'road to ffestiniog 1',
	       'photographic print on baryta fibre based paper',
	       28,
	       20,
	       'road-to-ffestiniog-1',
	      'limited edition print, &pound;55',
	       0,
		650,
		432);
	     
		
INSERT INTO art_pricing(art, item_number, description, price)
	VALUES(LAST_INSERT_ID(), 'ks110', 'limited edition print', 55);

##---------------------------------------------------------------  

 



INSERT INTO art (artist, title, media, width, height, image, pricing_info, main_image, image_width, image_height)
	VALUES(309,
	       'john paul george ringo',
	       'photographic print on baryta fibre based paper',
	       25,
	       20,
	       'john-paul-george',
	      'limited edition print, &pound;55',
	       0,
		650,
		575);
	     
		
INSERT INTO art_pricing(art, item_number, description, price)
	VALUES(LAST_INSERT_ID(), 'ks107', 'limited edition print', 55);

##---------------------------------------------------------------                


 



INSERT INTO artist (id, name, statement, notes, display)
	VALUES(310, 'mike greatbanks',
	'<p class="artist">Having trained and qualified as an art teacher in the late 70s, my career path, however, led me to over 30 years'' involvement in training, rather than teaching art. In 2008, inspired by Liverpool''s year as "Capital Of Culture", I decided that it was time to pick up a paintbrush again.</p>

<p class="artist">Using watercolours, acrylics & oils, I enjoy painting a variety of subjects Inspiration for my painting comes from the fantastic wealth of architecture of Liverpool and the surrounding area, along with the landscape of the north west. I love the interaction of colour, atmosphere and play of light within the subject, and it is this that I aim to capture in my paintings.</p>


<p class="artist">
</p>

<p class="artist"></p>',
               NULL,
	       1);

##---------------------------------------------------------------





INSERT INTO art (artist, title, media, width, height, image, pricing_info, main_image, image_width, image_height)
	VALUES(310,
	       'mersey chambers',
	       'watercolour',
	       33,
	       29,
	       'mersey-chambers',
	      'original, &pound;210',
	       0,
		650,
		488);
	     
		
INSERT INTO art_pricing(art, item_number, description, price)
	VALUES(LAST_INSERT_ID(), 'mg105', 'original', 210);

##----------------------    



INSERT INTO art (artist, title, media, width, height, image, pricing_info, main_image, image_width, image_height)
	VALUES(310,
	       'croxteth hall',
	       'watercolour',
	       36.5,
	       26.5,
	       'croxteth-hall',
	      'original, &pound;210',
	       0,
		650,
		467);
	     
		
INSERT INTO art_pricing(art, item_number, description, price)
	VALUES(LAST_INSERT_ID(), 'mg106', 'original', 210);

##----------------------     



INSERT INTO art (artist, title, media, width, height, image, pricing_info, main_image, image_width, image_height)
	VALUES(310,
	       'sunset 1',
	       'watercolour',
	       30,
	       23,
	       'sunset-1',
	      'original, &pound;175',
	       0,
		650,
		471);
	     
		
INSERT INTO art_pricing(art, item_number, description, price)
	VALUES(LAST_INSERT_ID(), 'mg107', 'original', 175);

##----------------------       



INSERT INTO art (artist, title, media, width, height, image, pricing_info, main_image, image_width, image_height)
	VALUES(310,
	       'all saints church childwall',
	       'watercolour',
	       34.5,
	       24.25,
	       'all-saints-church',
	      'original, &pound;210',
	       0,
		650,
		484);
	     
		
INSERT INTO art_pricing(art, item_number, description, price)
	VALUES(LAST_INSERT_ID(), 'mg108', 'original', 210);

##----------------------      



INSERT INTO art (artist, title, media, width, height, image, pricing_info, main_image, image_width, image_height)
	VALUES(310,
	       'liverpool town hall',
	       'watercolour',
	       38,
	       29,
	       'liverpool-town-hall',
	      'original, &pound;225',
	       1,
		650,
		508);
	     
		
INSERT INTO art_pricing(art, item_number, description, price)
	VALUES(LAST_INSERT_ID(), 'mg109', 'original', 225);

##----------------------        



INSERT INTO art (artist, title, media, width, height, image, pricing_info, main_image, image_width, image_height)
	VALUES(310,
	       'ferry to liverpool',
	       'watercolour',
	       39,
	       29.5,
	       'ferry-to-liverpool',
	      'original, &pound;225',
	       0,
		650,
		486);
	     
		
INSERT INTO art_pricing(art, item_number, description, price)
	VALUES(LAST_INSERT_ID(), 'mg110', 'original', 225);

##----------------------      



INSERT INTO art (artist, title, media, width, height, image, pricing_info, main_image, image_width, image_height)
	VALUES(310,
	       'the isla gladstone conservatory',
	       'watercolour',
	       49,
	       35.5,
	       'the-isla-gladstone',
	      'original, &pound;250',
	       0,
		650,
		485);
	     
		
INSERT INTO art_pricing(art, item_number, description, price)
	VALUES(LAST_INSERT_ID(), 'mg111', 'original', 250);

##----------------------    



INSERT INTO art (artist, title, media, width, height, image, pricing_info, main_image, image_width, image_height)
	VALUES(310,
	       'st georges hall',
	       'watercolour',
	       39,
	       29,
	       'st-georges-hall',
	      'original, &pound;225',
	       0,
		650,
		467);
	     
		
INSERT INTO art_pricing(art, item_number, description, price)
	VALUES(LAST_INSERT_ID(), 'mg112', 'original', 225);

##----------------------


INSERT INTO art (artist, title, media, width, height, image, pricing_info, main_image, image_width, image_height)
	VALUES(310,
	       'birkenhead town hall',
	       'watercolour',
	       49,
	       39,
	       'birkenhead-town-hall',
	      'original, &pound;295',
	       0,
		650,
		516);
	     
		
INSERT INTO art_pricing(art, item_number, description, price)
	VALUES(LAST_INSERT_ID(), 'mg113', 'original', 295);

##----------------------         



INSERT INTO art (artist, title, media, width, height, image, pricing_info, main_image, image_width, image_height)
	VALUES(310,
	       'chinese arch liverpool',
	       'watercolour',
	       29,
	       24.5,
	       'chinese-arch-liverpool',
	      'original, &pound;155',
	       0,
		650,
		551);
	     
		
INSERT INTO art_pricing(art, item_number, description, price)
	VALUES(LAST_INSERT_ID(), 'mg114', 'original', 155);

##----------------------        



INSERT INTO art (artist, title, media, width, height, image, pricing_info, main_image, image_width, image_height)
	VALUES(310,
	       'crosby beach with iron men',
	       'watercolour',
	       34,
	       21.5,
	       'crosby-beach-with',
	      'original, &pound;155',
	       0,
		650,
		417);
	     
		
INSERT INTO art_pricing(art, item_number, description, price)
	VALUES(LAST_INSERT_ID(), 'mg115', 'original', 155);

##----------------------        



INSERT INTO art (artist, title, media, width, height, image, pricing_info, main_image, image_width, image_height)
	VALUES(310,
	       'fort perch rock',
	       'watercolour',
	       49,
	       39,
	       'fort-perch-rock',
	      'original, &pound;295',
	       0,
		650,
		515);
	     
		
INSERT INTO art_pricing(art, item_number, description, price)
	VALUES(LAST_INSERT_ID(), 'mg116', 'original', 295);

##----------------------          



INSERT INTO art (artist, title, media, width, height, image, pricing_info, main_image, image_width, image_height)
	VALUES(310,
	       'hilbre island',
	       'watercolour',
	       49,
	       39,
	       'hilbre-island',
	      'original, &pound;295',
	       0,
		650,
		520);
	     
		
INSERT INTO art_pricing(art, item_number, description, price)
	VALUES(LAST_INSERT_ID(), 'mg117', 'original', 295);

##----------------------      



INSERT INTO art (artist, title, media, width, height, image, pricing_info, main_image, image_width, image_height)
	VALUES(310,
	       'iron man facing the wave',
	       'watercolour',
	       29,
	       21,
	       'iron-man-facing',
	      'original, &pound;155',
	       0,
		650,
		455);
	     
		
INSERT INTO art_pricing(art, item_number, description, price)
	VALUES(LAST_INSERT_ID(), 'mg118', 'original', 155);

##----------------------     



INSERT INTO art (artist, title, media, width, height, image, pricing_info, main_image, image_width, image_height)
	VALUES(310,
	       'lady lever art gallery',
	       'watercolour',
	       49,
	       39,
	       'lady-lever-art',
	      'original, &pound;295',
	       0,
		650,
		514);
	     
		
INSERT INTO art_pricing(art, item_number, description, price)
	VALUES(LAST_INSERT_ID(), 'mg119', 'original', 295);

##----------------------            



INSERT INTO art (artist, title, media, width, height, image, pricing_info, main_image, image_width, image_height)
	VALUES(310,
	       'sefton park palm house',
	       'watercolour',
	       40,
	       30,
	       'sefton-park-palm',
	      'original, &pound;245',
	       0,
		650,
		475);
	     
		
INSERT INTO art_pricing(art, item_number, description, price)
	VALUES(LAST_INSERT_ID(), 'mg120', 'original', 245);

##----------------------                 



INSERT INTO art (artist, title, media, width, height, image, pricing_info, main_image, image_width, image_height)
	VALUES(310,
	       'the florence institute liverpool',
	       'watercolour',
	       30,
	       24,
	       'the-florence-institute',
	      'original, &pound;155',
	       0,
		650,
		483);
	     
		
INSERT INTO art_pricing(art, item_number, description, price)
	VALUES(LAST_INSERT_ID(), 'mg121', 'original', 155);

##----------------------

 



INSERT INTO art (artist, title, media, width, height, image, pricing_info, main_image, image_width, image_height)
	VALUES(310,
	       'buttermere',
	       'watercolour',
	       28,
	       20,
	       'buttermere-looking',
	      'original, &pound;155',
	       0,
		650,
		449);
	     
		
INSERT INTO art_pricing(art, item_number, description, price)
	VALUES(LAST_INSERT_ID(), 'mg101', 'original', 155);

##----------------------    



INSERT INTO art (artist, title, media, width, height, image, pricing_info, main_image, image_width, image_height)
	VALUES(310,
	       'castlerigg stone circle',
	       'watercolour',
	       28,
	       19,
	       'castlerigg-stone-circle',
	      'original, &pound;155',
	       0,
		650,
		445);
	     
		
INSERT INTO art_pricing(art, item_number, description, price)
	VALUES(LAST_INSERT_ID(), 'mg102', 'original', 155);

##----------------------      



INSERT INTO art (artist, title, media, width, height, image, pricing_info, main_image, image_width, image_height)
	VALUES(310,
	       'ferry on the mersey',
	       'watercolour',
	       26.5,
	       17.4,
	       'ferry-on-the',
	      'original, &pound;155',
	       0,
		650,
		529);
	     
		
INSERT INTO art_pricing(art, item_number, description, price)
	VALUES(LAST_INSERT_ID(), 'mg103', 'original', 155);

##----------------------      



INSERT INTO art (artist, title, media, width, height, image, pricing_info, main_image, image_width, image_height)
	VALUES(310,
	       'view of the welsh hills',
	       'watercolour',
	       48,
	       39.5,
	       'view-of-the',
	      'original, &pound;275',
	       0,
		526,
		650);
	     
		
INSERT INTO art_pricing(art, item_number, description, price)
	VALUES(LAST_INSERT_ID(), 'mg104', 'original', 275);

##----------------------      



INSERT INTO artist (id, name, statement, notes, display)
	VALUES(311, 'jessica sullivan',
	'<p class="artist">I was born in Liverpool and grew up in a family inspired by art. I travelled as a young adult and though my varied life experiences I can express my creativity through colour, depth and emotion of my conscious and subconscious mind.
I work predominantly with acrylic on canvas, and I also like to hand draw caricature using a mixed medium of charcoal and wax crayon.
</p>

<p class="artist"></p>


<p class="artist">
</p>

<p class="artist"></p>',
               NULL,
	       1);

##---------------------------------------------------------------



INSERT INTO art (artist, title, media, width, height, image, pricing_info, main_image, image_width, image_height)
	VALUES(311,
	       'bumble bee',
	       'acrylic on canvas',
	       50,
	       60,
	       'bumble-bee',
	      'original, &pound;220',
	       0,
		527,
		650);
	     
		
INSERT INTO art_pricing(art, item_number, description, price)
	VALUES(LAST_INSERT_ID(), 'je101', 'original', 220);

##----------------------        



INSERT INTO art (artist, title, media, width, height, image, pricing_info, main_image, image_width, image_height)
	VALUES(311,
	       'blue meadow',
	       'acrylic on canvas',
	       50,
	       60,
	       'blue-meadow',
	      'original, &pound;220',
	       0,
		650,
		538);
	     
		
INSERT INTO art_pricing(art, item_number, description, price)
	VALUES(LAST_INSERT_ID(), 'je102', 'original', 220);

##----------------------                 



INSERT INTO art (artist, title, media, width, height, image, pricing_info, main_image, image_width, image_height)
	VALUES(311,
	       'secret treasure',
	       'acrylic on canvas',
	       50,
	       60,
	       'secret-treasure',
	      'original, &pound;220',
	       0,
		650,
		538);
	     
		
INSERT INTO art_pricing(art, item_number, description, price)
	VALUES(LAST_INSERT_ID(), 'je103', 'original', 220);

##----------------------                     



INSERT INTO art (artist, title, media, width, height, image, pricing_info, main_image, image_width, image_height)
	VALUES(311,
	       'ophelia',
	       'acrylic on canvas',
	       50,
	       60,
	       'ophelia',
	      'original, &pound;220',
	       0,
		535,
		650);
	     
		
INSERT INTO art_pricing(art, item_number, description, price)
	VALUES(LAST_INSERT_ID(), 'je104', 'original', 220);

##----------------------                         



INSERT INTO art (artist, title, media, width, height, image, pricing_info, main_image, image_width, image_height)
	VALUES(311,
	       'tulips',
	       'acrylic on canvas',
	       50,
	       60,
	       'tulips',
	      'original, &pound;220',
	       0,
		528,
		650);
	     
		
INSERT INTO art_pricing(art, item_number, description, price)
	VALUES(LAST_INSERT_ID(), 'je105', 'original', 220);

##----------------------                              



INSERT INTO art (artist, title, media, width, height, image, pricing_info, main_image, image_width, image_height)
	VALUES(311,
	       'mermaids',
	       'acrylic on canvas',
	       50,
	       60,
	       'mermaids',
	      'original, &pound;220',
	       0,
		545,
		650);
	     
		
INSERT INTO art_pricing(art, item_number, description, price)
	VALUES(LAST_INSERT_ID(), 'je106', 'original', 220);

##----------------------                                   



INSERT INTO art (artist, title, media, width, height, image, pricing_info, main_image, image_width, image_height)
	VALUES(311,
	       'india',
	        'acrylic on canvas',
	       90,
	       90,
	       'india',
	      'original, &pound;500',
	       0,
		650,
		609);
	     
		
INSERT INTO art_pricing(art, item_number, description, price)
	VALUES(LAST_INSERT_ID(), 'je107', 'original', 500);

##----------------------                                          



INSERT INTO art (artist, title, media, width, height, image, pricing_info, main_image, image_width, image_height)
	VALUES(311,
	       'tribe',
	        'acrylic on canvas',
	       90,
	       90,
	       'tribe',
	      'original, &pound;500',
	       0,
		626,
		650);
	     
		
INSERT INTO art_pricing(art, item_number, description, price)
	VALUES(LAST_INSERT_ID(), 'je108', 'original', 500);

##----------------------    

 

INSERT INTO art (artist, title, media, width, height, image, pricing_info, main_image, image_width, image_height)
	VALUES(311,
	       'anenome',
	        'acrylic on canvas',
	       150,
	       120,
	       'anenome',
	      'original, &pound;750',
	       0,
		650,
		449);
	     
		
INSERT INTO art_pricing(art, item_number, description, price)
	VALUES(LAST_INSERT_ID(), 'je109', 'original', 750);

##----------------------                                                 



INSERT INTO art (artist, title, media, width, height, image, pricing_info, main_image, image_width, image_height)
	VALUES(311,
	       'enduring',
	        'acrylic on canvas',
	       127,
	       110,
	       'enduring',
	      'original, &pound;450',
	       0,
		471,
		650);
	     
		
INSERT INTO art_pricing(art, item_number, description, price)
	VALUES(LAST_INSERT_ID(), 'je110', 'original', 450);

##----------------------                                                   



INSERT INTO art (artist, title, media, width, height, image, pricing_info, main_image, image_width, image_height)
	VALUES(311,
	       'japan',
	        'acrylic on canvas',
	       150,
	       120,
	       'japan',
	      'original, &pound;750',
	       0,
		650,
		433);
	     
		
INSERT INTO art_pricing(art, item_number, description, price)
	VALUES(LAST_INSERT_ID(), 'je111', 'original', 750);

##----------------------                                                           



INSERT INTO art (artist, title, media, width, height, image, pricing_info, main_image, image_width, image_height)
	VALUES(311,
	       'oriental fusion',
	        'acrylic on canvas',
	       90,
	       90,
	       'oriental-fusion',
	      'original, &pound;750',
	       0,
		482,
		650);
	     
		
INSERT INTO art_pricing(art, item_number, description, price)
	VALUES(LAST_INSERT_ID(), 'je112', 'original', 750);

##----------------------                                                              



INSERT INTO art (artist, title, media, width, height, image, pricing_info, main_image, image_width, image_height)
	VALUES(311,
	       'pyrotechnics',
	        'acrylic on canvas',
	       150,
	       120,
	       'pyrotechnics',
	      'original, &pound;750',
	       0,
		650,
		437);
	     
		
INSERT INTO art_pricing(art, item_number, description, price)
	VALUES(LAST_INSERT_ID(), 'je113', 'original', 750);

##----------------------                                                               



INSERT INTO art (artist, title, media, width, height, image, pricing_info, main_image, image_width, image_height)
	VALUES(311,
	       'tropical',
	        'acrylic on canvas',
	       90,
	       90,
	       'tropical',
	      'original, &pound;550',
	       1,
		650,
		650);
	     
		
INSERT INTO art_pricing(art, item_number, description, price)
	VALUES(LAST_INSERT_ID(), 'je114', 'original', 550);

##----------------------                                                                      



INSERT INTO art (artist, title, media, width, height, image, pricing_info, main_image, image_width, image_height)
	VALUES(311,
	       'ruth',
	        'mixed media on paper',
	       30,
	       21,
	       'ruth',
	      'original, &pound;60',
	       0,
		427,
		650);
	     
		
INSERT INTO art_pricing(art, item_number, description, price)
	VALUES(LAST_INSERT_ID(), 'je115', 'original', 60);

##----------------------                                                                         



INSERT INTO art (artist, title, media, width, height, image, pricing_info, main_image, image_width, image_height)
	VALUES(311,
	       'suki',
	        'mixed media on paper',
	       30,
	       21,
	       'suki',
	      'original, &pound;60',
	       0,
		431,
		650);
	     
		
INSERT INTO art_pricing(art, item_number, description, price)
	VALUES(LAST_INSERT_ID(), 'je116', 'original', 60);

##----------------------                                                                                  



INSERT INTO art (artist, title, media, width, height, image, pricing_info, main_image, image_width, image_height)
	VALUES(311,
	       'busy life',
	        'acrylic on canvas',
	       90,
	       90,
	       'busy-life',
	      'commission example',
	       0,
		650,
		646);
	     
		


##----------------------                                                                                     




INSERT INTO art (artist, title, media, width, height, image, pricing_info, main_image, image_width, image_height)
	VALUES(311,
	       'englightment',
	        'acrylic on canvas',
	       90,
	       90,
	       'englightment',
	      'commission example',
	       0,
		649,
		650);
	     
		


##----------------------                                                                                           



INSERT INTO art (artist, title, media, width, height, image, pricing_info, main_image, image_width, image_height)
	VALUES(311,
	       'fantasy',
	        'acrylic on canvas',
	       90,
	       90,
	       'fantasy',
	      'commission example',
	       0,
		650,
		640);
	     
		


##----------------------                                                                                               






INSERT INTO art (artist, title, media, width, height, image, pricing_info, main_image, image_width, image_height)
	VALUES(311,
	       'splash',
	        'acrylic on canvas',
	       100,
	       125,
	       'splash',
	      'commission example',
		 0, 
		 488,                                                                                                                                                  
		650);
	     
		

##----------------------                                                                                                       



INSERT INTO art (artist, title, media, width, height, image, pricing_info, main_image, image_width, image_height)
	VALUES(311,
	       'the three of hearts 1',
	        'acrylic on canvas',
	       150,
	       100,
	       'the-three-of1',
	      'commission example',
	 0, 
		 424,                                                                                                                                                  
		650);
	     
		


##----------------------                                                                                                             



INSERT INTO art (artist, title, media, width, height, image, pricing_info, main_image, image_width, image_height)
	VALUES(311,
	       'the three of hearts 2',
	        'acrylic on canvas',
	       150,
	       100,
	       'the-three-of2',
	      'commission example',
	  0, 
		 435,                                                                                                                                                  
		650);
		

##----------------------                                                                                                                     



INSERT INTO art (artist, title, media, width, height, image, pricing_info, main_image, image_width, image_height)
	VALUES(311,
	       'the three of hearts 3',
	        'acrylic on canvas',
	       150,
	       100,
	       'the-three-of3',
	      'commission example',
	  0, 
		 427,                                                                                                                                                  
		650);
	     
		


##----------------------                                                                                                                        



INSERT INTO art (artist, title, media, width, height, image, pricing_info, main_image, image_width, image_height)
	VALUES(311,
	       'winkle',
	        'acrylic on canvas',
	       90,
	       90,
	       'winkle',
	      'commission example',
	   0, 
		 650,                                                                                                                                                  
		637);
	     



##----------------------   




INSERT INTO art (artist, title, media, width, height, image, pricing_info, main_image, image_width, image_height)
	VALUES(311,
	       'sea butterfly',
	        'acrylic on canvas',
	       90,
	       90,
	       'sea-butterfly',
	      'commission example',
	       0,
		640,
		650);
	     
		


##----------------------                                                                                                   


INSERT INTO art (artist, title, media, width, height, image, pricing_info, main_image, image_width, image_height)
	VALUES(311,
	       'coral snail',
	        'acrylic on canvas',
	       90,
	       90,
	       'coral-snail',
	      'commission example',
	      0,
		649,
		650);
	     
		

##----------------------                                                                                     





INSERT INTO artist (id, name, statement, notes, display)
	VALUES(312, 'paula tasker lynch',
	'<p class="artist">I graduated from John Moores University with a BA(Hons) in Fine Art in 1993, was fortunate enough to get a studio at the Bridewell Studios within a year and have been working there ever since. I spent 14 years lecturing in Fine Art and Art and Design at City of Liverpool College while continuing my own studio practice and exhibiting.</p>

<p class="artist">My work is abstract and inspired by landscape, particularly in capturing fleeting moments that create visual drama, be it changing light or the effects of weather. The dramatic landscapes and skies of the Pennines, Northern Ireland and Snowdonia are the key inspiration for much of my work. Strong colour contrasts and use of texture are very important in creating my oil paintings, drawings and mixed media pieces.</p>


<p class="artist">
</p>

<p class="artist"></p>',
               NULL,
	       1);

##---------------------------------------------------------------



INSERT INTO art (artist, title, media, width, height, image, pricing_info, main_image, image_width, image_height)
	VALUES(312,
	       'earth',
	       'oil and corn husk on canvas',
	       60,
	       60,
	       'earth',
	      'original, &pound;300',
	       0,
		650,
		637);
	     
		
INSERT INTO art_pricing(art, item_number, description, price)
	VALUES(LAST_INSERT_ID(), 'pt101', 'original', 300);


##--------------------------------------------------------------- 



INSERT INTO art (artist, title, media, width, height, image, pricing_info, main_image, image_width, image_height)
	VALUES(312,
	       'land',
	       'oil on canvas',
	       60,
	       60,
	       'land',
	      'original, &pound;300',
	       0,
		650,
		648);
	     
		
INSERT INTO art_pricing(art, item_number, description, price)
	VALUES(LAST_INSERT_ID(), 'pt102', 'original', 300);


##--------------------------------------------------------------- 



INSERT INTO art (artist, title, media, width, height, image, pricing_info, main_image, image_width, image_height)
	VALUES(312,
	       'rock',
	       'oil and varnish on canvas',
	       60,
	       60,
	       'rock',
	      'original, &pound;300',
	       0,
		650,
		644);
	     
		
INSERT INTO art_pricing(art, item_number, description, price)
	VALUES(LAST_INSERT_ID(), 'pt103', 'original', 300);


##--------------------------------------------------------------- 



INSERT INTO art (artist, title, media, width, height, image, pricing_info, main_image, image_width, image_height)
	VALUES(312,
	       'skies',
	       'oil and varnish on canvas',
	       60,
	       60,
	       'skies',
	      'original, &pound;300',
	       1,
		645,
		650);
	     
		
INSERT INTO art_pricing(art, item_number, description, price)
	VALUES(LAST_INSERT_ID(), 'pt104', 'original', 300);


##---------------------------------------------------------------  



INSERT INTO art (artist, title, media, width, height, image, pricing_info, main_image, image_width, image_height)
	VALUES(312,
	       'river',
	       'oil and gold leaf on canvas',
	       60,
	       60,
	       'river',
	      'original, &pound;300',
	       0,
		650,
		649);
	     
		
INSERT INTO art_pricing(art, item_number, description, price)
	VALUES(LAST_INSERT_ID(), 'pt105', 'original', 300);


##--------------------------------------------------------------- 



INSERT INTO art (artist, title, media, width, height, image, pricing_info, main_image, image_width, image_height)
	VALUES(312,
	       'shore',
	       'oil and gold leaf on canvas',
	       60,
	       60,
	       'shore',
	      'original, &pound;300',
	       0,
		641,
		650);
	     
		
INSERT INTO art_pricing(art, item_number, description, price)
	VALUES(LAST_INSERT_ID(), 'pt106', 'original', 300);


##---------------------------------------------------------------   



INSERT INTO art (artist, title, media, width, height, image, pricing_info, main_image, image_width, image_height)
	VALUES(312,
	       'under a cloud',
	       'oil on canvas',
	       49,
	       40,
	       'under-a-cloud',
	      'original, &pound;240',
	       0,
		650,
		528);
	     
		
INSERT INTO art_pricing(art, item_number, description, price)
	VALUES(LAST_INSERT_ID(), 'pt107', 'original', 240);


##---------------------------------------------------------------   



INSERT INTO art (artist, title, media, width, height, image, pricing_info, main_image, image_width, image_height)
	VALUES(312,
	       'suspension 2',
	       'oil and varnish on canvas',
	       37,
	       83,
	       'suspension-2',
	      'original, &pound;300',
	       0,
		291,
		650);
	     
		
INSERT INTO art_pricing(art, item_number, description, price)
	VALUES(LAST_INSERT_ID(), 'pt108', 'original', 300);


##---------------------------------------------------------------



INSERT INTO art (artist, title, media, width, height, image, pricing_info, main_image, image_width, image_height)
	VALUES(312,
	       'wordscape 1',
	       'collage on relief',
	       62,
	       90,
	       'wordscape-1',
	      'original, &pound;500',
	       0,
		481,
		650);
	     
		
INSERT INTO art_pricing(art, item_number, description, price)
	VALUES(LAST_INSERT_ID(), 'pt109', 'original', 500);


##---------------------------------------------------------------  



INSERT INTO art (artist, title, media, width, height, image, pricing_info, main_image, image_width, image_height)
	VALUES(312,
	       'wordscape 2',
	       'collage on relief',
	       62,
	       90,
	       'wordscape-2',
	      'original, &pound;500',
	       0,
		479,
		650);
	     
		
INSERT INTO art_pricing(art, item_number, description, price)
	VALUES(LAST_INSERT_ID(), 'pt110', 'original', 500);


##---------------------------------------------------------------  



INSERT INTO art (artist, title, media, width, height, image, pricing_info, main_image, image_width, image_height)
	VALUES(312,
	       'blue estuary',
	       'oil and mixed media on relief',
	       62,
	       90,
	       'blue-estuary',
	      'original, &pound;400',
	       0,
		470,
		650);
	     
		
INSERT INTO art_pricing(art, item_number, description, price)
	VALUES(LAST_INSERT_ID(), 'pt111', 'original', 400);


##---------------------------------------------------------------   



INSERT INTO art (artist, title, media, width, height, image, pricing_info, main_image, image_width, image_height)
	VALUES(312,
	       'blue cove',
	       'oil and mixed media on relief',
	       62,
	       90,
	       'blue-cove',
	      'original, &pound;400',
	       0,
		483,
		650);
	     
		
INSERT INTO art_pricing(art, item_number, description, price)
	VALUES(LAST_INSERT_ID(), 'pt112', 'original', 400);


##---------------------------------------------------------------    



INSERT INTO art (artist, title, media, width, height, image, pricing_info, main_image, image_width, image_height)
	VALUES(312,
	       'reflection in blue and green',
	       'oil and mixed media on canvas',
	       64,
	       94,
	       'reflection-in-blue',
	      'original, &pound;320',
	       0,
		474,
		650);
	     
		
INSERT INTO art_pricing(art, item_number, description, price)
	VALUES(LAST_INSERT_ID(), 'pt113', 'original', 320);


##---------------------------------------------------------------     



INSERT INTO art (artist, title, media, width, height, image, pricing_info, main_image, image_width, image_height)
	VALUES(312,
	       'tidal sand view 1',
	       'mixed media on wood',
	       12,
	       12,
	       'tidal-sand-view1',
	      'original, &pound;45',
	       0,
		650,
		488);
	     
		
INSERT INTO art_pricing(art, item_number, description, price)
	VALUES(LAST_INSERT_ID(), 'pt114', 'original', 45);


##---------------------------------------------------------------      



INSERT INTO art (artist, title, media, width, height, image, pricing_info, main_image, image_width, image_height)
	VALUES(312,
	       'tidal sand view 2',
	       'mixed media on wood',
	       12,
	       12,
	       'tidal-sand-view2',
	      'original, &pound;45',
	       0,
		650,
		488);
	     
		
INSERT INTO art_pricing(art, item_number, description, price)
	VALUES(LAST_INSERT_ID(), 'pt115', 'original', 45);


##---------------------------------------------------------------         



INSERT INTO art (artist, title, media, width, height, image, pricing_info, main_image, image_width, image_height)
	VALUES(312,
	       'tidal sand view 3',
	       'mixed media on wood',
	       12,
	       12,
	       'tidal-sand-view3',
	      'original, &pound;45',
	       0,
		650,
		488);
	     
		
INSERT INTO art_pricing(art, item_number, description, price)
	VALUES(LAST_INSERT_ID(), 'pt116', 'original', 45);


##---------------------------------------------------------------            



INSERT INTO art (artist, title, media, width, height, image, pricing_info, main_image, image_width, image_height)
	VALUES(312,
	       'tidal sand view 4',
	       'mixed media on wood',
	       12,
	       12,
	       'tidal-sand-view4',
	      'original, &pound;45',
	       0,
		650,
		488);
	     
		
INSERT INTO art_pricing(art, item_number, description, price)
	VALUES(LAST_INSERT_ID(), 'pt117', 'original', 45);



 ##---------------------------------------------------------------            



INSERT INTO artist (id, name, statement, notes, display)
	VALUES(314, 'ben hughes',
	'<p class="artist">Growing up in Liverpool, coupled with an insatiable appetite
for scouse culture, has enabled Ben Hughes to create not only his
own visual interpretation of Liverpool and the North West of England,
but also to promote, through art and music, his love of the environment
in which he lives. Ben has a unique artistic style, offering his own interpretation
of life through art, which provides an artistic view that simply attracts
and holds the eye.

.</p>

<p class="artist">In his paintings of Liverpool''s Cathedrals, Railway Station,
Albert Docks, shopping malls and Old Trafford, the daily hustle and bustle
of peoples lives is captured in a simplicity that brings all of that together.
Looking at Ben Hughes'' art, it is easy to feel the passion for Liverpool
and the North East that also comes from his music compositions.  It is as if
the art is full of a huge feeling of joy in the subjects Ben has
chosen to capture.
</p>


<p class="artist">Ben Hughes Music together with Ben Hughes Art both promote what
is really important to this young creative "son of Liverpool".</p>

<p class="artist">Please call 0845 0176660 to arrange viewing of framed original works.</p>',
               NULL,
	       1);

##---------------------------------------------------------------



INSERT INTO art (artist, title, media, width, height, image, pricing_info, main_image, image_width, image_height)
	VALUES(314,
	       'anfield',
	       'watercolour on paper',
	       44.5,
	       39,
	       'anfield',
	      'limited edition print, &pound;99',
	       0,
		650,
		439);
	     
		
INSERT INTO art_pricing(art, item_number, description, price)
	VALUES(LAST_INSERT_ID(), 'bh101', 'limited edition print', 99);


##---------------------------------------------------------------     



INSERT INTO art (artist, title, media, width, height, image, pricing_info, main_image, image_width, image_height)
	VALUES(314,
	       'bold street liverpool',
	   	       'watercolour on paper',
	       44.5,
	       39,
	       'bold-street-liverpool',
	      'limited edition print, &pound;99',
	       0,
		443,
		650);
	     
		
INSERT INTO art_pricing(art, item_number, description, price)
	VALUES(LAST_INSERT_ID(), 'bh102', 'limited edition print', 99);


##---------------------------------------------------------------         




INSERT INTO art (artist, title, media, width, height, image, pricing_info, main_image, image_width, image_height)
	VALUES(314,
	       'bold street liverpool',
	   'watercolour on paper',
	       60,
	       42,
	       'bold-street-liverpool',
	      'framed original, &pound;300',
	       0,
		443,
		650);
	     


##---------------------------------------------------------------  


INSERT INTO art (artist, title, media, width, height, image, pricing_info, main_image, image_width, image_height)
	VALUES(314,
	       'goodison park',
	    	       'watercolour on paper',
	       44.5,
	       39,
	       'goodison-park',
	      'limited edition print, &pound;99',
	       0,
		650,
		441);
	     
		
INSERT INTO art_pricing(art, item_number, description, price)
	VALUES(LAST_INSERT_ID(), 'bh103', 'limited edition print', 99);


##---------------------------------------------------------------            



INSERT INTO art (artist, title, media, width, height, image, pricing_info, main_image, image_width, image_height)
	VALUES(314,
	       'liverpool albert dock',
	     	       'watercolour on paper',
	       44.5,
	       39,
	       'liverpool-albert-dock',
	      'limited edition print, &pound;99',
	       0,
		650,
		441);
	     
		
INSERT INTO art_pricing(art, item_number, description, price)
	VALUES(LAST_INSERT_ID(), 'bh104', 'limited edition print', 99);


##---------------------------------------------------------------             



INSERT INTO art (artist, title, media, width, height, image, pricing_info, main_image, image_width, image_height)
	VALUES(314,
	       'liverpool anglican cathedral',
	       'watercolour on paper',
	       44.5,
	       39,
	       'anglican-cathedral',
	      'limited edition print, &pound;99',
	       1,
		492,
		650);
	     
		
INSERT INTO art_pricing(art, item_number, description, price)
	VALUES(LAST_INSERT_ID(), 'bh105', 'limited edition print', 99);


##---------------------------------------------------------------                



INSERT INTO art (artist, title, media, width, height, image, pricing_info, main_image, image_width, image_height)
	VALUES(314,
	       'liverpool echo arena',
	       'watercolour on paper',
	       44.5,
	       39,
	       'liverpool-echo-arena',
	      'limited edition print, &pound;99',
	       0,
		442,
		650);
	     
		
INSERT INTO art_pricing(art, item_number, description, price)
	VALUES(LAST_INSERT_ID(), 'bh106', 'limited edition print', 99);


##---------------------------------------------------------------                    



INSERT INTO art (artist, title, media, width, height, image, pricing_info, main_image, image_width, image_height)
	VALUES(314,
		'liverpool echo arena',
	   'watercolour on paper',
	       60,
	       42,
	      'liverpool-echo-arena',
	      'framed original, &pound;300',
	       0,
		443,
		650);
	     


##---------------------------------------------------------------  


INSERT INTO art (artist, title, media, width, height, image, pricing_info, main_image, image_width, image_height)
	VALUES(314,
	       'liverpool lime street station',
	 	       'watercolour on paper',
	       44.5,
	       39,
	       'liverpool-lime-street',
	      'limited edition print, &pound;99',
	       0,
		516,
		650);
	     
		
INSERT INTO art_pricing(art, item_number, description, price)
	VALUES(LAST_INSERT_ID(), 'bh107', 'limited edition print', 99);


##---------------------------------------------------------------                       


INSERT INTO art (artist, title, media, width, height, image, pricing_info, main_image, image_width, image_height)
	VALUES(314,
		'liverpool lime street station',
	   'watercolour on paper',
	       42,
	       30,
	      'liverpool-lime-street',
	    'framed original, &pound;300',
	       0,
		443,
		650);
	     


##--------------------------------------------------------------- 

INSERT INTO art (artist, title, media, width, height, image, pricing_info, main_image, image_width, image_height)
	VALUES(314,
	       'liverpool metropolitan cathedral',
		       'watercolour on paper',
	       44.5,
	       39,
	       'metropolitan-cathedral',
	      'limited edition print, &pound;99',
	       0,
		445,
		650);
	     
		
INSERT INTO art_pricing(art, item_number, description, price)
	VALUES(LAST_INSERT_ID(), 'bh108', 'limited edition print', 99);


##---------------------------------------------------------------                         



INSERT INTO art (artist, title, media, width, height, image, pricing_info, main_image, image_width, image_height)
	VALUES(314,
	       'liverpool metropolitan cathedral',
	   'watercolour on paper',
	       60,
	       42,
	       'metropolitan-cathedral',
	      'framed original, &pound;300',
	       0,
		443,
		650);
	     


##---------------------------------------------------------------  

INSERT INTO art (artist, title, media, width, height, image, pricing_info, main_image, image_width, image_height)
	VALUES(314,
	       'liverpool one',
	       'watercolour on paper',
	       44.5,
	       39,
	       'liverpool-one',
	      'limited edition print, &pound;99',
	       0,
		449,
		650);
	     
		
INSERT INTO art_pricing(art, item_number, description, price)
	VALUES(LAST_INSERT_ID(), 'bh109', 'limited edition print', 99);


##---------------------------------------------------------------                           




INSERT INTO art (artist, title, media, width, height, image, pricing_info, main_image, image_width, image_height)
	VALUES(314,
	     'liverpool one',
	   'watercolour on paper',
	       60,
	       42,
	      'liverpool-one',
	      'framed original, &pound;300',
	       0,
		443,
		650);
	     


##---------------------------------------------------------------  

INSERT INTO art (artist, title, media, width, height, image, pricing_info, main_image, image_width, image_height)
	VALUES(314,
	       'old trafford',
		       'watercolour on paper',
	       44.5,
	       39,
	       'old-trafford',
	      'limited edition print, &pound;99',
	       0,
		650,
		431);
	     
		
INSERT INTO art_pricing(art, item_number, description, price)
	VALUES(LAST_INSERT_ID(), 'bh110', 'limited edition print', 99);


##---------------------------------------------------------------   

 



INSERT INTO artist (id, name, statement, notes, display)
	VALUES(313, 'eimear kavanagh',
	'<p class="artist">Often, daily experiences inspire me to create a piece of work. Everyday conversations, something someone says or an excitable thought which I might want to delve into more deeply. This is my secret wonderland, an imaginary realm of marvels with which I can play around with & explore on paper.
</p>

<p class="artist">Travel adventures become a crucial part of my creative thinking & visualization as an Artist (be they past or future, real or fantasy) making my feelings & memories more tangible. I like to find the order & harmony of God''s creation.  Beauty and profound symbolism in earth''s nature can be reflected by the order & symmetry in pattern, with kaleidoscopic like patterns & geometric shapes. Emotional & spiritual forces intertwine & weave throughout. I am influenced by Indian culture & beliefs, Tibetan Buddhism & Celtic spiritual wisdom. </p>


<p class="artist">My work in mixed media sometimes begins with found or recycled objects, such as the unpredictable findings in charity shops, vintage fabrics, saris & books, or unusual papers found on travels. I vary the medium I use greatly, so as not to feel repetition in my work & the surfaces I make are often very rich in layers of unique & unusual materials.</p>

<p class="artist">I have worked within fashion, illustration, album art, stage set design, tattoo art, education and community settings.</p>',
               NULL,
	       1);

##---------------------------------------------------------------



INSERT INTO art (artist, title, media, width, height, image, pricing_info, main_image, image_width, image_height)
	VALUES(313,
	       'holi 1',
	       'ink and gouache on watercolour paper',
	       21,
	       21,
	       'holi-1',
	      'original, &pound;85',
	       0,
		623,
		650);
	     
		
INSERT INTO art_pricing(art, item_number, description, price)
	VALUES(LAST_INSERT_ID(), 'ek101', 'original', 85);


##---------------------------------------------------------------    



INSERT INTO art (artist, title, media, width, height, image, pricing_info, main_image, image_width, image_height)
	VALUES(313,
	       'holi 2',
	       'ink and gouache on watercolour paper',
	       21,
	       21,
	       'holi-2',
	      'original, &pound;85',
	       0,
		630,
		650);
	     
		
INSERT INTO art_pricing(art, item_number, description, price)
	VALUES(LAST_INSERT_ID(), 'ek102', 'original', 85);


##---------------------------------------------------------------    



INSERT INTO art (artist, title, media, width, height, image, pricing_info, main_image, image_width, image_height)
	VALUES(313,
	       'holi 3',
	       'ink and gouache on watercolour paper',
	       21,
	       21,
	       'holi-3',
	      'original, &pound;85',
	       0,
		650,
		650);
	     
		
INSERT INTO art_pricing(art, item_number, description, price)
	VALUES(LAST_INSERT_ID(), 'ek103', 'original', 85);


##---------------------------------------------------------------   



INSERT INTO art (artist, title, media, width, height, image, pricing_info, main_image, image_width, image_height)
	VALUES(313,
	       'holi 4',
	       'ink and gouache on watercolour paper',
	       21,
	       21,
	       'holi-4',
	      'original, &pound;85',
	       0,
		644,
		650);
	     
		
INSERT INTO art_pricing(art, item_number, description, price)
	VALUES(LAST_INSERT_ID(), 'ek104', 'original', 85);


##---------------------------------------------------------------   



INSERT INTO art (artist, title, media, width, height, image, pricing_info, main_image, image_width, image_height)
	VALUES(313,
	       'impermanence',
	       'mixed media collage on paper',
	       54,
	       54,
	       'impermanence',
	      'original, &pound;250',
	       0,
		644,
		650);
	     
		
INSERT INTO art_pricing(art, item_number, description, price)
	VALUES(LAST_INSERT_ID(), 'ek105', 'original', 250);


##---------------------------------------------------------------   



INSERT INTO art (artist, title, media, width, height, image, pricing_info, main_image, image_width, image_height)
	VALUES(313,
	       'the wise man',
	       'mixed media collage on paper',
	       54,
	       54,
	       'the-wise-man',
	      'original, &pound;250',
	       0,
		648,
		650);
	     
		
INSERT INTO art_pricing(art, item_number, description, price)
	VALUES(LAST_INSERT_ID(), 'ek106', 'original', 250);


##---------------------------------------------------------------   



INSERT INTO art (artist, title, media, width, height, image, pricing_info, main_image, image_width, image_height)
	VALUES(313,
	       'right mindfulness',
	       'mixed media collage on paper',
	       54,
	       54,
	       'right-mindfulness',
	      'original, &pound;250',
	       0,
		650,
		606);
	     
		
INSERT INTO art_pricing(art, item_number, description, price)
	VALUES(LAST_INSERT_ID(), 'ek107', 'original', 250);


##---------------------------------------------------------------      



INSERT INTO art (artist, title, media, width, height, image, pricing_info, main_image, image_width, image_height)
	VALUES(313,
	       'reflections 1',
	       'mixed media collage with mirror',
	       50,
	       50,
	       'reflections-1',
	      'original, &pound;225',
	       0,
		600,
		650);
	     
		
INSERT INTO art_pricing(art, item_number, description, price)
	VALUES(LAST_INSERT_ID(), 'ek108', 'original', 225);


##---------------------------------------------------------------       



INSERT INTO art (artist, title, media, width, height, image, pricing_info, main_image, image_width, image_height)
	VALUES(313,
	       'reflections 2',
	       'mixed media paper collage ',
	       39,
	       39,
	       'reflections-2',
	      'original, &pound;225',
	       0,
		645,
		650);
	     
		
INSERT INTO art_pricing(art, item_number, description, price)
	VALUES(LAST_INSERT_ID(), 'ek109', 'original', 225);


##---------------------------------------------------------------        



INSERT INTO art (artist, title, media, width, height, image, pricing_info, main_image, image_width, image_height)
	VALUES(313,
	       'reflections 3',
	       'mixed media collage ',
	       30,
	       40,
	       'reflections-3',
	      'original, &pound;190',
	       0,
		490,
		650);
	     
		
INSERT INTO art_pricing(art, item_number, description, price)
	VALUES(LAST_INSERT_ID(), 'ek110', 'original', 190);


##---------------------------------------------------------------        



INSERT INTO art (artist, title, media, width, height, image, pricing_info, main_image, image_width, image_height)
	VALUES(313,
	       'reflections 4',
	       'mixed media collage ',
	       40,
	       40,
	       'reflections-4',
	      'original, &pound;225',
	       0,
		639,
		650);
	     
		
INSERT INTO art_pricing(art, item_number, description, price)
	VALUES(LAST_INSERT_ID(), 'ek111', 'original', 225);


##---------------------------------------------------------------        



INSERT INTO art (artist, title, media, width, height, image, pricing_info, main_image, image_width, image_height)
	VALUES(313,
	       'chunk',
	       'mixed media with tea bags on canvas ',
	       20,
	       25,
	       'chunk',
	      'original, &pound;150',
	       0,
		504,
		650);
	     
		
INSERT INTO art_pricing(art, item_number, description, price)
	VALUES(LAST_INSERT_ID(), 'ek112', 'original', 150);


##---------------------------------------------------------------         



INSERT INTO art (artist, title, media, width, height, image, pricing_info, main_image, image_width, image_height)
	VALUES(313,
	       'radiance',
	       'mixed media with tea bags on hard board ',
	       28,
	       28,
	       'radiance',
	      'original, &pound;140',
	       1,
		644,
		650);
	     
		
INSERT INTO art_pricing(art, item_number, description, price)
	VALUES(LAST_INSERT_ID(), 'ek113', 'original', 140);


##---------------------------------------------------------------            



INSERT INTO art (artist, title, media, width, height, image, pricing_info, main_image, image_width, image_height)
	VALUES(313,
	       'give and take',
	       'mixed media on hard board ',
	       35,
	       41,
	       'give-and-take',
	      'original, &pound;155',
	       0,
		537,
		650);
	     
		
INSERT INTO art_pricing(art, item_number, description, price)
	VALUES(LAST_INSERT_ID(), 'ek114', 'original', 155);


##---------------------------------------------------------------              



INSERT INTO art (artist, title, media, width, height, image, pricing_info, main_image, image_width, image_height)
	VALUES(313,
	       'double terminated',
	       'mixed media on hard board ',
	       23,
	       30,
	       'double-terminated',
	      'original, &pound;140',
	       0,
		544,
		650);
	     
		
INSERT INTO art_pricing(art, item_number, description, price)
	VALUES(LAST_INSERT_ID(), 'ek115', 'original', 140);


##---------------------------------------------------------------                



INSERT INTO art (artist, title, media, width, height, image, pricing_info, main_image, image_width, image_height)
	VALUES(313,
	       'that which sleeps in the city',
	       'mixed media on yoga mat',
	       170,
	       62,
	       'that-which-sleeps',
	      'original, &pound;550',
	       0,
		232,
		650);
	     
		
INSERT INTO art_pricing(art, item_number, description, price)
	VALUES(LAST_INSERT_ID(), 'ek116', 'original', 550);


##---------------------------------------------------------------               



INSERT INTO art (artist, title, media, width, height, image, pricing_info, main_image, image_width, image_height)
	VALUES(313,
	       'untitled 1',
	       'mixed media on watercolour paper ',
	       30,
	       30,
	       'untitled-1',
	      'original, &pound;145',
	       0,
		638,
		650);
	     
		
INSERT INTO art_pricing(art, item_number, description, price)
	VALUES(LAST_INSERT_ID(), 'ek117', 'original', 145);


##---------------------------------------------------------------                 



INSERT INTO art (artist, title, media, width, height, image, pricing_info, main_image, image_width, image_height)
	VALUES(313,
	       'untitled 2',
	       'mixed media on watercolour paper ',
	       30,
	       30,
	       'untitled-2',
	      'original, &pound;145',
	       0,
		648,
		650);
	     
		
INSERT INTO art_pricing(art, item_number, description, price)
	VALUES(LAST_INSERT_ID(), 'ek118', 'original', 145);


##---------------------------------------------------------------                     



INSERT INTO art (artist, title, media, width, height, image, pricing_info, main_image, image_width, image_height)
	VALUES(313,
	       'untitled 3',
	       'mixed media on watercolour paper ',
	       55,
	       55,
	       'untitled-3',
	      'original, &pound;195',
	       0,
		650,
		640);
	     
		
INSERT INTO art_pricing(art, item_number, description, price)
	VALUES(LAST_INSERT_ID(), 'ek119', 'original', 195);


##---------------------------------------------------------------                      



INSERT INTO art (artist, title, media, width, height, image, pricing_info, main_image, image_width, image_height)
	VALUES(313,
	       'rajmandir 1',
	       'screenprint and collage ',
	       30,
	       40,
	       'rajmandir-1',
	      'original, &pound;160',
	       0,
		502,
		650);
	     
		
INSERT INTO art_pricing(art, item_number, description, price)
	VALUES(LAST_INSERT_ID(), 'ek120', 'original', 160);


##---------------------------------------------------------------                        



INSERT INTO art (artist, title, media, width, height, image, pricing_info, main_image, image_width, image_height)
	VALUES(313,
	       'rajmandir 2',
	       'screenprint and collage ',
	       24,
	       33,
	       'rajmandir-2',
	      'original, &pound;160',
	       0,
		470,
		650);
	     
		
INSERT INTO art_pricing(art, item_number, description, price)
	VALUES(LAST_INSERT_ID(), 'ek121', 'original', 160);


##---------------------------------------------------------------                        



INSERT INTO art (artist, title, media, width, height, image, pricing_info, main_image, image_width, image_height)
	VALUES(313,
	       'rajmandir 3',
	       'screenprint with etch ',
	       30,
	       39,
	       'rajmandir-3',
	      'original, &pound;160',
	       0,
		520,
		650);
	     
		
INSERT INTO art_pricing(art, item_number, description, price)
	VALUES(LAST_INSERT_ID(), 'ek122', 'original', 160);


##---------------------------------------------------------------                           



INSERT INTO art (artist, title, media, width, height, image, pricing_info, main_image, image_width, image_height)
	VALUES(313,
	       'rajmandir 4',
	       'paint with collage ',
	       34,
	       32,
	       'rajmandir-4',
	      'original, &pound;160',
	       0,
		577,
		650);
	     
		
INSERT INTO art_pricing(art, item_number, description, price)
	VALUES(LAST_INSERT_ID(), 'ek123', 'original', 160);


##--------------------------------------------------------------- 


 



INSERT INTO artist (id, name, statement, notes, display)
	VALUES(315, 'susan aigelsreiter',
	'<p class="artist">I am a contemporary artist whose work has captured national and international interest. Exhibitions I have taken in, been shortlisted for, or invited to take part in include Liverpool John Moores exhibition, Sefton Open, Best of Merseyside, Capital of Culture celebration, Art Merseywide, Liverpool Biennial, Liverpool Art Fair, Agora Gallery New York and dot-art exhibitions.
</p>

<p class="artist">The focus of my artwork concentrates on either history, architecture or nature. I particularly like painting vastness of space, infinity, moments in time, angles and strong contrasts of light and shade. I possess a BA Hons in Design History with Practice. 
</p>


<p class="artist">
</p>

<p class="artist"></p>',
               NULL,
	       1);

##---------------------------------------------------------------




INSERT INTO art (artist, title, media, width, height, image, pricing_info, main_image, image_width, image_height)
	VALUES(315,
	       'cavern',
	       'acrylic on canvas',
	       30,
	       40,
	       'cavern',
	      'limited edition print, &pound;65',
	       0,
		485,
		650);
	     
		
INSERT INTO art_pricing(art, item_number, description, price)
	VALUES(LAST_INSERT_ID(), 'sa106', 'limited edition print',65);


##---------------------------------------------------------------                 


INSERT INTO art (artist, title, media, width, height, image, pricing_info, main_image, image_width, image_height)
	VALUES(315,
	       'liver building',
	       'acrylic on canvas',
	       30,
	       40,
	       'liver-building',
	      'limited edition print, &pound;65',
	       0,
		494,
		650);
	     
		
INSERT INTO art_pricing(art, item_number, description, price)
	VALUES(LAST_INSERT_ID(), 'sa112', 'limited edition print',65);


##---------------------------------------------------------------                             



INSERT INTO art (artist, title, media, width, height, image, pricing_info, main_image, image_width, image_height)
	VALUES(315,
	       'palm house',
	       'acrylic on canvas',
	       30,
	       40,
	       'palm-house',
	      'limited edition print, &pound;65',
	       1,
		485,
		650);
	     
		
INSERT INTO art_pricing(art, item_number, description, price)
	VALUES(LAST_INSERT_ID(), 'sa119', 'limited edition print',65);


##---------------------------------------------------------------                                                         



INSERT INTO art (artist, title, media, width, height, image, pricing_info, main_image, image_width, image_height)
	VALUES(315,
	       'pink liver building',
	       'acrylic on canvas',
	       30,
	       40,
	       'pink-liver-building',
	      'limited edition print, &pound;65',
	       0,
		459,
		650);
	     
		
INSERT INTO art_pricing(art, item_number, description, price)
	VALUES(LAST_INSERT_ID(), 'sa120', 'limited edition print',65);


##---------------------------------------------------------------                                                           



INSERT INTO art (artist, title, media, width, height, image, pricing_info, main_image, image_width, image_height)
	VALUES(315,
	       'walker art gallery',
	       'acrylic on canvas',
	       30,
	       40,
	       'walker-art-gallery',
	      'limited edition print, &pound;65',
	       0,
		490,
		650);
	     
		
INSERT INTO art_pricing(art, item_number, description, price)
	VALUES(LAST_INSERT_ID(), 'sa123', 'limited edition print',65);


##---------------------------------------------------------------     




INSERT INTO art (artist, title, media, width, height, image, pricing_info, main_image, image_width, image_height)
	VALUES(315,
	       'liverpool triptych 1',
	       'acrylic on canvas',
	       30,
	       40,
	       'liverpool-triptych-1',
	      'limited edition print, &pound;85',
	       0,
		650,
		429);
	     
		
INSERT INTO art_pricing(art, item_number, description, price)
	VALUES(LAST_INSERT_ID(), 'sa117', 'limited edition print',85);


##---------------------------------------------------------------                                               



INSERT INTO art (artist, title, media, width, height, image, pricing_info, main_image, image_width, image_height)
	VALUES(315,
	       'liverpool triptych 2',
	       'acrylic on canvas',
	       30,
	       40,
	       'liverpool-triptych-2',
	      'limited edition print, &pound;85',
	       0,
		650,
		429);
	     
		
INSERT INTO art_pricing(art, item_number, description, price)
	VALUES(LAST_INSERT_ID(), 'sa118', 'limited edition print',85);


##---------------------------------------------------------------                                                  




INSERT INTO art (artist, title, media, width, height, image, pricing_info, main_image, image_width, image_height)
	VALUES(315,
	       'beach 1',
	       'acrylic on canvas board framed',
	       90,
	       60,
	       'beach-1',
	      'original, &pound;395',
	       0,
		650,
		416);
	     
		
INSERT INTO art_pricing(art, item_number, description, price)
	VALUES(LAST_INSERT_ID(), 'sa101', 'original', 395);


##---------------------------------------------------------------      



INSERT INTO art (artist, title, media, width, height, image, pricing_info, main_image, image_width, image_height)
	VALUES(315,
	       'beach 2',
	       'acrylic on canvas board framed',
	       90,
	       60,
	       'beach-2',
	      'sold',
	       0,
		524,
		650);
	     
		


##---------------------------------------------------------------         



INSERT INTO art (artist, title, media, width, height, image, pricing_info, main_image, image_width, image_height)
	VALUES(315,
	       'beach 3',
	       'acrylic on canvas board framed',
	       90,
	       60,
	       'beach-3',
	      'sold',
	       0,
		537,
		650);
	     
		


##---------------------------------------------------------------             



INSERT INTO art (artist, title, media, width, height, image, pricing_info, main_image, image_width, image_height)
	VALUES(315,
	       'beach 4',
	       'acrylic on canvas board framed',
	       90,
	       60,
	       'beach-4',
	      'sold',
	       0,
		572,
		650);
	     
		


##---------------------------------------------------------------               



INSERT INTO art (artist, title, media, width, height, image, pricing_info, main_image, image_width, image_height)
	VALUES(315,
	       'beach 5',
	       'acrylic on canvas board framed',
	       90,
	       60,
	       'beach-5',
	      'original, &pound;345',
	       0,
		650,
		438);
	     
		
INSERT INTO art_pricing(art, item_number, description, price)
	VALUES(LAST_INSERT_ID(), 'sa105', 'original',345);


##---------------------------------------------------------------                   




INSERT INTO art (artist, title, media, width, height, image, pricing_info, main_image, image_width, image_height)
	VALUES(315,
	       'beachfront 6',
	       'acrylics and ink on streched canvas',
	       50,
	       60,
	       'beachfront-6',
	      'original, &pound;285',
	       0,
		536,
		650);
	     
		
INSERT INTO art_pricing(art, item_number, description, price)
	VALUES(LAST_INSERT_ID(), 'sa123', 'original',285);


##---------------------------------------------------------------                                                                        



INSERT INTO art (artist, title, media, width, height, image, pricing_info, main_image, image_width, image_height)
	VALUES(315,
	       'beachfront 7',
	       'acrylics and ink on streched canvas',
	       50,
	       60,
	       'beachfront-7',
	      'original, &pound;285',
	       0,
		533,
		650);
	     
		
INSERT INTO art_pricing(art, item_number, description, price)
	VALUES(LAST_INSERT_ID(), 'sa124', 'original',285);


##---------------------------------------------------------------     


INSERT INTO art (artist, title, media, width, height, image, pricing_info, main_image, image_width, image_height)
	VALUES(315,
	       'classic 1',
	       'acrylic on streched block canvas',
	       90,
	       60,
	       'classic-1',
	      'original, &pound;345',
	       0,
		433,
		650);
	     
		
INSERT INTO art_pricing(art, item_number, description, price)
	VALUES(LAST_INSERT_ID(), 'sa107', 'original',345);


##---------------------------------------------------------------                      



INSERT INTO art (artist, title, media, width, height, image, pricing_info, main_image, image_width, image_height)
	VALUES(315,
	       'classic 3',
	       'acrylic on streched block canvas',
	       90,
	       60,
	       'classic-3',
	      'original, &pound;345',
	       0,
		403,
		650);
	     
		
INSERT INTO art_pricing(art, item_number, description, price)
	VALUES(LAST_INSERT_ID(), 'sa108', 'original',345);


##---------------------------------------------------------------                         



INSERT INTO art (artist, title, media, width, height, image, pricing_info, main_image, image_width, image_height)
	VALUES(315,
	       'classic 4',
	       'acrylic on streched block canvas',
	       90,
	       60,
	       'classic-4',
	      'original, &pound;345',
	       0,
		447,
		650);
	     
		
INSERT INTO art_pricing(art, item_number, description, price)
	VALUES(LAST_INSERT_ID(), 'sa109', 'original',345);


##---------------------------------------------------------------                           



INSERT INTO art (artist, title, media, width, height, image, pricing_info, main_image, image_width, image_height)
	VALUES(315,
	       'classic 5',
	       'acrylic on streched block canvas',
	       90,
	       60,
	       'classic-5',
	      'original, &pound;345',
	       0,
		459,
		650);
	     
		
INSERT INTO art_pricing(art, item_number, description, price)
	VALUES(LAST_INSERT_ID(), 'sa110', 'original',345);


##---------------------------------------------------------------                             



INSERT INTO art (artist, title, media, width, height, image, pricing_info, main_image, image_width, image_height)
	VALUES(315,
	       'classic 6',
	       'acrylic on streched block canvas',
	       90,
	       60,
	       'classic-6',
	      'original, &pound;345',
	       0,
		455,
		650);
	     
		
INSERT INTO art_pricing(art, item_number, description, price)
	VALUES(LAST_INSERT_ID(), 'sa111', 'original',345);

##---------------------------------------------------------------                   


INSERT INTO art (artist, title, media, width, height, image, pricing_info, main_image, image_width, image_height)
	VALUES(315,
	       'liverpool parks 1',
	       'acrylic and ink on streched canvas',
	       60,
	       60,
	       'liverpool-parks-1',
	      'original, &pound;250',
	       0,
		645,
		650);
	     
		
INSERT INTO art_pricing(art, item_number, description, price)
	VALUES(LAST_INSERT_ID(), 'sa113', 'original',250);


##---------------------------------------------------------------                                



INSERT INTO art (artist, title, media, width, height, image, pricing_info, main_image, image_width, image_height)
	VALUES(315,
	       'liverpool parks 2',
	       'acrylic and ink on streched canvas',
	       60,
	       90,
	       'liverpool-parks-2',
	      'original, &pound;345',
	       0,
		459,
		650);
	     
		
INSERT INTO art_pricing(art, item_number, description, price)
	VALUES(LAST_INSERT_ID(), 'sa114', 'original',345);


##---------------------------------------------------------------                                  



INSERT INTO art (artist, title, media, width, height, image, pricing_info, main_image, image_width, image_height)
	VALUES(315,
	       'liverpool parks 3',
	       'acrylic and ink on streched canvas',
	       60,
	       90,
	       'liverpool-parks-3',
	      'original, &pound;345',
	       0,
		442,
		650);
	     
		
INSERT INTO art_pricing(art, item_number, description, price)
	VALUES(LAST_INSERT_ID(), 'sa115', 'original',345);


##---------------------------------------------------------------                                     



INSERT INTO art (artist, title, media, width, height, image, pricing_info, main_image, image_width, image_height)
	VALUES(315,
	       'liverpool parks 4',
	       'acrylic and ink on streched canvas',
	       76,
	       50,
	       'liverpool-parks-4',
	      'original, &pound;295',
	       0,
		420,
		650);
	     
		
INSERT INTO art_pricing(art, item_number, description, price)
	VALUES(LAST_INSERT_ID(), 'sa116', 'original',295);


##---------------------------------------------------------------                                           







INSERT INTO art (artist, title, media, width, height, image, pricing_info, main_image, image_width, image_height)
	VALUES(315,
	       'stillness 1',
	       'acrylic on streched canvas',
	       30,
	       40,
	       'stillness-1',
	      'original, &pound;125',
	       0,
		650,
		498);
	     
		
INSERT INTO art_pricing(art, item_number, description, price)
	VALUES(LAST_INSERT_ID(), 'sa121', 'original',125);


##---------------------------------------------------------------                                                               



INSERT INTO art (artist, title, media, width, height, image, pricing_info, main_image, image_width, image_height)
	VALUES(315,
	       'stillness 2',
	       'acrylic on streched canvas',
	       30,
	       40,
	       'stillness-2',
	      'original, &pound;125',
	       0,
		650,
		498);
	     
		
INSERT INTO art_pricing(art, item_number, description, price)
	VALUES(LAST_INSERT_ID(), 'sa122', 'original',125);


##---------------------------------------------------------------                                                        



 



INSERT INTO artist (id, name, statement, notes, display)
	VALUES(316, 'anne knight',
	'<p class="artist">I am a self taught mixed media artist from Liverpool, producing an array of colourful collage artwork that incorporates paper, paint, thread, buttons and handmade clay embellishments.</p>

<p class="artist">My work is naive and whimsical in nature and is inspired by my love of the Cornish coast with its harbours and little quaint cottages and also by Liverpool''s waterfront. I love to experiment with different materials and compositions which adds to the playfulness that is at the core of my work. I create collages from my own ideas and designs and I have been exhibiting and selling my work in the region since 2011.</p>


<p class="artist">
</p>

<p class="artist"></p>',
               NULL,
	       1);

##---------------------------------------------------------------



INSERT INTO art (artist, title, media, width, height, image, pricing_info, main_image, image_width, image_height)
	VALUES(316,
	       'ferry cross the mersey',
	       'mixed media collage',
	       40,
	       30,
	       'ferry-cross-the',
	      'original, &pound;195',
	       1,
		650,
		476);
	     
		
INSERT INTO art_pricing(art, item_number, description, price)
	VALUES(LAST_INSERT_ID(), 'ak101', 'original', 195);


##---------------------------------------------------------------  



INSERT INTO art (artist, title, media, width, height, image, pricing_info, main_image, image_width, image_height)
	VALUES(316,
	       'my liverpool home',
	       'mixed media collage',
	       40,
	       30,
	       'my-liverpool-home',
	      'original, &pound;195',
	       0,
		650,
		469);
	     
		
INSERT INTO art_pricing(art, item_number, description, price)
	VALUES(LAST_INSERT_ID(), 'ak102', 'original', 195);


##---------------------------------------------------------------     



INSERT INTO art (artist, title, media, width, height, image, pricing_info, main_image, image_width, image_height)
	VALUES(316,
	       'harbour days',
	       'mixed media collage',
	       29,
	       20,
	       'harbour-days',
	      'original, &pound;95',
	       0,
		650,
		478);
	     
		
INSERT INTO art_pricing(art, item_number, description, price)
	VALUES(LAST_INSERT_ID(), 'ak103', 'original', 95);


##---------------------------------------------------------------       



INSERT INTO art (artist, title, media, width, height, image, pricing_info, main_image, image_width, image_height)
	VALUES(316,
	       'summer sailing',
	       'mixed media collage',
	       29,
	       20,
	       'summer-sailing',
	      'original, &pound;95',
	       0,
		650,
		456);
	     
		
INSERT INTO art_pricing(art, item_number, description, price)
	VALUES(LAST_INSERT_ID(), 'ak104', 'original', 95);


##---------------------------------------------------------------         



INSERT INTO art (artist, title, media, width, height, image, pricing_info, main_image, image_width, image_height)
	VALUES(316,
	       'sew nautical',
	       'mixed media collage',
	       19,
	       19,
	       'sew-nautical',
	      'original, &pound;45',
	       0,
		650,
		646);
	     
		
INSERT INTO art_pricing(art, item_number, description, price)
	VALUES(LAST_INSERT_ID(), 'ak105', 'original', 45);


##---------------------------------------------------------------   

 



INSERT INTO artist (id, name, statement, notes, display)
	VALUES(317, 'david andrews',
	'<p class="artist">David Andrews is a Liverpool based artist and designer, specialising in large and small scale street art and framed prints. His background and experience in mixed media, graphic design and Scherenschnitte (paper-cutting) influences his street artwork; using multi-layered stencils and acrylic spray-paint in a range of vibrant colours. Many of David''s current pieces are linked to science and nature, a theme which continues to inspire him.</p>

<p class="artist">David has participated in a number of exhibitions across the North-West and has recently completed large-scale art commissions for Alternative Futures Group and Rex by Revolver Retail. He is also currently working with the Liverpool Poetry Society on a community street art project. David is passionate about changing negative perceptions of street art and graffiti and believes (and indeed demonstrates) that it is possible to create beautiful art from a spray can.</p>


<p class="artist">David is available to discuss bespoke commissions, big or small, and will happily work with you to tailor designs to your needs
</p>

<p class="artist"></p>',
               NULL,
	       1);

##---------------------------------------------------------------



INSERT INTO art (artist, title, media, width, height, image, pricing_info, main_image, image_width, image_height)
	VALUES(317,
	       'butterflies of the soul',
	       'spray paint on canvas board',
	       29,
	       29,
	       'butterflies-of-the',
	      'original, &pound;100',
	       0,
		650,
		650);
	     
		
INSERT INTO art_pricing(art, item_number, description, price)
	VALUES(LAST_INSERT_ID(), 'da101', 'original', 100);


##---------------------------------------------------------------    



INSERT INTO art (artist, title, media, width, height, image, pricing_info, main_image, image_width, image_height)
	VALUES(317,
	       'charismatic megafauna',
	       'spray paint on board in custom frame',
	       29,
	       37,
	       'charismatic-megafauna',
	      'original, &pound;150',
	       0,
		519,
		650);
	     
		
INSERT INTO art_pricing(art, item_number, description, price)
	VALUES(LAST_INSERT_ID(), 'da102', 'original', 150);


##---------------------------------------------------------------       



INSERT INTO art (artist, title, media, width, height, image, pricing_info, main_image, image_width, image_height)
	VALUES(317,
	       'giraffiti',
	       'spray paint on reverse of glass',
	       29,
	       39,
	       'giraffiti',
	      'original, &pound;100',
	       0,
		488,
		650);
	     
		
INSERT INTO art_pricing(art, item_number, description, price)
	VALUES(LAST_INSERT_ID(), 'da103', 'original', 100);


##---------------------------------------------------------------           



INSERT INTO art (artist, title, media, width, height, image, pricing_info, main_image, image_width, image_height)
	VALUES(317,
	       'space scape 1',
	       'spray paint on wooden board',
	       45,
	       78,
	       'space-scape-1',
	      'original, &pound;100',
	       0,
		432,
		650);
	     
		
INSERT INTO art_pricing(art, item_number, description, price)
	VALUES(LAST_INSERT_ID(), 'da104', 'original', 100);


##---------------------------------------------------------------          



INSERT INTO art (artist, title, media, width, height, image, pricing_info, main_image, image_width, image_height)
	VALUES(317,
	       'pink butterfly',
	       'spray paint on wooden board',
	       80,
	       60,
	       'pink-butterfly',
	      'original, &pound;100',
	       0,
		432,
		650);
	     
		
INSERT INTO art_pricing(art, item_number, description, price)
	VALUES(LAST_INSERT_ID(), 'da105', 'original', 100);


##---------------------------------------------------------------              
    



INSERT INTO art (artist, title, media, width, height, image, pricing_info, main_image, image_width, image_height)
	VALUES(317,
	       'blue butterfly',
	       'spray paint on wooden board',
	       80,
	       60,
	        'blue-butterfly',
	      'original, &pound;100',
	       0,
		432,
		650);
	     
		
INSERT INTO art_pricing(art, item_number, description, price)
	VALUES(LAST_INSERT_ID(), 'da106', 'original', 100);


##---------------------------------------------------------------              
    


INSERT INTO art (artist, title, media, width, height, image, pricing_info, main_image, image_width, image_height)
	VALUES(317,
	       'alternative futures',
	       'spray paint on wall',
	       1000,
	       250,
	       'alternative-futures',
	      'commission example',
	       0,
		650,
		386);
	     
		



##---------------------------------------------------------------                 



INSERT INTO art (artist, title, media, width, height, image, pricing_info, main_image, image_width, image_height)
	VALUES(317,
	       'butterflies',
	       'spray paint on wall',
	       130,
	       100,
	       'butterflies',
	      'commission example',
	       1,
		650,
		480);
	     
		


##---------------------------------------------------------------                    



INSERT INTO art (artist, title, media, width, height, image, pricing_info, main_image, image_width, image_height)
	VALUES(317,
	       'rex',
	       'spray paint on wall',
	       0,
	       0,
	       'rex',
	      'commission example',
	       0,
		650,
		578);
	     
		


##--------------------------------------------------------------- 


 



INSERT INTO artist (id, name, statement, notes, display)
	VALUES(318, 'katherine dereli',
	'<p class="artist">I''m Katherine Dereli, I sculpt mostly in clay that I then cast into plaster and occasionally bronze, or else fire to create one off terracotta pieces. I have also worked in carved stone. In the past I have done varying amounts of painting, traditional and digital which I continue to work on though my focus is on sculpture.</p>

<p class="artist"></p>


<p class="artist">
</p>

<p class="artist"></p>',
               NULL,
	       1);

##---------------------------------------------------------------


INSERT INTO art (artist, title, media, width, height, image, pricing_info, main_image, image_width, image_height)
	VALUES(318,
	       'climbing cat',
	       'terracotta',
	       20,
	       30,
	       'climbing-cat',
	      'original, &pound;160',
	       0,
		650,
		488);
	     
		
INSERT INTO art_pricing(art, item_number, description, price)
	VALUES(LAST_INSERT_ID(), 'kd103', 'original', 160);


##---------------------------------------------------------------  



INSERT INTO art (artist, title, media, width, height, image, pricing_info, main_image, image_width, image_height)
	VALUES(318,
	       'george bernard shaw',
	       'plaster',
	       35,
	       20,
	       'george-bernard-shaw',
	      'original, &pound;220',
	       0,
		425,
		650);
	     
		
INSERT INTO art_pricing(art, item_number, description, price)
	VALUES(LAST_INSERT_ID(), 'kd105', 'original', 220);


##--------------------------------------------------------------- 

INSERT INTO art (artist, title, media, width, height, image, pricing_info, main_image, image_width, image_height)
	VALUES(318,
	       'arrangement',
	       'acrylic on canvas',
	       30,
	       40,
	       'arrangement',
	      'original, &pound;150',
	       0,
		504,
		650);
	     
		
INSERT INTO art_pricing(art, item_number, description, price)
	VALUES(LAST_INSERT_ID(), 'kd101', 'original', 150);


##---------------------------------------------------------------   



INSERT INTO art (artist, title, media, width, height, image, pricing_info, main_image, image_width, image_height)
	VALUES(318,
	       'carnations and poppies',
	       'acrylic on canvas',
	       40,
	       50,
	       'carnations-and-poppies',
	      'original, &pound;230',
	       0,
		551,
		650);
	     
		
INSERT INTO art_pricing(art, item_number, description, price)
	VALUES(LAST_INSERT_ID(), 'kd102', 'original', 230);


##---------------------------------------------------------------      






INSERT INTO art (artist, title, media, width, height, image, pricing_info, main_image, image_width, image_height)
	VALUES(318,
	       'flowers in a cornell box',
	       'acrylic on canvas',
	       25,
	       30,
	       'flowers-in-a',
	      'original, &pound;150',
	       0,
		572,
		650);
	     
		
INSERT INTO art_pricing(art, item_number, description, price)
	VALUES(LAST_INSERT_ID(), 'kd104', 'original', 150);


##---------------------------------------------------------------      





INSERT INTO art (artist, title, media, width, height, image, pricing_info, main_image, image_width, image_height)
	VALUES(318,
	       'red flowers',
	       'acrylic on canvas',
	       40,
	       55,
	       'red-flowers',
	      'original, &pound;230',
	       0,
		650,
		483);
	     
		
INSERT INTO art_pricing(art, item_number, description, price)
	VALUES(LAST_INSERT_ID(), 'kd106', 'original', 230);


##---------------------------------------------------------------   



INSERT INTO art (artist, title, media, width, height, image, pricing_info, main_image, image_width, image_height)
	VALUES(318,
	       'white carnations',
	       'acrylic on canvas',
	       40,
	       40,
	       'white-carnations',
	      'original, &pound;200',
	       1,
		650,
		632);
	     
		
INSERT INTO art_pricing(art, item_number, description, price)
	VALUES(LAST_INSERT_ID(), 'kd107', 'original', 200);


##---------------------------------------------------------------     



INSERT INTO artist (id, name, statement, notes, display)
	VALUES(319, 'lottie hulse',
	'<p class="artist">Lottie, a Year 9 student from St Hilda''s CofE High School, is the second recipient of the dot-art Scholarship, 
giving her a years membership to dot-art''s network, allowing her to showcase and sell her work alongside professional artists;
after being named Overall Winner (secondary) in the second dot-art Schools Competition in May 2014. Her winning piece of work, Heat, can be seen below.
</p>

<p class="artist">The dot-art Schools programme is an annual, interactive, online, inter-school art competition, launched in 2012 and culminating in an end of year 
exhibition for the top students in each participating school. The winners of the 2014 dot-art Schools Competition were announced at a prize-giving 
ceremony at the Walker Art Gallery in Liverpool on 16th May 2014, where as well as the overall winners, the top three students from each of 
the participating schools were all presented with a certificate by the Lord Mayor, Councillor Gary Millar.
</p>

<p class="artist">You can find out more about dot-art Schools at <a class="art_prices" href="http://schools.dot-art.com/">schools.dot-art.com.</a>
</p>

<p class="artist"></p>',
               NULL,
	       1);

##---------------------------------------------------------------


INSERT INTO art (artist, title, media, width, height, image, pricing_info, main_image, image_width, image_height)
	VALUES(319,
	       'heat',
	       'pen on paper',
	       29,
	       21,
	       'heat',
	      'not available',
	       0,
		554,
		 650);
	     
		

##---------------------------------------------------------------


INSERT INTO art (artist, title, media, width, height, image, pricing_info, main_image, image_width, image_height)
	VALUES(319,
	       'youth 1',
	       'pen on paper',
	       29,
	       21,
	       'youth-1',
	     'original, &pound;45',
	       1,
		459,
		 650);
	     
INSERT INTO art_pricing(art, item_number, description, price)
	VALUES(LAST_INSERT_ID(), 'lh101', 'original', 45);
		

##---------------------------------------------------------------


INSERT INTO art (artist, title, media, width, height, image, pricing_info, main_image, image_width, image_height)
	VALUES(319,
	       'youth 2',
	       'pen on paper',
	       29,
	       21,
	       'youth-2',
	     'original, &pound;45',
	       0,
		454,
		 650);
	     
INSERT INTO art_pricing(art, item_number, description, price)
	VALUES(LAST_INSERT_ID(), 'lh101', 'original', 45);
		

##---------------------------------------------------------------



INSERT INTO art (artist, title, media, width, height, image, pricing_info, main_image, image_width, image_height)
	VALUES(319,
	       'glasses',
	       'pen on paper',
	       21,
	       14.6,
	       'glasses',
	     'original, &pound;40',
	       0,
		650,
		 474);
	     
INSERT INTO art_pricing(art, item_number, description, price)
	VALUES(LAST_INSERT_ID(), 'lh102', 'original', 40);
		

##---------------------------------------------------------------   


INSERT INTO art (artist, title, media, width, height, image, pricing_info, main_image, image_width, image_height)
	VALUES(319,
	       'fridge',
	       'pen on paper',
	       29,
	       21,
	       'fridge',
	     'original, &pound;45',
	       0,
		420,
		 650);
	     
INSERT INTO art_pricing(art, item_number, description, price)
	VALUES(LAST_INSERT_ID(), 'lh103', 'original', 45);
		

##---------------------------------------------------------------


INSERT INTO art (artist, title, media, width, height, image, pricing_info, main_image, image_width, image_height)
	VALUES(319,
	       'garden',
	       'pen on paper',
	       29,
	       21,
	       'garden',
	     'original, &pound;45',
	       0,
		439,
		 650);
	     
INSERT INTO art_pricing(art, item_number, description, price)
	VALUES(LAST_INSERT_ID(), 'lh104', 'original', 45);
		

##---------------------------------------

 



INSERT INTO artist (id, name, statement, notes, display)
	VALUES(320, 'nicky armstrong',
	'<p class="artist">Trained in both traditional stained glass and Contemporary Architectural Glass Design Nicky has developed a reputation as a fine art glass/ mixed media Applied Artist often incorporating textiles into pieces to touch on social and political observations. Intent on pushing boundaries, Nicky''s strengths lie in innovative manipulation of material combined with social comment.</p>

<p class="artist">Matriarchal Trapping is a body of work touching on the issues off class diversity. The works recognise and expresses personal experiences of living amid oppressed stereotypical working class woman, and the strong comradeship between social groups amongst these tight knit communities.
The loss of industry within Victorian towns reflects in the ghostly remains of garments, carbon echoes industrial bi-product and speaks volumes of lifetimes spent serving the machine
</p>


<p class="artist">"Even today I remember vividly the memories 
of an up bringing in a Northern working community and the personality traits of women whom I have known throughout my life are still with me. 
Women from industrial working communities whom have spent a lifetime working in the confinement of a factory.  Remnants of tools and learnt tacit skills of times when women were not only slave to the industrial machine but also oppressed in the home."</p>

<p class="artist">Matriarchal Trapping is a reflection of the past and a celebration of woman in the future.</p>',
               NULL,
	       1);

##---------------------------------------------------------------



INSERT INTO art (artist, title, media, width, height, image, pricing_info, main_image, image_width, image_height)
	VALUES(320,
	       'barbaras pinny',
	       'carbon print on glass reclamed window pane',
	       61,
	       100,
	       'barbaras-pinny',
	      'original, &pound;700',
	       0,
		390,
		650);
	     
		
INSERT INTO art_pricing(art, item_number, description, price)
	VALUES(LAST_INSERT_ID(), 'na101', 'original', 700);


##---------------------------------------------------------------  



INSERT INTO art (artist, title, media, width, height, image, pricing_info, main_image, image_width, image_height)
	VALUES(320,
	       'irenes pinny',
	       'carbon print on glass reclamed window pane',
	       61,
	       100,
	       'irenes-pinny',
	      'original, &pound;700',
	       0,
		391,
		650);
	     
		
INSERT INTO art_pricing(art, item_number, description, price)
	VALUES(LAST_INSERT_ID(), 'na102', 'original', 700);


##---------------------------------------------------------------        



INSERT INTO art (artist, title, media, width, height, image, pricing_info, main_image, image_width, image_height)
	VALUES(320,
	       'margarets pinny',
	       'carbon print on glass reclamed window pane',
	       61,
	       100,
	       'margarets-pinny',
	      'original, &pound;700',
	       0,
		405,
		650);
	     
		
INSERT INTO art_pricing(art, item_number, description, price)
	VALUES(LAST_INSERT_ID(), 'na103', 'original', 700);


##---------------------------------------------------------------         



INSERT INTO art (artist, title, media, width, height, image, pricing_info, main_image, image_width, image_height)
	VALUES(320,
	       'ritas pinny',
	       'carbon print on glass reclamed window pane',
	       61,
	       100,
	       'ritas-pinny',
	      'original, &pound;700',
	       0,
		402,
		650);
	     
		
INSERT INTO art_pricing(art, item_number, description, price)
	VALUES(LAST_INSERT_ID(), 'na104', 'original', 700);


##---------------------------------------------------------------              



INSERT INTO art (artist, title, media, width, height, image, pricing_info, main_image, image_width, image_height)
	VALUES(320,
	       'doreens pinny',
	       'carbon print on glass',
	       61,
	       100,
	       'doreens-pinny',
	      'original, &pound;750',
	       0,
		650,
		410);
	     
		
INSERT INTO art_pricing(art, item_number, description, price)
	VALUES(LAST_INSERT_ID(), 'na105', 'original', 750);


##---------------------------------------------------------------                



INSERT INTO art (artist, title, media, width, height, image, pricing_info, main_image, image_width, image_height)
	VALUES(320,
	       'sylvias pinny',
	       'carbon print on glass',
	       61,
	       100,
	       'sylvias-pinny',
	      'original, &pound;500',
	       0,
		417,
		650);
	     
		
INSERT INTO art_pricing(art, item_number, description, price)
	VALUES(LAST_INSERT_ID(), 'na106', 'original', 500);


##---------------------------------------------------------------                    



INSERT INTO art (artist, title, media, width, height, image, pricing_info, main_image, image_width, image_height)
	VALUES(320,
	       'peg bag',
	       'carbon print on glass',
	       61,
	       100,
	       'peg-bag',
	      'original, &pound;500',
	       0,
		387,
		650);
	     
		
INSERT INTO art_pricing(art, item_number, description, price)
	VALUES(LAST_INSERT_ID(), 'na107', 'original', 500);


##---------------------------------------------------------------                      



INSERT INTO art (artist, title, media, width, height, image, pricing_info, main_image, image_width, image_height)
	VALUES(320,
	       'gloves',
	       'carbon print on glass',
	       62,
	       62,
	       'gloves',
	      'original, &pound;166',
	       1,
		650,
		627);
	     
		
INSERT INTO art_pricing(art, item_number, description, price)
	VALUES(LAST_INSERT_ID(), 'na108', 'original', 166);


##---------------------------------------------------------------                        



INSERT INTO art (artist, title, media, width, height, image, pricing_info, main_image, image_width, image_height)
	VALUES(320,
	       'irons',
	       'branded calico mixed media',
	       75,
	       160,
	       'irons',
	      'original, &pound;300',
	       0,
		650,
		332);
	     
		
INSERT INTO art_pricing(art, item_number, description, price)
	VALUES(LAST_INSERT_ID(), 'na109', 'original', 300);


##---------------------------------------------------------------                           



INSERT INTO art (artist, title, media, width, height, image, pricing_info, main_image, image_width, image_height)
	VALUES(320,
	       'patterns',
	       'screen printed glass gold leaf',
	       60,
	       75,
	       'patterns',
	      'original, &pound;333',
	       0,
		464,
		650);
	     
		
INSERT INTO art_pricing(art, item_number, description, price)
	VALUES(LAST_INSERT_ID(), 'na110', 'original', 333);


##---------------------------------------------------------------                               



INSERT INTO art (artist, title, media, width, height, image, pricing_info, main_image, image_width, image_height)
	VALUES(320,
	       'patterns and shuttle',
	       'mixed media',
	       94,
	       102,
	       'patterns-and-shuttle',
	      'original, &pound;200',
	       0,
		514,
		650);
	     
		
INSERT INTO art_pricing(art, item_number, description, price)
	VALUES(LAST_INSERT_ID(), 'na111', 'original', 200);


##---------------------------------------------------------------                                    



INSERT INTO art (artist, title, media, width, height, image, pricing_info, main_image, image_width, image_height)
	VALUES(320,
	       'shuttle panel',
	       'screen printed glass branded wood',
	       85,
	       106,
	       'shuttle-panel',
	      'original, &pound;600',
	       0,
		650,
		529);
	     
		
INSERT INTO art_pricing(art, item_number, description, price)
	VALUES(LAST_INSERT_ID(), 'na112', 'original', 600);


##---------------------------------------------------------------                                     



INSERT INTO art (artist, title, media, width, height, image, pricing_info, main_image, image_width, image_height)
	VALUES(320,
	       'shuttle screen',
	       'screen printed glass branded wood',
	       180,
	       62,
	       'shuttle-screen',
	      'original, &pound;1166',
	       0,
		423,
		650);
	     
		
INSERT INTO art_pricing(art, item_number, description, price)
	VALUES(LAST_INSERT_ID(), 'na113', 'original', 1166);


##---------------------------------------------------------------                                       



INSERT INTO art (artist, title, media, width, height, image, pricing_info, main_image, image_width, image_height)
	VALUES(320,
	       'untitled',
	       'carbon print on glass mixed media',
	       90,
	       45,
	       'untitled',
	      'original, &pound;140',
	       0,
		650,
		488);
	     
		
INSERT INTO art_pricing(art, item_number, description, price)
	VALUES(LAST_INSERT_ID(), 'na114', 'original', 140);


##---------------------------------------------------------------                                            



INSERT INTO art (artist, title, media, width, height, image, pricing_info, main_image, image_width, image_height)
	VALUES(320,
	       'street',
	       'soot and vinyl letters installation piece',
	         0,
	         0,
	       'street',
	      'commission example',
	       0,
		650,
		459);
	     
		


##--------------------------------------------------------------- 


INSERT INTO artist (id, name, statement, notes, display)
	VALUES(321, 'david grimbleby',
	'<p class="artist">David Grimbleby was born in Lincolnshire, studied graphic design and worked as a decorative and 
  lettering artist. In the south west and London, he worked in several outdoor jobs, exhibiting locally and nationally. 
  On moving to Southport he became a member of Merseyside Contemporary Artists and has exhibited widely in both solo 
  and mixed exhibitions. David has won several awards and prizes and has work in the BBC Public Catalogue Foundation site, 
  Your Paintings, as well as in many private and public collections. His work has been influenced by surrealism, landscape 
  and nature; continuing to experiment with various materials in painting, collage and assemblage.
</p>

<p class="artist"></p>

<p class="artist"></p>

<p class="artist"></p>',
               NULL,
	       1);

##---------------------------------------------------------------


INSERT INTO art (artist, title, media, width, height, image, pricing_info, main_image, image_width, image_height)
	VALUES(321,
	       'mythic future',
	       'mixed media',
	       31,
	       39,
	       'mythic-future',
	      'original, &pound;140',
	       0,
		650,
		519);
	     
		
INSERT INTO art_pricing(art, item_number, description, price)
	VALUES(LAST_INSERT_ID(), 'dg101', 'original', 140);


##---------------------------------------------------------------  


INSERT INTO art (artist, title, media, width, height, image, pricing_info, main_image, image_width, image_height)
	VALUES(321,
	       'secret place',
	       'mixed media',
	       46,
	       61,
	       'secret-place',
	      'original, &pound;230',
	       0,
		650,
		467);
	     
		
INSERT INTO art_pricing(art, item_number, description, price)
	VALUES(LAST_INSERT_ID(), 'dg102', 'original', 230);


##---------------------------------------------------------------  


INSERT INTO art (artist, title, media, width, height, image, pricing_info, main_image, image_width, image_height)
	VALUES(321,
	       'rambler chic',
	       'mixed media',
	       60,
	       50,
	       'rambler-chic',
	      'original, &pound;230',
	       0,
		525,
		650);
	     
		
INSERT INTO art_pricing(art, item_number, description, price)
	VALUES(LAST_INSERT_ID(), 'dg103', 'original', 230);


##---------------------------------------------------------------    


INSERT INTO art (artist, title, media, width, height, image, pricing_info, main_image, image_width, image_height)
	VALUES(321,
	       'garden of the birds',
	       'mixed media',
	       51,
	       51,
	       'garden-of-the',
	      'original, &pound;250',
	       0,
		650,
		645);
	     
		
INSERT INTO art_pricing(art, item_number, description, price)
	VALUES(LAST_INSERT_ID(), 'dg104', 'original', 250);


##---------------------------------------------------------------      


INSERT INTO art (artist, title, media, width, height, image, pricing_info, main_image, image_width, image_height)
	VALUES(321,
	       'rose mandala',
	       'mixed media',
	       51,
	       51,
	       'rose-mandala',
	      'original, &pound;250',
	       0,
		644,
		650);
	     
		
INSERT INTO art_pricing(art, item_number, description, price)
	VALUES(LAST_INSERT_ID(), 'dg105', 'original', 250);


##---------------------------------------------------------------      


INSERT INTO art (artist, title, media, width, height, image, pricing_info, main_image, image_width, image_height)
	VALUES(321,
	       'wind song',
	       'oil on canvas',
	       51,
	       51,
	       'wind-song',
	      'original, &pound;250',
	       0,
		643,
		650);
	     
		
INSERT INTO art_pricing(art, item_number, description, price)
	VALUES(LAST_INSERT_ID(), 'dg115', 'original', 250);


##---------------------------------------------------------------         

INSERT INTO art (artist, title, media, width, height, image, pricing_info, main_image, image_width, image_height)
	VALUES(321,
	       'higgs boson decay',
	       'mixed media',
	       31,
	       31,
	       'higgs-boson-decay',
	      'original, &pound;140',
	       0,
		650,
		641);
	     
		
INSERT INTO art_pricing(art, item_number, description, price)
	VALUES(LAST_INSERT_ID(), 'dg106', 'original', 140);


##---------------------------------------------------------------        


INSERT INTO art (artist, title, media, width, height, image, pricing_info, main_image, image_width, image_height)
	VALUES(321,
	       'time',
	       'mixed media',
	       22,
	       22,
	       'time',
	      'original, &pound;130',
	       1,
		644,
		650);
	     
		
INSERT INTO art_pricing(art, item_number, description, price)
	VALUES(LAST_INSERT_ID(), 'dg107', 'original', 130);


##---------------------------------------------------------------          


INSERT INTO art (artist, title, media, width, height, image, pricing_info, main_image, image_width, image_height)
	VALUES(321,
	       'words from the wise',
	       'mixed media',
	       26,
	       21,
	       'words-from-the',
	      'original, &pound;130',
	       0,
		550,
		650);
	     
		
INSERT INTO art_pricing(art, item_number, description, price)
	VALUES(LAST_INSERT_ID(), 'dg108', 'original', 130);


##---------------------------------------------------------------          


INSERT INTO art (artist, title, media, width, height, image, pricing_info, main_image, image_width, image_height)
	VALUES(321,
	       'remnants',
	       'mixed media',
	       28,
	       23,
	       'remnants',
	      'original, &pound;130',
	       0,
		536,
		650);
	     
		
INSERT INTO art_pricing(art, item_number, description, price)
	VALUES(LAST_INSERT_ID(), 'dg109', 'original', 130);


##---------------------------------------------------------------          


INSERT INTO art (artist, title, media, width, height, image, pricing_info, main_image, image_width, image_height)
	VALUES(321,
	       'whats is left behind',
	       'mixed media',
	       34,
	       29,
	       'what-is-left',
	      'original, &pound;130',
	       0,
		553,
		650);
	     
		
INSERT INTO art_pricing(art, item_number, description, price)
	VALUES(LAST_INSERT_ID(), 'dg110', 'original', 130);


##---------------------------------------------------------------          


INSERT INTO art (artist, title, media, width, height, image, pricing_info, main_image, image_width, image_height)
	VALUES(321,
	       'ness gardens bands',
	       'oil and collage',
	       51,
	       66,
	       'ness-gardens-bands',
	      'original, &pound;300',
	       0,
		650,
		495);
	     
		
INSERT INTO art_pricing(art, item_number, description, price)
	VALUES(LAST_INSERT_ID(), 'dg111', 'original', 300);


##---------------------------------------------------------------            


INSERT INTO art (artist, title, media, width, height, image, pricing_info, main_image, image_width, image_height)
	VALUES(321,
	       'the brood',
	       'oil and collage',
	       30,
	       41,
	       'the-brood',
	      'original, &pound;150',
	       0,
		650,
		491);
	     
		
INSERT INTO art_pricing(art, item_number, description, price)
	VALUES(LAST_INSERT_ID(), 'dg112', 'original', 150);

##--------------------------------------------------------------                                                                             


INSERT INTO art (artist, title, media, width, height, image, pricing_info, main_image, image_width, image_height)
	VALUES(321,
	       'coastal road',
	       'oil on canvas',
	       41,
	       51,
	       'costal-road',
	      'original, &pound;150',
	       0,
		650,
		501);
	     
		
INSERT INTO art_pricing(art, item_number, description, price)
	VALUES(LAST_INSERT_ID(), 'dg113', 'original', 150);


##---------------------------------------------------------------                                                                               


INSERT INTO art (artist, title, media, width, height, image, pricing_info, main_image, image_width, image_height)
	VALUES(321,
	       'foxglove sentinel',
	       'oil on canvas',
	       40,
	       36,
	       'foxglove-sentinel',
	      'original, &pound;180',
	       0,
		500,
		650);
	     
		
INSERT INTO art_pricing(art, item_number, description, price)
	VALUES(LAST_INSERT_ID(), 'dg114', 'original', 180);


##---------------------------------------------------------------                                                                                 

                                                                        


INSERT INTO art (artist, title, media, width, height, image, pricing_info, main_image, image_width, image_height)
	VALUES(321,
	       'beacon fell junction',
	       'oil on canvas',
	       41,
	       51,
	       'beacon-fell-junction',
	      'original, &pound;150',
	       0,
		650,
		505);
	     
		
INSERT INTO art_pricing(art, item_number, description, price)
	VALUES(LAST_INSERT_ID(), 'dg116', 'original', 150);


##--------------------------------------------------------------- 
 
