DELETE FROM art_pricing;
DELETE FROM art;
DELETE FROM artist;

ALTER TABLE art AUTO_INCREMENT = 1;

##-----------------------------------------------------------------------------------------




INSERT INTO artist (id, name, statement, notes, display)
	VALUES(3, 'peter corbett',
	       '<p class="artist">Peter is a well established Liverpool artist who has exhibited extensively, 
both nationally and internationally (including New York, Barcelona, Sweden, and the 2007 Florence biennale)and been awarded many awards throughout Europe and the USA including
the Vincent Van Gogh award, The Albert Einstein International Academy foundation; honouree in recognition 
for outstanding achievements and the international German art prize.</p>
<p class="artist">"This work has developed from researches into cells, water and organic forms in the 1970s, 
fractal geometry and chaos theory in the 1980s and 1990s. It also tries to convey my experiences during meditation 
and the states of consciousness that accompany it. In 1987 I discovered a technique Ive called double edging 
which more effectively expresses these states. One of my other aims is to reconnect with the underlying reality
 beneath the surface of things perceived in the objective world and to signal a qualitative change to re-establish 
our spiritual roots again."
<p class="artist">"I work predominantly with oil on canvas, using the double edging technique. 
The combination of classical procedures such as glazing, washing etc, with modern, such as alla prima and the double 
edging itself; form a method of working which for me creates a fusion that captures the best of each. Instead of 
being seen as a separation of styles, this creates something new and unexpected."</p>',
	       '<p class="artist">All prints available in a variety of sizes up to 120cm squared</p>',
	       1);

##-----------------------------------------------------------------------------------------


INSERT INTO art (artist, title, media, width, height, image, pricing_info, main_image, image_width, image_height)
	VALUES(3,
	       'trisagion',
	       'oil on board',
	       61,
	       61,
	       'trisagion',
	       'framed original &pound;350',
	       0,
		635,
		 650);

INSERT INTO art_pricing(art, item_number, description, price)
	VALUES(LAST_INSERT_ID(), 'PC104', 'original', 350);

##-----------------------------------------------------------------------------------------


INSERT INTO art (artist, title, media, width, height, image, pricing_info, main_image, image_width, image_height)
	VALUES(3,
	       'elan vital II',
	       'oil on canvas',
	       150,
	       125,
	       'elan vital II',
	       'original &pound;5500',
	       0,
		650,
		 428);

INSERT INTO art_pricing(art, item_number, description, price)
	VALUES(LAST_INSERT_ID(), 'PC106', 'original', 5500);


##-----------------------------------------------------------------------------------------

INSERT INTO art (artist, title, media, width, height, image, pricing_info, main_image, image_width, image_height)
	VALUES(3,
	       'empyrean',
	       'oil on canvas',
	       150,
	       125,
	       'empyrean',
	       'original &pound;5500',
	       0,
		650,
		 428);

INSERT INTO art_pricing(art, item_number, description, price)
	VALUES(LAST_INSERT_ID(), 'PC107-1', 'original', 5500);


##-----------------------------------------------------------------------------------------

INSERT INTO art (artist, title, media, width, height, image, pricing_info, main_image, image_width, image_height)
	VALUES(3,
	       'dreamweaver',
	       'oil on canvas',
	       150,
	       125,
	       'dreamweaver',
	       'original &pound;5500',
	       0,
		650,
		 428);

INSERT INTO art_pricing(art, item_number, description, price)
	VALUES(LAST_INSERT_ID(), 'PC108-1', 'original', 5500);


##-----------------------------------------------------------------------------------------
	       
INSERT INTO art (artist, title, media, width, height, image, pricing_info, main_image, image_width, image_height)
	VALUES(3,
	       'gnosis',
	       'oil on canvas',
	       150,
	       125,
	       'gnosis',
	       'original &pound;5500',
	       0,
		650,
		 428);

INSERT INTO art_pricing(art, item_number, description, price)
	VALUES(LAST_INSERT_ID(), 'PC109-1', 'original', 5500);


##-----------------------------------------------------------------------------------------

INSERT INTO art (artist, title, media, width, height, image, pricing_info, main_image, image_width, image_height)
	VALUES(3,
	       'nozomi',
	       'oil on canvas',
	       150,
	       125,
	       'nozomi',
	       'original &pound;5500',
	       0,
		650,
		 428);

INSERT INTO art_pricing(art, item_number, description, price)
	VALUES(LAST_INSERT_ID(), 'PC111-1', 'original', 5500);


##-----------------------------------------------------------------------------------------

INSERT INTO art (artist, title, media, width, height, image, pricing_info, main_image, image_width, image_height)
	VALUES(3,
	       'pool of life II',
	       'oil on canvas',
	       125,
	       165,
	       'pool of life II',
	       'original &pound;6500',
	       0,
		650,
		 428);

INSERT INTO art_pricing(art, item_number, description, price)
	VALUES(LAST_INSERT_ID(), 'PC112-1', 'original', 6500);


##-----------------------------------------------------------------------------------------


INSERT INTO art (artist, title, media, width, height, image, pricing_info, main_image, image_width, image_height)
	VALUES(3,
	       'amanaska',
	       'oil on canvas',
	       142,
	       112,
	       'amanaska',
	       'original &pound;2200',
	       0,
		650,
		 514);

INSERT INTO art_pricing(art, item_number, description, price)
	VALUES(LAST_INSERT_ID(), 'PC114', 'original', 2200);

##-----------------------------------------------------------------------------------------


INSERT INTO art (artist, title, media, width, height, image, pricing_info, main_image, image_width, image_height)
	VALUES(3,
	       'samvega',
	       'oil on canvas',
	       112,
	       142,
	       'samvega',
	       'original &pound;2200',
	       0,
		518,
		 650);

INSERT INTO art_pricing(art, item_number, description, price)
	VALUES(LAST_INSERT_ID(), 'PC115', 'original', 2200);

##-----------------------------------------------------------------------------------------

INSERT INTO art (artist, title, media, width, height, image, pricing_info, main_image, image_width, image_height)
	VALUES(3,
	       'freshfield',
	       'oil on canvas',
	       142,
	       112,
	       'freshfield',
	       'original &pound;2200',
	       1,
		650,
		 509);

INSERT INTO art_pricing(art, item_number, description, price)
	VALUES(LAST_INSERT_ID(), 'PC116', 'original', 2200);

##-----------------------------------------------------------------------------------------

INSERT INTO art (artist, title, media, width, height, image, pricing_info, main_image, image_width, image_height)
	VALUES(3,
	       'tathata',
	       'oil on canvas',
	       142,
	       112,
	       'tathata',
	       'original &pound;2200',
	       0,
		650,
		 506);

INSERT INTO art_pricing(art, item_number, description, price)
	VALUES(LAST_INSERT_ID(), 'PC117', 'original', 2200);

##-----------------------------------------------------------------------------------------




INSERT INTO art (artist, title, media, width, height, image, pricing_info, main_image, image_width, image_height)
	VALUES(3,
	       'fuschio',
	       'oil on canvas',
	       152,
	       122,
	       'fuschio',
	       'original &pound;3000',
	       0,
		650,
		 510);

INSERT INTO art_pricing(art, item_number, description, price)
	VALUES(LAST_INSERT_ID(), 'PC118', 'original', 3000);

##-----------------------------------------------------------------------------------------
	       


INSERT INTO art (artist, title, media, width, height, image, pricing_info, main_image, image_width, image_height)
	VALUES(3,
	       'maat',
	       'oil on canvas',
	       152,
	       122,
	       'maat',
	       'original &pound;3000',
	       0,
		650,
		 531);

INSERT INTO art_pricing(art, item_number, description, price)
	VALUES(LAST_INSERT_ID(), 'PC119', 'original', 3000);

##-----------------------------------------------------------------------------------------


INSERT INTO art (artist, title, media, width, height, image, pricing_info, main_image, image_width, image_height)
	VALUES(3,
	       'kairos',
	       'oil on canvas',
	       142,
	       112,
	       'kairos',
	       'original &pound;2200',
	       0,
		650,
		 433);

INSERT INTO art_pricing(art, item_number, description, price)
	VALUES(LAST_INSERT_ID(), 'PC120', 'original', 2200);

##-----------------------------------------------------------------------------------------


INSERT INTO art (artist, title, media, width, height, image, pricing_info, main_image, image_width, image_height)
	VALUES(3,
	       'the flower of life',
	       'oil on canvas',
	       142,
	       112,
	       'the_flower_of',
	       'original &pound;2200',
	       0,
		650,
		 450);

INSERT INTO art_pricing(art, item_number, description, price)
	VALUES(LAST_INSERT_ID(), 'PC121', 'original', 2200);

##-----------------------------------------------------------------------------------------


INSERT INTO art (artist, title, media, width, height, image, pricing_info, main_image, image_width, image_height)
	VALUES(3,
	       'yume I',
	       'oil on canvas',
	       142,
	       112,
	       'yume_I',
	       'original &pound;2200',
	       0,
		650,
		 433);

INSERT INTO art_pricing(art, item_number, description, price)
	VALUES(LAST_INSERT_ID(), 'PC122', 'original', 2200);

##-----------------------------------------------------------------------------------------


INSERT INTO art (artist, title, media, width, height, image, pricing_info, main_image, image_width, image_height)
	VALUES(3,
	       'zorved',
	       'oil on canvas',
	       142,
	       112,
	       'zorved',
	       'original &pound;2200',
	       0,
		650,
		 460);

INSERT INTO art_pricing(art, item_number, description, price)
	VALUES(LAST_INSERT_ID(), 'PC123', 'original', 2200);

##-----------------------------------------------------------------------------------------

INSERT INTO artist (id, name, statement, notes, display)
	VALUES(9, 'john sutherst',
	       '<p class="artist">John is a Liverpool based artist who retired early from his career as a gynaecologist to pursue his passion for painting. He has since found great success with his wide range of vivid and striking work.</p><p class="artist">"My pictures are mainly about colour, whether they be landscapes, flowers or figure studies. Pastel is my favourite medium, as I find that it is versatile enough to cope with all of these subjects. However, it is not easy to do large scale pictures in pastel because of the need to cover them with glass; so I have recently shifted to oil on large canvases for some subjects and found that the freedom of the extra space has allowed a move to less figurative work."</p>',
	       NULL,
	       1);

INSERT INTO art (artist, title, media, width, height, image, pricing_info, main_image, image_width, image_height)
	VALUES(9,
	       'susie',
	       'pastel',
	       40,
	       48,
	       'susie',
	       'limited edition print, &pound;35',
	       0,
		453,
		 650);

INSERT INTO art_pricing(art, item_number, description, price)
	VALUES(LAST_INSERT_ID(), 'JS101', 'limited edition print', 35);

##----------------------------------------------------------------------------------------------

INSERT INTO art (artist, title, media, width, height, image, pricing_info, main_image, image_width, image_height)
	VALUES(9,
	       'old men arguing',
	       'pastel',
	       60,
	       42,
	       'old_men',
	       'limited edition print, &pound;35',
	       0,
		650,
		 454);

INSERT INTO art_pricing(art, item_number, description, price)
	VALUES(LAST_INSERT_ID(), 'JS102', 'limited edition print', 35);

##----------------------------------------------------------------------------------------------

INSERT INTO art (artist, title, media, width, height, image, pricing_info, main_image, image_width, image_height)
	VALUES(9,
	       'orange begonia',
	       'pastel',
	       33,
	       45,
	       'orange_begonia',
	       'limited edition print, &pound;35',
	       0,
		465,
		 650);

INSERT INTO art_pricing(art, item_number, description, price)
	VALUES(LAST_INSERT_ID(), 'JS103', 'limited edition print', 35);

##-----------------------------------------------------------------------------------------------

INSERT INTO art (artist, title, media, width, height, image, pricing_info, main_image, image_width, image_height)
	VALUES(9,
	       'caribbean dance',
	       'pastel',
	       48,
	       39,
	       'caribbean_dance',
	       'limited edition print, &pound;35',
	       0,
		650,
		 529);

INSERT INTO art_pricing(art, item_number, description, price)
	VALUES(LAST_INSERT_ID(), 'JS104', 'limited edition print', 35);

##-----------------------------------------------------------------------------------------------

INSERT INTO art (artist, title, media, width, height, image, pricing_info, main_image, image_width, image_height)
	VALUES(9,
	       'honfleur I',
	       'pastel',
	       40,
	       40,
	       'honfleur_I',
	       'limited edition print, &pound;35',
	       0,
		637,
		 650);

INSERT INTO art_pricing(art, item_number, description, price)
	VALUES(LAST_INSERT_ID(), 'JS105', 'limited edition print', 35);

##------------------------------------------------------------------------------------------------

INSERT INTO art (artist, title, media, width, height, image, pricing_info, main_image, image_width, image_height)
	VALUES(9,
	       'nascent tulips',
	       'pastel',
	       44,
	       58,
	       'nascent_tulips',
	       'limited edition print, &pound;35',
	       0,
		487,
		 650);

INSERT INTO art_pricing(art, item_number, description, price)
	VALUES(LAST_INSERT_ID(), 'JS106', 'limited edition print', 35);

##----------------------------------------------------------------------------------------------

INSERT INTO art (artist, title, media, width, height, image, pricing_info, main_image, image_width, image_height)
	VALUES(9,
	       'anemones',
	       'pastel',
	       59,
	       45,
	       'anemones',
	       'limited edition giclee print, &pound;100',
	       0,
		650,
		 497);

INSERT INTO art_pricing(art, item_number, description, price)
	VALUES(LAST_INSERT_ID(), 'JS107', 'limited edition print', 100);

##------------------------------------------------------------------------------------------

INSERT INTO art (artist, title, media, width, height, image, pricing_info, main_image, image_width, image_height)
	VALUES(9,
	       'beach scene',
	       'pastel',
	       41,
	       50,
	       'beach_scene',
	       'limited edition giclee print, &pound;100',
	       0,
		631,
		 650);

INSERT INTO art_pricing(art, item_number, description, price)
	VALUES(LAST_INSERT_ID(), 'JS108', 'limited edition print', 100);

##------------------------------------------------------------------------------------------

INSERT INTO art (artist, title, media, width, height, image, pricing_info, main_image, image_width, image_height)
	VALUES(9,
	       'pink hydrangea',
	       'pastel',
	       53,
	       45,
	       'pink_hydrangea',
	       'limited edition giclee print, &pound;100',
	       0,
		650,
		 458);

INSERT INTO art_pricing(art, item_number, description, price)
	VALUES(LAST_INSERT_ID(), 'JS109', 'limited edition print', 100);

##-------------------------------------------------------------------------------------------

INSERT INTO art (artist, title, media, width, height, image, pricing_info, main_image, image_width, image_height)
	VALUES(9,
	       'irises and daisies',
	       'pastel',
	       40,
	       52,
	       'irises_and_daisies',
	       'limited edition giclee print, &pound;100',
	       0,
		495,
		 650);

INSERT INTO art_pricing(art, item_number, description, price)
	VALUES(LAST_INSERT_ID(), 'JS110', 'limited edition print', 100);

##------------------------------------------------------------------------------------------

INSERT INTO art (artist, title, media, width, height, image, pricing_info, main_image, image_width, image_height)
	VALUES(9,
	       'gerbera daisies',
	       'pastel',
	       29,
	       37,
	       'gerbera_daisies',
	       'limited edition giclee print, &pound;75',
	       0,
		512,
		 650);

INSERT INTO art_pricing(art, item_number, description, price)
	VALUES(LAST_INSERT_ID(), 'JS111', 'limited edition print', 75);

##----------------------------------------------------------------------------------------

INSERT INTO art (artist, title, media, width, height, image, pricing_info, main_image, image_width, image_height)
	VALUES(9,
	       'sunflowers',
	       'oil',
	       52,
	       52,
	       'sunflowers',
	       'limited edition giclee print, &pound;150',
	       0,
		646,
		 650);

INSERT INTO art_pricing(art, item_number, description, price)
	VALUES(LAST_INSERT_ID(), 'JS112', 'limited edition print', 150);

##---------------------------------------------------------------------------------------

INSERT INTO art (artist, title, media, width, height, image, pricing_info, main_image, image_width, image_height)
	VALUES(9,
	       'honfleur II',
	       'pastel',
	       48,
	       40,
	       'honfleur_II',
	       'limited edition giclee print, &pound;100',
	       0,
		650,
		 535);

INSERT INTO art_pricing(art, item_number, description, price)
	VALUES(LAST_INSERT_ID(), 'JS113', 'limited edition print', 100);

##-----------------------------------------------------------------------------------------

INSERT INTO art (artist, title, media, width, height, image, pricing_info, main_image, image_width, image_height)
	VALUES(9,
	       'blue hydrangea I',
	       'pastel',
	       38,
	       50,
	       'blue_hydrangea_I',
	       'limited edition giclee print, &pound;100',
	       0,
		484,
		 650);

INSERT INTO art_pricing(art, item_number, description, price)
	VALUES(LAST_INSERT_ID(), 'JS114', 'limited edition print', 100);

##-----------------------------------------------------------------------------------------

INSERT INTO art (artist, title, media, width, height, image, pricing_info, main_image, image_width, image_height)
	VALUES(9,
	       'blue hydrangea II',
	       'pastel',
	       39,
	       49,
	       'blue_hydrangea_II',
	       'limited edition giclee print, &pound;100',
	       0,
		509,
		 650);

INSERT INTO art_pricing(art, item_number, description, price)
	VALUES(LAST_INSERT_ID(), 'JS115', 'limited edition print', 100);

##-----------------------------------------------------------------------------------------

INSERT INTO art (artist, title, media, width, height, image, pricing_info, main_image, image_width, image_height)
	VALUES(9,
	       'opening tulips',
	       'pastel',
	       50,
	       50,
	       'opening_tulips',
	       'limited edition giclee print, &pound;100',
	       0,
		487,
		 650);

INSERT INTO art_pricing(art, item_number, description, price)
	VALUES(LAST_INSERT_ID(), 'JS116', 'limited edition print', 100);

##-----------------------------------------------------------------------------------------

INSERT INTO art (artist, title, media, width, height, image, pricing_info, main_image, image_width, image_height)
	VALUES(9,
	       'open tulips',
	       'pastel',
	       37,
	       50,
	       'open_tulips',
	       'limited edition giclee print, &pound;100',
	       0,
		650,
		 650);

INSERT INTO art_pricing(art, item_number, description, price)
	VALUES(LAST_INSERT_ID(), 'JS117', 'limited edition print', 100);

##-----------------------------------------------------------------------------------------

INSERT INTO art (artist, title, media, width, height, image, pricing_info, main_image, image_width, image_height)
	VALUES(9,
	       'anemones (redon style)',
	       'pastel',
	       48,
	       40,
	       'anemones_(redon_style)',
	       'limited edition giclee print, &pound;100',
	       0,
		650,
		 560);

INSERT INTO art_pricing(art, item_number, description, price)
	VALUES(LAST_INSERT_ID(), 'JS118', 'limited edition print', 100);

##-----------------------------------------------------------------------------------------

INSERT INTO art (artist, title, media, width, height, image, pricing_info, main_image, image_width, image_height)
	VALUES(9,
	       ' blue anemones',
	       'pastel',
	       30,
	       38,
	       'blue_anemones',
	       'limited edition giclee print, &pound;100',
	       0,
		457,
		 650);

INSERT INTO art_pricing(art, item_number, description, price)
	VALUES(LAST_INSERT_ID(), 'JS119', 'limited edition print', 100);

##-----------------------------------------------------------------------------------------

INSERT INTO art (artist, title, media, width, height, image, pricing_info, main_image, image_width, image_height)
	VALUES(9,
	       'mother and child',
	       'pastel',
	       28,
	       36,
	       'mother_and_child',
	       'limited edition giclee print, &pound;100',
	       1,
		507,
		 650);

INSERT INTO art_pricing(art, item_number, description, price)
	VALUES(LAST_INSERT_ID(), 'JS120', 'limited edition print', 100);

##-----------------------------------------------------------------------------------------

INSERT INTO artist (id, name, statement, notes, display, keywords)
	VALUES(38, 'nathan pendlebury',
	'<p class="artist">Born in Chester in 1973. Nathan grew up in various places across the North West, including Salford, Greater Manchester and 
  Warrington. Nathan studied Fine Art at Liverpool John Moores University from 1993 to 1996 specialising in painting. He later stayed in 
  Liverpool and is still based there today and currently has his studio with dot-art in Burlington House, Waterloo (just outside Liverpool
   City Centre). </p>
<p class="artist">Nathan has this to say about his work:</p>

<p class="artist">There is a fundamental need for me to create a bridge for which words cannot be found. There is a compulsion to make, and for me, making
paintings somehow seems the way forward. My subject is &#39;life&#39;. I am interested in colour and I want my paintings to be confident, positive
and vibrant. I prefer to produce more abstract work but the marks and shapes still tend to produce associations nonetheless. Associations
are produced like glimpses without always being totally direct in realistic or figurative terms. I also love music and the feelings I get
from it. Part of what I want with my work is for people to get the same feeling from looking at my painting that I do from listening to the
music I enjoy.</p>',
               NULL,
	       1,
	       'nathan pendlebury, abstract painting, liverpool urban art, contemporary canvases, polaroid photography, photos of liverpool');

##-----------------------------------------------------------------------------------

INSERT INTO art (artist, title, media, width, height, image, pricing_info, main_image, image_width, image_height)
	VALUES(38,
	       'liverpool waterfront 1',
	     'acrylic, oil & charcoal on canvas',
	       90,
	       160,
	        'liverpool-waterfront-1',
	       'sold',
	       0,
		650,
		 362);



##----------------------------------------------------------------------------------------- 


INSERT INTO art (artist, title, media, width, height, image, pricing_info, main_image, image_width, image_height)
	VALUES(38,
	       'liverpool waterfront 2',
	     'acrylic, oil & charcoal on canvas',
	       80,
	       120,
	        'liverpool-waterfront-2',
	       'original, &pound;1610',
	       0,
		650,
		 399);

INSERT INTO art_pricing(art, item_number, description, price)
	VALUES(LAST_INSERT_ID(), 'NP304', 'original', 1610);


##----------------------------------------------------------------------------------------- 

INSERT INTO art (artist, title, media, width, height, image, pricing_info, main_image, image_width, image_height)
	VALUES(38,
	       'liverpool waterfront 3',
	     'acrylic, oil & charcoal on canvas',
	       80,
	       120,
	        'liverpool-waterfront-3',
	       'original, &pound;1610',
	       0,
		650,
		 399);

INSERT INTO art_pricing(art, item_number, description, price)
	VALUES(LAST_INSERT_ID(), 'NP305', 'original', 1610);


##----------------------------------------------------------------------------------------- 

INSERT INTO art (artist, title, media, width, height, image, pricing_info, main_image, image_width, image_height)
	VALUES(38,
	       'a cottage with a rainbow',
	     'acrylic and oil paint on canvas',
	       80,
	       106,
	        'cottage-with-rainbow',
	       'original, &pound;1610',
	       0,
		650,
		 490);

INSERT INTO art_pricing(art, item_number, description, price)
	VALUES(LAST_INSERT_ID(), 'NP306', 'original', 1610);


##----------------------------------------------------------------------------------------- 


INSERT INTO art (artist, title, media, width, height, image, pricing_info, main_image, image_width, image_height)
	VALUES(38,
	       'a pastoral place',
	     'acrylic and oil paint on canvas',
	       100,
	       80,
	        'a-pastoral-place',
	       'original, &pound;1610',
	       0,
		524,
		 650);

INSERT INTO art_pricing(art, item_number, description, price)
	VALUES(LAST_INSERT_ID(), 'NP307', 'original', 1610);


##----------------------------------------------------------------------------------------- 


INSERT INTO art (artist, title, media, width, height, image, pricing_info, main_image, image_width, image_height)
	VALUES(38,
	       'variant landscape',
	     'acrylic and oil paint on canvas',
	       86,
	       111,
	        'variant-landscape',
	       'original, &pound;1700',
	       0,
		650,
		 501);

INSERT INTO art_pricing(art, item_number, description, price)
	VALUES(LAST_INSERT_ID(), 'NP308', 'original', 1700);


##----------------------------------------------------------------------------------------- 

INSERT INTO art (artist, title, media, width, height, image, pricing_info, main_image, image_width, image_height)
	VALUES(38,
	       'storm at sea',
	     'acrylic and oil paint on canvas',
	       60,
	       60,
	        'storm-at-sea',
	       'original, &pound;800',
	       0,
		650,
		 650);

INSERT INTO art_pricing(art, item_number, description, price)
	VALUES(LAST_INSERT_ID(), 'NP287', 'original', 800);


##----------------------------------------------------------------------------------------- 


INSERT INTO art (artist, title, media, width, height, image, pricing_info, main_image, image_width, image_height)
	VALUES(38,
	       'big yellow cloud',
	     'acrylic and oil paint on canvas',
	       60,
	       60,
	        'big-yellow-cloud',
	       'original, &pound;800',
	       0,
		650,
		 650);

INSERT INTO art_pricing(art, item_number, description, price)
	VALUES(LAST_INSERT_ID(), 'NP284', 'original', 800);


##----------------------------------------------------------------------------------------- 


INSERT INTO art (artist, title, media, width, height, image, pricing_info, main_image, image_width, image_height)
	VALUES(38,
	       'number 3',
	     'acrylic and oil paint on canvas',
	       60,
	       60,
	        'number-3',
	       'original, &pound;800',
	       0,
		650,
		 650);

INSERT INTO art_pricing(art, item_number, description, price)
	VALUES(LAST_INSERT_ID(), 'NP285', 'original', 800);


##----------------------------------------------------------------------------------------- 



INSERT INTO art (artist, title, media, width, height, image, pricing_info, main_image, image_width, image_height)
	VALUES(38,
	       'seascape 1',
	     'acrylic and oil paint on canvas',
	       10,
	       30,
	        'seascape-one',
	       'original, &pound;107',
	       0,
		650,
		 213);

INSERT INTO art_pricing(art, item_number, description, price)
	VALUES(LAST_INSERT_ID(), 'np300', 'original', 107);


##----------------------------------------------------------------------------------------- 

INSERT INTO art (artist, title, media, width, height, image, pricing_info, main_image, image_width, image_height)
	VALUES(38,
	       'seascape 2',
	     'acrylic and oil paint on canvas',
	       10,
	       30,
	        'seascape-two',
	       'original, &pound;107',
	       0,
		650,
		 219);

INSERT INTO art_pricing(art, item_number, description, price)
	VALUES(LAST_INSERT_ID(), 'np301', 'original', 107);


##----------------------------------------------------------------------------------------- 

INSERT INTO art (artist, title, media, width, height, image, pricing_info, main_image, image_width, image_height)
	VALUES(38,
	       'seascape 3',
	     'acrylic and oil paint on canvas',
	       10,
	       30,
	        'seascape-three',
	       'original, &pound;107',
	       0,
		650,
		 215);

INSERT INTO art_pricing(art, item_number, description, price)
	VALUES(LAST_INSERT_ID(), 'np302', 'original', 107);


##----------------------------------------------------------------------------------------- 




INSERT INTO art (artist, title, media, width, height, image, pricing_info, main_image, image_width, image_height)
	VALUES(38,
	       'hullaballoo',
	     'acrylic and oil paint on canvas',
	       90,
	       90,
	        'hullaballoo',
	       'original, &pound;1520',
	       1,
		650,
		 650);

INSERT INTO art_pricing(art, item_number, description, price)
	VALUES(LAST_INSERT_ID(), 'NP275', 'original', 1520);


##----------------------------------------------------------------------------------------- 


INSERT INTO art (artist, title, media, width, height, image, pricing_info, main_image, image_width, image_height)
	VALUES(38,
	       'whilst everyone else is asleep you are awake',
	     'acrylic and oil paint on canvas',
	       100,
	       100,
	        'whilst-everyone-else',
	       'original, &pound;1998',
	       0,
		650,
		 650);

INSERT INTO art_pricing(art, item_number, description, price)
	VALUES(LAST_INSERT_ID(), 'NP291', 'original', 1998);


##----------------------------------------------------------------------------------------- 


INSERT INTO art (artist, title, media, width, height, image, pricing_info, main_image, image_width, image_height)
	VALUES(38,
	       'in the morning',
	     'acrylic and oil paint on canvas',
	       60,
	       60,
	        'in-the-morning',
	       'original, &pound;800',
	       0,
		650,
		 650);

INSERT INTO art_pricing(art, item_number, description, price)
	VALUES(LAST_INSERT_ID(), 'NP276', 'original', 800);


##----------------------------------------------------------------------------------------- 



INSERT INTO art (artist, title, media, width, height, image, pricing_info, main_image, image_width, image_height)
	VALUES(38,
	       'purveyor',
	     'acrylic and spray paint and charcoal on canvas',
	       100,
	       100,
	        'purveyor',
	       'original, &pound;1700',
	       0,
		650,
		 650);

INSERT INTO art_pricing(art, item_number, description, price)
	VALUES(LAST_INSERT_ID(), 'NP272', 'original', 1700);

##-----------------------------------------------------------------------------------------  


INSERT INTO art (artist, title, media, width, height, image, pricing_info, main_image, image_width, image_height)
	VALUES(38,
	       'happy-go-laughey',
	       'acrylic paint and spray paint on canvas',
         90,
	       90,
	       'happy-go-laughey',
	   	     'original, &pound;1700',
	       0,
		650,
		 650);

INSERT INTO art_pricing(art, item_number, description, price)
	VALUES(LAST_INSERT_ID(), 'NP209', 'original', 1700);

##-----------------------------------------------------------------------------------------





INSERT INTO art (artist, title, media, width, height, image, pricing_info, main_image, image_width, image_height)
	VALUES(38,
	       'upside down smile',
	       'acrylic paint and spray paint on canvas',
         90,
	       90,
	       'upside-down-smile',
	         'original, &pound;1700',
	       0,
		650,
		 650);

INSERT INTO art_pricing(art, item_number, description, price)
	VALUES(LAST_INSERT_ID(), 'NP211', 'original', 1700);

##-----------------------------------------------------------------------------------------


INSERT INTO art (artist, title, media, width, height, image, pricing_info, main_image, image_width, image_height)
	VALUES(38,
	       'liver building 1',
	     'photographic print',
	       13,
	       13,
	       'liver-building-1',
	       'limited edition print print &pound;26',
	       0,
		650,
		 650);

INSERT INTO art_pricing(art, item_number, description, price)
	VALUES(LAST_INSERT_ID(), 'NP266', 'limited edition print print', 25);

##-----------------------------------------------------------------------------------------



INSERT INTO art (artist, title, media, width, height, image, pricing_info, main_image, image_width, image_height)
	VALUES(38,
	       'liver building 2',
	     'photographic print',
	       13,
	       13,
	     'liver-building-2',
	       'limited edition print print &pound;26',
	       0,
		650,
		 650);

INSERT INTO art_pricing(art, item_number, description, price)
	VALUES(LAST_INSERT_ID(), 'NP267', 'limited edition print print', 26);

##-----------------------------------------------------------------------------------------


INSERT INTO art (artist, title, media, width, height, image, pricing_info, main_image, image_width, image_height)
	VALUES(38,
	       'liver building 1',
	     'photographic print',
	       13,
	       13,
	       	       'liver-building-3',
	       'limited edition print print &pound;26',
	       0,
		650,
		 650);

INSERT INTO art_pricing(art, item_number, description, price)
	VALUES(LAST_INSERT_ID(), 'NP268', 'limited edition print print', 26);

##-----------------------------------------------------------------------------------------







INSERT INTO artist (id, name, statement, notes, display)
	VALUES(45, 'joe thompson',
	'<p class="artist">Art has always been a passion for Joe. From his early days copying his fathers sketches, to his recent large scale works featuring his travel in the Goan region of India - Joe has produced works from all stages of his life and travels, reflecting on his time spent in the Scots guards as a teenager, through his working life in and around Liverpool. His influences include the Impressionists and post Impressionists, listing Monet and Van Gogh as his particular favourites. He also has a great deal of admiration for Bosch and Dali. </p>
<p class="artist">Joe is particularly excited by new challenges. He has had pieces of work commissioned by stars of media, sport and a number of private collectors in London. He is currently retained by one of the largest accountancy firms in the world to produce works for members of their senior staff, one of whom said of Joes work:</p>
<p class="artist">"I appreciated the time and effort Joe took to understand, develop and produce my painting. I felt he not only met but exceeded my expectations in every way. It was, in the end, a very emotional experience."</p>
<p class="artist">Although he has sculpted, used water colours and ventured into many areas of the arts his first love is working with oils. His versatility is demonstrated by the range of work on display, but he is also happy to work to commission.</p>',
               NULL,
	       1);

##-----------------------------------------------------------------------------------






INSERT INTO art (artist, title, media, width, height, image, pricing_info, main_image, image_width, image_height)
	VALUES(45,
	       'waterloo sunset',
	       'oil on canvas',
	       90,
	       90,
	       'waterloo-sunset',
	       'currently unavailable',
	       0,
		650,
		 635);

INSERT INTO art_pricing(art, item_number, description, price)
	VALUES(LAST_INSERT_ID(), 'JH161', 'original',395);
	
##-----------------------------------------------------------------------------------  



INSERT INTO art (artist, title, media, width, height, image, pricing_info, main_image, image_width, image_height)
	VALUES(45,
	       'view of the valley guadalest',
	       'oil on canvas',
	       90,
	       90,
	       'view-of-the',
	       'original &pound;395',
	       0,
		650,
		 628);

INSERT INTO art_pricing(art, item_number, description, price)
	VALUES(LAST_INSERT_ID(), 'JH162', 'original',395);
##-----------------------------------------------------------------------------------     



INSERT INTO art (artist, title, media, width, height, image, pricing_info, main_image, image_width, image_height)
	VALUES(45,
	       'barn owl flying over a field in formby',
	       'oil on canvas',
	       90,
	       90,
	       'barn-owl-flying',
	       'original &pound;395',
	       0,
		650,
		 488);

INSERT INTO art_pricing(art, item_number, description, price)
	VALUES(LAST_INSERT_ID(), 'JH163', 'original',395);
##-----------------------------------------------------------------------------------
                                                                                         



INSERT INTO art (artist, title, media, width, height, image, pricing_info, main_image, image_width, image_height)
	VALUES(45,
	       'fishing boats calangue',
	       'oil on canvas',
	       90,
	       90,
	       'fishing-boats-calangue',
	       'original &pound;395',
	       0,
		650,
		 488);

INSERT INTO art_pricing(art, item_number, description, price)
	VALUES(LAST_INSERT_ID(), 'JH164', 'original',395);
##-----------------------------------------------------------------------------------
                                                                                         

                                                                                         

                                                                                         



INSERT INTO art (artist, title, media, width, height, image, pricing_info, main_image, image_width, image_height)
	VALUES(45,
	       'waves',
	       'oil on canvas',
	       122,
	       90,
	       'waves',
	       'original &pound;495',
	       0,
		650,
		 488);

INSERT INTO art_pricing(art, item_number, description, price)
	VALUES(LAST_INSERT_ID(), 'JH167', 'original',495);
##-----------------------------------------------------------------------------------  
                                                                                          



INSERT INTO art (artist, title, media, width, height, image, pricing_info, main_image, image_width, image_height)
	VALUES(45,
	       'mountains beyond benidorm',
	       'oil on canvas',
	       60,
	       40,
	       'mountains-beyond-benidorm',
	       'original &pound;250',
	       0,
		650,
		 488);

INSERT INTO art_pricing(art, item_number, description, price)
	VALUES(LAST_INSERT_ID(), 'JH169', 'original',250);
##-----------------------------------------------------------------------------------

INSERT INTO art (artist, title, media, width, height, image, pricing_info, main_image, image_width, image_height)
	VALUES(45,
	       'the chaser',
	       'framed oil on canvas',
	       122,
	       89,
	       'the-chaser',
	       'original &pound;500',
	       1,
		650,
		 501);

INSERT INTO art_pricing(art, item_number, description, price)
	VALUES(LAST_INSERT_ID(), 'JH160', 'original',500);
##-----------------------------------------------------------------------------------



INSERT INTO art (artist, title, media, width, height, image, pricing_info, main_image, image_width, image_height)
	VALUES(45,
	       'formby beach',
	       'framed oil on board',
	       46,
	       46,
	       'formby-beach',
	       'original &pound;250',
	       0,
		650,
		 592);

INSERT INTO art_pricing(art, item_number, description, price)
	VALUES(LAST_INSERT_ID(), 'JH162', 'original',250);

##---------------------------------------------------------------------------------- 



INSERT INTO art (artist, title, media, width, height, image, pricing_info, main_image, image_width, image_height)
	VALUES(45,
	       'a field in maghull morning time',
	       'framed oil on board',
	       36,
	       26,
	       'a-field-in',
	       'original &pound;195',
	       0,
		650,
		 488);

INSERT INTO art_pricing(art, item_number, description, price)
	VALUES(LAST_INSERT_ID(), 'JH163', 'original',195);

##----------------------------------------------------------------------------------  



INSERT INTO art (artist, title, media, width, height, image, pricing_info, main_image, image_width, image_height)
	VALUES(45,
	       'athol bridge evening',
	       'oil on canvas',
	       60,
	       90,
	       'athol-bridge-evening',
	       'original &pound;325',
	       0,
		650,
		 488);

INSERT INTO art_pricing(art, item_number, description, price)
	VALUES(LAST_INSERT_ID(), 'JH166', 'original',325);

##----------------------------------------------------------------------------------  

INSERT INTO art (artist, title, media, width, height, image, pricing_info, main_image, image_width, image_height)
	VALUES(45,
	       'christ the king',
	       'oil on canvas',
	       60,
	       50,
	       'christ-the-king',
	       'original &pound;225',
	       0,
		650,
		 488);

INSERT INTO art_pricing(art, item_number, description, price)
	VALUES(LAST_INSERT_ID(), 'JH167', 'original',225);

##---------------------------------------------------------------------------------- 

INSERT INTO art (artist, title, media, width, height, image, pricing_info, main_image, image_width, image_height)
	VALUES(45,
	       'croxteth woods',
	       'oil on canvas',
	       50,
	       40,
	       'croxteth-woods',
	       'original &pound;175',
	       0,
		650,
		 488);

INSERT INTO art_pricing(art, item_number, description, price)
	VALUES(LAST_INSERT_ID(), 'JH168', 'original',175);

##---------------------------------------------------------------------------------- 

INSERT INTO art (artist, title, media, width, height, image, pricing_info, main_image, image_width, image_height)
	VALUES(45,
	       'dockers clock 2',
	       'oil on canvas',
	       90,
	       90,
	       'dockers-clock-2',
	       'original &pound;395',
	       0,
		650,
		 488);

INSERT INTO art_pricing(art, item_number, description, price)
	VALUES(LAST_INSERT_ID(), 'JH169', 'original',395);

##----------------------------------------------------------------------------------   

INSERT INTO art (artist, title, media, width, height, image, pricing_info, main_image, image_width, image_height)
	VALUES(45,
	       'eldonian village hall',
	       'oil on canvas',
	       60,
	       45,
	       'eldonian-village-hall',
	       'original &pound;175',
	       0,
		650,
		 488);

INSERT INTO art_pricing(art, item_number, description, price)
	VALUES(LAST_INSERT_ID(), 'JH170', 'original',175);

##----------------------------------------------------------------------------------   

INSERT INTO art (artist, title, media, width, height, image, pricing_info, main_image, image_width, image_height)
	VALUES(45,
	       'fading memory',
	       'framed oil on board',
	       50,
	       40,
	       'fading-memory',
	       'original &pound;195',
	       0,
		650,
		 522);

INSERT INTO art_pricing(art, item_number, description, price)
	VALUES(LAST_INSERT_ID(), 'JH171', 'original',195);

##----------------------------------------------------------------------------------    

INSERT INTO art (artist, title, media, width, height, image, pricing_info, main_image, image_width, image_height)
	VALUES(45,
	       'for no one',
	       'oil on canvas',
	       76,
	       100,
	       'for-no-one',
	       'original &pound;395',
	       0,
		650,
		 488);

INSERT INTO art_pricing(art, item_number, description, price)
	VALUES(LAST_INSERT_ID(), 'JH172', 'original',395);

##----------------------------------------------------------------------------------     

INSERT INTO art (artist, title, media, width, height, image, pricing_info, main_image, image_width, image_height)
	VALUES(45,
	       'formby point',
	       'framed oil on board',
	       24,
	       20,
	       'formby-point',
	       'original &pound;175',
	       0,
		650,
		 488);

INSERT INTO art_pricing(art, item_number, description, price)
	VALUES(LAST_INSERT_ID(), 'JH173', 'original',175);

##----------------------------------------------------------------------------------    

INSERT INTO art (artist, title, media, width, height, image, pricing_info, main_image, image_width, image_height)
	VALUES(45,
	       'fort aguada',
	       'oil on canvas',
	       40,
	       30,
	       'fort-aguada',
	       'original &pound;150',
	       0,
		650,
		 488);

INSERT INTO art_pricing(art, item_number, description, price)
	VALUES(LAST_INSERT_ID(), 'JH174', 'original',150);

##----------------------------------------------------------------------------------    

INSERT INTO art (artist, title, media, width, height, image, pricing_info, main_image, image_width, image_height)
	VALUES(45,
	       'here comes the sun',
	       'oil on canvas',
	       76,
	       100,
	       'here-comes-the',
	       'currently unavailable',
	       0,
		650,
		 488);

INSERT INTO art_pricing(art, item_number, description, price)
	VALUES(LAST_INSERT_ID(), 'JH175', 'original',395);

##----------------------------------------------------------------------------------   

INSERT INTO art (artist, title, media, width, height, image, pricing_info, main_image, image_width, image_height)
	VALUES(45,
	       'new brighton on a windy day',
	       'oil on canvas',
	       90,
	       90,
	       'new-brighton-on',
	       'currently unavailable',
	       0,
		650,
		 646);

INSERT INTO art_pricing(art, item_number, description, price)
	VALUES(LAST_INSERT_ID(), 'JH176', 'original',395);

##----------------------------------------------------------------------------------      

INSERT INTO art (artist, title, media, width, height, image, pricing_info, main_image, image_width, image_height)
	VALUES(45,
	       'the dignity of reg',
	       'framed oil on canvas',
	       50,
	       60,
	       'reg',
	       'original &pound;350',
	       0,
		488,
		 650);

INSERT INTO art_pricing(art, item_number, description, price)
	VALUES(LAST_INSERT_ID(), 'JH177', 'original',350);

##----------------------------------------------------------------------------------      



INSERT INTO art (artist, title, media, width, height, image, pricing_info, main_image, image_width, image_height)
	VALUES(45,
	       'the three graces',
	       'oil on canvas',
	       90,
	       90,
	       'the-three-graces',
	       'original &pound;395',
	       0,
		650,
		 488);

INSERT INTO art_pricing(art, item_number, description, price)
	VALUES(LAST_INSERT_ID(), 'JH180', 'original',395);

##----------------------------------------------------------------------------------       

INSERT INTO art (artist, title, media, width, height, image, pricing_info, main_image, image_width, image_height)
	VALUES(45,
	       'where have all the good times gone',
	       'oil on canvas',
	       100,
	       76,
	       'where-have-all',
	       'original &pound;395',
	       0,
		650,
		 488);

INSERT INTO art_pricing(art, item_number, description, price)
	VALUES(LAST_INSERT_ID(), 'JH181', 'original',395);

##----------------------------------------------------------------------------------       

INSERT INTO art (artist, title, media, width, height, image, pricing_info, main_image, image_width, image_height)
	VALUES(45,
	       'where the canal meets the locks',
	       'framed oil on board',
	       60,
	       30,
	       'where-the-canal',
	       'original &pound;195',
	       0,
		650,
		 331);

INSERT INTO art_pricing(art, item_number, description, price)
	VALUES(LAST_INSERT_ID(), 'JH182', 'original',195);

##----------------------------------------------------------------------------------        

INSERT INTO art (artist, title, media, width, height, image, pricing_info, main_image, image_width, image_height)
	VALUES(45,
	       'where they build big ships',
	       'framed oil on board',
	       80,
	       60,
	       'where-they-build',
	       'original &pound;295',
	       0,
		650,
		 488);

INSERT INTO art_pricing(art, item_number, description, price)
	VALUES(LAST_INSERT_ID(), 'JH183', 'original',295);

##----------------------------------------------------------------------------------



INSERT INTO art (artist, title, media, width, height, image, pricing_info, main_image, image_width, image_height)
	VALUES(45,
	       'rhythm of the waves',
	       'oil on canvas',
	       122,
	       90,
	       'rythym-of-the',
	       'original &pound;500',
	       0,
		650,
		 480);

INSERT INTO art_pricing(art, item_number, description, price)
	VALUES(LAST_INSERT_ID(), 'JH158', 'original',500);
##-----------------------------------------------------------------------------------

INSERT INTO art (artist, title, media, width, height, image, pricing_info, main_image, image_width, image_height)
	VALUES(45,
	       'spring',
	       'framed oil on canvas',
	       30,
	       25,
	       'spring',
	       'original &pound;175',
	       0,
		650,
		 530);

INSERT INTO art_pricing(art, item_number, description, price)
	VALUES(LAST_INSERT_ID(), 'JH159', 'original',175);
##-----------------------------------------------------------------------------------


INSERT INTO art (artist, title, media, width, height, image, pricing_info, main_image, image_width, image_height)
	VALUES(45,
	       'the observatory tower',
	       'oil on canvas',
	       67,
	       67,
	       'the-observatory-tower',
	       'original &pound;300',
	       0,
		650,
		 488);

INSERT INTO art_pricing(art, item_number, description, price)
	VALUES(LAST_INSERT_ID(), 'JH161', 'original',300);
##-----------------------------------------------------------------------------------


INSERT INTO art (artist, title, media, width, height, image, pricing_info, main_image, image_width, image_height)
	VALUES(45,
	       'croxteth woods L11',
	       'oil on canvas',
	       51,
	       40,
	       'croxteth_woods_l11',
	       'original &pound;250',
	       0,
		650,
		 520);

INSERT INTO art_pricing(art, item_number, description, price)
	VALUES(LAST_INSERT_ID(), 'JH151', 'original', 250);
##-----------------------------------------------------------------------------------



INSERT INTO art (artist, title, media, width, height, image, pricing_info, main_image, image_width, image_height)
	VALUES(45,
	       'ness garden',
	       'oil on canvas',
	       76,
	       76,
	       'ness_garden',
	       'original &pound;375',
	       0,
		648,
		 650);

INSERT INTO art_pricing(art, item_number, description, price)
	VALUES(LAST_INSERT_ID(), 'JH155', 'original', 375);
##-----------------------------------------------------------------------------------



INSERT INTO art (artist, title, media, width, height, image, pricing_info, main_image, image_width, image_height)
	VALUES(45,
	       'kingfisher over the mersey',
	       'oil on board',
	       70,
	       46,
	       'kingfisher_over_the',
	       'original &pound;295',
	       0,
		650,
		 455);

INSERT INTO art_pricing(art, item_number, description, price)
	VALUES(LAST_INSERT_ID(), 'JH158', 'original', 295 );
##-----------------------------------------------------------------------------------




INSERT INTO art (artist, title, media, width, height, image, pricing_info, main_image, image_width, image_height)
	VALUES(45,
	       'canal meets the locks',
	       'oil on canvas',
	       61,
	       92,
	       'canal_meets_the',
	       'original &pound;400',
	       0,
		650,
		 430);

INSERT INTO art_pricing(art, item_number, description, price)
	VALUES(LAST_INSERT_ID(), 'JH107', 'original', 400);
##-----------------------------------------------------------------------------------






INSERT INTO art (artist, title, media, width, height, image, pricing_info, main_image, image_width, image_height)
	VALUES(45,
	       'road workers in goa',
	       'oil on canvas',
	       107,
	       95,
	       'roadworkers_in_goa',
	       'original &pound;500',
	       0,
		650,
		 488);

INSERT INTO art_pricing(art, item_number, description, price)
	VALUES(LAST_INSERT_ID(), 'JH122', 'original', 500);
##-----------------------------------------------------------------------------------



INSERT INTO art (artist, title, media, width, height, image, pricing_info, main_image, image_width, image_height)
	VALUES(45,
	       'the war is over the drugs have won',
	       'oil on canvas',
	       92,
	       61,
	       'the_war_is',
	       'original &pound;400',
	       0,
		650,
		 444);

INSERT INTO art_pricing(art, item_number, description, price)
	VALUES(LAST_INSERT_ID(), 'JH128', 'original', 400);
##-----------------------------------------------------------------------------------

INSERT INTO art (artist, title, media, width, height, image, pricing_info, main_image, image_width, image_height)
	VALUES(45,
	       'view from altea',
	       'oil on canvas',
	       26,
	       36,
	       'view_from_altea',
	       'original &pound;150',
	       0,
		650,
		 454);

INSERT INTO art_pricing(art, item_number, description, price)
	VALUES(LAST_INSERT_ID(), 'JH129', 'original', 150);
##-----------------------------------------------------------------------------------



INSERT INTO art (artist, title, media, width, height, image, pricing_info, main_image, image_width, image_height)
	VALUES(45,
	       'in my life',
	       'oil on canvas',
	       61,
	       51,
	       'in_my_life',
	       'framed original &pound;350',
	       0,
		650,
		 548);

INSERT INTO art_pricing(art, item_number, description, price)
	VALUES(LAST_INSERT_ID(), 'JH136', 'framed original', 350);
##-----------------------------------------------------------------------------------


INSERT INTO art (artist, title, media, width, height, image, pricing_info, main_image, image_width, image_height)
	VALUES(45,
	       'beyond benidorm',
	       'oil on canvas',
	       61,
	       46,
	       'beyond_benidorm',
	       'framed original &pound;350',
	       0,
		650,
		 483);

INSERT INTO art_pricing(art, item_number, description, price)
	VALUES(LAST_INSERT_ID(), 'JH141', 'framed original', 350);

##-----------------------------------------------------------------------------------





INSERT INTO art (artist, title, media, width, height, image, pricing_info, main_image, image_width, image_height)
	VALUES(45,
	       'bad santa',
	       'oil on canvas',
	       61,
	       91,
	       'bad_santa',
	       'original &pound;400',
	       0,
		430,
		 650);

INSERT INTO art_pricing(art, item_number, description, price)
	VALUES(LAST_INSERT_ID(), 'JH145', 'original', 400);



##-----------------------------------------------------------------------------------

INSERT INTO art (artist, title, media, width, height, image, pricing_info, main_image, image_width, image_height)
	VALUES(45,
	       '89 96',
	       'oil on canvas',
	       122,
	       90,
	       '89-96',
	       'original &pound;500',
	       0,
		650,
		 434);

INSERT INTO art_pricing(art, item_number, description, price)
	VALUES(LAST_INSERT_ID(), 'JH150', 'original',500 );
##-----------------------------------------------------------------------------------


INSERT INTO art (artist, title, media, width, height, image, pricing_info, main_image, image_width, image_height)
	VALUES(45,
	       'cherry tree in june',
	       'oil on canvas framed',
	       45,
	       32,
	       'cherry-tree-in',
	       'original &pound;250',
	       0,
		650,
		 427);

INSERT INTO art_pricing(art, item_number, description, price)
	VALUES(LAST_INSERT_ID(), 'JH152', 'original',250);
##-----------------------------------------------------------------------------------



INSERT INTO art (artist, title, media, width, height, image, pricing_info, main_image, image_width, image_height)
	VALUES(45,
	       'grand canyon',
	       'oil on canvas',
	       76,
	       76,
	       'grand-canyon',
	       'original &pound;250',
	       0,
		650,
		 488);

INSERT INTO art_pricing(art, item_number, description, price)
	VALUES(LAST_INSERT_ID(), 'JH156', 'original',250);
##-----------------------------------------------------------------------------------



INSERT INTO art (artist, title, media, width, height, image, pricing_info, main_image, image_width, image_height)
	VALUES(45,
	       'garden in waterloo',
	       'oil on board',
	       30,
	       25,
	       'garden-in-waterloo',
	       'original &pound;195',
	       0,
		650,
		 552);

INSERT INTO art_pricing(art, item_number, description, price)
	VALUES(LAST_INSERT_ID(), 'JH159', 'original',195);
##-----------------------------------------------------------------------------------



INSERT INTO artist (id, name, statement, notes, display, keywords)
	VALUES(48, 'roy munday',
	'<p class="artist">Roy graduated from Liverpool John Moores university in 2004 with a BA (Hons) in Fine Art. one of his paintings won the swiss life prize and now hangs in their liverpool headquarters. In 2004 he was awarded the Norman Moores painting and drawing fellowship. He was commissioned by John Moores University to produce a painting that now hangs in the Aldham Robarts building and has exhibited at several prestigious venues on merseyside. most recently, one of his paintings, liver buildings at sunset, has been selected by the capital of culture company to feature on merchandise in the run-up to 2008.</p>
<p class="artist">He has the following to say about his work -</p>
<p class="artist">"Many of my paintings are based on Liverpool, and its people. Liverpool is a city undergoing a radical transition and I am keen to capture some of the older parts before they are lost forever. Other work that interests me as a painter is that of narrative, paintings that that go beyond the aesthetic and which tell a story, or provide a comment about the world we live in."</p>',
               NULL,
	       1,
		'paintings of liverpool, liverpool scenes, liverpool waterfront, albert dock liverpool, oil painting liverpool, liverpool docks, maritime liverpool, paintings of the mersey, roy munday, liverpool landscapes');

##-----------------------------------------------------------------------------------



INSERT INTO art (artist, title, media, width, height, image, pricing_info, main_image, image_width, image_height)
	VALUES(48,
	       'liverpool docks 1960s',
	       'oil on canvas',
	       90,
	       80,
	       'docks',
	           'original &pound;660',
	       0,
		650,
		 497);

INSERT INTO art_pricing(art, item_number, description, price)
	VALUES(LAST_INSERT_ID(), 'RM101', 'original', 660);


##-----------------------------------------------------------------------------------



INSERT INTO art (artist, title, media, width, height, image, pricing_info, main_image, image_width, image_height)
	VALUES(48,
	       'albert dock 1960s',
	       'oil on canvas',
	       90,
	       60,
	       'albertdock-liverpool-1',
	           'currently unavailable',
	       0,
		650,
		 506);

INSERT INTO art_pricing(art, item_number, description, price)
	VALUES(LAST_INSERT_ID(), 'RM102', 'original', 560);


##-----------------------------------------------------------------------------------



INSERT INTO art (artist, title, media, width, height, image, pricing_info, main_image, image_width, image_height)
	VALUES(48,
	       'liverpool waterfront',
	       'oil on canvas',
	       90,
	       60,
	       'liverpool-3graces',
	           'original &pound;500',
	       0,
		650,
		 432);

INSERT INTO art_pricing(art, item_number, description, price)
	VALUES(LAST_INSERT_ID(), 'RM103', 'original', 500);


##-----------------------------------------------------------------------------------



INSERT INTO art (artist, title, media, width, height, image, pricing_info, main_image, image_width, image_height)
	VALUES(48,
	       'qe 2 entering the river mersey 2008',
	       'oil on canvas',
	       90,
	       80,
	       'qe-2',
	           'original &pound;800',
	       0,
		650,
		 450);

INSERT INTO art_pricing(art, item_number, description, price)
	VALUES(LAST_INSERT_ID(), 'RM104', 'original', 800);


##-----------------------------------------------------------------------------------



INSERT INTO art (artist, title, media, width, height, image, pricing_info, main_image, image_width, image_height)
	VALUES(48,
	       'tallships off liverpool 2008',
	       'oil on board',
	       50,
	       60,
	       'liverpool-tallships-7',
	           'original &pound;260',
	       0,
		650,
		 526);

INSERT INTO art_pricing(art, item_number, description, price)
	VALUES(LAST_INSERT_ID(), 'RM105', 'original', 260);


##-----------------------------------------------------------------------------------



INSERT INTO art (artist, title, media, width, height, image, pricing_info, main_image, image_width, image_height)
	VALUES(48,
	       'steamship waverley',
	       'oil on canvas',
	       90,
	       80,
	       'waverley-3',
	           'original &pound;800',
	       0,
		650,
		 502);

INSERT INTO art_pricing(art, item_number, description, price)
	VALUES(LAST_INSERT_ID(), 'RM106', 'original', 800);


##-----------------------------------------------------------------------------------



INSERT INTO art (artist, title, media, width, height, image, pricing_info, main_image, image_width, image_height)
	VALUES(48,
	       'sunset cammell lairds birkenhead',
	       'oil on canvas',
	       90,
	       50,
	       'cammell-lairds-liverpool',
	           'currently unavailable',
	       0,
		650,
		 430);

INSERT INTO art_pricing(art, item_number, description, price)
	VALUES(LAST_INSERT_ID(), 'RM107', 'original', 380);


##-----------------------------------------------------------------------------------



INSERT INTO art (artist, title, media, width, height, image, pricing_info, main_image, image_width, image_height)
	VALUES(48,
	       'the pump house liverpool',
	       'oil on canvas',
	       75,
	       75,
	       'liverbuildings-2',
	           'original &pound;260',
	       0,
		650,
		 560);

INSERT INTO art_pricing(art, item_number, description, price)
	VALUES(LAST_INSERT_ID(), 'RM108', 'original', 260);


##-----------------------------------------------------------------------------------


INSERT INTO art (artist, title, media, width, height, image, pricing_info, main_image, image_width, image_height)
	VALUES(48,
	       'first light liverpool waterfront',
	       'oil on canvas',
	       90,
	       50,
	       'liverpool-waterfront-2',
	           'original &pound;380',
	       1,
		650,
		 426);

INSERT INTO art_pricing(art, item_number, description, price)
	VALUES(LAST_INSERT_ID(), 'RM110', 'original', 380);


##-----------------------------------------------------------------------------------



INSERT INTO art (artist, title, media, width, height, image, pricing_info, main_image, image_width, image_height)
	VALUES(48,
	       'liverpool waterfront at night',
	       'oil on canvas',
	       60,
	       30,
	       'liverpool-waterfront-at',
	           'limited edition print &pound;79',
	       0,
		650,
		 335);

INSERT INTO art_pricing(art, item_number, description, price)
	VALUES(LAST_INSERT_ID(), 'RM109', 'limited edition print', 79);


##-----------------------------------------------------------------------------------

INSERT INTO artist (id, name, statement, notes, display)
	VALUES(50, 'garry lawlan',
	'<p class="artist"></p>
<p class="artist">Garry is a Liverpool based artist who graduated from Leeds university in 1978.
 His cartoon and illustration work has been published in many newspapers and books. 
He has been influenced by many artists and illustrators over the years including Picasso and Roger Dean.</p>
<p class="artist">His current work is split into two distinct themes, the surreal and fantastic watercolour landscapes
of the artists imagination, and more traditional landscape paintings including a number of scenes of Liverpool.</p>',
               NULL,
	       1);

##-----------------------------------------------------------------------------------


    
INSERT INTO art (artist, title, media, width, height, image, pricing_info, main_image, image_width, image_height)
	VALUES(50,
	        'liver birds looking out to sea',
	       'oil on canvas',
	       168,
	       137,
	      'liver-birds-looking',
	       'currently unavailable',
	       0,
		650,
		 482);

INSERT INTO art_pricing(art, item_number, description, price)
	VALUES(LAST_INSERT_ID(), 'GL117', 'original', 1500);


##-----------------------------------------------------------------------------------

INSERT INTO art (artist, title, media, width, height, image, pricing_info, main_image, image_width, image_height)
	VALUES(50,
	        'liver building 8',
	       'oil on canvas',
	       95,
	       41,
	      'liver-building-8',
	       'currently unavailable',
	       0,
		402,
		 650);

INSERT INTO art_pricing(art, item_number, description, price)
	VALUES(LAST_INSERT_ID(), 'GL116', 'original', 650);


##-----------------------------------------------------------------------------------



INSERT INTO art (artist, title, media, width, height, image, pricing_info, main_image, image_width, image_height)
	VALUES(50,
	        'liver building 6',
	       'oil on canvas',
	       76,
	       200,
	      'liver-building-6',
	       'original &pound;1350',
	       0,
		218,
		 650);

INSERT INTO art_pricing(art, item_number, description, price)
	VALUES(LAST_INSERT_ID(), 'GL115', 'original', 1350);


##-----------------------------------------------------------------------------------


INSERT INTO art (artist, title, media, width, height, image, pricing_info, main_image, image_width, image_height)
	VALUES(50,
	        'liver building 7',
	       'oil on canvas',
	       120,
	       120,
	      'liver-building-7',
	       'commission example',
	       0,
		517,
		 650);



##-----------------------------------------------------------------------------------


INSERT INTO art (artist, title, media, width, height, image, pricing_info, main_image, image_width, image_height)
	VALUES(50,
	       'liver building 4',
	       'oil on canvas',
	       122,
	       122,
	       'liver_buildings_4',
	       'commission example',
	       1,
		649,
		 650);


##-----------------------------------------------------------------------------------

INSERT INTO art (artist, title, media, width, height, image, pricing_info, main_image, image_width, image_height)
	VALUES(50,
	        'liver building 5',
	       'oil on canvas',
	       78,
	       122,
	      'liver_buildings_5',
	       'commission example',
	       0,
		429,
		 650);



##-----------------------------------------------------------------------------------




INSERT INTO art (artist, title, media, width, height, image, pricing_info, main_image, image_width, image_height)
	VALUES(50,
	       'the liver bird',
	       'oil on canvas',
	       202,
	       91,
	       'the_liver_bird',
	         'commission example',
	       0,
		488,
		 650);


##-----------------------------------------------------------------------------------


INSERT INTO art (artist, title, media, width, height, image, pricing_info, main_image, image_width, image_height)
	VALUES(50,
	       'dusk in the harbour',
	       'oil on canvas',
	       76,
	       61,
	       'dusk_in_the_harbour',
	       'original &pound;250',
	       0,
		488,
		 650);

INSERT INTO art_pricing(art, item_number, description, price)
	VALUES(LAST_INSERT_ID(), 'GL101', 'original', 250);


##-----------------------------------------------------------------------------------

INSERT INTO art (artist, title, media, width, height, image, pricing_info, main_image, image_width, image_height)
	VALUES(50,
	       'harbours day',
	       'oil on canvas',
	       200,
	       70,
	       'harbours_day',
	       'original &pound;295',
	       0,
		481,
		 650);

INSERT INTO art_pricing(art, item_number, description, price)
	VALUES(LAST_INSERT_ID(), 'GL102', 'original', 295);


##-----------------------------------------------------------------------------------

INSERT INTO art (artist, title, media, width, height, image, pricing_info, main_image, image_width, image_height)
	VALUES(50,
	       'the mill',
	       'oil on canvas',
	       76,
	       61,
	       'the_mill',
	       'original &pound;250',
	       0,
		510,
		 650);

INSERT INTO art_pricing(art, item_number, description, price)
	VALUES(LAST_INSERT_ID(), 'GL103', 'original', 250);


##-----------------------------------------------------------------------------------


INSERT INTO art (artist, title, media, width, height, image, pricing_info, main_image, image_width, image_height)
	VALUES(50,
	       'island for sale',
	       'ink and watercolour on paper',
	       74,
	       47,
	       'island_for_sale',
	       'original &pound;395',
	       0,
		496,
		 650);

INSERT INTO art_pricing(art, item_number, description, price)
	VALUES(LAST_INSERT_ID(), 'GL105', 'original', 395);


##-----------------------------------------------------------------------------------

INSERT INTO art (artist, title, media, width, height, image, pricing_info, main_image, image_width, image_height)
	VALUES(50,
	       'the industrial island',
	       'ink and watercolour on paper',
	       74,
	       47,
	       'the_industrial_island',
	       'original &pound;395',
	       0,
		496,
		 650);

INSERT INTO art_pricing(art, item_number, description, price)
	VALUES(LAST_INSERT_ID(), 'GL106', 'original', 395);


##-----------------------------------------------------------------------------------

INSERT INTO art (artist, title, media, width, height, image, pricing_info, main_image, image_width, image_height)
	VALUES(50,
	       'the remaining island',
	       'ink and watercolour on paper',
	       74,
	       47,
	       'the_remaining_island',
	       'original &pound;395',
	       0,
		481,
		 650);

INSERT INTO art_pricing(art, item_number, description, price)
	VALUES(LAST_INSERT_ID(), 'GL107', 'original', 395);


##-----------------------------------------------------------------------------------

INSERT INTO art (artist, title, media, width, height, image, pricing_info, main_image, image_width, image_height)
	VALUES(50,
	       'pleasure island',
	       'ink and watercolour on paper',
	       74,
	       47,
	       'pleasure_island',
	       'original &pound;395',
	       0,
		488,
		 650);

INSERT INTO art_pricing(art, item_number, description, price)
	VALUES(LAST_INSERT_ID(), 'GL108', 'original', 395);


##-----------------------------------------------------------------------------------

INSERT INTO art (artist, title, media, width, height, image, pricing_info, main_image, image_width, image_height)
	VALUES(50,
	       'the ferry',
	       'oil on canvas',
	       80,
	       120,
	       'the_ferry',
	       'commission example',
	       0,
		460,
		 650);



##-----------------------------------------------------------------------------------






INSERT INTO artist (id, name, statement, notes, display)
	VALUES(53, 'paul r francis',
	'<p class="artist">Paul is a designer who has recently returned to his roots in fine art. His work takes elements of pop culture, advertising and
satire and combines them to create bold, contemporary images. The artist describes his inspirations:</p>
<p class="artist">whilst studying art at school, I was introduced to the French impressionist movement which I drew parallels with the then current punk and new wave movement. I saw them fighting similar establishments 100 years apart. for Monet I saw The Sex Pistols,
renoir - The Clash, Degas - The Damned, Manet - The Stranglers, Sisley - The Buzzcocks, Pissarro - The Blockheads etc etc.
I have taken these reference points and all the mavericks in popular culture who came inbetween and realised that if you do not understand the past, you are condemned to repeat it. So I am starting to attempt to incorporate all of my previous interests and inspirations into a big artistic melting pot.</p>',
               NULL,
	       1);

##-----------------------------------------------------------------------------------



INSERT INTO art (artist, title, media, width, height, image, pricing_info, main_image, image_width, image_height)
	VALUES(53,
	       'platform four',
	       'acrylic on canvas',
	       76,
	       50,
	       'platform-four',
	       'original &pound;295',
	       0,
		650,
		 427);

INSERT INTO art_pricing(art, item_number, description, price)
	VALUES(LAST_INSERT_ID(), 'PF136', 'original', 295);


##----------------------------------------------------------------------------------



INSERT INTO art (artist, title, media, width, height, image, pricing_info, main_image, image_width, image_height)
	VALUES(53,
	       'computer chair with e-cigarette',
	       'acrylic on canvas',
	       61,
	       61,
	       'computer-chair-with',
	       'original &pound;295',
	       0,
		650,
		 650);

INSERT INTO art_pricing(art, item_number, description, price)
	VALUES(LAST_INSERT_ID(), 'PF135', 'original', 295);


##----------------------------------------------------------------------------------



INSERT INTO art (artist, title, media, width, height, image, pricing_info, main_image, image_width, image_height)
	VALUES(53,
	       'soundbite',
	       'acrylic on canvas',
	       70,
	       50,
	       'soundbite',
	       'original &pound;295',
	       0,
		650,
		 464);

INSERT INTO art_pricing(art, item_number, description, price)
	VALUES(LAST_INSERT_ID(), 'PF134', 'original', 295);


##----------------------------------------------------------------------------------



INSERT INTO art (artist, title, media, width, height, image, pricing_info, main_image, image_width, image_height)
	VALUES(53,
	       'fully charged',
	       'acrylic on canvas',
	       70,
	       50,
	       'fully-charged',
	       'original &pound;295',
	       0,
		650,
		 467);

INSERT INTO art_pricing(art, item_number, description, price)
	VALUES(LAST_INSERT_ID(), 'PF132', 'original', 295);


##----------------------------------------------------------------------------------



INSERT INTO art (artist, title, media, width, height, image, pricing_info, main_image, image_width, image_height)
	VALUES(53,
	       'a lone bird caught a fair wind',
	       'acrylic on canvas',
	       50,
	       70,
	       'a-lone-bird',
	       'original &pound;295',
	       0,
		650,
		 465);

INSERT INTO art_pricing(art, item_number, description, price)
	VALUES(LAST_INSERT_ID(), 'PF129', 'original', 295);


##----------------------------------------------------------------------------------


INSERT INTO art (artist, title, media, width, height, image, pricing_info, main_image, image_width, image_height)
	VALUES(53,
	       'mersey morning',
	       'acrylic on canvas',
	       70,
	       50,
	       'mersey-morning',
	       'original &pound;295',
	       0,
		650,
		 455);

INSERT INTO art_pricing(art, item_number, description, price)
	VALUES(LAST_INSERT_ID(), 'PF128', 'original', 295);


##----------------------------------------------------------------------------------

INSERT INTO art (artist, title, media, width, height, image, pricing_info, main_image, image_width, image_height)
	VALUES(53,
	       'rc cathedral liverpool',
	       'acrylic on canvas',
	       100,
	       80,
	       'rc_cathedral_liverpool',
	      'original &pound;600',
	       0,
		650,
		 498);

INSERT INTO art_pricing(art, item_number, description, price)
	VALUES(LAST_INSERT_ID(), 'PF111', 'original', 600);


##----------------------------------------------------------------------------------




INSERT INTO art (artist, title, media, width, height, image, pricing_info, main_image, image_width, image_height)
	VALUES(53,
	       'anglican in red',
	       'acrylic on canvas',
	       127,
	       102,
	       'anglican_in_red',
	    'original &pound;800',
	       0,
		650,
		 515);

INSERT INTO art_pricing(art, item_number, description, price)
	VALUES(LAST_INSERT_ID(), 'PF112', 'original', 800);


##----------------------------------------------------------------------------------




INSERT INTO art (artist, title, media, width, height, image, pricing_info, main_image, image_width, image_height)
	VALUES(53,
	       'liver building in red',
	       'acrylic on canvas',
	       127,
	       102,
	       'liver_buildinga_red',
	       'currently unavailable',
	       1,
		650,
		 521);


	
##----------------------------------------------------------------------------------


INSERT INTO art (artist, title, media, width, height, image, pricing_info, main_image, image_width, image_height)
	VALUES(53,
	       'liverpool - a new approach',
	       'acrylic on canvas',
	       60,
	       50,
	       'liverpool_a_new',
	       'commission example',
	       0,
		650,
		 542);



##----------------------------------------------------------------------------------





INSERT INTO art (artist, title, media, width, height, image, pricing_info, main_image, image_width, image_height)
	VALUES(53,
	       'gianella hernandez, lima',
	       'acrylic on canvas',
	       100,
	       100,
	       'gianella_hernandez_lima',
	      'original &pound;250',
	       0,
		650,
		 643);

INSERT INTO art_pricing(art, item_number, description, price)
	VALUES(LAST_INSERT_ID(), 'PF110', 'original', 250);


##----------------------------------------------------------------------------------



INSERT INTO art (artist, title, media, width, height, image, pricing_info, main_image, image_width, image_height)
	VALUES(53,
	       'orange skies',
	       'acrylic on canvas',
	       127,
	       102,
	       'orange_skies',
	       'original &pound;800',
	       0,
		650,
		 515);

INSERT INTO art_pricing(art, item_number, description, price)
	VALUES(LAST_INSERT_ID(), 'PF125', 'original', 800);


##----------------------------------------------------------------------------------




INSERT INTO art (artist, title, media, width, height, image, pricing_info, main_image, image_width, image_height)
	VALUES(53,
	       'shadowplay',
	       'acrylic on canvas',
	       50,
	       40,
	       'shadowplay',
	       'commission example',
	       0,
		650,
		 518);


##----------------------------------------------------------------------------------



INSERT INTO art (artist, title, media, width, height, image, pricing_info, main_image, image_width, image_height)
	VALUES(53,
	       'sunrise over l1',
	       'acrylic on canvas',
	       60,
	       50,
	       'sunrise_over_l1',
	       'original &pound;250',
	       0,
		650,
		 515);

INSERT INTO art_pricing(art, item_number, description, price)
	VALUES(LAST_INSERT_ID(), 'PF126', 'original', 250);


##----------------------------------------------------------------------------------




INSERT INTO art (artist, title, media, width, height, image, pricing_info, main_image, image_width, image_height)
	VALUES(53,
	       'clean living under difficult circumstances',
	       'acrylic on canvas',
	       100,
	       80,
	       'clean_living_under',
	       'original &pound;550',
	       0,
		650,
		 520);

INSERT INTO art_pricing(art, item_number, description, price)
	VALUES(LAST_INSERT_ID(), 'PF127', 'original', 550);


##----------------------------------------------------------------------------------



INSERT INTO artist (id, name, statement, notes, display)
	VALUES(66, 'grahame ashcroft',
	'<p class="artist">Grahame is a professional artist based in Merseyside, NW England. His works are in private & municipal collections both in the UK & abroad.</p>
<p class="artist">Describing the process behind his work, he says
-</p>
<p class="artist">"My paintings arrive like strangers at the door.  I invite them in, get to know their stories. Exterior landscapes, interior landscapes; the seen & the imagined. Perhaps, after all, they''re the same thing."</p>

<p class="artist">Please note, framed work is not glazed.</p>
',
               NULL,
	       1);


##----------------------------------------------------------------------------------


INSERT INTO art (artist, title, media, width, height, image, pricing_info, main_image, image_width, image_height)
	VALUES(66,

	       'snow bones (melting snow high peak)',
	       'oil on canvas',
	       60,
	       46,
	       'snow-bones',
	       'original &pound;460',
	       0,
		483,
		650);

INSERT INTO art_pricing(art, item_number, description, price)
	VALUES(LAST_INSERT_ID(), 'ga176', 'original', 460);



##----------------------------------------------------------------------------------    


INSERT INTO art (artist, title, media, width, height, image, pricing_info, main_image, image_width, image_height)
	VALUES(66,

	       'cliff edge hastings',
	       'oil on canvas',
	       60,
	       46,
	       'cliff-edge-hastings',
	       'original &pound;460',
	       0,
		484,
		650);

INSERT INTO art_pricing(art, item_number, description, price)
	VALUES(LAST_INSERT_ID(), 'ga177', 'original', 460);



##----------------------------------------------------------------------------------     



INSERT INTO art (artist, title, media, width, height, image, pricing_info, main_image, image_width, image_height)
	VALUES(66,

	       'autumn leaves (les feuilles mortes)',
	       'oil on canvas',
	       89,
	       56,
	       'autumn-leaves',
	       'original &pound;865',
	       0,
		650,
		407);

INSERT INTO art_pricing(art, item_number, description, price)
	VALUES(LAST_INSERT_ID(), 'ga179', 'original', 865);



##----------------------------------------------------------------------------------       


INSERT INTO art (artist, title, media, width, height, image, pricing_info, main_image, image_width, image_height)
	VALUES(66,

	       'september song',
	       'oil on canvas',
	       58,
	       89,
	       'september-song',
	       'original &pound;875',
	       0,
		417,
		650);

INSERT INTO art_pricing(art, item_number, description, price)
	VALUES(LAST_INSERT_ID(), 'ga180', 'original', 875);



##----------------------------------------------------------------------------------        


INSERT INTO art (artist, title, media, width, height, image, pricing_info, main_image, image_width, image_height)
	VALUES(66,

	       'warren parkscape 1',
	       'oil on canvas',
	       76,
	       102,
	       'warren-parkscape-1',
	       'original &pound;1325',
	       0,
		488,
		650);

INSERT INTO art_pricing(art, item_number, description, price)
	VALUES(LAST_INSERT_ID(), 'ga181', 'original', 1325);



##----------------------------------------------------------------------------------         


INSERT INTO art (artist, title, media, width, height, image, pricing_info, main_image, image_width, image_height)
	VALUES(66,

	       'warren parkscape 2',
	       'oil on canvas',
	       76,
	       102,
	       'warren-parkscape-2',
	       'original &pound;1325',
	       0,
		495,
		650);

INSERT INTO art_pricing(art, item_number, description, price)
	VALUES(LAST_INSERT_ID(), 'ga182', 'original', 1325);



##----------------------------------------------------------------------------------        


INSERT INTO art (artist, title, media, width, height, image, pricing_info, main_image, image_width, image_height)
	VALUES(66,

	       'warren parkscape 3',
	       'oil on canvas',
	       76,
	       102,
	       'warren-parkscape-3',
	       'original &pound;1325',
	       0,
		488,
		650);

INSERT INTO art_pricing(art, item_number, description, price)
	VALUES(LAST_INSERT_ID(), 'ga183', 'original', 1325);



##---------------------------------------------------------------------------------- 


INSERT INTO art (artist, title, media, width, height, image, pricing_info, main_image, image_width, image_height)
	VALUES(66,

	       'woods at ore 1',
	       'oil on canvas',
	       89,
	       112,
	       'woods-at-ore1',
	       'original &pound;1745',
	       0,
		488,
		650);

INSERT INTO art_pricing(art, item_number, description, price)
	VALUES(LAST_INSERT_ID(), 'ga101', 'original', 1745);

##----------------------------------------------------------------------------------



INSERT INTO art (artist, title, media, width, height, image, pricing_info, main_image, image_width, image_height)
	VALUES(66,

	       'woods at ore 2',
	       'oil on canvas',
	       89,
	       107,
	       'woods-at-ore2',
	       'original &pound;1610',
	       0,
		488,
		650);

INSERT INTO art_pricing(art, item_number, description, price)
	VALUES(LAST_INSERT_ID(), 'ga102', 'original', 1610);

##----------------------------------------------------------------------------------



INSERT INTO art (artist, title, media, width, height, image, pricing_info, main_image, image_width, image_height)
	VALUES(66,

	       'parkland 1',
	       'oil on canvas',
	       69,
	       119,
	       'parkland-1',
	       'original &pound;1380',
	       0,
		488,
		650);

INSERT INTO art_pricing(art, item_number, description, price)
	VALUES(LAST_INSERT_ID(), 'ga103', 'original', 1380);

##----------------------------------------------------------------------------------



INSERT INTO art (artist, title, media, width, height, image, pricing_info, main_image, image_width, image_height)
	VALUES(66,

	       'parkland 2',
	       'oil on canvas',
	       69,
	       119,
	       'parkland-2',
	       'original &pound;1380',
	       1,
		488,
		650);

INSERT INTO art_pricing(art, item_number, description, price)
	VALUES(LAST_INSERT_ID(), 'ga104', 'original', 1380);

##----------------------------------------------------------------------------------



INSERT INTO art (artist, title, media, width, height, image, pricing_info, main_image, image_width, image_height)
	VALUES(66,

	       'the leaves are dancing',
	       'oil on canvas',
	       69,
	       119,
	       'the-leaves-are',
	       'original &pound;1380',
	       0,
		488,
		650);

INSERT INTO art_pricing(art, item_number, description, price)
	VALUES(LAST_INSERT_ID(), 'ga105', 'original', 1380);

##----------------------------------------------------------------------------------



INSERT INTO art (artist, title, media, width, height, image, pricing_info, main_image, image_width, image_height)
	VALUES(66,

	       'parkland stairway',
	       'oil on canvas',
	       46,
	       61,
	       'parkland-stairway',
	       'currently unavailable',
	       0,
		488,
		650);

INSERT INTO art_pricing(art, item_number, description, price)
	VALUES(LAST_INSERT_ID(), 'ga106', 'original', 635);

##----------------------------------------------------------------------------------


INSERT INTO art (artist, title, media, width, height, image, pricing_info, main_image, image_width, image_height)
	VALUES(66,

	       'woods edge ore',
	       'oil on canvas',
	       69,
	       119,
	       'woods-edge-ore',
	       'original &pound;1380',
	       0,
		488,
		650);

INSERT INTO art_pricing(art, item_number, description, price)
	VALUES(LAST_INSERT_ID(), 'ga107', 'original', 1380);

##----------------------------------------------------------------------------------

INSERT INTO art (artist, title, media, width, height, image, pricing_info, main_image, image_width, image_height)
	VALUES(66,

	       'bluebell woods (woodland path 1)',
	       'oil on canvas',
	       89,
	       114,
	       'woodland_path_1',
	       'currently unavailable',
	       0,
		488,
		650);

INSERT INTO art_pricing(art, item_number, description, price)
	VALUES(LAST_INSERT_ID(), 'ga108', 'original', 1815);

##----------------------------------------------------------------------------------


INSERT INTO art (artist, title, media, width, height, image, pricing_info, main_image, image_width, image_height)
	VALUES(66,

	       'bluebell woods (woodland path 2)',
	       'oil on canvas',
	       89,
	       114,
	       'woodland_path_2',
	       'currently unavailable',
	       0,            
		488,
		650);

INSERT INTO art_pricing(art, item_number, description, price)
	VALUES(LAST_INSERT_ID(), 'ga109', 'original', 1815);

##----------------------------------------------------------------------------------

INSERT INTO art (artist, title, media, width, height, image, pricing_info, main_image, image_width, image_height)
	VALUES(66,

	       'bluebell woods (woodland path 3)',
	       'oil on canvas',
	       89,
	       76,
	       'woodland_path_3',
	       'currently unavailable',
	       0,
		650,
		488);

INSERT INTO art_pricing(art, item_number, description, price)
	VALUES(LAST_INSERT_ID(), 'ga110', 'original', 1210);

##----------------------------------------------------------------------------------




INSERT INTO art (artist, title, media, width, height, image, pricing_info, main_image, image_width, image_height)
	VALUES(66,

	       'bluebell woods (the clearing)',
	       'oil on canvas',
	       114,
	       89,
	       'the_clearing',
	       'original &pound;1815',
	       0,
		650,
		488);

INSERT INTO art_pricing(art, item_number, description, price)
	VALUES(LAST_INSERT_ID(), 'ga111', 'original', 1815);

##----------------------------------------------------------------------------------



INSERT INTO art (artist, title, media, width, height, image, pricing_info, main_image, image_width, image_height)
	VALUES(66,

	       'bluebell woods (new clearing)',
	       'oil on canvas',
	       79,
	       66,
	       'new_clearing',
	       'currently unavailable',
	       0,
		650,
		488);

INSERT INTO art_pricing(art, item_number, description, price)
	VALUES(LAST_INSERT_ID(), 'ga112', 'original', 805);

##----------------------------------------------------------------------------------




INSERT INTO art (artist, title, media, width, height, image, pricing_info, main_image, image_width, image_height)
	VALUES(66,

	       'bluebell woods (the glade)',
	       'oil on canvas',
	       46,
	       61,
	       'the_glade',
	       'currently unavailable',
	       0,
		488,
		650);

INSERT INTO art_pricing(art, item_number, description, price)
	VALUES(LAST_INSERT_ID(), 'ga113', 'original', 575);

##----------------------------------------------------------------------------------

INSERT INTO art (artist, title, media, width, height, image, pricing_info, main_image, image_width, image_height)
	VALUES(66,

	       'field',
	       'acrylic on canvas',
	       112,
	       112,
	       'field',
	       'original &pound;2530',
	       0,
		650,
		488);

INSERT INTO art_pricing(art, item_number, description, price)
	VALUES(LAST_INSERT_ID(), 'ga114', 'original', 2530);

##----------------------------------------------------------------------------------

INSERT INTO art (artist, title, media, width, height, image, pricing_info, main_image, image_width, image_height)
	VALUES(66,

	       'reedbed',
	       'acrylic on canvas',
	       114,
	       114,
	       'reedbed',
	       'original &pound;2590',
	       0,
		650,
		488);

INSERT INTO art_pricing(art, item_number, description, price)
	VALUES(LAST_INSERT_ID(), 'ga115', 'original', 2590);

##----------------------------------------------------------------------------------

INSERT INTO art (artist, title, media, width, height, image, pricing_info, main_image, image_width, image_height)
	VALUES(66,
	      
               'coppice and cornfield 1',
	       'oil on paper',
	       117,
	       145,
	       'coppice_and_cornfield_1',
	       'framed original &pound;3050',
	       0,
		529,
		650);

INSERT INTO art_pricing(art, item_number, description, price)
	VALUES(LAST_INSERT_ID(), 'ga116', 'original', 3050);

##----------------------------------------------------------------------------------

INSERT INTO art (artist, title, media, width, height, image, pricing_info, main_image, image_width, image_height)
	VALUES(66,
	      
               'coppice and cornfield 2',
	       'oil on paper',
	       122,
	       147,
	       'coppice_and_cornfield_2',
	        'framed original &pound;3280',
	       0,
		570,
		650);

INSERT INTO art_pricing(art, item_number, description, price)
	VALUES(LAST_INSERT_ID(), 'ga117', 'original', 3280);


##----------------------------------------------------------------------------------

INSERT INTO art (artist, title, media, width, height, image, pricing_info, main_image, image_width, image_height)
	VALUES(66,
	       
               'coppice and cornfield 3',
	       'oil on paper',
	       117,
	       145,
	       'coppice_and_cornfield_3',
	       'framed original &pound;3050',
	       0,
		533,
		650);

INSERT INTO art_pricing(art, item_number, description, price)
	VALUES(LAST_INSERT_ID(), 'ga118', 'original', 3050);

##----------------------------------------------------------------------------------

INSERT INTO art (artist, title, media, width, height, image, pricing_info, main_image, image_width, image_height)
	VALUES(66,
	       
               'coppice bescar 1',
	       'oil on paper',
	       117,
	       145,
	       'coppice_bescar_1',
	       'framed original &pound;3050',
	       0,
		517,
		650);

INSERT INTO art_pricing(art, item_number, description, price)
	VALUES(LAST_INSERT_ID(), 'ga119', 'original', 3050);

##----------------------------------------------------------------------------------

INSERT INTO art (artist, title, media, width, height, image, pricing_info, main_image, image_width, image_height)
	VALUES(66,
	      
              'landscape',
	       'oil on paper',
	       145,
	       117,
	       'landscape',
	       'framed original &pound;3050',
	       0,
		650,
		538);
		
		INSERT INTO art_pricing(art, item_number, description, price)
	VALUES(LAST_INSERT_ID(), 'ga201', 'original', 3050);

##----------------------------------------------------------------------------------

INSERT INTO art (artist, title, media, width, height, image, pricing_info, main_image, image_width, image_height)
	VALUES(66,
	      
              'garden in warden',
	       'oil on canvas',
	       117,
	       178,
	       'garden_in _warden',
	       'framed original &pound;3740',
	       0,
		427,
		650);

INSERT INTO art_pricing(art, item_number, description, price)
	VALUES(LAST_INSERT_ID(), 'ga120', 'original', 3740);

##----------------------------------------------------------------------------------

INSERT INTO art (artist, title, media, width, height, image, pricing_info, main_image, image_width, image_height)
	VALUES(66,
	       
               'hale fields',
	       'oil on canvas',
	       25,
	       30,
	       'hale_fields',
	      'framed original &pound;290',
	       0,
		433,
		650);

INSERT INTO art_pricing(art, item_number, description, price)
	VALUES(LAST_INSERT_ID(), 'ga121', 'original', 290);


##----------------------------------------------------------------------------------

INSERT INTO art (artist, title, media, width, height, image, pricing_info, main_image, image_width, image_height)
	VALUES(66,
	      
              'hillside and lake',
	       'oil on canvas',
	       80,
	       90,
	       'hillside_and_lake',
	       'framed original &pound;1355',
	       0,
		541,
		650);

INSERT INTO art_pricing(art, item_number, description, price)
	VALUES(LAST_INSERT_ID(), 'ga122', 'original',1355);

##----------------------------------------------------------------------------------

INSERT INTO art (artist, title, media, width, height, image, pricing_info, main_image, image_width, image_height)
	VALUES(66,
	      
              'in the sculpture park',
	       'oil on canvas',
	       61,
	       61,
	       'in_the_sculpture',
	       'framed original &pound;690',
	       0,
		650,
		631);

INSERT INTO art_pricing(art, item_number, description, price)
	VALUES(LAST_INSERT_ID(), 'ga123', 'original', 690);

##----------------------------------------------------------------------------------



INSERT INTO art (artist, title, media, width, height, image, pricing_info, main_image, image_width, image_height)
	VALUES(66,
	       'palisade',
	       'oil on canvas',
	       75,
	       90,
	       'palisade',
	       'original &pound;1265',
	       0,
		506,
		650);

INSERT INTO art_pricing(art, item_number, description, price)
	VALUES(LAST_INSERT_ID(), 'ga124', 'original', 1265);

##----------------------------------------------------------------------------------

INSERT INTO art (artist, title, media, width, height, image, pricing_info, main_image, image_width, image_height)
	VALUES(66,

	       'bluebell park',
	       'oil on canvas',
	       61,
	       46,
	       'bluebell_park',
	       'currently unavailable',
	       0,
		650,
		488);

INSERT INTO art_pricing(art, item_number, description, price)
	VALUES(LAST_INSERT_ID(), 'ga125', 'original', 520);


##----------------------------------------------------------------------------------


INSERT INTO art (artist, title, media, width, height, image, pricing_info, main_image, image_width, image_height)
	VALUES(66,

	       'woods edge and field',
	       'oil on paper',
	       127,
	       127,
	       'woods_edge_and',
	       'framed original &pound;2935',
	       0,
		649,
		650);

INSERT INTO art_pricing(art, item_number, description, price)
	VALUES(LAST_INSERT_ID(), 'ga126', 'original', 2935);


##----------------------------------------------------------------------------------


INSERT INTO art (artist, title, media, width, height, image, pricing_info, main_image, image_width, image_height)
	VALUES(66,

	       'in the park',
	       'mixed media on paper',
	       117,
	       145,
	       'in_the_park',
	       'original &pound;3050',
	       0,
		511,
		650);

INSERT INTO art_pricing(art, item_number, description, price)
	VALUES(LAST_INSERT_ID(), 'ga127', 'original', 3050);

##----------------------------------------------------------------------------------

INSERT INTO art (artist, title, media, width, height, image, pricing_info, main_image, image_width, image_height)
	VALUES(66,

	       'number 17',
	       'oil on canvas',
	       77,
	       104,
	       'number_17',
	       'framed original &pound;3050',
	       0,
		500,
		650);

INSERT INTO art_pricing(art, item_number, description, price)
	VALUES(LAST_INSERT_ID(), 'ga128', 'original', 3050);


##----------------------------------------------------------------------------------

INSERT INTO art (artist, title, media, width, height, image, pricing_info, main_image, image_width, image_height)
	VALUES(66,

	       'paddock',
	       'oil on canvas',
	       75,
	       90,
	       'paddock',
	       'original &pound;1210',
	       0,
		433,
		650);

INSERT INTO art_pricing(art, item_number, description, price)
	VALUES(LAST_INSERT_ID(), 'ga129', 'original', 1210);


##----------------------------------------------------------------------------------

INSERT INTO art (artist, title, media, width, height, image, pricing_info, main_image, image_width, image_height)
	VALUES(66,

	       'saddleback',
	       'oil on canvas',
	       25,
	       20,
	       'saddleback',
	       'framed original &pound;290',
	       0,
		433,
		650);

INSERT INTO art_pricing(art, item_number, description, price)
	VALUES(LAST_INSERT_ID(), 'ga130', 'original', 290);



##----------------------------------------------------------------------------------

INSERT INTO art (artist, title, media, width, height, image, pricing_info, main_image, image_width, image_height)
	VALUES(66,

	       'suburban landscape',
	       'oil on canvas',
	       90,
	       117,
	       'surburban_landscape',
	       'framed original &pound;1955',
	       0,
		507,
		650);

INSERT INTO art_pricing(art, item_number, description, price)
	VALUES(LAST_INSERT_ID(), 'ga131', 'original', 1955);


##----------------------------------------------------------------------------------

INSERT INTO art (artist, title, media, width, height, image, pricing_info, main_image, image_width, image_height)
	VALUES(66,

	       'the yellow field',
	       'oil on paper',
	       127,
	       127,
	       'the_yellow_field',
	       'framed original &pound;2935',
	       0,
		650,
		635);

INSERT INTO art_pricing(art, item_number, description, price)
	VALUES(LAST_INSERT_ID(), 'ga132', 'original', 2935);

##----------------------------------------------------------------------------------

INSERT INTO art (artist, title, media, width, height, image, pricing_info, main_image, image_width, image_height)
	VALUES(66,

	       'victoria park',
	       'oil on canvas',
	       85,
	       65,
	       'victoria_park',
	       'framed original &pound;1265',
	       0,
		508,
		650);

INSERT INTO art_pricing(art, item_number, description, price)
	VALUES(LAST_INSERT_ID(), 'ga133', 'original', 1265);

##----------------------------------------------------------------------------------

INSERT INTO art (artist, title, media, width, height, image, pricing_info, main_image, image_width, image_height)
	VALUES(66,

	       'to the lighthouse',
	       'oil on canvas',
	       25,
	       30,
	       'to_the_lighthouse',
	       'framed original &pound;290',
	       0,
		433,
		650);

INSERT INTO art_pricing(art, item_number, description, price)
	VALUES(LAST_INSERT_ID(), 'ga134', 'original', 290);


##----------------------------------------------------------------------------------

INSERT INTO art (artist, title, media, width, height, image, pricing_info, main_image, image_width, image_height)
	VALUES(66,

	       'morecambe bay',
	       'oil on canvas',
	       25,
	       30,
	       'morecambe_bay',
	     'framed original &pound;290',
	       0,
		433,
		650);

INSERT INTO art_pricing(art, item_number, description, price)
	VALUES(LAST_INSERT_ID(), 'ga135', 'original', 290);



##----------------------------------------------------------------------------------

INSERT INTO art (artist, title, media, width, height, image, pricing_info, main_image, image_width, image_height)
	VALUES(66,
	      
               'kent estuary',
	       'oil on canvas',
	       25,
	       30,
	       'kent_estuary',
	       'framed original &pound;290',
	       0,
		433,
		650);

INSERT INTO art_pricing(art, item_number, description, price)
	VALUES(LAST_INSERT_ID(), 'ga136', 'original', 290);


##----------------------------------------------------------------------------------


INSERT INTO art (artist, title, media, width, height, image, pricing_info, main_image, image_width, image_height)
	VALUES(66,
	      
               'coast 1',
	       'oil on canvas',
	       44,
	       43,
	       'coast_1',
	       'framed original &pound;375',
	       0,
		433,
		650);

INSERT INTO art_pricing(art, item_number, description, price)
	VALUES(LAST_INSERT_ID(), 'ga138', 'original', 375);


##----------------------------------------------------------------------------------




INSERT INTO art (artist, title, media, width, height, image, pricing_info, main_image, image_width, image_height)
	VALUES(66,

	       'beach 1',
	       'oil on canvas',
	       46,
	       61,
	       'beach_1',
	       'currently unavailable',
	       0,
		488,
		650);

INSERT INTO art_pricing(art, item_number, description, price)
	VALUES(LAST_INSERT_ID(), 'ga139', 'original', 520);

##----------------------------------------------------------------------------------


INSERT INTO art (artist, title, media, width, height, image, pricing_info, main_image, image_width, image_height)
	VALUES(66,

	       'waterloo',
	       'oil on canvas',
	       46,
	       61,
	       'waterloo',
	       'currently unavailable',
	       0,
		488,
		650);

INSERT INTO art_pricing(art, item_number, description, price)
	VALUES(LAST_INSERT_ID(), 'ga140', 'original', 520);

##----------------------------------------------------------------------------------


INSERT INTO art (artist, title, media, width, height, image, pricing_info, main_image, image_width, image_height)
	VALUES(66,

	       'formby point',
	       'oil on canvas',
	       46,
	       61,
	       'formby_point',
	       'currently unavailable',
	       0,
		488,
		650);

INSERT INTO art_pricing(art, item_number, description, price)
	VALUES(LAST_INSERT_ID(), 'ga141', 'original', 520);


##----------------------------------------------------------------------------------

INSERT INTO art (artist, title, media, width, height, image, pricing_info, main_image, image_width, image_height)
	VALUES(66,

	       'mersey estuary',
	       'oil on canvas',
	       46,
	       61,
	       'mersey-estuary',
	       'currently unavailable',
	       0,
		488,
		650);

INSERT INTO art_pricing(art, item_number, description, price)
	VALUES(LAST_INSERT_ID(), 'ga142', 'original', 575);

##----------------------------------------------------------------------------------



INSERT INTO art (artist, title, media, width, height, image, pricing_info, main_image, image_width, image_height)
	VALUES(66,
	       
               'liverpool bay',
	       'oil on canvas',
	       69,
	       102,
	       'liverpool-bay',
	       'original &pound;1200',
	       0,
		650,
		456);

INSERT INTO art_pricing(art, item_number, description, price)
	VALUES(LAST_INSERT_ID(), 'ga143', 'original', 1380);

##----------------------------------------------------------------------------------




INSERT INTO art (artist, title, media, width, height, image, pricing_info, main_image, image_width, image_height)
	VALUES(66,
	       'burbo flats',
	       'oil on canvas',
	       80,
	       80,
	       'burbo-flats',
	       'currently unavailable',
	       0,
		650,
		649);



##----------------------------------------------------------------------------------



INSERT INTO art (artist, title, media, width, height, image, pricing_info, main_image, image_width, image_height)
	VALUES(66,

	       'in the wake of the dublin packet',
	       'oil on canvas',
	       61,
	       115,
	       'in-the-wake',
	       'original &pound;1265',
	       0,
		394,
		650);

INSERT INTO art_pricing(art, item_number, description, price)
	VALUES(LAST_INSERT_ID(), 'ga176', 'original', 1265);



##----------------------------------------------------------------------------------


INSERT INTO art (artist, title, media, width, height, image, pricing_info, main_image, image_width, image_height)
	VALUES(66,

	       'egg buoy and contrail',
	       'oil on canvas',
	       61,
	       115,
	       'egg-buoy-and',
	       'currently unavailable',
	       0,
		390,
		650);





##----------------------------------------------------------------------------------



INSERT INTO art (artist, title, media, width, height, image, pricing_info, main_image, image_width, image_height)
	VALUES(66,

	       'summer-sunset-2',
	       'oil on canvas',
	       46,
	       61,
	       'summer-sunset-2',
	       'original &pound;520',
	       0,
		485,
		650);

INSERT INTO art_pricing(art, item_number, description, price)
	VALUES(LAST_INSERT_ID(), 'ga178', 'original', 520);



##----------------------------------------------------------------------------------


INSERT INTO art (artist, title, media, width, height, image, pricing_info, main_image, image_width, image_height)
	VALUES(66,

	       'siesta',
	       'oil on paper',
	       117,
	       145,
	       'siesta',
	       'framed original &pound;3050',
	       0,
		539,
		650);

INSERT INTO art_pricing(art, item_number, description, price)
	VALUES(LAST_INSERT_ID(), 'ga145', 'original', 3050);


##----------------------------------------------------------------------------------


INSERT INTO art (artist, title, media, width, height, image, pricing_info, main_image, image_width, image_height)
	VALUES(66,
	      
              'blue lester',
	       'oil on paper',
	       117,
	       145,
	       'blue_lester',
	       'framed original &pound;3050',
	       0,
		532,
		650);

INSERT INTO art_pricing(art, item_number, description, price)
	VALUES(LAST_INSERT_ID(), 'ga146', 'original', 3050);


##----------------------------------------------------------------------------------

INSERT INTO art (artist, title, media, width, height, image, pricing_info, main_image, image_width, image_height)
	VALUES(66,

	       'kitchen',
	       'mixed media on paper',
	       117,
	       145,
	       'kitchen',
	       'framed original &pound;3050',
	       0,
		525,
		650);

INSERT INTO art_pricing(art, item_number, description, price)
	VALUES(LAST_INSERT_ID(), 'ga147', 'original', 3050);


##---------------------------------------------------------------------------------

INSERT INTO art (artist, title, media, width, height, image, pricing_info, main_image, image_width, image_height)
	VALUES(66,
	       
              'in walked bud',
	       'oil on canvas',
	       122,
	       152,
	       'in_walked_bud',
	       'framed original &pound;3450',
	       0,
		521,
		650);

INSERT INTO art_pricing(art, item_number, description, price)
	VALUES(LAST_INSERT_ID(), 'ga148', 'original', 3450);


##----------------------------------------------------------------------------------


INSERT INTO art (artist, title, media, width, height, image, pricing_info, main_image, image_width, image_height)
	VALUES(66,

	       'the still point of the turning world',
	       'oil on canvas',
	       86,
	       70,
	       'the-still-point',
	       'original &pound;1035',
	       0,
		650,
		538);

INSERT INTO art_pricing(art, item_number, description, price)
	VALUES(LAST_INSERT_ID(), 'ga178', 'original', 1035);



##----------------------------------------------------------------------------------     


INSERT INTO art (artist, title, media, width, height, image, pricing_info, main_image, image_width, image_height)
	VALUES(66,

	       'my man (billie on holiday)',
	       'oil on paper on canvas',
	       84,
	       57,
	       'my_man',
	       'framed original &pound;865',
	       0,
		650,
		544);

INSERT INTO art_pricing(art, item_number, description, price)
	VALUES(LAST_INSERT_ID(), 'ga149', 'original', 865);

##----------------------------------------------------------------------------------

INSERT INTO art (artist, title, media, width, height, image, pricing_info, main_image, image_width, image_height)
	VALUES(66,

	       'hartleys',
	       'oil on canvas',
	       78,
	       91,
	       'hartleys',
	       'original &pound;1265',
	       0,
		650,
		575);

INSERT INTO art_pricing(art, item_number, description, price)
	VALUES(LAST_INSERT_ID(), 'ga150', 'original', 1265);

##----------------------------------------------------------------------------------

INSERT INTO art (artist, title, media, width, height, image, pricing_info, main_image, image_width, image_height)
	VALUES(66,
	      
               'birds confronting foliage',
	       'oil on paper',
	       55,
	       80,
	       'birds_confronting_foliage',
	       'framed original &pound;840',
	       0,
		471,
		650);

INSERT INTO art_pricing(art, item_number, description, price)
	VALUES(LAST_INSERT_ID(), 'ga200', 'original', 840);

##----------------------------------------------------------------------------------


INSERT INTO art (artist, title, media, width, height, image, pricing_info, main_image, image_width, image_height)
	VALUES(66,
	       'woman in blue red lester too',
	       'oil on canvas',
	       73,
	       85,
	       'women-in-blue',
	       'original &pound;1265',
	       0,
		550,
		650);

INSERT INTO art_pricing(art, item_number, description, price)
	VALUES(LAST_INSERT_ID(), 'ga151', 'original', 1265);

##----------------------------------------------------------------------------------

INSERT INTO art (artist, title, media, width, height, image, pricing_info, main_image, image_width, image_height)
	VALUES(66,

	       'bird table',
	       'oil on canvas',
	       66,
	       92,
	       'bird_table',
	      'framed original &pound;1035',
	       0,
		518,
		650);

INSERT INTO art_pricing(art, item_number, description, price)
	VALUES(LAST_INSERT_ID(), 'ga152', 'original', 1035);

##----------------------------------------------------------------------------------

INSERT INTO art (artist, title, media, width, height, image, pricing_info, main_image, image_width, image_height)
	VALUES(66,

	       'the blue clock',
	       'oil on canvas',
	       95,
	       114,
	       'the_blue_clock',
	       'unframed original &pound;1725',
	       0,
		494,
		650);

INSERT INTO art_pricing(art, item_number, description, price)
	VALUES(LAST_INSERT_ID(), 'ga153', 'original', 1725);


##-----------------------------------------------------------------------------------------------------


INSERT INTO art (artist, title, media, width, height, image, pricing_info, main_image, image_width, image_height)
	VALUES(66,

	       'naiad',
	       'oil on canvas',
	       84,
	       65,
	       'naiad',
	       'original &pound;980',
	       0,
		650,
		488);

INSERT INTO art_pricing(art, item_number, description, price)
	VALUES(LAST_INSERT_ID(), 'ga154', 'original', 980);


##----------------------------------------------------------------------------------


INSERT INTO art (artist, title, media, width, height, image, pricing_info, main_image, image_width, image_height)
	VALUES(66,

	       'window with ducks and elephant',
	       'oil on canvas',
	       89,
	       112,
	       'window_with_ducks',
	       'original &pound;2300',
	       0,
		488,
		650);

INSERT INTO art_pricing(art, item_number, description, price)
	VALUES(LAST_INSERT_ID(), 'ga155', 'original', 2300);


##----------------------------------------------------------------------------------


INSERT INTO art (artist, title, media, width, height, image, pricing_info, main_image, image_width, image_height)
	VALUES(66,

	       'ba-lue bogata ba-lues (king coca)',
	       'mixed media on canvas',
	       61,
	       46,
	       'ba_lue_bogata',
	       'framed original &pound;575',
	       0,
		650,
		488);

INSERT INTO art_pricing(art, item_number, description, price)
	VALUES(LAST_INSERT_ID(), 'ga156', 'original', 575);

##----------------------------------------------------------------------------------


INSERT INTO art (artist, title, media, width, height, image, pricing_info, main_image, image_width, image_height)
	VALUES(66,
	       'lucy b',
	       'oil on canvas',
	       77,
	       90,
	       'lucy_b',
	       'commission example',
	       0,
		488,
		650);




##----------------------------------------------------------------------------------


INSERT INTO art (artist, title, media, width, height, image, pricing_info, main_image, image_width, image_height)
	VALUES(66,
	      
               'moondreams',
	       'oil on canvas',
	       91,
	       117,
	       'moondreams',
	       'framed original &pound;1955',
	       0,
		482,
		650);

INSERT INTO art_pricing(art, item_number, description, price)
	VALUES(LAST_INSERT_ID(), 'ga158', 'original', 1955);



##----------------------------------------------------------------------------------




INSERT INTO art (artist, title, media, width, height, image, pricing_info, main_image, image_width, image_height)
	VALUES(66,
	      
               'adagio',
	       'oil on canvas',
	       80,
	       89,
	       'adagio',
	       'original &pound;1325',
	       0,
		433,
		650);

INSERT INTO art_pricing(art, item_number, description, price)
	VALUES(LAST_INSERT_ID(), 'ga159', 'original', 1325);




##----------------------------------------------------------------------------------

INSERT INTO art (artist, title, media, width, height, image, pricing_info, main_image, image_width, image_height)
	VALUES(66,

	       'locomotif',
	       'oil on canvas',
	       86,
	       116,
	       'locomotif',
	       'framed original &pound;1900',
	       0,
		488,
		650);

INSERT INTO art_pricing(art, item_number, description, price)
	VALUES(LAST_INSERT_ID(), 'ga160', 'original', 1900);



##----------------------------------------------------------------------------------



INSERT INTO art (artist, title, media, width, height, image, pricing_info, main_image, image_width, image_height)
	VALUES(66,
	      
            'barcelona (mirror mirror)',
	       'oil on canvas',
	       100,
	       100,
	       'barcelona',
	       'original &pound;1900',
	       0,
		649,
		650);

INSERT INTO art_pricing(art, item_number, description, price)
	VALUES(LAST_INSERT_ID(), 'ga161', 'original', 1900);

##----------------------------------------------------------------------------------



INSERT INTO art (artist, title, media, width, height, image, pricing_info, main_image, image_width, image_height)
	VALUES(66,
	       
              'mythologies (the peacocks)',
	       'oil on canvas',
	       89,
	       114,
	       'mythologies',
	       'original &pound;1815',
	       0,
		495,
		650);

INSERT INTO art_pricing(art, item_number, description, price)
	VALUES(LAST_INSERT_ID(), 'ga162', 'original', 1815);

##----------------------------------------------------------------------------------



INSERT INTO art (artist, title, media, width, height, image, pricing_info, main_image, image_width, image_height)
	VALUES(66,
	      
               'big top',
	       'oil on canvas',
	       86,
	       122,
	       'big_top',
	       'original &pound;1900',
	       0,
		488,
		650);

INSERT INTO art_pricing(art, item_number, description, price)
	VALUES(LAST_INSERT_ID(), 'ga163', 'original', 1900);

##----------------------------------------------------------------------------------


INSERT INTO art (artist, title, media, width, height, image, pricing_info, main_image, image_width, image_height)
	VALUES(66,
	       
               'days of slowness',
	       'oil on canvas',
	       89,
	       114,
	       'days_of_slowness',
	       'original &pound;1825',
	       0,
		488,
		650);

INSERT INTO art_pricing(art, item_number, description, price)
	VALUES(LAST_INSERT_ID(), 'ga164', 'original', 1825);

##----------------------------------------------------------------------------------


INSERT INTO art (artist, title, media, width, height, image, pricing_info, main_image, image_width, image_height)
	VALUES(66,
	       
              'in the picture (the opening)',
	       'oil on canvas',
	       89,
	       114,
	       'in_the_picture',
	       'original &pound;1815',
	       0,
		488,
		650);

INSERT INTO art_pricing(art, item_number, description, price)
	VALUES(LAST_INSERT_ID(), 'ga165', 'original', 1815);

##----------------------------------------------------------------------------------


INSERT INTO art (artist, title, media, width, height, image, pricing_info, main_image, image_width, image_height)
	VALUES(66,
	      

                'cadenza',
	       'oil on canvas',
	       89,
	       100,
	       'cadenza',
	       'original &pound;1380',
	       0,
		488,
		650);

INSERT INTO art_pricing(art, item_number, description, price)
	VALUES(LAST_INSERT_ID(), 'ga166', 'original', 1380);


##----------------------------------------------------------------------------------


INSERT INTO art (artist, title, media, width, height, image, pricing_info, main_image, image_width, image_height)
	VALUES(66,
	     
              'at le jardin de paris',
	       'oil on canvas',
	       89,
	       114,
	       'at_le_jardin',
	       'original &pound;1815',
	       0,
		488,
		650);

INSERT INTO art_pricing(art, item_number, description, price)
	VALUES(LAST_INSERT_ID(), 'ga167', 'original', 1815);

##----------------------------------------------------------------------------------



INSERT INTO art (artist, title, media, width, height, image, pricing_info, main_image, image_width, image_height)
	VALUES(66,
	    
              'high theatrics (footit and the acrobat)',
	       'oil on canvas',
	       89,
	       114,
	       'high_theatrics',
	       'original &pound;1815',
	       0,
		506,
		650);

INSERT INTO art_pricing(art, item_number, description, price)
	VALUES(LAST_INSERT_ID(), 'ga168', 'original', 1815);

##----------------------------------------------------------------------------------



INSERT INTO art (artist, title, media, width, height, image, pricing_info, main_image, image_width, image_height)
	VALUES(66,
	      
               'curtain call',
	       'oil on canvas',
	       100,
	       100,
	       'curtain_call',
	       'original &pound;1900',
	       0,
		650,
		488);

INSERT INTO art_pricing(art, item_number, description, price)
	VALUES(LAST_INSERT_ID(), 'ga169', 'original', 1900);


##----------------------------------------------------------------------------------


INSERT INTO art (artist, title, media, width, height, image, pricing_info, main_image, image_width, image_height)
	VALUES(66,
	       'towards a far horizon',
	       'oil on canvas',
	       76,
	       89,
	       'towards-the-far',
	       'original &pound;1265',
	       0,
		448,
		650);

INSERT INTO art_pricing(art, item_number, description, price)
	VALUES(LAST_INSERT_ID(), 'ga170', 'original', 1265);

##----------------------------------------------------------------------------------


INSERT INTO art (artist, title, media, width, height, image, pricing_info, main_image, image_width, image_height)
	VALUES(66,

	       'musician and prince',
	       'oil on canvas',
	       70,
	       80,
	       'musician_and_prince',
	       'original &pound;1035',
	       0,
		517,
		650);

INSERT INTO art_pricing(art, item_number, description, price)
	VALUES(LAST_INSERT_ID(), 'ga171', 'original', 1035);

##----------------------------------------------------------------------------------


INSERT INTO art (artist, title, media, width, height, image, pricing_info, main_image, image_width, image_height)
	VALUES(66,

	       'ragamala',
	       'oil on canvas',
	       80,
	       90,
	       'ragamala',
	       'original &pound;1265',
	       0,
		561,
		650);

INSERT INTO art_pricing(art, item_number, description, price)
	VALUES(LAST_INSERT_ID(), 'ga172', 'original', 1265);

##----------------------------------------------------------------------------------


INSERT INTO art (artist, title, media, width, height, image, pricing_info, main_image, image_width, image_height)
	VALUES(66,

	       'two musicians (sitar and tabla)',
	       'oil on canvas',
	       80,
	       90,
	       'two_musicians_1',
	       'original &pound;1265',
	       0,
		557,
		650);

INSERT INTO art_pricing(art, item_number, description, price)
	VALUES(LAST_INSERT_ID(), 'ga173', 'original', 1265);

##----------------------------------------------------------------------------------

INSERT INTO art (artist, title, media, width, height, image, pricing_info, main_image, image_width, image_height)
	VALUES(66,

	       'two musicians (violin and mridangam)',
	       'oil on canvas',
	       65,
	       90,
	       'two_musicians_2',
	       'original &pound;1265',
	       0,
		464,
		650);

INSERT INTO art_pricing(art, item_number, description, price)
	VALUES(LAST_INSERT_ID(), 'ga174', 'original', 1265);

##----------------------------------------------------------------------------------


INSERT INTO art (artist, title, media, width, height, image, pricing_info, main_image, image_width, image_height)
	VALUES(66,

	       'veena',
	       'oil on canvas',
	       89,
	       76,
	       'veena',
	       'original &pound;1265',
	       0,
		650,
		488);

INSERT INTO art_pricing(art, item_number, description, price)
	VALUES(LAST_INSERT_ID(), 'ga175', 'original', 1265);



##----------------------------------------------------------------------------------









INSERT INTO artist (id, name, statement, notes, display)
	VALUES(68, 'ken lewis',
	'<p class="artist">Based on Merseyside,  Ken has been producing Limited Edition photographic prints of his work for over 14 years. The new 
  series of images depicting this wonderful, vibrant city of Liverpool has taken Ken many years to bring together. His passion for the city 
  is there to see.

<p class="artist">Ken says he will never forget on a winter evening in January 2006, when he lined up his camera and tripod to take the 
Liverpool waterfront at twilight. A full moon began to rise behind the Three Graces. The wind dropped to a mere zephyr which gave Ken that 
stunning reflection in the River Mersey. Ken says it makes him so proud to live on Merseyside.</p>  

<p class="artist">There is an old cliche, every picture tells a story, and this new 2015 portfolio certainly becomes Kens story of Liverpool. 
Each canvas print is produced in a Limited Edition series of 250 and 100 respectively. Each Limited Edition print is supplied with a Certificate
 of Authenticity and has a Limited Edition Embossing Stamp on every one. Each canvas is spray sealed to give the print longevity.
  All prints are printed in the UK by UK printers.</p>

<p class="artist">Although Ken was a maintenance engineer for most of his life, as a young man he trained at The Laird School of Art, Birkenhead,
 on a graphic design course.  This course gave him a good insight into composition and lighting, two very important elements in a photographic image.</p>

',
               NULL,
	       1);

##----------------------------------------------------------------------------------
INSERT INTO art (artist, title, media, width, height, image, pricing_info, main_image, image_width, image_height)
	VALUES(68,
	       'three queens',
	       'photographic print',
	       122,
	       36,
	       'ken-three-queens',
	       'limited edition print on canvas wrapped mdf board &pound;250',
	       1,
		650,
		197);

INSERT INTO art_pricing(art, item_number, description, price)
	VALUES(LAST_INSERT_ID(), 'kl150', 'limited edition print', 250);

##----------------------------------------------------------------------------------

INSERT INTO art (artist, title, media, width, height, image, pricing_info, main_image, image_width, image_height)
	VALUES(68,
	       'albert dock',
	       'photographic print',
	       61,
	       41,
	       'albert-dock',
	       'limited edition print on canvas wrapped mdf board &pound;170',
	       0,
		650,
		455);

INSERT INTO art_pricing(art, item_number, description, price)
	VALUES(LAST_INSERT_ID(), 'kl151', 'limited edition print', 170);

##----------------------------------------------------------------------------------

INSERT INTO art (artist, title, media, width, height, image, pricing_info, main_image, image_width, image_height)
	VALUES(68,
	       'three graces',
	       'photographic print',
	       61,
	       41,
	       'three-graces',
	       'limited edition print on canvas wrapped mdf board &pound;170',
	       0,
		650,
		455);

INSERT INTO art_pricing(art, item_number, description, price)
	VALUES(LAST_INSERT_ID(), 'kl152', 'limited edition print', 170);

##----------------------------------------------------------------------------------

INSERT INTO art (artist, title, media, width, height, image, pricing_info, main_image, image_width, image_height)
	VALUES(68,
	       'liverpool giants',
	       'photographic print',
	       51,
	       41,
	       'liverpool-giants',
	       'limited edition print on canvas wrapped mdf board &pound;170',
	       0,
		520,
		650);

INSERT INTO art_pricing(art, item_number, description, price)
	VALUES(LAST_INSERT_ID(), 'kl153', 'limited edition print', 170);

##----------------------------------------------------------------------------------
INSERT INTO art (artist, title, media, width, height, image, pricing_info, main_image, image_width, image_height)
	VALUES(68,
	       'old liverpool waterfront',
	       'photographic print',
	       61,
	       35,
	       'liverpool_waterfront_col',
	       'limited edition print on canvas wrapped mdf board &pound;170',
	       0,
		504,
		352);

INSERT INTO art_pricing(art, item_number, description, price)
	VALUES(LAST_INSERT_ID(), 'kl109', 'limited edition print', 170);

##----------------------------------------------------------------------------------

INSERT INTO art (artist, title, media, width, height, image, pricing_info, main_image, image_width, image_height)
	VALUES(68,
	       'queen mary 2 panorama twilight',
	       'photographic print',
	       107,
	       30,
	       'queen-mary-panorama',
	       'limited edition print on canvas wrapped mdf board &pound;239',
	       0,
		650,
		186);

INSERT INTO art_pricing(art, item_number, description, price)
	VALUES(LAST_INSERT_ID(), 'kl146', 'limited edition print', 239);

##----------------------------------------------------------------------------------


INSERT INTO art (artist, title, media, width, height, image, pricing_info, main_image, image_width, image_height)
	VALUES(68,
	       'old twilight liverpool waterfront panorama',
	       'photographic print',
	       107,
	       25,
	       'liverpool_panorama_night',
	       'limited edition print on canvas wrapped mdf board &pound;200',
	       0,
		650,
		155);

INSERT INTO art_pricing(art, item_number, description, price)
	VALUES(LAST_INSERT_ID(), 'kl128', 'limited edition print', 200);


##----------------------------------------------------------------------------------


INSERT INTO art (artist, title, media, width, height, image, pricing_info, main_image, image_width, image_height)
	VALUES(68,
	       'old daylight liverpool waterfront panorama',
	       'photographic print',
	       107,
	       30,
	       'new_liverpool_panorama',
	       'limited edition print on canvas wrapped mdf board &pound;239',
	       0,
		650,
		186);

INSERT INTO art_pricing(art, item_number, description, price)
	VALUES(LAST_INSERT_ID(), 'kl125', 'limited edition print', 239);


##----------------------------------------------------------------------------------    


INSERT INTO art (artist, title, media, width, height, image, pricing_info, main_image, image_width, image_height)
	VALUES(68,
	       'new twilight liverpool waterfront',
	       'photographic print',
	       107,
	       30,
	       'waterfront-with-harvest',
	       'limited edition print on canvas wrapped mdf board &pound;239',
	       0,
		650,
		191);

INSERT INTO art_pricing(art, item_number, description, price)
	VALUES(LAST_INSERT_ID(), 'kl144', 'limited edition print', 239);


##----------------------------------------------------------------------------------
INSERT INTO art (artist, title, media, width, height, image, pricing_info, main_image, image_width, image_height)
	VALUES(68,
	       'new daylight liverpool waterfront',
	       'photographic print',
	       107,
	       30,
	       'panorama-pre-twilight',
	       'limited edition print on canvas wrapped mdf board &pound;239',
	       0,
		650,
		186);

INSERT INTO art_pricing(art, item_number, description, price)
	VALUES(LAST_INSERT_ID(), 'kl140', 'limited edition print', 239);


##----------------------------------------------------------------------------------




INSERT INTO artist (id, name, statement, notes, display)
	VALUES(89, 'gary beach',
	'<p class="artist">Gary is a professional artist based in Merseyside, whose style of work has changed dramatically
over the years, and who has now begun to concentrate solely on the city centre as subject.
</p>
<p class="artist">He starts by taking photographs and then transforming these images into paintings. 
He works in an intuitive way, never having a set plan of how a picture will develop. The use of colour, even 
black and white, helps to create an atmospheric energy that allows the viewer an alternative look at the everyday 
happenings around them.</p>

<p class="artist">"The paintings express the hustle and bustle and, on a more personal level, 
the loneliness, isolation and anonymity that we feel in life. The city has become a concrete muse that inspires and 
surprises me, a fascination that seems strange for someone who dislikes crowded places.
"</p>

<p class="artist"></p>

<p class="artist"></p>
<p class="artist"></p>',
               NULL,
	       1);

##-----------------------------------------------------------------------------------------


INSERT INTO art (artist, title, media, width, height, image, pricing_info, main_image, image_width, image_height)
	VALUES(89,
	       'out from the crowd',
	       'acrylic on canvas',
	       50,
	       100,
	       'out-from-the',
	       'original, &pound;580',
	       1,
		650,
		 292);

INSERT INTO art_pricing(art, item_number, description, price)
         VALUES(LAST_INSERT_ID(), 'gb155', 'original',580);


##-----------------------------------------------------------------------------------------




INSERT INTO art (artist, title, media, width, height, image, pricing_info, main_image, image_width, image_height)
	VALUES(89,
	       'important call',
	       'acrylic on canvas',
	       50,
	       60,
	       'important-call',
	       'original, &pound;210',
	       0,
		508,
		 650);

INSERT INTO art_pricing(art, item_number, description, price)
         VALUES(LAST_INSERT_ID(), 'gb156', 'original',210);


##-----------------------------------------------------------------------------------------

INSERT INTO art (artist, title, media, width, height, image, pricing_info, main_image, image_width, image_height)
	VALUES(89,
	       'blue monday',
	       'acrylic on canvas',
	       50,
	       60,
	       'blue_monday',
	     'original, &pound;210',
	       0,
		650,
		 533);
INSERT INTO art_pricing(art, item_number, description, price)
         VALUES(LAST_INSERT_ID(), 'gb129', 'original',210);


##-----------------------------------------------------------------------------------------

INSERT INTO art (artist, title, media, width, height, image, pricing_info, main_image, image_width, image_height)
	VALUES(89,
	       'solitude',
	       'acrylic on canvas',
	       50,
	       60,
	       'solitude',
	       'original, &pound;250',
	       0,
		650,
		 542);
INSERT INTO art_pricing(art, item_number, description, price)
         VALUES(LAST_INSERT_ID(), 'gb122', 'original',250);


##-----------------------------------------------------------------------------------------


INSERT INTO art (artist, title, media, width, height, image, pricing_info, main_image, image_width, image_height)
	VALUES(89,
	       'church street',
	       'acrylic on canvas',
	       90,
	       60,
	       'church_street',
	        'original, &pound;490',
	       0,
		650,
		 485);

INSERT INTO art_pricing(art, item_number, description, price)
	VALUES(LAST_INSERT_ID(), 'gb102', 'original', 490);



##-----------------------------------------------------------------------------------------

INSERT INTO art (artist, title, media, width, height, image, pricing_info, main_image, image_width, image_height)
	VALUES(89,
	       'city talk',
	       'acrylic on canvas',
	       150,
	       100,
	       'city_talk',
	        'original, &pound;1400',
	       0,
		650,
		 485);

INSERT INTO art_pricing(art, item_number, description, price)
	VALUES(LAST_INSERT_ID(), 'gb103', 'original', 1400);



##-----------------------------------------------------------------------------------------



INSERT INTO art (artist, title, media, width, height, image, pricing_info, main_image, image_width, image_height)
	VALUES(89,
	       'passing by',
	       'acrylic on canvas',
	       76,
	       102,
	       'passing_by',
	       'original, &pound;840',
	       0,
		650,
		 488);
INSERT INTO art_pricing(art, item_number, description, price)
         VALUES(LAST_INSERT_ID(), 'gb150', 'original',840);


##-----------------------------------------------------------------------------------------


INSERT INTO art (artist, title, media, width, height, image, pricing_info, main_image, image_width, image_height)
	VALUES(89,
	       'bold street view',
	       'acrylic on canvas',
	       50,
	       60,
	       'bold_street_view',
	      'original, &pound;210',
	       0,
		489,
		 650);

INSERT INTO art_pricing(art, item_number, description, price)
         VALUES(LAST_INSERT_ID(), 'gb155', 'original',210);



##-----------------------------------------------------------------------------------------

INSERT INTO art (artist, title, media, width, height, image, pricing_info, main_image, image_width, image_height)
	VALUES(89,
	       'clayton square',
	       'acrylic on canvas',
	       100,
	       70,
	       'clayton_square',
	       'commission example',
	       0,
		650,
		 485);


##-----------------------------------------------------------------------------------------

INSERT INTO art (artist, title, media, width, height, image, pricing_info, main_image, image_width, image_height)
	VALUES(89,
	       'afternoon light',
	       'acrylic on canvas',
	       30,
	       80,
	       'afternoon_light',
	     	       'original, &pound;260',
	       0,
		240,
		 650);
INSERT INTO art_pricing(art, item_number, description, price)
         VALUES(LAST_INSERT_ID(), 'gb106', 'original',260);


##-----------------------------------------------------------------------------------------


INSERT INTO art (artist, title, media, width, height, image, pricing_info, main_image, image_width, image_height)
	VALUES(89,
	       'gossip',
	       'acrylic on canvas',
	       128,
	       100,
	       'gossip',
	       'original, &pound;1100',
	       0,
		650,
		 503);
INSERT INTO art_pricing(art, item_number, description, price)
         VALUES(LAST_INSERT_ID(), 'gb108', 'original',1100);


##-----------------------------------------------------------------------------------------

INSERT INTO art (artist, title, media, width, height, image, pricing_info, main_image, image_width, image_height)
	VALUES(89,
	       'matthew street',
	       'acrylic on canvas',
	       50,
	       60,
	       'matthew_street',
	       'original, &pound;210',
	       0,
		507,
		 650);
INSERT INTO art_pricing(art, item_number, description, price)
         VALUES(LAST_INSERT_ID(), 'gb110', 'original',210);


##-----------------------------------------------------------------------------------------


INSERT INTO art (artist, title, media, width, height, image, pricing_info, main_image, image_width, image_height)
	VALUES(89,
	       'chester',
	       'acrylic on canvas',
	       70,
	       100,
	       'chester',
	        'original, &pound;780',
	       0,
		650,
		 429);
INSERT INTO art_pricing(art, item_number, description, price)
         VALUES(LAST_INSERT_ID(), 'gb112', 'original',780);


##-----------------------------------------------------------------------------------------

INSERT INTO art (artist, title, media, width, height, image, pricing_info, main_image, image_width, image_height)
	VALUES(89,
	       'city abstract',
	       'acrylic on canvas',
	       40,
	       120,
	       'city_abstract',
	     'original, &pound;490',
	       0,
		650,
		 264);
INSERT INTO art_pricing(art, item_number, description, price)
         VALUES(LAST_INSERT_ID(), 'gb113', 'original',490);


##-----------------------------------------------------------------------------------------

INSERT INTO art (artist, title, media, width, height, image, pricing_info, main_image, image_width, image_height)
	VALUES(89,
	       'city abstract (small)',
	       'acrylic on canvas',
	       24,
	       30,
	       'city_abstract_(small)',
	       'original, &pound;90',
	       0,
		650,
		 488);
INSERT INTO art_pricing(art, item_number, description, price)
         VALUES(LAST_INSERT_ID(), 'gb114', 'original',90);


##-----------------------------------------------------------------------------------------

INSERT INTO art (artist, title, media, width, height, image, pricing_info, main_image, image_width, image_height)
	VALUES(89,
	       'city atmosphere',
	       'acrylic on canvas',
	       50,
	       60,
	       'city_atmosphere',
	       'original, &pound;360',
	       0,
		551,
		 650);
INSERT INTO art_pricing(art, item_number, description, price)
         VALUES(LAST_INSERT_ID(), 'gb117', 'original',360);


##-----------------------------------------------------------------------------------------

INSERT INTO art (artist, title, media, width, height, image, pricing_info, main_image, image_width, image_height)
	VALUES(89,
	       'slater street blue',
	       'acrylic on canvas',
	       30,
	       80,
	       'slater_street_blue',
	       'original, &pound;320',
	       0,
		248,
		 650);
INSERT INTO art_pricing(art, item_number, description, price)
         VALUES(LAST_INSERT_ID(), 'gb118', 'original',320);


##-----------------------------------------------------------------------------------------

INSERT INTO art (artist, title, media, width, height, image, pricing_info, main_image, image_width, image_height)
	VALUES(89,
	       'the cavern quarter',
	       'acrylic on canvas',
	       50,
	       60,
	       'the_cavern_quater',
	       'original, &pound;210',
	       0,
		538,
		 650);
INSERT INTO art_pricing(art, item_number, description, price)
         VALUES(LAST_INSERT_ID(), 'gb119', 'original',210);


##-----------------------------------------------------------------------------------------

INSERT INTO art (artist, title, media, width, height, image, pricing_info, main_image, image_width, image_height)
	VALUES(89,
	       'lord street (southport)',
	       'acrylic on canvas',
	       70,
	       100,
	       'lord_street_(southport)',
	     'original, &pound; 780',
	       0,
		467,
		 650);
INSERT INTO art_pricing(art, item_number, description, price)
         VALUES(LAST_INSERT_ID(), 'gb120', 'original',780);


##-----------------------------------------------------------------------------------------

INSERT INTO art (artist, title, media, width, height, image, pricing_info, main_image, image_width, image_height)
	VALUES(89,
	       'shopaholics',
	       'acrylic on canvas',
	       60,
	       90,
	       'shopaholics',
	       'original, &pound;550',
	       0,
		452,
		 650);
INSERT INTO art_pricing(art, item_number, description, price)
         VALUES(LAST_INSERT_ID(), 'gb121', 'original',550);


##-----------------------------------------------------------------------------------------

INSERT INTO art (artist, title, media, width, height, image, pricing_info, main_image, image_width, image_height)
	VALUES(89,
	       'out',
	       'acrylic on canvas',
	       50,
	       60,
	       'out',
	       'original, &pound;210',
	       0,
		650,
		 511);
INSERT INTO art_pricing(art, item_number, description, price)
         VALUES(LAST_INSERT_ID(), 'gb123', 'original',210);


##-----------------------------------------------------------------------------------------


INSERT INTO art (artist, title, media, width, height, image, pricing_info, main_image, image_width, image_height)
	VALUES(89,
	       'umbrella',
	       'acrylic on canvas',
	       50,
	       60,
	       'umbrella',
	    'original, &pound;210',
	       0,
		650,
		 534);

INSERT INTO art_pricing(art, item_number, description, price)
         VALUES(LAST_INSERT_ID(), 'gb158', 'original',210);

##-----------------------------------------------------------------------------------------

INSERT INTO art (artist, title, media, width, height, image, pricing_info, main_image, image_width, image_height)
	VALUES(89,
	       'red dress',
	       'acrylic on canvas',
	       50,
	       60,
	       'red_dress',
	       'original, &pound;210',
	       0,
		529,
		 650);
INSERT INTO art_pricing(art, item_number, description, price)
         VALUES(LAST_INSERT_ID(), 'gb127', 'original',210);


##-----------------------------------------------------------------------------------------

INSERT INTO art (artist, title, media, width, height, image, pricing_info, main_image, image_width, image_height)
	VALUES(89,
	       'no messin',
	       'acrylic on canvas',
	       50,
	       60,
	       'no_messin',
	     'original, &pound;210',
	       0,
		531,
		 650);

INSERT INTO art_pricing(art, item_number, description, price)
         VALUES(LAST_INSERT_ID(), 'gb159', 'original',210);


##-----------------------------------------------------------------------------------------

INSERT INTO art (artist, title, media, width, height, image, pricing_info, main_image, image_width, image_height)
	VALUES(89,
	       'chester clock',
	       'acrylic on canvas',
	       100,
	       80,
	       'chester_clock',
	       'original, &pound;780',
	       0,
		487,
		 650);
INSERT INTO art_pricing(art, item_number, description, price)
         VALUES(LAST_INSERT_ID(), 'gb131', 'original',780);


##-----------------------------------------------------------------------------------------

INSERT INTO art (artist, title, media, width, height, image, pricing_info, main_image, image_width, image_height)
	VALUES(89,
	       'whats the scandal',
	       'acrylic on canvas',
	       102,
	       152,
	       'whats_the_scandel',
	       'original, &pound;1200',
	       0,
		650,
		 431);
INSERT INTO art_pricing(art, item_number, description, price)
         VALUES(LAST_INSERT_ID(), 'gb132', 'original',1200);


##-----------------------------------------------------------------------------------------

INSERT INTO art (artist, title, media, width, height, image, pricing_info, main_image, image_width, image_height)
	VALUES(89,
	       'very chic',
	       'acrylic on canvas',
	       50,
	       60,
	       'very_chic',
	       'original, &pound;300',
	       0,
		485,
		 650);
INSERT INTO art_pricing(art, item_number, description, price)
         VALUES(LAST_INSERT_ID(), 'gb133', 'original',300);


##-----------------------------------------------------------------------------------------

INSERT INTO art (artist, title, media, width, height, image, pricing_info, main_image, image_width, image_height)
	VALUES(89,
	       'sophistication',
	       'acrylic on canvas',
	       50,
	       50,
	       'sophistication',
	       'original, &pound;280',
	       0,
		649,
		 650);
INSERT INTO art_pricing(art, item_number, description, price)
         VALUES(LAST_INSERT_ID(), 'gb134', 'original',280);


##-----------------------------------------------------------------------------------------

INSERT INTO art (artist, title, media, width, height, image, pricing_info, main_image, image_width, image_height)
	VALUES(89,
	       'style',
	       'acrylic on canvas',
	       30,
	       60,
	       'style',
	       'original, &pound;240',
	       0,
		316,
		 650);
INSERT INTO art_pricing(art, item_number, description, price)
         VALUES(LAST_INSERT_ID(), 'gb135', 'original',240);


##-----------------------------------------------------------------------------------------

INSERT INTO art (artist, title, media, width, height, image, pricing_info, main_image, image_width, image_height)
	VALUES(89,
	       'super yellow icon',
	       'acrylic on canvas',
	       50,
	       60,
	       'super_yellow_icon',
	       'original, &pound;98',
	       0,
		650,
		 496);
INSERT INTO art_pricing(art, item_number, description, price)
         VALUES(LAST_INSERT_ID(), 'gb136', 'original',98);


##-----------------------------------------------------------------------------------------

INSERT INTO art (artist, title, media, width, height, image, pricing_info, main_image, image_width, image_height)
	VALUES(89,
	       'important date',
	       'acrylic on canvas',
	       50,
	       60,
	       'important_date',
	     'original, &pound;210',
	       0,
		650,
		 472);

INSERT INTO art_pricing(art, item_number, description, price)
         VALUES(LAST_INSERT_ID(), 'gb160', 'original',210);

##-----------------------------------------------------------------------------------------

INSERT INTO art (artist, title, media, width, height, image, pricing_info, main_image, image_width, image_height)
	VALUES(89,
	       'off to the match',
	       'acrylic on canvas',
	       40,
	       40,
	       'off_to_the',
	       'original, &pound;160',
	       0,
		650,
		 629);
INSERT INTO art_pricing(art, item_number, description, price)
         VALUES(LAST_INSERT_ID(), 'gb138', 'original',160);


##-----------------------------------------------------------------------------------------

INSERT INTO art (artist, title, media, width, height, image, pricing_info, main_image, image_width, image_height)
	VALUES(89,
	       'dock road lights',
	       'acrylic on canvas',
	       50,
	       100,
	       'dock_road_lights',
	       'original, &pound;490',
	       0,
		650,
		 319);
INSERT INTO art_pricing(art, item_number, description, price)
         VALUES(LAST_INSERT_ID(), 'gb139', 'original',490);


##-----------------------------------------------------------------------------------------

INSERT INTO art (artist, title, media, width, height, image, pricing_info, main_image, image_width, image_height)
	VALUES(89,
	       'together',
	       'acrylic on canvas',
	       20,
	       20,
	       'together',
	       'original, &pound;80',
	       0,
		637,
		 650);
INSERT INTO art_pricing(art, item_number, description, price)
         VALUES(LAST_INSERT_ID(), 'gb140', 'original',80);


##-----------------------------------------------------------------------------------------

INSERT INTO art (artist, title, media, width, height, image, pricing_info, main_image, image_width, image_height)
	VALUES(89,
	       'legs',
	       'acrylic on canvas',
	       60,
	       90,
	       'legs',
	       'original, &pound;1000',
	       0,
		427,
		 650);
INSERT INTO art_pricing(art, item_number, description, price)
         VALUES(LAST_INSERT_ID(), 'gb141', 'original',1000);


##-----------------------------------------------------------------------------------------

INSERT INTO art (artist, title, media, width, height, image, pricing_info, main_image, image_width, image_height)
	VALUES(89,
	       'bold st in red',
	       'acrylic on canvas',
	       60,
	       90,
	       'bold_st_in',
	       'original, &pound;700',
	       0,
		488,
		 650);
INSERT INTO art_pricing(art, item_number, description, price)
         VALUES(LAST_INSERT_ID(), 'gb142', 'original',700);


##-----------------------------------------------------------------------------------------

INSERT INTO art (artist, title, media, width, height, image, pricing_info, main_image, image_width, image_height)
	VALUES(89,
	       'chic',
	       'acrylic on canvas',
	       30,
	       80,
	       'chic',
	       'original, &pound;400',
	       0,
		321,
		 650);
INSERT INTO art_pricing(art, item_number, description, price)
         VALUES(LAST_INSERT_ID(), 'gb143', 'original',400);


##-----------------------------------------------------------------------------------------

INSERT INTO art (artist, title, media, width, height, image, pricing_info, main_image, image_width, image_height)
	VALUES(89,
	       'waiting',
	       'acrylic on canvas',
	       24,
	       30,
	       'wating',
	       'original, &pound;180',
	       0,
		483,
		 650);
INSERT INTO art_pricing(art, item_number, description, price)
         VALUES(LAST_INSERT_ID(), 'gb144', 'original',180);


##-----------------------------------------------------------------------------------------

INSERT INTO art (artist, title, media, width, height, image, pricing_info, main_image, image_width, image_height)
	VALUES(89,
	       'essential shop',
	       'acrylic on canvas',
	       50,
	       60,
	       'essential_shop',
	      'original, &pound;280',
	       0,
		520,
		 650);
INSERT INTO art_pricing(art, item_number, description, price)
         VALUES(LAST_INSERT_ID(), 'gb145', 'original',280);


##-----------------------------------------------------------------------------------------


INSERT INTO art (artist, title, media, width, height, image, pricing_info, main_image, image_width, image_height)
	VALUES(89,
	       'eastgate street',
	       'acrylic on canvas',
	       60,
	       90,
	       'eastgate_street',
	       'original, &pound;640',
	       0,
		488,
		 650);
INSERT INTO art_pricing(art, item_number, description, price)
         VALUES(LAST_INSERT_ID(), 'gb147', 'original',640);


##-----------------------------------------------------------------------------------------

INSERT INTO art (artist, title, media, width, height, image, pricing_info, main_image, image_width, image_height)
	VALUES(89,
	       'back in town',
	       'acrylic on canvas',
	       128,
	       100,
	       'back_in_town',
	       'original, &pound;1200',
	       0,
		650,
		 488);
INSERT INTO art_pricing(art, item_number, description, price)
         VALUES(LAST_INSERT_ID(), 'gb148', 'original',1200);


##-----------------------------------------------------------------------------------------

INSERT INTO art (artist, title, media, width, height, image, pricing_info, main_image, image_width, image_height)
	VALUES(89,
	       'hustle and bustle',
	       'acrylic on canvas',
	       76,
	       102,
	       'hustle_and_bustle',
	    	       'original, &pound;900',
	       0,
		464,
		 650);

INSERT INTO art_pricing(art, item_number, description, price)
         VALUES(LAST_INSERT_ID(), 'gb149', 'original',900);

##-----------------------------------------------------------------------------------------
INSERT INTO art (artist, title, media, width, height, image, pricing_info, main_image, image_width, image_height)
	VALUES(89,
	       'liverpool',
	       'acrylic on canvas',
	       70,
	       60,
	       'liverpool',
	       'original, &pound;520',
	       0,
		488,
		 650);
INSERT INTO art_pricing(art, item_number, description, price)
         VALUES(LAST_INSERT_ID(), 'gb151', 'original',520);


##-----------------------------------------------------------------------------------------

INSERT INTO art (artist, title, media, width, height, image, pricing_info, main_image, image_width, image_height)
	VALUES(89,
	       'the business',
	       'acrylic on canvas',
	       50,
	       60,
	       'the_business',
	       'original, &pound;210',
	       0,
		434,
		 650);
INSERT INTO art_pricing(art, item_number, description, price)
         VALUES(LAST_INSERT_ID(), 'gb152', 'original',210);


##-----------------------------------------------------------------------------------------

INSERT INTO art (artist, title, media, width, height, image, pricing_info, main_image, image_width, image_height)
	VALUES(89,
	       'just a glance',
	       'acrylic on canvas',
	       70,
	       100,
	       'just_a_glance',
	       'original, &pound;1000',
	       0,
		488,
		 650);
INSERT INTO art_pricing(art, item_number, description, price)
         VALUES(LAST_INSERT_ID(), 'gb153', 'original',1000);


##-----------------------------------------------------------------------------------------

INSERT INTO art (artist, title, media, width, height, image, pricing_info, main_image, image_width, image_height)
	VALUES(89,
	       'towards st johns',
	       'acrylic on canvas',
	       50,
	       70,
	       'towards_st_johns',
	       'original, &pound;540',
	       0,
		467,
		 650);
INSERT INTO art_pricing(art, item_number, description, price)
         VALUES(LAST_INSERT_ID(), 'gb154', 'original',540);


##-----------------------------------------------------------------------------------------


INSERT INTO artist (id, name, statement, notes, display)
	VALUES(100, 'winston douglas',
	'<p class="artist">Merseyside based Winston has been involved with the arts
 in the area for many years, and has a keen interest in engaging and encouraging young people in 
community arts, through youth activities, projects and workshops. He has worked as both youth worker for
 Liverpool Youth Service and an Art and Craft instructor for Birkenhead social service.
</p>

<p class="artist">The work on display here has been influenced by Impressionism, 
as well as the artists extensive travels in Europe visiting galleries and viewing landscapes and cultures; 
particularly Portugal, Spain and Italy.
</p>

<p class="artist">
</p>

<p class="artist"></p>

<p class="artist"></p>


<p class="artist"></p>',
               NULL,
	       1);


	       
##-----------------------------------------------------------------------------------------




INSERT INTO art (artist, title, media, width, height, image, pricing_info, main_image, image_width, image_height)
	VALUES(100,
	       'amalfi scene',
	       'acrylic on canvas',
	       30,
	       40,
	       'amalfi-scene',
	       'original, &pound;150',
	       0,
		650,
		 460);

INSERT INTO art_pricing(art, item_number, description, price)
	VALUES(LAST_INSERT_ID(), 'wd125', 'original', 150);

##----------------------------------------------------------------------------------------






INSERT INTO art (artist, title, media, width, height, image, pricing_info, main_image, image_width, image_height)
	VALUES(100,
	       'italian view',
	       'acrylic on canvas',
	       24,
	       30,
	       'italian-view',
	       'original, &pound;125',
	       0,
		490,
		 650);

INSERT INTO art_pricing(art, item_number, description, price)
	VALUES(LAST_INSERT_ID(), 'wd126', 'original', 125);

##----------------------------------------------------------------------------------------







INSERT INTO art (artist, title, media, width, height, image, pricing_info, main_image, image_width, image_height)
	VALUES(100,
	       'venice scene a',
	       'acrylic on canvas',
	       24,
	       30,
	       'venice_scene_a',
	       'original, &pound;125',
	       0,
		488,
		 650);

INSERT INTO art_pricing(art, item_number, description, price)
	VALUES(LAST_INSERT_ID(), 'wd116', 'original', 125);

##----------------------------------------------------------------------------------------



INSERT INTO art (artist, title, media, width, height, image, pricing_info, main_image, image_width, image_height)
	VALUES(100,
	       'venice scene b',
	       'acrylic on canvas',
	       24,
	       30,
	       'venice_scene_b',
	       'original, &pound;125',
	       0,
		488,
		 650);

INSERT INTO art_pricing(art, item_number, description, price)
	VALUES(LAST_INSERT_ID(), 'wd117', 'original', 125);

##----------------------------------------------------------------------------------------



INSERT INTO art (artist, title, media, width, height, image, pricing_info, main_image, image_width, image_height)
	VALUES(100,
	       'venice scene c',
	       'acrylic on canvas',
	       24,
	       30,
	       'venice_scene_c',
	       'original, &pound;125',
	       0,
		488,
		 650);

INSERT INTO art_pricing(art, item_number, description, price)
	VALUES(LAST_INSERT_ID(), 'wd118', 'original', 125);

##----------------------------------------------------------------------------------------



INSERT INTO art (artist, title, media, width, height, image, pricing_info, main_image, image_width, image_height)
	VALUES(100,
	       'across the mersey',
	       'acrylic on canvas',
	       50,
	       60,
	       'across_the_mersey',
	       'original, &pound;175',
	       0,
		488,
		 650);

INSERT INTO art_pricing(art, item_number, description, price)
	VALUES(LAST_INSERT_ID(), 'wd115', 'original', 175);

##----------------------------------------------------------------------------------------



INSERT INTO art (artist, title, media, width, height, image, pricing_info, main_image, image_width, image_height)
	VALUES(100,
	       'river view',
	       'acrylic on canvas',
	       50,
	       60,
	       'river_view',
	       'original, &pound;175',
	       0,
		488,
		 650);

INSERT INTO art_pricing(art, item_number, description, price)
	VALUES(LAST_INSERT_ID(), 'wd120', 'original', 175);

##----------------------------------------------------------------------------------------




INSERT INTO art (artist, title, media, width, height, image, pricing_info, main_image, image_width, image_height)
	VALUES(100,
	       'stroll',
	       'acrylic on canvas',
	       41,
	       51,
	       'stroll',
	       'original, &pound;150',
	       0,
		488,
		 650);

INSERT INTO art_pricing(art, item_number, description, price)
	VALUES(LAST_INSERT_ID(), 'wd103', 'original', 150);

##----------------------------------------------------------------------------------------



INSERT INTO art (artist, title, media, width, height, image, pricing_info, main_image, image_width, image_height)
	VALUES(100,
	       'portal',
	       'acrylic on canvas',
	       30,
	       41,
	       'portal',
	       'original, &pound;125',
	       1,
		488,
		 650);

INSERT INTO art_pricing(art, item_number, description, price)
	VALUES(LAST_INSERT_ID(), 'wd107', 'original', 125);

##----------------------------------------------------------------------------------------



INSERT INTO art (artist, title, media, width, height, image, pricing_info, main_image, image_width, image_height)
	VALUES(100,
	       'glimmer',
	       'acrylic on canvas',
	       41,
	       51,
	       'glimmer',
	       'original, &pound;150',
	       0,
		488,
		 650);

INSERT INTO art_pricing(art, item_number, description, price)
	VALUES(LAST_INSERT_ID(), 'wd110', 'original', 150);

##----------------------------------------------------------------------------------------




INSERT INTO art (artist, title, media, width, height, image, pricing_info, main_image, image_width, image_height)
	VALUES(100,
	       'otterspool sands',
	       'acrylic on canvas',
	       24,
	       30,
	       'otterspool_sands',
	       'original, &pound;125',
	       0,
		650,
		 488);

INSERT INTO art_pricing(art, item_number, description, price)
	VALUES(LAST_INSERT_ID(), 'wd112', 'original', 125);

##----------------------------------------------------------------------------------------





INSERT INTO art (artist, title, media, width, height, image, pricing_info, main_image, image_width, image_height)
	VALUES(100,
	       'dancers',
	       'acrylic on canvas',
	       40,
	       50,
	       'dancers',
	       'original, &pound;150',
	       0,
		650,
		 517);

INSERT INTO art_pricing(art, item_number, description, price)
	VALUES(LAST_INSERT_ID(), 'wd113', 'original', 150);

##----------------------------------------------------------------------------------------





INSERT INTO art (artist, title, media, width, height, image, pricing_info, main_image, image_width, image_height)
	VALUES(100,
	       'portugal scene',
	       'acrylic on canvas',
	       60,
	       50,
	       'portugal_scene',
	       'original, &pound;175',
	       0,
		650,
		 488);

INSERT INTO art_pricing(art, item_number, description, price)
	VALUES(LAST_INSERT_ID(), 'wd114', 'original', 175);

##----------------------------------------------------------------------------------------


INSERT INTO art (artist, title, media, width, height, image, pricing_info, main_image, image_width, image_height)
	VALUES(100,
	       'venice scene d',
	       'acrylic on canvas',
	       24,
	       30,
	       'venice_scene_d',
	       'original, &pound;150',
	       0,
		650,
		 488);

INSERT INTO art_pricing(art, item_number, description, price)
	VALUES(LAST_INSERT_ID(), 'wd119', 'original', 150);

##----------------------------------------------------------------------------------------



INSERT INTO art (artist, title, media, width, height, image, pricing_info, main_image, image_width, image_height)
	VALUES(100,
	       'algarve',
	       'acrylic on canvas',
	       41,
	       51,
	       'algarve',
	       'original, &pound;150',
	       0,
		650,
		 488);

INSERT INTO art_pricing(art, item_number, description, price)
	VALUES(LAST_INSERT_ID(), 'wd101', 'original', 150);

##----------------------------------------------------------------------------------------



INSERT INTO art (artist, title, media, width, height, image, pricing_info, main_image, image_width, image_height)
	VALUES(100,
	       'red landscape',
	       'acrylic on canvas',
	       50,
	       40,
	       'red_landscape',
	       'original, &pound;150',
	       0,
		650,
		 488);

INSERT INTO art_pricing(art, item_number, description, price)
	VALUES(LAST_INSERT_ID(), 'wd121', 'original', 150);

##----------------------------------------------------------------------------------------





INSERT INTO art (artist, title, media, width, height, image, pricing_info, main_image, image_width, image_height)
	VALUES(100,
	       'river in blue',
	       'acrylic on canvas',
	       40,
	       50,
	       'river_in_blue',
	       'original, &pound;150',
	       0,
		488,
		 650);

INSERT INTO art_pricing(art, item_number, description, price)
	VALUES(LAST_INSERT_ID(), 'wd122', 'original', 150);

##----------------------------------------------------------------------------------------





INSERT INTO art (artist, title, media, width, height, image, pricing_info, main_image, image_width, image_height)
	VALUES(100,
	       'humanoid',
	       'acrylic on canvas',
	       50,
	       60,
	       'humanoid',
	       'original, &pound;175',
	       0,
		533,
		 650);

INSERT INTO art_pricing(art, item_number, description, price)
	VALUES(LAST_INSERT_ID(), 'wd123', 'original', 175);

##----------------------------------------------------------------------------------------


INSERT INTO art (artist, title, media, width, height, image, pricing_info, main_image, image_width, image_height)
	VALUES(100,
	       'venice scene e',
	       'acrylic on canvas',
	       40,
	       50,
	       'venice-scene-e',
	       'original, &pound;150',
	       0,
		650,
		 488);

INSERT INTO art_pricing(art, item_number, description, price)
	VALUES(LAST_INSERT_ID(), 'wd124', 'original', 150);

##----------------------------------------------------------------------------------------



INSERT INTO artist (id, name, statement, notes, display)
	VALUES(101, 'daniel john',
	'<p class="artist"></p>

<p class="artist">"I have practiced painting and drawing most of my life. Since gradating in 2003 with a 1st class honours degree in Fine Art I have practised art professionally."</p>

<p class="artist">
</p>

<p class="artist">"I am currently studio based; producing artwork, exhibiting and working on creative projects. My paintings are the result of a continual process of experimentation. I am developing a style that when I am inspired enables me to draw on my ideas about colour, form, texture. My style is constantly evolving as I experiment and strive for perfection
"</p>

<p class="artist">All work is simply framed but not glazed.</p>


<p class="artist"></p>',
               NULL,
	       1);

##-----------------------------------------------------------------------------------------


INSERT INTO art (artist, title, media, width, height, image, pricing_info, main_image, image_width, image_height)
	VALUES(101,
	       'blossom 4',
	       'acrylic on paper',
	       100,
	       80,
	       'blossom-4',
	       'original, &pound;275',
	       0,
		650,
		 533);

INSERT INTO art_pricing(art, item_number, description, price)
	VALUES(LAST_INSERT_ID(), 'dj122', 'original', 275);

##----------------------------------------------------------------------------------------


INSERT INTO art (artist, title, media, width, height, image, pricing_info, main_image, image_width, image_height)
	VALUES(101,
	       'cave',
	       'acrylic on paper',
	       75,
	       55,
	       'cave',
	       'original, &pound;275',
	       0,
		650,
		 505);

INSERT INTO art_pricing(art, item_number, description, price)
	VALUES(LAST_INSERT_ID(), 'dj123', 'original', 275);

##----------------------------------------------------------------------------------------

INSERT INTO art (artist, title, media, width, height, image, pricing_info, main_image, image_width, image_height)
	VALUES(101,
	       'city',
	       'acrylic on paper',
	       75,
	       55,
	       'city',
	       'original, &pound;275',
	       0,
		650,
		 488);

INSERT INTO art_pricing(art, item_number, description, price)
	VALUES(LAST_INSERT_ID(), 'dj124', 'original', 275);

##----------------------------------------------------------------------------------------

INSERT INTO art (artist, title, media, width, height, image, pricing_info, main_image, image_width, image_height)
	VALUES(101,
	       'colour run',
	       'acrylic on paper',
	       75,
	       55,
	       'colour-run',
	       'original, &pound;275',
	       0,
		650,
		 470);

INSERT INTO art_pricing(art, item_number, description, price)
	VALUES(LAST_INSERT_ID(), 'dj125', 'original', 275);

##----------------------------------------------------------------------------------------


INSERT INTO art (artist, title, media, width, height, image, pricing_info, main_image, image_width, image_height)
	VALUES(101,
	       'dispersed blues',
	       'acrylic on paper',
	       70,
	       95,
	       'dispersed-blues',
	       'original, &pound;275',
	       0,
		456,
		 650);

INSERT INTO art_pricing(art, item_number, description, price)
	VALUES(LAST_INSERT_ID(), 'dj126', 'original', 275);

##----------------------------------------------------------------------------------------

INSERT INTO art (artist, title, media, width, height, image, pricing_info, main_image, image_width, image_height)
	VALUES(101,
	       'blooms',
	       'acrylic on canvas',
	       100,
	       100,
	       'blooms',
	       'original, &pound;350',
	       0,
		650,
		 628);

INSERT INTO art_pricing(art, item_number, description, price)
	VALUES(LAST_INSERT_ID(), 'dj127', 'original', 350);

##----------------------------------------------------------------------------------------

INSERT INTO art (artist, title, media, width, height, image, pricing_info, main_image, image_width, image_height)
	VALUES(101,
	       'arc',
	       'acrylic on paper',
	       75,
	       55,
	       'arc',
	       'original, &pound;275',
	       0,
		650,
		 533);

INSERT INTO art_pricing(art, item_number, description, price)
	VALUES(LAST_INSERT_ID(), 'dj128', 'original', 275);

##----------------------------------------------------------------------------------------

INSERT INTO art (artist, title, media, width, height, image, pricing_info, main_image, image_width, image_height)
	VALUES(101,
	       'black and red',
	       'acrylic on paper',
	       75,
	       55,
	       'black-and-red',
	       'original, &pound;275',
	       0,
		650,
		 463);

INSERT INTO art_pricing(art, item_number, description, price)
	VALUES(LAST_INSERT_ID(), 'dj129', 'original', 275);

##----------------------------------------------------------------------------------------


INSERT INTO art (artist, title, media, width, height, image, pricing_info, main_image, image_width, image_height)
	VALUES(101,
	       'coloured falls',
	       'acrylic on paper',
	       80,
	       55,
	       'coloured-falls',
	       'original, &pound;275',
	       0,
		442,
		 650);

INSERT INTO art_pricing(art, item_number, description, price)
	VALUES(LAST_INSERT_ID(), 'dj130', 'original', 275);

##----------------------------------------------------------------------------------------

INSERT INTO art (artist, title, media, width, height, image, pricing_info, main_image, image_width, image_height)
	VALUES(101,
	       'dispersed blues 2',
	       'acrylic on paper',
	       70,
	       95,
	       'dispersed-blues-2',
	       'original, &pound;275',
	       0,
		650,
		 499);

INSERT INTO art_pricing(art, item_number, description, price)
	VALUES(LAST_INSERT_ID(), 'dj131', 'original', 275);

##----------------------------------------------------------------------------------------


INSERT INTO art (artist, title, media, width, height, image, pricing_info, main_image, image_width, image_height)
	VALUES(101,
	       'r & b',
	       'acrylic on paper',
	       75,
	       55,
	       'r-and-b',
	       'original, &pound;275',
	       0,
		650,
		 433);

INSERT INTO art_pricing(art, item_number, description, price)
	VALUES(LAST_INSERT_ID(), 'dj132', 'original', 275);

##----------------------------------------------------------------------------------------



INSERT INTO art (artist, title, media, width, height, image, pricing_info, main_image, image_width, image_height)
	VALUES(101,
	       'yellow fall',
	       'acrylic on paper',
	       70,
	       95,
	       'yellow-fall-dj',
	       'original, &pound;275',
	       0,
		650,
		 487);

INSERT INTO art_pricing(art, item_number, description, price)
	VALUES(LAST_INSERT_ID(), 'dj133', 'original', 275);

##----------------------------------------------------------------------------------------

INSERT INTO art (artist, title, media, width, height, image, pricing_info, main_image, image_width, image_height)
	VALUES(101,
	       'cabarat',
	       'mixed media unframed box canvas',
	       35,
	       45,
	       'cabarat',
	       'original, &pound;300',
	       0,
		508,
		 650);

INSERT INTO art_pricing(art, item_number, description, price)
	VALUES(LAST_INSERT_ID(), 'dj108', 'original', 300);

##----------------------------------------------------------------------------------------


INSERT INTO art (artist, title, media, width, height, image, pricing_info, main_image, image_width, image_height)
	VALUES(101,
	       'lion',
	       'acrylic on paper mounted on canvas',
	       50,
	       40,
	       'lion',
	       'original, &pound;350',
	       0,
		456,
		 650);

INSERT INTO art_pricing(art, item_number, description, price)
	VALUES(LAST_INSERT_ID(), 'dj120', 'original', 350);

##----------------------------------------------------------------------------------------


INSERT INTO art (artist, title, media, width, height, image, pricing_info, main_image, image_width, image_height)
	VALUES(101,
	       'palace',
	       'acrylic on paper mounted on canvas',
	       30,
	       20,
	       'palace',
	       'original, &pound;250',
	       0,
		539,
		 650);

INSERT INTO art_pricing(art, item_number, description, price)
	VALUES(LAST_INSERT_ID(), 'dj121', 'original', 250);

##----------------------------------------------------------------------------------------





INSERT INTO art (artist, title, media, width, height, image, pricing_info, main_image, image_width, image_height)
	VALUES(101,
	       'spring liverpool 2011',
	       'acrylic on paper on board framed',
	       65,
	       50,
	       'spring-liverpool-2011',
	       'original, &pound;300',
	       0,
		470,
		 650);

INSERT INTO art_pricing(art, item_number, description, price)
	VALUES(LAST_INSERT_ID(), 'dj112', 'original', 300);

##----------------------------------------------------------------------------------------




INSERT INTO art (artist, title, media, width, height, image, pricing_info, main_image, image_width, image_height)
	VALUES(101,
	       'colour squad',
	       'acrylic on paper mounted on canvas',
	       40,
	       30,
	       'colour-squad',
	       'original, &pound;280',
	       0,
		477,
		 650);

INSERT INTO art_pricing(art, item_number, description, price)
	VALUES(LAST_INSERT_ID(), 'dj117', 'original', 280);

##----------------------------------------------------------------------------------------


INSERT INTO art (artist, title, media, width, height, image, pricing_info, main_image, image_width, image_height)
	VALUES(101,
	       'towers',
	       'acrylic on paper mounted on canvas',
	       40,
	       30,
	       'towers',
	       'original, &pound;350',
	       0,
		650,
		 462);

INSERT INTO art_pricing(art, item_number, description, price)
	VALUES(LAST_INSERT_ID(), 'dj119', 'original', 350);

##----------------------------------------------------------------------------------------





INSERT INTO art (artist, title, media, width, height, image, pricing_info, main_image, image_width, image_height)
	VALUES(101,
	       'nocturne',
	       'acrylic on paper mounted on framed board',
	       30,
	       20,
	       'nocturne',
	       'original, &pound;180',
	       0,
		650,
		 464);

INSERT INTO art_pricing(art, item_number, description, price)
	VALUES(LAST_INSERT_ID(), 'dj114', 'original', 180);

##----------------------------------------------------------------------------------------


  

INSERT INTO art (artist, title, media, width, height, image, pricing_info, main_image, image_width, image_height)
	VALUES(101,
	       'comet',
	       'mixed media on paper mounted on framed board',
	       30,
	       20,
	       'comet',
	       'original, &pound;180',
	       0,
		650,
		 447);

INSERT INTO art_pricing(art, item_number, description, price)
	VALUES(LAST_INSERT_ID(), 'dj109', 'original', 180);

##----------------------------------------------------------------------------------------



INSERT INTO art (artist, title, media, width, height, image, pricing_info, main_image, image_width, image_height)
	VALUES(101,
	       'yellow fine',
	       'acrylic on paper mounted on framed board',
	       30,
	       20,
	       'yellow-fine',
	       'original, &pound;180',
	       0,
		650,
		 451);

INSERT INTO art_pricing(art, item_number, description, price)
	VALUES(LAST_INSERT_ID(), 'dj116', 'original', 180);

##----------------------------------------------------------------------------------------


INSERT INTO art (artist, title, media, width, height, image, pricing_info, main_image, image_width, image_height)
	VALUES(101,
	       'yellow fall',
	       'framed acrylic on paper',
	       93,
	       68,
	       'yellow-fall-dj',
	       'original, &pound;650',
	       0,
		650,
		 487);

INSERT INTO art_pricing(art, item_number, description, price)
	VALUES(LAST_INSERT_ID(), 'dj101', 'original', 650);

##----------------------------------------------------------------------------------------


INSERT INTO art (artist, title, media, width, height, image, pricing_info, main_image, image_width, image_height)
	VALUES(101,
	       'pass',
	       'framed acrylic on paper',
	       37,
	       46,
	       'pass',
	       'original, &pound;300',
	       0,
		650,
		 514);

INSERT INTO art_pricing(art, item_number, description, price)
	VALUES(LAST_INSERT_ID(), 'dj102', 'original', 300);

##----------------------------------------------------------------------------------------

INSERT INTO art (artist, title, media, width, height, image, pricing_info, main_image, image_width, image_height)
	VALUES(101,
	       'poppyfield',
	       'framed acrylic on paper',
	       67,
	       46,
	       'poppyfield',
	       'original, &pound;550',
	       0,
		465,
		 650);

INSERT INTO art_pricing(art, item_number, description, price)
	VALUES(LAST_INSERT_ID(), 'dj107', 'original', 550);

##----------------------------------------------------------------------------------------

INSERT INTO art (artist, title, media, width, height, image, pricing_info, main_image, image_width, image_height)
	VALUES(101,
	       'scarlet grid',
	       'framed acrylic on paper',
	       71,
	       51,
	       'scarlet_grid',
	       'original, &pound;650',
	       0,
		650,
		 488);

INSERT INTO art_pricing(art, item_number, description, price)
	VALUES(LAST_INSERT_ID(), 'dj104', 'original', 650);

##----------------------------------------------------------------------------------------

INSERT INTO art (artist, title, media, width, height, image, pricing_info, main_image, image_width, image_height)
	VALUES(101,
	       'pink falls',
	       'framed acrylic on paper',
	       36,
	       50,
	       'pink_falls',
	       'original, &pound;300',
	       0,
		468,
		 650);

INSERT INTO art_pricing(art, item_number, description, price)
	VALUES(LAST_INSERT_ID(), 'dj105', 'original', 300);

##----------------------------------------------------------------------------------------

INSERT INTO art (artist, title, media, width, height, image, pricing_info, main_image, image_width, image_height)
	VALUES(101,
	       'ember gold',
	       'acrylic on paper mounted on canvas',
	       60,
	       50,
	       'ember-gold',
	       'original, &pound;450',
	       1,
		650,
		 505);

INSERT INTO art_pricing(art, item_number, description, price)
	VALUES(LAST_INSERT_ID(), 'dj118', 'original', 450);

##----------------------------------------------------------------------------------------




INSERT INTO art (artist, title, media, width, height, image, pricing_info, main_image, image_width, image_height)
	VALUES(101,
	       'union splat',
	       'framed acrylic on paper',
	       45,
	       36,
	       'union_splat',
	       'original, &pound;350',
	       0,
		650,
		 488);

INSERT INTO art_pricing(art, item_number, description, price)
	VALUES(LAST_INSERT_ID(), 'dj103', 'original', 350);

##----------------------------------------------------------------------------------------




INSERT INTO artist (id, name, statement, notes, display)
	VALUES(116, 'helene marie gilmour',
	       '<p class="artist">Helene-Marie is a Freelance Graphic Designer & Illustrator &  has worked for a number of Companies producing artwork for Childrens'' products, Homewares, Ceramics, Textiles, Greetings Cards, Giftwrapping & Packaging. She says -
	</p>
<p class="artist">"I am very lucky to have a job that I love!  I have been in the design industry for many years & I am still learning & being inspired. 
I create alot of my designs on the computer, so it''s nice to take time out & put paint to canvas. Not only is it very relaxing, but it allows me the freedom to 
explore my own style, try different approaches & get lost in my own little world!"</p>',
               '<p class="artist">
</p>',
	       1);

##--------------------------------------------------------------------------------------------




INSERT INTO art (artist, title, media, width, height, image, pricing_info, main_image, image_width, image_height)
	VALUES(116,
	       'butterfly in a pink frame ',
	       'acrylic on canvas',
	       30,
	       30,
	       'butterfly-pink-frame',
	       'original, &pound;90',
	       1,
		643,
		 650);

INSERT INTO art_pricing(art, item_number, description, price)
	VALUES(LAST_INSERT_ID(), 'hg130', 'original', 90);

##--------------------------------------------------------------------------------------------   





INSERT INTO art (artist, title, media, width, height, image, pricing_info, main_image, image_width, image_height)
	VALUES(116,
	       'butterfly in a aqua frame ',
	       'acrylic on canvas',
	       30,
	       30,
	       'butterfly-aqua-frame',
	       'original, &pound;90',
	       0,
		650,
		 650);

INSERT INTO art_pricing(art, item_number, description, price)
	VALUES(LAST_INSERT_ID(), 'hg131', 'original', 90);

##--------------------------------------------------------------------------------------------   





INSERT INTO art (artist, title, media, width, height, image, pricing_info, main_image, image_width, image_height)
	VALUES(116,
	       'butterfly in a gold frame ',
	       'acrylic on canvas',
	       30,
	       30,
	       'butterfly-gold-frame',
	       'original, &pound;90',
	       0,
		650,
		 650);

INSERT INTO art_pricing(art, item_number, description, price)
	VALUES(LAST_INSERT_ID(), 'hg132', 'original', 90);

##--------------------------------------------------------------------------------------------   





INSERT INTO art (artist, title, media, width, height, image, pricing_info, main_image, image_width, image_height)
	VALUES(116,
	       'butterfly in a blue frame ',
	       'acrylic on canvas',
	       30,
	       30,
	       'butterfly-blue-frame',
	       'original, &pound;90',
	       0,
		641,
		 650);

INSERT INTO art_pricing(art, item_number, description, price)
	VALUES(LAST_INSERT_ID(), 'hg133', 'original', 90);

##--------------------------------------------------------------------------------------------   





INSERT INTO art (artist, title, media, width, height, image, pricing_info, main_image, image_width, image_height)
	VALUES(116,
	       'large butterfly study',
	       'acrylic on canvas',
	       60,
	       60,
	       'large-butterfly-study',
	       'original, &pound;280',
	       0,
		650,
		 635);

INSERT INTO art_pricing(art, item_number, description, price)
	VALUES(LAST_INSERT_ID(), 'hg134', 'original', 280);

##--------------------------------------------------------------------------------------------    




INSERT INTO art (artist, title, media, width, height, image, pricing_info, main_image, image_width, image_height)
	VALUES(116,
	       'houses and bunting',
	         'mixed media on canvas',
	       36,
	       36,
	       'houses-and-bunting',
	       'limited edition print (30), &pound;65',
	       0,
		639,
		 650);

INSERT INTO art_pricing(art, item_number, description, price)
	VALUES(LAST_INSERT_ID(), 'hg135', 'limited edition print', 65);
##--------------------------------------------------------------------------------------------




INSERT INTO art (artist, title, media, width, height, image, pricing_info, main_image, image_width, image_height)
	VALUES(116,
	       'houses with a sea view',
	         'mixed media on canvas',
	       36,
	       18,
	       'houses-with-a',
	       'limited edition print (30), &pound;60',
	       0,
		328,
		 650);

INSERT INTO art_pricing(art, item_number, description, price)
	VALUES(LAST_INSERT_ID(), 'hg136', 'limited edition print', 60);
##--------------------------------------------------------------------------------------------



INSERT INTO art (artist, title, media, width, height, image, pricing_info, main_image, image_width, image_height)
	VALUES(116,
	       'applying blusher',
	       'pen and ink',
	       21,
	       29,
	       'applying-blusher',
	       'limited edition print, &pound;26',
	       0,
		460,
		 650);

INSERT INTO art_pricing(art, item_number, description, price)
	VALUES(LAST_INSERT_ID(), 'hg127', 'limited ed', 26);
##--------------------------------------------------------------------------------------------      




INSERT INTO art (artist, title, media, width, height, image, pricing_info, main_image, image_width, image_height)
	VALUES(116,
	       'cats rock',
	      'pen and ink',
	       21,
	       29,
	       'cats-rock',
	       'limited edition print, &pound;26',
	       0,
		459,
		 650);

INSERT INTO art_pricing(art, item_number, description, price)
	VALUES(LAST_INSERT_ID(), 'hg128', 'limited ed', 26);
##--------------------------------------------------------------------------------------------        




INSERT INTO art (artist, title, media, width, height, image, pricing_info, main_image, image_width, image_height)
	VALUES(116,
	       'i love cats',
	      'pen and ink',
	       21,
	       29,
	       'i-love-cats',
	       'limited edition print, &pound;26',
	       0,
		459,
		 650);

INSERT INTO art_pricing(art, item_number, description, price)
	VALUES(LAST_INSERT_ID(), 'hg129', 'limited ed', 26);
##--------------------------------------------------------------------------------------------         



INSERT INTO art (artist, title, media, width, height, image, pricing_info, main_image, image_width, image_height)
	VALUES(116,
	       'rebel',
	         'pen and ink',
	       21,
	       29,
	       'rebel',
	       'limited edition print, &pound;26',
	       0,
		459,
		 650);

INSERT INTO art_pricing(art, item_number, description, price)
	VALUES(LAST_INSERT_ID(), 'hg133', 'limited ed', 26);
##--------------------------------------------------------------------------------------------            




INSERT INTO art (artist, title, media, width, height, image, pricing_info, main_image, image_width, image_height)
	VALUES(116,
	       'tickle me',
	         'pen and ink',
	       21,
	       29,
	       'tickle-me',
	       'limited edition print, &pound;26',
	       0,
		460,
		 650);

INSERT INTO art_pricing(art, item_number, description, price)
	VALUES(LAST_INSERT_ID(), 'hg134', 'limited ed', 26);
##--------------------------------------------------------------------------------------------





INSERT INTO art (artist, title, media, width, height, image, pricing_info, main_image, image_width, image_height)
	VALUES(116,
	       'love is a 4 legged word',
	         'pen and ink',
	       21,
	       29,
	       'love-is-a',
	       'limited edition print, &pound;26',
	       0,
		650,
		 460);

INSERT INTO art_pricing(art, item_number, description, price)
	VALUES(LAST_INSERT_ID(), 'hg130', 'limited ed', 26);
##--------------------------------------------------------------------------------------------          




INSERT INTO art (artist, title, media, width, height, image, pricing_info, main_image, image_width, image_height)
	VALUES(116,
	       'love pug pink',
	         'pen and ink',
	       21,
	       29,
	       'love-pug-pink',
	       'limited edition print, &pound;26',
	       0,
		460,
		 650);

INSERT INTO art_pricing(art, item_number, description, price)
	VALUES(LAST_INSERT_ID(), 'hg131', 'limited ed', 26);
##--------------------------------------------------------------------------------------------          




INSERT INTO art (artist, title, media, width, height, image, pricing_info, main_image, image_width, image_height)
	VALUES(116,
	       'love pug',
	         'pen and ink',
	       21,
	       29,
	       'love-pug',
	       'limited edition print, &pound;26',
	       0,
		460,
		 650);

INSERT INTO art_pricing(art, item_number, description, price)
	VALUES(LAST_INSERT_ID(), 'hg132', 'limited ed', 26);
##--------------------------------------------------------------------------------------------            






INSERT INTO art (artist, title, media, width, height, image, pricing_info, main_image, image_width, image_height)
	VALUES(116,
	       'balancing cupcakes',
	       'acrylic collage and pen',
	       60,
	       30,
	       'balancing-cupcakes',
	       'original, &pound;180',
	       0,
		322,
		 650);

INSERT INTO art_pricing(art, item_number, description, price)
	VALUES(LAST_INSERT_ID(), 'hg127', 'original', 180);

##--------------------------------------------------------------------------------------------





INSERT INTO art (artist, title, media, width, height, image, pricing_info, main_image, image_width, image_height)
	VALUES(116,
	       'pink house on the hill ',
	       'acrylic on canvas',
	       80,
	       30,
	       'pink-house-on',
	       'original, &pound;200',
	       0,
		650,
		 244);

INSERT INTO art_pricing(art, item_number, description, price)
	VALUES(LAST_INSERT_ID(), 'hg135', 'original', 200);

##--------------------------------------------------------------------------------------------






INSERT INTO artist (id, name, statement, notes, display)
	VALUES(123, 'jane adams',
	       '<p class="artist">Jane is a local artist from Liverpool, trained at Liverpool John Moores University, completing a B Ed. (Hons) in Art Design and Technology, in 1997 and an M.A. in Multimedia Art in 2002. This included working with other artists on a collaborative project in conjunction with the Writing on The Wall Festival. She has recently returned to more traditional techniques such as printmaking and collage. After taking part in an exhibition at Liverpool Centre for Arts Development in November 2007 they have invited the artist to exhibit work there on a permanent basis.</p>
<p class="artist">Jane says of her work-</p>',
               '<p class="artist">"I take my inspiration from my immediate world. This includes some of thewonderful features of local architecture. I am particularly interested in recording those which are disappearing or are significant to the lives of ordinary people. I use techniques which seek to convey the time worn and enduring qualities of the buildings and evoke a connection to the past.
I work from photographs, which I interpret using the mono print technique, oil pastels and charcoal. I enjoy the unpredictability of these techniques. Sometimes, I work intuitively and wait to see what the images I put together suggest rather than working in a conceptual way."</p>

<p class="artist">Prints are sold mounted, signed and numbered in an edition of 250. Dimensions refer to mounted size.</p>

<p class="artist">
</p>

<p class="artist"></p>

<p class="artist"></p>',
	       1);

##--------------------------------------------------------------------------------------------



INSERT INTO art (artist, title, media, width, height, image, pricing_info, main_image, image_width, image_height)
	VALUES(123,
	       '20 places',
	       'print',
	       40,
	       40,
	       '20-places',
	       'limited edition print &pound;45',
	       0,
		650,
		 650);

INSERT INTO art_pricing(art, item_number, description, price)
	VALUES(LAST_INSERT_ID(), 'ja112', 'limited edition print', 45);

##-----------------------------------------------------------------------------


INSERT INTO art (artist, title, media, width, height, image, pricing_info, main_image, image_width, image_height)
	VALUES(123,
	       'the albert lark lane liverpool',
	       'print',
	       30,
	       40,
	       'the-albert-lark',
	       'limited edition print &pound;40',
	       0,
		650,
		 471);

INSERT INTO art_pricing(art, item_number, description, price)
	VALUES(LAST_INSERT_ID(), 'ja113', 'limited edition print', 40);

##-----------------------------------------------------------------------------


INSERT INTO art (artist, title, media, width, height, image, pricing_info, main_image, image_width, image_height)
	VALUES(123,
	       'the alicia hotel sefton park liverpool',
	       'print',
	       30,
	       40,
	       'the-alicia-hotel',
	       'limited edition print &pound;40',
	       0,
		650,
		 465);

INSERT INTO art_pricing(art, item_number, description, price)
	VALUES(LAST_INSERT_ID(), 'ja114', 'limited edition print', 40);

##-----------------------------------------------------------------------------


INSERT INTO art (artist, title, media, width, height, image, pricing_info, main_image, image_width, image_height)
	VALUES(123,
	       'cardinal allen catholic high school liverpool',
	       'print',
	       30,
	       40,
	       'cardinal-allen-catholic',
	       'limited edition print &pound;40',
	       0,
		650,
		 434);

INSERT INTO art_pricing(art, item_number, description, price)
	VALUES(LAST_INSERT_ID(), 'ja115', 'limited edition print', 40);

##-----------------------------------------------------------------------------


INSERT INTO art (artist, title, media, width, height, image, pricing_info, main_image, image_width, image_height)
	VALUES(123,
	       'the blue coat school liverpool',
	       'print',
	       30,
	       40,
	       'the-bluecoat-school',
	       'limited edition print &pound;40',
	       0,
		650,
		 494);

INSERT INTO art_pricing(art, item_number, description, price)
	VALUES(LAST_INSERT_ID(), 'ja116', 'limited edition print', 40);

##-----------------------------------------------------------------------------



INSERT INTO art (artist, title, media, width, height, image, pricing_info, main_image, image_width, image_height)
	VALUES(123,
	       'the hard days night hotel liverpool',
	       'print',
	       30,
	       40,
	       'the-hard-days',
	       'limited edition print &pound;40',
	       0,
		650,
		 471);

INSERT INTO art_pricing(art, item_number, description, price)
	VALUES(LAST_INSERT_ID(), 'ja119', 'limited edition print', 40);

##-----------------------------------------------------------------------------


INSERT INTO art (artist, title, media, width, height, image, pricing_info, main_image, image_width, image_height)
	VALUES(123,
	       'the isla gladstone liverpool',
	       'print',
	       30,
	       40,
	       'the-isla-gladstone',
	       'limited edition print &pound;40',
	       0,
		650,
		 469);

INSERT INTO art_pricing(art, item_number, description, price)
	VALUES(LAST_INSERT_ID(), 'ja120', 'limited edition print', 40);

##-----------------------------------------------------------------------------


INSERT INTO art (artist, title, media, width, height, image, pricing_info, main_image, image_width, image_height)
	VALUES(123,
	       'the masonic lark lane liverpool',
	       'print',
	       30,
	       40,
	       'the-masonic-lark',
	       'limited edition print &pound;40',
	       0,
		650,
		 477);

INSERT INTO art_pricing(art, item_number, description, price)
	VALUES(LAST_INSERT_ID(), 'ja123', 'limited edition print', 40);

##-----------------------------------------------------------------------------

INSERT INTO art (artist, title, media, width, height, image, pricing_info, main_image, image_width, image_height)
	VALUES(123,
	       'oxford street maternity hospital liverpool',
	       'print',
	       30,
	       40,
	       'oxford-street-maternity',
	       'limited edition print &pound;40',
	       0,
		650,
		 477);

INSERT INTO art_pricing(art, item_number, description, price)
	VALUES(LAST_INSERT_ID(), 'ja124', 'limited edition print', 40);

##-----------------------------------------------------------------------------

INSERT INTO art (artist, title, media, width, height, image, pricing_info, main_image, image_width, image_height)
	VALUES(123,
	       'the palm house sefton park liverpool',
	       'print',
	       30,
	       40,
	       'the-palm-house',
	       'limited edition print &pound;40',
	       1,
		650,
		 488);

INSERT INTO art_pricing(art, item_number, description, price)
	VALUES(LAST_INSERT_ID(), 'ja125', 'limited edition print', 40);

##-----------------------------------------------------------------------------


INSERT INTO art (artist, title, media, width, height, image, pricing_info, main_image, image_width, image_height)
	VALUES(123,
	       'st georges hall liverpool',
	       'print',
	       30,
	       40,
	       'st-georges-hall',
	       'limited edition print &pound;40',
	       0,
		650,
		 488);

INSERT INTO art_pricing(art, item_number, description, price)
	VALUES(LAST_INSERT_ID(), 'ja127', 'limited edition print', 40);

##-----------------------------------------------------------------------------


INSERT INTO art (artist, title, media, width, height, image, pricing_info, main_image, image_width, image_height)
	VALUES(123,
	       'penny lane wine bar liverpool',
	       'print',
	       30,
	       40,
	       'penny-lane-wine',
	       'limited edition print &pound;40',
	       0,
		484,
		 650);

INSERT INTO art_pricing(art, item_number, description, price)
	VALUES(LAST_INSERT_ID(), 'ja126', 'limited edition print', 40);

##-----------------------------------------------------------------------------

INSERT INTO art (artist, title, media, width, height, image, pricing_info, main_image, image_width, image_height)
	VALUES(123,
	       'st nicholas church liverpool',
	       'print',
	       30,
	       40,
	       'st-nicholas-church',
	       'limited edition print &pound;40',
	       0,
		650,
		 650);

INSERT INTO art_pricing(art, item_number, description, price)
	VALUES(LAST_INSERT_ID(), 'ja128', 'limited edition print', 40);

##-----------------------------------------------------------------------------

INSERT INTO art (artist, title, media, width, height, image, pricing_info, main_image, image_width, image_height)
	VALUES(123,
	       'the volunteer canteen liverpool',
	       'print',
	       30,
	       40,
	       'the-volunteer-canteen',
	       'limited edition print &pound;40',
	       0,
		650,
		 481);

INSERT INTO art_pricing(art, item_number, description, price)
	VALUES(LAST_INSERT_ID(), 'ja129', 'limited edition print', 40);

##-----------------------------------------------------------------------------


INSERT INTO art (artist, title, media, width, height, image, pricing_info, main_image, image_width, image_height)
	VALUES(123,
	       'the jacaranda liverpool',
	       'print',
	       30,
	       40,
	       'the-jacaranda',
	       'limited edition print &pound;40',
	       0,
		471,
		 650);

INSERT INTO art_pricing(art, item_number, description, price)
	VALUES(LAST_INSERT_ID(), 'ja121', 'limited edition print', 40);

##-----------------------------------------------------------------------

INSERT INTO art (artist, title, media, width, height, image, pricing_info, main_image, image_width, image_height)
	VALUES(123,
	       'the crows nest liverpool',
	       'print',
	       30,
	       40,
	       'the-crows-nest',
	       'limited edition print &pound;40',
	       0,
		468,
		 650);

INSERT INTO art_pricing(art, item_number, description, price)
	VALUES(LAST_INSERT_ID(), 'ja117', 'limited edition print', 40);

##-----------------------------------------------------------------------------


INSERT INTO art (artist, title, media, width, height, image, pricing_info, main_image, image_width, image_height)
	VALUES(123,
	       'four housesliverpool',
	       'print',
	       30,
	       40,
	       'four-houses',
	       'limited edition print &pound;40',
	       0,
		472,
		 650);

INSERT INTO art_pricing(art, item_number, description, price)
	VALUES(LAST_INSERT_ID(), 'ja118', 'limited edition print', 40);

##-----------------------------------------------------------------------------



INSERT INTO art (artist, title, media, width, height, image, pricing_info, main_image, image_width, image_height)
	VALUES(123,
	       'johns house',
	       'mixed media',
	       15,
	       20,
	       'johns_house',
	       'limited edition print &pound;25',
	       0,
		394,
		 650);

INSERT INTO art_pricing(art, item_number, description, price)
	VALUES(LAST_INSERT_ID(), 'ja112', 'limited edition print', 25);

##-----------------------------------------------------------------------------


INSERT INTO art (artist, title, media, width, height, image, pricing_info, main_image, image_width, image_height)
	VALUES(123,
	       'georges house',
	       'mixed media',
	       15,
	       20,
	       'georges_house',
	       'limited edition print &pound;25',
	       0,
		459,
		 650);

INSERT INTO art_pricing(art, item_number, description, price)
	VALUES(LAST_INSERT_ID(), 'ja113', 'limited edition print', 25);

##-----------------------------------------------------------------------------


INSERT INTO art (artist, title, media, width, height, image, pricing_info, main_image, image_width, image_height)
	VALUES(123,
	       'pauls house',
	       'mixed media',
	       15,
	       20,
	       'pauls_house',
	       'limited edition print &pound;25',
	       0,
		475,
		 650);

INSERT INTO art_pricing(art, item_number, description, price)
	VALUES(LAST_INSERT_ID(), 'ja114', 'limited edition print', 25);

##-----------------------------------------------------------------------------




INSERT INTO art (artist, title, media, width, height, image, pricing_info, main_image, image_width, image_height)
	VALUES(123,
	       'georges place',
	       'mixed media',
	       30,
	       40,
	       'georges_place',
	       'limited edition print &pound;40',
	       0,
		471,
		 650);

INSERT INTO art_pricing(art, item_number, description, price)
	VALUES(LAST_INSERT_ID(), 'ja132', 'limited edition print', 40);

##-----------------------------------------------------------------------------


INSERT INTO art (artist, title, media, width, height, image, pricing_info, main_image, image_width, image_height)
	VALUES(123,
	       'art school',
	       'mixed media',
	       30,
	       40,
	       'art_school',
	       'limited edition print &pound;40',
	       0,
		650,
		 383);

INSERT INTO art_pricing(art, item_number, description, price)
	VALUES(LAST_INSERT_ID(), 'ja116', 'limited edition print', 40);

##-----------------------------------------------------------------------------


INSERT INTO art (artist, title, media, width, height, image, pricing_info, main_image, image_width, image_height)
	VALUES(123,
	       'bluecoat 3',
	       'mixed media',
	       30,
	       40,
	       'bluecoat_3',
	       'limited edition print &pound;40',
	       0,
		650,
		 453);

INSERT INTO art_pricing(art, item_number, description, price)
	VALUES(LAST_INSERT_ID(), 'ja117', 'limited edition print', 40);

##-----------------------------------------------------------------------------



INSERT INTO art (artist, title, media, width, height, image, pricing_info, main_image, image_width, image_height)
	VALUES(123,
	       'peter kavanaghs 2',
	       'mixed media',
	       30,
	       40,
	       'pk2',
	       'limited edition print &pound;40',
	       0,
		650,
		 547);

INSERT INTO art_pricing(art, item_number, description, price)
	VALUES(LAST_INSERT_ID(), 'ja127', 'limited edition print', 40);

##-----------------------------------------------------------------------------


INSERT INTO art (artist, title, media, width, height, image, pricing_info, main_image, image_width, image_height)
	VALUES(123,
	       'cally 1',
	       'mixed media',
	       30,
	       40,
	       'cally_1',
	       'limited edition print &pound;40',
	       0,
		460,
		 650);

INSERT INTO art_pricing(art, item_number, description, price)
	VALUES(LAST_INSERT_ID(), 'ja118', 'limited edition print', 40);

##-----------------------------------------------------------------------------



INSERT INTO art (artist, title, media, width, height, image, pricing_info, main_image, image_width, image_height)
	VALUES(123,
	       'oxford',
	       'mixed media',
	       30,
	       40,
	       'oxford',
	       'limited edition print &pound;40',
	       0,
		326,
		 650);

INSERT INTO art_pricing(art, item_number, description, price)
	VALUES(LAST_INSERT_ID(), 'ja126', 'limited edition print', 40);

##-----------------------------------------------------------------------------


INSERT INTO art (artist, title, media, width, height, image, pricing_info, main_image, image_width, image_height)
	VALUES(123,
	       'cambridge',
	       'mixed media',
	       30,
	       40,
	       'cambridge',
	       'limited edition print &pound;40',
	       0,
		460,
		 650);

INSERT INTO art_pricing(art, item_number, description, price)
	VALUES(LAST_INSERT_ID(), 'ja119', 'limited edition print', 40);

##-----------------------------------------------------------------------------


INSERT INTO art (artist, title, media, width, height, image, pricing_info, main_image, image_width, image_height)
	VALUES(123,
	       'empress',
	       'mixed media',
	       30,
	       40,
	       'empress',
	       'limited edition print &pound;40',
	       0,
		242,
		 450);

INSERT INTO art_pricing(art, item_number, description, price)
	VALUES(LAST_INSERT_ID(), 'ja120', 'limited edition print', 40);

##-----------------------------------------------------------------------------


INSERT INTO art (artist, title, media, width, height, image, pricing_info, main_image, image_width, image_height)
	VALUES(123,
	       'woolton baths',
	       'mixed media',
	       30,
	       40,
	       'woolton_baths',
	       'limited edition print &pound;40',
	       0,
		602,
		 650);

INSERT INTO art_pricing(art, item_number, description, price)
	VALUES(LAST_INSERT_ID(), 'ja131', 'limited edition print', 40);

##-----------------------------------------------------------------------------



INSERT INTO art (artist, title, media, width, height, image, pricing_info, main_image, image_width, image_height)
	VALUES(123,
	       'church road',
	       'mixed media',
	       32,
	       42,
	       'church_road',
	       'limited edition print &pound;40',
	       0,
		650,
		 599);

INSERT INTO art_pricing(art, item_number, description, price)
	VALUES(LAST_INSERT_ID(), 'ja102', 'limited edition print', 40);

##--------------------------------------------------------------------------------------------

INSERT INTO art (artist, title, media, width, height, image, pricing_info, main_image, image_width, image_height)
	VALUES(123,
	       'church road 2',
	       'mixed media',
	       32,
	       42,
	       'church_road_2',
	       'limited edition print &pound;40',
	       0,
		650,
		 615);

INSERT INTO art_pricing(art, item_number, description, price)
	VALUES(LAST_INSERT_ID(), 'ja101', 'limited edition print', 40);

##--------------------------------------------------------------------------------------------




INSERT INTO art (artist, title, media, width, height, image, pricing_info, main_image, image_width, image_height)
	VALUES(123,
	       'irish center',
	       'mixed media',
	       30,
	       40,
	       'irish_center',
	       'limited edition print &pound;40',
	       0,
		650,
		 289);

INSERT INTO art_pricing(art, item_number, description, price)
	VALUES(LAST_INSERT_ID(), 'ja122', 'limited edition print', 40);

##-----------------------------------------------------------------------------



INSERT INTO art (artist, title, media, width, height, image, pricing_info, main_image, image_width, image_height)
	VALUES(123,
	       'le bateau',
	       'mixed media',
	       30,
	       40,
	       'lebateu',
	       'limited edition print &pound;40',
	       0,
		423,
		 650);

INSERT INTO art_pricing(art, item_number, description, price)
	VALUES(LAST_INSERT_ID(), 'ja124', 'limited edition print', 40);

##-----------------------------------------------------------------------------




INSERT INTO art (artist, title, media, width, height, image, pricing_info, main_image, image_width, image_height)
	VALUES(123,
	       'london road',
	       'mixed media',
	       30,
	       40,
	       'london_road',
	       'limited edition print &pound;40',
	       0,
		596,
		 650);

INSERT INTO art_pricing(art, item_number, description, price)
	VALUES(LAST_INSERT_ID(), 'ja106', 'limited edition print', 40);

##--------------------------------------------------------------------------------------------


INSERT INTO art (artist, title, media, width, height, image, pricing_info, main_image, image_width, image_height)
	VALUES(123,
	       'marantos',
	       'mixed media',
	       30,
	       40,
	       'marantos',
	       'limited edition print &pound;40',
	       0,
		499,
		 650);

INSERT INTO art_pricing(art, item_number, description, price)
	VALUES(LAST_INSERT_ID(), 'ja125', 'limited edition print', 40);

##-----------------------------------------------------------------------------


INSERT INTO art (artist, title, media, width, height, image, pricing_info, main_image, image_width, image_height)
	VALUES(123,
	       'keiths',
	       'mixed media',
	       30,
	       40,
	       'keiths_copy',
	       'limited edition print &pound;40',
	       0,
		433,
		 650);

INSERT INTO art_pricing(art, item_number, description, price)
	VALUES(LAST_INSERT_ID(), 'ja123', 'limited edition print', 40);

##-----------------------------------------------------------------------------



INSERT INTO art (artist, title, media, width, height, image, pricing_info, main_image, image_width, image_height)
	VALUES(123,
	       'police',
	       'mixed media',
	       30,
	       40,
	       'police',
	       'limited edition print &pound;40',
	       0,
		599,
		 510);

INSERT INTO art_pricing(art, item_number, description, price)
	VALUES(LAST_INSERT_ID(), 'ja128', 'limited edition print', 40);

##-----------------------------------------------------------------------------


INSERT INTO art (artist, title, media, width, height, image, pricing_info, main_image, image_width, image_height)
	VALUES(123,
	       'princes park mansions 2',
	       'mixed media',
	       18,
	       40,
	       'princes_2',
	       'limited edition print &pound;40',
	       0,
		650,
		 195);

INSERT INTO art_pricing(art, item_number, description, price)
	VALUES(LAST_INSERT_ID(), 'ja133', 'limited edition print', 40);

##-----------------------------------------------------------------------------



INSERT INTO art (artist, title, media, width, height, image, pricing_info, main_image, image_width, image_height)
	VALUES(123,
	       'town hall',
	       'mixed media',
	       30,
	       40,
	       'town_hall',
	       'limited edition print &pound;40',
	       0,
		567,
		 410);

INSERT INTO art_pricing(art, item_number, description, price)
	VALUES(LAST_INSERT_ID(), 'ja130', 'limited edition print', 40);

##-----------------------------------------------------------------------------





INSERT INTO art (artist, title, media, width, height, image, pricing_info, main_image, image_width, image_height)
	VALUES(123,
	       'soaughton hall',
	       'mixed media',
	       30,
	       40,
	       'soaughton_hall',
	       'limited edition print &pound;40',
	       0,
		650,
		 421);

INSERT INTO art_pricing(art, item_number, description, price)
	VALUES(LAST_INSERT_ID(), 'ja129', 'limited edition print', 40);

##-----------------------------------------------------------------------------



INSERT INTO art (artist, title, media, width, height, image, pricing_info, main_image, image_width, image_height)
	VALUES(123,
	       'erriad',
	       'mixed media',
	       30,
	       40,
	       'erriadweb',
	       'limited edition print &pound;40',
	       0,
		650,
		 472);

INSERT INTO art_pricing(art, item_number, description, price)
	VALUES(LAST_INSERT_ID(), 'ja121', 'limited edition print', 40);

##-----------------------------------------------------------------------------


INSERT INTO art (artist, title, media, width, height, image, pricing_info, main_image, image_width, image_height)
	VALUES(123,
	       'girl at sea',
	       'mixed media',
	       50,
	       50,
	       'girl_at_sea',
	       'limited edition print &pound;80',
	       0,
		650,
		 635);

INSERT INTO art_pricing(art, item_number, description, price)
	VALUES(LAST_INSERT_ID(), 'ja103', 'limited edition print', 80);

##--------------------------------------------------------------------------------------------


INSERT INTO art (artist, title, media, width, height, image, pricing_info, main_image, image_width, image_height)
	VALUES(123,
	       'hope place',
	       'mixed media',
	       32,
	       42,
	       'hope_place',
	       'limited edition print &pound;40',
	       0,
		394,
		 650);

INSERT INTO art_pricing(art, item_number, description, price)
	VALUES(LAST_INSERT_ID(), 'ja104', 'limited edition print', 40);

##--------------------------------------------------------------------------------------------


INSERT INTO art (artist, title, media, width, height, image, pricing_info, main_image, image_width, image_height)
	VALUES(123,
	       'james street',
	       'mixed media',
	       40,
	       50,
	       'james_street',
	       'limited edition print &pound;60',
	       0,
		477,
		 650);

INSERT INTO art_pricing(art, item_number, description, price)
	VALUES(LAST_INSERT_ID(), 'ja105', 'limited edition print', 60);

##--------------------------------------------------------------------------------------------


INSERT INTO art (artist, title, media, width, height, image, pricing_info, main_image, image_width, image_height)
	VALUES(123,
	       'mountain girl',
	       'mixed media',
	       50,
	       50,
	       'mountain_girl',
	       'limited edition print &pound;80',
	       0,
		650,
		 642);

INSERT INTO art_pricing(art, item_number, description, price)
	VALUES(LAST_INSERT_ID(), 'ja107', 'limited edition print', 80);

##--------------------------------------------------------------------------------------------


INSERT INTO art (artist, title, media, width, height, image, pricing_info, main_image, image_width, image_height)
	VALUES(123,
	       'percy street 2',
	       'mixed media',
	       40,
	       50,
	       'percy-street-2',
	       'limited edition print &pound;60',
	       0,
		466,
		 650);

INSERT INTO art_pricing(art, item_number, description, price)
	VALUES(LAST_INSERT_ID(), 'ja108', 'limited edition print', 60);

##--------------------------------------------------------------------------------------------


INSERT INTO art (artist, title, media, width, height, image, pricing_info, main_image, image_width, image_height)
	VALUES(123,
	       'percy street',
	       'mixed media',
	       40,
	       50,
	       'percy_street',
	       'limited edition print &pound;60',
	       0,
		463,
		 650);

INSERT INTO art_pricing(art, item_number, description, price)
	VALUES(LAST_INSERT_ID(), 'ja109', 'limited edition print', 60);

##--------------------------------------------------------------------------------------------


INSERT INTO art (artist, title, media, width, height, image, pricing_info, main_image, image_width, image_height)
	VALUES(123,
	       'seymour street',
	       'mixed media',
	       32,
	       42,
	       'seymour_street',
	       'limited edition print &pound;40',
	       0,
		650,
		 535);

INSERT INTO art_pricing(art, item_number, description, price)
	VALUES(LAST_INSERT_ID(), 'ja110', 'limited edition print', 40);

##--------------------------------------------------------------------------------------------


INSERT INTO art (artist, title, media, width, height, image, pricing_info, main_image, image_width, image_height)
	VALUES(123,
	       'white star',
	       'mixed media',
	       32,
	       42,
	       'white_star',
	       'limited edition print &pound;40',
	       0,
		429,
		 650);

INSERT INTO art_pricing(art, item_number, description, price)
	VALUES(LAST_INSERT_ID(), 'ja111', 'limited edition print', 40);

##-----------------------------------------------------------------------------





INSERT INTO artist (id, name, statement, notes, display, region)
	VALUES(129, 'richard pryke',
	'<p class="artist">Richard was born in 1933 and educated at Highgate School and Keble College, Oxford. His art master at Highgate was Kyffin Williams RA, and he became an enthusiastic painter and sketcher. During the school holidays he used to cycle into the Hertford countryside and sketch old buildings. While at school, he used to visit the fine collection of paintings at Kenwood House and fell in love with Gainsboroughs spirited portrait of Lady Howe. He might well have become an artist, and often wished he had. Instead, he became an economist, worked in the Research Department of the Labour Party, stood for parliament, and taught economics at the University of Liverpool. However, art remained of crucial importance. H continued to visit art galleries whenever possible and, for instance, recall trudging across Chicago on a punishingly hot and humid day in 1960 to visit the Art Institute. Also he started to collect (inexpensive) pictures.
</p>

<p class="artist">"The first of these was by Norman Garstin (1847-1926), a member of the Newlyn School. Ultimately, I decided to write a book on his life and work. It was published in 2005 by Spire Books under the title "Norman Garstin: Irishman and Newlyn Artist". When writing the book, I became an admirer not only of Gasrtin himself but also of the Realist Movement to which he belonged, along with Gustave Caillebotte in France, and many of the artists associated with the New English Art Club in this country. With advent of modernism, Realism fell into disfavour, though it is powerfully represented by Lucian Freud and Ken Howard RA. Study of Realist art rekindled my enthusiasm for painting, and for some years I have devoted myself full time to working in oils. I always, if possible, paint on the spot. I am largely self-taught, but have greatly benefited from the constructive criticism of an experienced local artist and art teacher, and from attending painting parties, eg with Pamela Kay (NEAC) in Venice."
</p>

<p class="artist">"My aim is to paint oils in a Realist style not dissimillar to that of Caillebotte and the Newlyn School in the past, and Lucian Freud and Ken Howard RA today. I mainly paint landscapes (spring and autumn), townscapes and buildings (August and September) and interiors (winter). However, I should say that I have worked outside in temperatures as low as freezing point, and that my works increasingly include figures. My pictures are painted with love, which as Ruskin said is an essential requirement for good work, and I hope that they will, in turn, provide enjoyment. Hence my prices are intended to be readily affordable."
</p>

<p class="artist">All work is sold framed but not glazed.</p>
<p class="artist"></p>',
               NULL,
	       1, 'Richard Pryke, Cheshire Artist, Landscape artist, Landscpae paintings, cityscape paintings, Liverpool buildings, countryside paintings, interior paintings,
oil paintings, realist painting');

##-----------------------------------------------------------------------------------------



INSERT INTO art (artist, title, media, width, height, image, pricing_info, main_image, image_width, image_height)
	VALUES(129,
	       'deserted temple water street liverpool',
	       'oil on board',
	       63.5,
	       53.5,
	       'deserted-temple-water',
	       'original, &pound;275',
	       0,
		544,
		 650);

INSERT INTO art_pricing(art, item_number, description, price)
	VALUES(LAST_INSERT_ID(), 'rp113', 'original', 275);

##-----------------------------------------------------------------------------------------


INSERT INTO art (artist, title, media, width, height, image, pricing_info, main_image, image_width, image_height)
	VALUES(129,
	       'empty chairs open doors',
	       'oil on board',
	       48,
	       36,
	       'empty-chairs-open',
	       'original, &pound;175',
	       0,
		488,
		 650);

INSERT INTO art_pricing(art, item_number, description, price)
	VALUES(LAST_INSERT_ID(), 'rp114', 'original', 175);

##-----------------------------------------------------------------------------------------


INSERT INTO art (artist, title, media, width, height, image, pricing_info, main_image, image_width, image_height)
	VALUES(129,
	       'global warming',
	       'oil on canvas',
	       76,
	       61,
	       'global-warming',
	       'original, &pound;275',
	       0,
		524,
		 650);

INSERT INTO art_pricing(art, item_number, description, price)
	VALUES(LAST_INSERT_ID(), 'rp115', 'original', 275);

##-----------------------------------------------------------------------------------------


INSERT INTO art (artist, title, media, width, height, image, pricing_info, main_image, image_width, image_height)
	VALUES(129,
	       'ichabod',
	       'oil on canvas',
	       79.5,
	       60,
	       'ichabod',
	       'original, &pound;350',
	       1,
		484,
		 650);

INSERT INTO art_pricing(art, item_number, description, price)
	VALUES(LAST_INSERT_ID(), 'rp116', 'original', 350);

##-----------------------------------------------------------------------------------------


INSERT INTO art (artist, title, media, width, height, image, pricing_info, main_image, image_width, image_height)
	VALUES(129,
	       'kenwood captured',
	       'oil on board',
	       56,
	       45.5,
	       'kenwood-captured',
	       'original, &pound;300',
	       0,
		538,
		 650);

INSERT INTO art_pricing(art, item_number, description, price)
	VALUES(LAST_INSERT_ID(), 'rp117', 'original', 300);

##-----------------------------------------------------------------------------------------


INSERT INTO art (artist, title, media, width, height, image, pricing_info, main_image, image_width, image_height)
	VALUES(129,
	       'nelson slept here',
	       'oil on canvas board',
	       35.5,
	       28,
	       'nelson-slept-here',
	       'original, &pound;175',
	       0,
		501,
		 650);

INSERT INTO art_pricing(art, item_number, description, price)
	VALUES(LAST_INSERT_ID(), 'rp118', 'original', 175);

##-----------------------------------------------------------------------------------------


INSERT INTO art (artist, title, media, width, height, image, pricing_info, main_image, image_width, image_height)
	VALUES(129,
	       'nobilmente',
	       'oil on board',
	       58.5,
	       76,
	       'nobilmente',
	       'original, &pound;400',
	       0,
		650,
		 506);

INSERT INTO art_pricing(art, item_number, description, price)
	VALUES(LAST_INSERT_ID(), 'rp119', 'original', 400);

##-----------------------------------------------------------------------------------------


INSERT INTO art (artist, title, media, width, height, image, pricing_info, main_image, image_width, image_height)
	VALUES(129,
	       'the palace hotel manchester of course',
	       'oil on board',
	       76,
	       76,
	       'the-palace-hotel',
	       'original, &pound;400',
	       0,
		650,
		 643);

INSERT INTO art_pricing(art, item_number, description, price)
	VALUES(LAST_INSERT_ID(), 'rp120', 'original', 400);

##-----------------------------------------------------------------------------------------


INSERT INTO art (artist, title, media, width, height, image, pricing_info, main_image, image_width, image_height)
	VALUES(129,
	       'what a garden',
	       'oil on board',
	       38.5,
	       58.5,
	       'what-a-garden',
	       'original, &pound;225',
	       0,
		650,
		 512);

INSERT INTO art_pricing(art, item_number, description, price)
	VALUES(LAST_INSERT_ID(), 'rp121', 'original', 225);

##-----------------------------------------------------------------------------------------



INSERT INTO art (artist, title, media, width, height, image, pricing_info, main_image, image_width, image_height)
	VALUES(129,
	       'butterfields masterpiece',
	       'oil on board',
	       91,
	       61,
	       'butterfields-masterpiece',
	       'original, &pound;300',
	       0,
		650,
		 512);

INSERT INTO art_pricing(art, item_number, description, price)
	VALUES(LAST_INSERT_ID(), 'rp122', 'original', 300);

##-----------------------------------------------------------------------------------------







INSERT INTO artist (id, name, statement, notes, display)
	VALUES(131, 'sophie green',
	'<p class="artist">Sophie''s work is influenced by bright colour, the natural world and finding simple pleasure in the mundane.
Her artwork reflects her background in Graphic Design, 
her love of illustration and an obsession with cats, 
which cannot be avoided! Living and working in Liverpool 
has been a great inspiration for Sophie''s work; 
"There''s never a dull moment living in this city!"

</p>

<p class="artist">Sophie''s work can currently be viewed at various 
galleries and exhibitions across the UK. Previous commissions include 
Children''s Illustration & Character Design. Sophie has produced work 
for Liverpool''s Go Penguins and Chester''s Rhino Mania Projects. 
She has also designed and painted many Superlambanana sculptures 
for private commissions.

</p>

<p class="artist">"Green evidently has ambitions to make people feel warm inside with her work. It is tricky to achieve but she does it with Flair"
 Christopher Brown, Arts Editor, The Metro Newspaper 27th July 2009.
</p>

<p class="artist">All paintings are also available as limited edition 
Giclee Prints (30 editions of each). Printed on high quality 285gsm 
Permajet Parchment paper using fade resistant ink, and in a card mount.
Signed and numbered with a certificate of authenticity.</p>

<p class="artist"></p>',
               NULL,
	       1);

##-----------------------------------------------------------------------------------------



INSERT INTO art (artist, title, media, width, height, image, pricing_info, main_image, image_width, image_height)
	VALUES(131,
	       'sgt john pepper',
	       'acrylic on canvas',
	       60,
	       60,
	       'sgt-john-pepper',
	       'original, &pound;500',
	       0,
		650,
		 650);

INSERT INTO art_pricing(art, item_number, description, price)
	VALUES(LAST_INSERT_ID(), 'sg137', 'original', 500);



##-----------------------------------------------------------------------------------------


INSERT INTO art (artist, title, media, width, height, image, pricing_info, main_image, image_width, image_height)
	VALUES(131,
	       'sgt john pepper',
	       'limited print',
	       36,
	       36,
	       'sgt-john-pepper',
	       'limited, &pound;70',
	       0,
		650,
		 650);

INSERT INTO art_pricing(art, item_number, description, price)
	VALUES(LAST_INSERT_ID(), 'sg138', 'limited', 70);



##-----------------------------------------------------------------------------------------


INSERT INTO art (artist, title, media, width, height, image, pricing_info, main_image, image_width, image_height)
	VALUES(131,
	       'sgt paul pepper',
	       'acrylic on canvas',
	       60,
	       60,
	       'sgt-paul-pepper',
	       'original, &pound;500',
	       0,
		650,
		 650);

INSERT INTO art_pricing(art, item_number, description, price)
	VALUES(LAST_INSERT_ID(), 'sg139', 'original', 500);



##-----------------------------------------------------------------------------------------


INSERT INTO art (artist, title, media, width, height, image, pricing_info, main_image, image_width, image_height)
	VALUES(131,
	       'sgt paul pepper',
	       'limited print',
	       36,
	       36,
	       'sgt-paul-pepper',
	       'limited, &pound;70',
	       0,
		650,
		 650);

INSERT INTO art_pricing(art, item_number, description, price)
	VALUES(LAST_INSERT_ID(), 'sg140', 'limited', 70);



##-----------------------------------------------------------------------------------------


INSERT INTO art (artist, title, media, width, height, image, pricing_info, main_image, image_width, image_height)
	VALUES(131,
	       'sgt ringo pepper',
	       'acrylic on canvas',
	       60,
	       60,
	       'sgt-ringo-pepper',
	       'original, &pound;500',
	       0,
		650,
		 650);

INSERT INTO art_pricing(art, item_number, description, price)
	VALUES(LAST_INSERT_ID(), 'sg141', 'original', 500);



##-----------------------------------------------------------------------------------------


INSERT INTO art (artist, title, media, width, height, image, pricing_info, main_image, image_width, image_height)
	VALUES(131,
	       'sgt ringo pepper',
	       'limited print',
	       36,
	       36,
	       'sgt-ringo-pepper',
	       'limited, &pound;70',
	       0,
		650,
		 650);

INSERT INTO art_pricing(art, item_number, description, price)
	VALUES(LAST_INSERT_ID(), 'sg142', 'limited', 70);



##-----------------------------------------------------------------------------------------


INSERT INTO art (artist, title, media, width, height, image, pricing_info, main_image, image_width, image_height)
	VALUES(131,
	       'sgt george pepper',
	       'acrylic on canvas',
	       60,
	       60,
	       'sgt-george-pepper',
	       'original, &pound;500',
	       0,
		650,
		 650);

INSERT INTO art_pricing(art, item_number, description, price)
	VALUES(LAST_INSERT_ID(), 'sg143', 'original', 500);



##-----------------------------------------------------------------------------------------


INSERT INTO art (artist, title, media, width, height, image, pricing_info, main_image, image_width, image_height)
	VALUES(131,
	       'sgt george pepper',
	       'limited print',
	       36,
	       36,
	       'sgt-george-pepper',
	       'limited, &pound;70',
	       0,
		650,
		 650);

INSERT INTO art_pricing(art, item_number, description, price)
	VALUES(LAST_INSERT_ID(), 'sg144', 'limited', 70);






INSERT INTO art (artist, title, media, width, height, image, pricing_info, main_image, image_width, image_height)
	VALUES(131,
	       'bed head',
	       'acrylic on canvas',
	       60,
	       60,
	       'bed-head',
	       'original, &pound;650',
	       0,
		650,
		 650);

INSERT INTO art_pricing(art, item_number, description, price)
	VALUES(LAST_INSERT_ID(), 'sg137', 'original', 650);



##-----------------------------------------------------------------------------------------




INSERT INTO art (artist, title, media, width, height, image, pricing_info, main_image, image_width, image_height)
	VALUES(131,
	       'bed head',
	       'acrylic on canvas',
	       36,
	       36,
	       'bed-head',
	       'limited edition print, &pound;70',
	       0,
		650,
		 650);

INSERT INTO art_pricing(art, item_number, description, price)
	VALUES(LAST_INSERT_ID(), 'sg137B', 'limited edition print', 70);



##-----------------------------------------------------------------------------------------


INSERT INTO art (artist, title, media, width, height, image, pricing_info, main_image, image_width, image_height)
	VALUES(131,
	       'playmate',
	       'acrylic on canvas',
	       60,
	       60,
	       'playmate',
	       'original, &pound;650',
	       0,
		650,
		 650);

INSERT INTO art_pricing(art, item_number, description, price)
	VALUES(LAST_INSERT_ID(), 'sg138', 'original', 650);



##-----------------------------------------------------------------------------------------




INSERT INTO art (artist, title, media, width, height, image, pricing_info, main_image, image_width, image_height)
	VALUES(131,
	       'playmate',
	       'acrylic on canvas',
	       36,
	       36,
	       'playmate',
	       'limited edition print, &pound;70',
	       0,
		650,
		 650);

INSERT INTO art_pricing(art, item_number, description, price)
	VALUES(LAST_INSERT_ID(), 'sg138B', 'limited edition print', 70);



##-----------------------------------------------------------------------------------------


INSERT INTO art (artist, title, media, width, height, image, pricing_info, main_image, image_width, image_height)
	VALUES(131,
	       'explorer',
	       'acrylic on canvas',
	       60,
	       60,
	       'explorer',
	       'original, &pound;650',
	       0,
		650,
		 650);

INSERT INTO art_pricing(art, item_number, description, price)
	VALUES(LAST_INSERT_ID(), 'sg140', 'original', 650);



##-----------------------------------------------------------------------------------------




INSERT INTO art (artist, title, media, width, height, image, pricing_info, main_image, image_width, image_height)
	VALUES(131,
	       'explorer',
	       'acrylic on canvas',
	       36,
	       36,
	       'explorer',
	       'limited edition print, &pound;70',
	       0,
		650,
		 650);

INSERT INTO art_pricing(art, item_number, description, price)
	VALUES(LAST_INSERT_ID(), 'sg140B', 'limited edition print', 70);



##-----------------------------------------------------------------------------------------


INSERT INTO art (artist, title, media, width, height, image, pricing_info, main_image, image_width, image_height)
	VALUES(131,
	       'entree',
	       'acrylic on canvas',
	       60,
	       60,
	       'entree',
	       'original, &pound;650',
	       0,
		650,
		 650);

INSERT INTO art_pricing(art, item_number, description, price)
	VALUES(LAST_INSERT_ID(), 'sg141', 'original', 650);



##-----------------------------------------------------------------------------------------




INSERT INTO art (artist, title, media, width, height, image, pricing_info, main_image, image_width, image_height)
	VALUES(131,
	       'entree',
	       'acrylic on canvas',
	       36,
	       36,
	       'entree',
	       'limited edition print, &pound;70',
	       0,
		650,
		 650);

INSERT INTO art_pricing(art, item_number, description, price)
	VALUES(LAST_INSERT_ID(), 'sg141B', 'limited edition print', 70);



##-----------------------------------------------------------------------------------------


INSERT INTO art (artist, title, media, width, height, image, pricing_info, main_image, image_width, image_height)
	VALUES(131,
	       'tea',
	       'acrylic on canvas',
	       50,
	       50,
	       'tea',
	       'original, &pound;500',
	       0,
		650,
		 650);

INSERT INTO art_pricing(art, item_number, description, price)
	VALUES(LAST_INSERT_ID(), 'sg142', 'original', 500);


##-----------------------------------------------------------------------------------------




INSERT INTO art (artist, title, media, width, height, image, pricing_info, main_image, image_width, image_height)
	VALUES(131,
	       'tea',
	       'acrylic on canvas',
	       36,
	       36,
	       'tea',
	       'limited edition print, &pound;70',
	       0,
		650,
		 650);

INSERT INTO art_pricing(art, item_number, description, price)
	VALUES(LAST_INSERT_ID(), 'sg142B', 'limited edition print', 70);



##-----------------------------------------------------------------------------------------




INSERT INTO art (artist, title, media, width, height, image, pricing_info, main_image, image_width, image_height)
	VALUES(131,
	       'harley quinn',
	        'acrylic on canvas',
	       42,
	       59,
	       'harley-quinn',
	       'limited edition print, &pound;70',
	       0,
		490,
		 650);

INSERT INTO art_pricing(art, item_number, description, price)
	VALUES(LAST_INSERT_ID(), 'sg143', 'limited edition print', 70);



##-----------------------------------------------------------------------------------------




INSERT INTO art (artist, title, media, width, height, image, pricing_info, main_image, image_width, image_height)
	VALUES(131,
	       'she hulk',
	        'acrylic on canvas',
	       42,
	       59,
	       'she-hulk',
	       'limited edition print, &pound;70',
	       0,
		490,
		 650);

INSERT INTO art_pricing(art, item_number, description, price)
	VALUES(LAST_INSERT_ID(), 'sg144', 'limited edition print', 70);



##-----------------------------------------------------------------------------------------




INSERT INTO art (artist, title, media, width, height, image, pricing_info, main_image, image_width, image_height)
	VALUES(131,
	       'batwoman',
	        'acrylic on canvas',
	       42,
	       59,
	       'batwoman',
	       'limited edition print, &pound;70',
	       0,
		490,
		 650);

INSERT INTO art_pricing(art, item_number, description, price)
	VALUES(LAST_INSERT_ID(), 'sg145', 'limited edition print', 70);



##-----------------------------------------------------------------------------------------




INSERT INTO art (artist, title, media, width, height, image, pricing_info, main_image, image_width, image_height)
	VALUES(131,
	       'lamby road',
	       'acrylic on canvas',
	       42,
	       59,
	       'lamby-road',
	       'limited edition print, &pound;70',
	       0,
		490,
		 650);

INSERT INTO art_pricing(art, item_number, description, price)
	VALUES(LAST_INSERT_ID(), 'sg146', 'limited edition print', 70);



##-----------------------------------------------------------------------------------------


INSERT INTO art (artist, title, media, width, height, image, pricing_info, main_image, image_width, image_height)
	VALUES(131,
	       'lamby road',
	       'acrylic on canvas',
	       140,
	       100,
	       'lamby-road',
	       'original, &pound;675',
	       0,
		650,
		 419);

INSERT INTO art_pricing(art, item_number, description, price)
	VALUES(LAST_INSERT_ID(), 'sg147', 'original', 675);


##-----------------------------------------------------------------------------------------



INSERT INTO art (artist, title, media, width, height, image, pricing_info, main_image, image_width, image_height)
	VALUES(131,
	       'market pop',
	       'acrylic on canvas',
	       100,
	       140,
	       'market-pop',
	       'original, &pound;900',
	       0,
		451,
		 650);

INSERT INTO art_pricing(art, item_number, description, price)
	VALUES(LAST_INSERT_ID(), 'sg148', 'original', 900);


##-----------------------------------------------------------------------------------------




INSERT INTO art (artist, title, media, width, height, image, pricing_info, main_image, image_width, image_height)
	VALUES(131,
	       'market pop',
		 'acrylic on canvas',
	       42,
	       59,
	       'market-pop',
	       'limited edition print, &pound;70',
	       0,
		451,
		 650);

INSERT INTO art_pricing(art, item_number, description, price)
	VALUES(LAST_INSERT_ID(), 'sg149', 'limited edition print', 70);



##-----------------------------------------------------------------------------------------



INSERT INTO art (artist, title, media, width, height, image, pricing_info, main_image, image_width, image_height)
	VALUES(131,
	       'eighties child',
	       'acrylic on canvas',
	       75,
	       120,
	       'eighties-child',
	       'original, &pound;625',
	       0,
		451,
		 650);

INSERT INTO art_pricing(art, item_number, description, price)
	VALUES(LAST_INSERT_ID(), 'sg150', 'original', 625);


##-----------------------------------------------------------------------------------------




INSERT INTO art (artist, title, media, width, height, image, pricing_info, main_image, image_width, image_height)
	VALUES(131,
	       'eighties child',
	       'acrylic on canvas',
	       42,
	       59,
	       'eighties-child',
	       'limited edition print, &pound;70',
	       0,
		451,
		 650);

INSERT INTO art_pricing(art, item_number, description, price)
	VALUES(LAST_INSERT_ID(), 'sg151', 'limited edition print', 70);



##-----------------------------------------------------------------------------------------



INSERT INTO art (artist, title, media, width, height, image, pricing_info, main_image, image_width, image_height)
	VALUES(131,
	       'garden party',
	       'acrylic on canvas',
	       45,
	       60,
	       'garden-party',
	       'original, &pound;525',
	       1,
		424,
		 650);

INSERT INTO art_pricing(art, item_number, description, price)
	VALUES(LAST_INSERT_ID(), 'sg152', 'original', 525);


##-----------------------------------------------------------------------------------------




INSERT INTO art (artist, title, media, width, height, image, pricing_info, main_image, image_width, image_height)
	VALUES(131,
	       'garden party',
	       'acrylic on canvas',
	       42,
	       59,
	       'garden-party',
	       'limited edition print, &pound;70',
	       0,
		451,
		 650);

INSERT INTO art_pricing(art, item_number, description, price)
	VALUES(LAST_INSERT_ID(), 'sg153', 'limited edition print', 70);



##-----------------------------------------------------------------------------------------



INSERT INTO artist (id, name, statement, notes, display)
	VALUES(140, 'susan finch',
	'<p class="artist"> </p>

<p class="artist">Artist Susan Finch has been represented by dot-art since 2009. She studied Fine Art at Manchester Polytechnic and returned to her native Liverpool in the 1980s. She has exhibited at the Royal Academy, the Manchester Academy of Art and St Georges Hall. She has had a number of solo and joint shows and her paintings sell to private collectors and are rented to a variety of corporate clients in Liverpool.
 Much of Susan''s work celebrates the beauty and character of the city and she is especially  well known for her paintings of Sefton Park Palmhouse. Alongside her Liverpool pictures, she loves to paint the human figure using vibrant colour, broken text and expressive line.
</p>

<p class="artist"></p>

<p class="artist"></p>
<p class="artist"></p>',
               NULL,
	       1);

##-----------------------------------------------------------------------------------------

INSERT INTO art (artist, title, media, width, height, image, pricing_info, main_image, image_width, image_height)
	VALUES(140,
	       'liver bird love',
	     'mixed media',
	       23,
	       30,
	       'liver-bird-love',
	  'original, &pound;750',
	       0,
		499,
		 650);

INSERT INTO art_pricing(art, item_number, description, price)
	VALUES(LAST_INSERT_ID(), 'sf170', 'original', 750);
	
##-----------------------------------------------------------------------------------------

INSERT INTO art (artist, title, media, width, height, image, pricing_info, main_image, image_width, image_height)
	VALUES(140,
	       'a palm house soiree',
	     'mixed media on paper',
	       15,
	       23,
	       'palm-house-soiree',
	  'original, &pound;500',
	       0,
		426,
		 650);

INSERT INTO art_pricing(art, item_number, description, price)
	VALUES(LAST_INSERT_ID(), 'sf158', 'original', 500);
	
##-----------------------------------------------------------------------------------------



INSERT INTO art (artist, title, media, width, height, image, pricing_info, main_image, image_width, image_height)
	VALUES(140,
	       'the fashion show',
	     'mixed media on paper',
	       14,
	       23,
	       'the-fashion-show',
	  'original, &pound;500',
	       0,
		400,
		 650);

INSERT INTO art_pricing(art, item_number, description, price)
	VALUES(LAST_INSERT_ID(), 'sf159', 'original', 500);
	
##-----------------------------------------------------------------------------------------


INSERT INTO art (artist, title, media, width, height, image, pricing_info, main_image, image_width, image_height)
	VALUES(140,
	       'palm house madonna',
	     'mixed media on paper',
	       15,
	       23,
	       'palm-house-madonna',
	  'original, &pound;500',
	       0,
		420,
		 650);

INSERT INTO art_pricing(art, item_number, description, price)
	VALUES(LAST_INSERT_ID(), 'sf160', 'original', 500);
	
##-----------------------------------------------------------------------------------------


INSERT INTO art (artist, title, media, width, height, image, pricing_info, main_image, image_width, image_height)
	VALUES(140,
	       'the palm house poet',
	     'mixed media on paper',
	       18,
	       26,
	       'palm-house-poet',
	  'original, &pound;500',
	       0,
		449,
		 650);

INSERT INTO art_pricing(art, item_number, description, price)
	VALUES(LAST_INSERT_ID(), 'sf161', 'original', 500);
	
##-----------------------------------------------------------------------------------------
  

INSERT INTO art (artist, title, media, width, height, image, pricing_info, main_image, image_width, image_height)
	VALUES(140,
	       'palm house en vogue',
	     'mixed media on paper',
	       21,
	       28,
	       'en-vogue',
	  'original, &pound;500',
	       0,
		472,
		 650);

INSERT INTO art_pricing(art, item_number, description, price)
	VALUES(LAST_INSERT_ID(), 'sf157', 'original', 500);
	
##-----------------------------------------------------------------------------------------


INSERT INTO art (artist, title, media, width, height, image, pricing_info, main_image, image_width, image_height)
	VALUES(140,
	       'palm house a la mode',
	     'mixed media on paper',
	       23,
	       29,
	       'a-la-mode',
	  'original, &pound;500',
	       0,
		490,
		 650);

INSERT INTO art_pricing(art, item_number, description, price)
	VALUES(LAST_INSERT_ID(), 'sf156', 'original', 500);
	
##-----------------------------------------------------------------------------------------



INSERT INTO art (artist, title, media, width, height, image, pricing_info, main_image, image_width, image_height)
	VALUES(140,
	       'palm house couture',
	     'mixed media on paper',
	       23,
	       30,
	       'couture',
	  'original, &pound;500',
	       0,
		499,
		 650);

INSERT INTO art_pricing(art, item_number, description, price)
	VALUES(LAST_INSERT_ID(), 'sf155', 'original', 500);
	
##-----------------------------------------------------------------------------------------



INSERT INTO art (artist, title, media, width, height, image, pricing_info, main_image, image_width, image_height)
	VALUES(140,
	       'the moon, the stars and the palm house',
	     'mixed media on paper',
	       60,
	       42,
	       'moon-stars-palm',
	  'original, &pound;700',
	       0,
		650,
		 439);

INSERT INTO art_pricing(art, item_number, description, price)
	VALUES(LAST_INSERT_ID(), 'sf154', 'original', 700);

##-----------------------------------------------------------------------------------------



INSERT INTO art (artist, title, media, width, height, image, pricing_info, main_image, image_width, image_height)
	VALUES(140,
	       'spooky palm house',
	     'mixed media',
	       70,
	       50,
	       'spooky-palm-house',
	  'framed original, &pound;725',
	       1,
		650,
		 450);

INSERT INTO art_pricing(art, item_number, description, price)
	VALUES(LAST_INSERT_ID(), 'sf153', 'original', 725);

##-----------------------------------------------------------------------------------------



INSERT INTO art (artist, title, media, width, height, image, pricing_info, main_image, image_width, image_height)
	VALUES(140,
	       'taxi!',
	     'mixed media on paper',
	       58,
	       50,
	       'taxi',
	  'original, &pound;700',
	       0,
		650,
		 566);

INSERT INTO art_pricing(art, item_number, description, price)
	VALUES(LAST_INSERT_ID(), 'sf152', 'original', 700);


##-----------------------------------------------------------------------------------------



INSERT INTO art (artist, title, media, width, height, image, pricing_info, main_image, image_width, image_height)
	VALUES(140,
	       'ce soir',
	     'mixed media on paper',
	       84,
	       59,
	       'ce-soir',
	  'original, &pound;200',
	       0,
		650,
		 468);

INSERT INTO art_pricing(art, item_number, description, price)
	VALUES(LAST_INSERT_ID(), 'sf151', 'original', 200);


##-----------------------------------------------------------------------------------------




INSERT INTO art (artist, title, media, width, height, image, pricing_info, main_image, image_width, image_height)
	VALUES(140,
	       'nocturne',
	     'mixed media on paper',
	       92,
	       64,
	       'nocturne',
	       'original, &pound;420',
	       0,
		650,
		 452);

INSERT INTO art_pricing(art, item_number, description, price)
	VALUES(LAST_INSERT_ID(), 'sf136', 'original', 420);



##-----------------------------------------------------------------------------------------   


INSERT INTO art (artist, title, media, width, height, image, pricing_info, main_image, image_width, image_height)
	VALUES(140,
	       'rouge noir',
	     'mixed media on paper',
	       81,
	       71,
	       'rouge-noir',
	       'original, &pound;450',
	       0,
		650,
		 486);

INSERT INTO art_pricing(art, item_number, description, price)
	VALUES(LAST_INSERT_ID(), 'sf144', 'original', 450);



##-----------------------------------------------------------------------------------------



INSERT INTO art (artist, title, media, width, height, image, pricing_info, main_image, image_width, image_height)
	VALUES(140,
	       'la vie en rose',
	     'mixed media on paper',
	       76,
	       56,
	       'la-vie-en',
	  'original, &pound;350',
	       0,
		650,
		 474);

INSERT INTO art_pricing(art, item_number, description, price)
	VALUES(LAST_INSERT_ID(), 'sf149', 'original', 350);





##-----------------------------------------------------------------------------------------


INSERT INTO art (artist, title, media, width, height, image, pricing_info, main_image, image_width, image_height)
	VALUES(140,
	       'chanson d''amour',
	     'mixed media on paper',
	       76,
	       56,
	       'chanson-d-amour',
	  'original, &pound;350',
	       0,
		650,
		 468);

INSERT INTO art_pricing(art, item_number, description, price)
	VALUES(LAST_INSERT_ID(), 'sf150', 'original', 350);





##-----------------------------------------------------------------------------------------


INSERT INTO art (artist, title, media, width, height, image, pricing_info, main_image, image_width, image_height)
	VALUES(140,
	       'rose otto',
	     'mixed media on canvas',
	       40,
	       120,
	       'rose-otto',
	       'original, &pound;425',
	       0,
		211,
		 650);

INSERT INTO art_pricing(art, item_number, description, price)
	VALUES(LAST_INSERT_ID(), 'sf138', 'original', 425);



##-----------------------------------------------------------------------------------------  



INSERT INTO art (artist, title, media, width, height, image, pricing_info, main_image, image_width, image_height)
	VALUES(140,
	       'secret garden',
	     'mixed media on canvas',
	       80,
	       80,
	       'secret-garden',
	       'original, &pound;550',
	       0,
		646,
		 650);

INSERT INTO art_pricing(art, item_number, description, price)
	VALUES(LAST_INSERT_ID(), 'sf139', 'original', 550);



##-----------------------------------------------------------------------------------------  



INSERT INTO art (artist, title, media, width, height, image, pricing_info, main_image, image_width, image_height)
	VALUES(140,
	       'beating heart',
	     'mixed media on canvas',
	       100,
	       100,
	       'beating-heart',
	       'original, &pound;900',
	       0,
		650,
		 642);

INSERT INTO art_pricing(art, item_number, description, price)
	VALUES(LAST_INSERT_ID(), 'sf140', 'original', 900);



##-----------------------------------------------------------------------------------------

  

INSERT INTO art (artist, title, media, width, height, image, pricing_info, main_image, image_width, image_height)
	VALUES(140,
	       'heavy heart',
	     'mixed media on canvas',
	       100,
	       100,
	       'heavy-heart',
	       'original, &pound;900',
	       0,
		646,
		 650);

INSERT INTO art_pricing(art, item_number, description, price)
	VALUES(LAST_INSERT_ID(), 'sf141', 'original', 900);



##----------------------------------------------------------------------------------------- 

  

INSERT INTO art (artist, title, media, width, height, image, pricing_info, main_image, image_width, image_height)
	VALUES(140,
	       'cold cold heart',
	     'mixed media on canvas',
	       76,
	       76,
	       'cold-cold-heart',
	       'original, &pound;500',
	       0,
		650,
		 635);

INSERT INTO art_pricing(art, item_number, description, price)
	VALUES(LAST_INSERT_ID(), 'sf142', 'original', 500);



##----------------------------------------------------------------------------------------- 

  

INSERT INTO art (artist, title, media, width, height, image, pricing_info, main_image, image_width, image_height)
	VALUES(140,
	       'fragile heart',
	     'mixed media on canvas',
	       76,
	       76,
	       'fragile-heart',
	       'original, &pound;600',
	       0,
		650,
		 637);

INSERT INTO art_pricing(art, item_number, description, price)
	VALUES(LAST_INSERT_ID(), 'sf143', 'original', 600);



##-----------------------------------------------------------------------------------------

  

INSERT INTO art (artist, title, media, width, height, image, pricing_info, main_image, image_width, image_height)
	VALUES(140,
	       'palm house serenade',
	     'oil on canvas',
	       100,
	       100,
	       'palm-house-serenade',
	       'original, &pound;1200',
	       0,
		650,
		 650);

INSERT INTO art_pricing(art, item_number, description, price)
	VALUES(LAST_INSERT_ID(), 'sf147', 'original', 1200);



##-----------------------------------------------------------------------------------------




INSERT INTO art (artist, title, media, width, height, image, pricing_info, main_image, image_width, image_height)
	VALUES(140,
	       'liverpool la la',
	     'oil on canvas',
	       30,
	       40,
	       'liverpool-la-la',
	        'original, &pound;425',
	       0,
		503,
		 650);

INSERT INTO art_pricing(art, item_number, description, price)
	VALUES(LAST_INSERT_ID(), 'sf146', 'original', 425);



##-----------------------------------------------------------------------------------------



INSERT INTO art (artist, title, media, width, height, image, pricing_info, main_image, image_width, image_height)
	VALUES(140,
	       'palm house a l''orange',
	     'oil on canvas',
	       30,
	       24,
	       'palm-house-a',
	      	       'original, &pound;135',
	       0,
		650,
		 511);

INSERT INTO art_pricing(art, item_number, description, price)
	VALUES(LAST_INSERT_ID(), 'sf145', 'original', 135);



##-----------------------------------------------------------------------------------------

INSERT INTO art (artist, title, media, width, height, image, pricing_info, main_image, image_width, image_height)
	VALUES(140,
	       'liverbirds of paradise',
	     'oil on canvas',
	       50,
	       50,
	       'liverbird-of-paradise',
	       'original, &pound;500',
	       0,
		650,
		 650);

INSERT INTO art_pricing(art, item_number, description, price)
	VALUES(LAST_INSERT_ID(), 'sf143', 'original', 500);



##-----------------------------------------------------------------------------------------


INSERT INTO art (artist, title, media, width, height, image, pricing_info, main_image, image_width, image_height)
	VALUES(140,
	       'liver operetta',
	     'oil on canvas',
	       40,
	       30,
	       'live-operetta-3',
	       'original, &pound;400',
	       0,
		487,
		 650);

INSERT INTO art_pricing(art, item_number, description, price)
	VALUES(LAST_INSERT_ID(), 'sf136', 'original', 400);


##------------------------------------------------------------------------------------------



INSERT INTO art (artist, title, media, width, height, image, pricing_info, main_image, image_width, image_height)
	VALUES(140,
	       'arabesque',
	     'oil on canvas',
	       24,
	       30,
	       'arabesque-6',
	       'original, &pound;350',
	       0,
		525,
		 650);

INSERT INTO art_pricing(art, item_number, description, price)
	VALUES(LAST_INSERT_ID(), 'sf137', 'original', 350);


##------------------------------------------------------------------------------------------



INSERT INTO art (artist, title, media, width, height, image, pricing_info, main_image, image_width, image_height)
	VALUES(140,
	       'storm',
	     'oil on canvas',
	       24,
	       30,
	       'storm-3',
	       'original, &pound;250',
	       0,
		509,
		 650);

INSERT INTO art_pricing(art, item_number, description, price)
	VALUES(LAST_INSERT_ID(), 'sf138', 'original', 250);


##------------------------------------------------------------------------------------------



INSERT INTO art (artist, title, media, width, height, image, pricing_info, main_image, image_width, image_height)
	VALUES(140,
	       'hope',
	     'oil on canvas',
	       77,
	       77,
	       'hope-6',
	       'original, &pound;950',
	       0,
		650,
		 647);

INSERT INTO art_pricing(art, item_number, description, price)
	VALUES(LAST_INSERT_ID(), 'sf139', 'original', 950);


##------------------------------------------------------------------------------------------



INSERT INTO art (artist, title, media, width, height, image, pricing_info, main_image, image_width, image_height)
	VALUES(140,
	       'sea picture',
	     'oil on canvas',
	       30,
	       40,
	       'fish-in-4',
	       'original, &pound;300',
	       0,
		650,
		 489);

INSERT INTO art_pricing(art, item_number, description, price)
	VALUES(LAST_INSERT_ID(), 'sf140', 'original', 300);


##------------------------------------------------------------------------------------------



INSERT INTO art (artist, title, media, width, height, image, pricing_info, main_image, image_width, image_height)
	VALUES(140,
	       'chirpy palm house',
	     'oil on canvas',
	       18,
	       23,
	       'chirpy-palm-house',
	       'original, &pound;125',
	       0,
		494,
		 650);

INSERT INTO art_pricing(art, item_number, description, price)
	VALUES(LAST_INSERT_ID(), 'sf136', 'original', 125);



##-----------------------------------------------------------------------------------------




INSERT INTO art (artist, title, media, width, height, image, pricing_info, main_image, image_width, image_height)
	VALUES(140,
	       'palm house chinoise',
	     'oil on canvas',
	       23,
	       18,
	       'palm-house-chinoise',
	       'original, &pound;135',
 		 0,
		650,
		 483);

INSERT INTO art_pricing(art, item_number, description, price)
	VALUES(LAST_INSERT_ID(), 'sf138', 'original', 135);



##-----------------------------------------------------------------------------------------





INSERT INTO art (artist, title, media, width, height, image, pricing_info, main_image, image_width, image_height)
	VALUES(140,
	       'mystic palm house',
	     'oil on canvas',
	       50,
	       40,
	       'mystic-palm-house',
	       'original, &pound;475',
	       0,
		650,
		 524);

INSERT INTO art_pricing(art, item_number, description, price)
	VALUES(LAST_INSERT_ID(), 'sf139', 'original', 475);



##-----------------------------------------------------------------------------------------




INSERT INTO art (artist, title, media, width, height, image, pricing_info, main_image, image_width, image_height)
	VALUES(140,
	       'palm house rouge',
	     'oil on canvas',
	       100,
	       100,
	       'palm-house-rouge',
	      'original, &pound;900',
	       0,
		650,
		 650);


INSERT INTO art_pricing(art, item_number, description, price)
	VALUES(LAST_INSERT_ID(), 'sf149', 'original', 900);



##-----------------------------------------------------------------------------------------




INSERT INTO art (artist, title, media, width, height, image, pricing_info, main_image, image_width, image_height)
	VALUES(140,
	       'tiny palmhouse',
	     'oil on canvas',
	       25,
	       25,
	       'tiny-palm-house',
	       'original, &pound;125',
	       0,
		648,
		 650);

INSERT INTO art_pricing(art, item_number, description, price)
	VALUES(LAST_INSERT_ID(), 'sf144', 'original', 125);



##-----------------------------------------------------------------------------------------	




INSERT INTO art (artist, title, media, width, height, image, pricing_info, main_image, image_width, image_height)
	VALUES(140,
	       'heavenly palmhouse',
	     'oil on canvas',
	       62,
	       62,
	       'heavenly-palmhouse',
	       'original, &pound;495',
	       0,
		650,
		 642);

INSERT INTO art_pricing(art, item_number, description, price)
	VALUES(LAST_INSERT_ID(), 'sf145', 'original', 495);



##-----------------------------------------------------------------------------------------	




INSERT INTO art (artist, title, media, width, height, image, pricing_info, main_image, image_width, image_height)
	VALUES(140,
	       'adore',
	     'oil on canvas',
	       40,
	       60,
	       'adoration',
	       'original, &pound;600',
	       0,
		432,
		 650);

INSERT INTO art_pricing(art, item_number, description, price)
	VALUES(LAST_INSERT_ID(), 'sf146', 'original', 600);



##-----------------------------------------------------------------------------------------	



INSERT INTO art (artist, title, media, width, height, image, pricing_info, main_image, image_width, image_height)
	VALUES(140,
	       'amazing mersey',
	     'oil on canvas',
	       30,
	       23,
	       'amazing_mersey',
	       'original, &pound;250',
	       0,
		650,
		 514);

INSERT INTO art_pricing(art, item_number, description, price)
	VALUES(LAST_INSERT_ID(), 'sf137', 'original', 250);



##-----------------------------------------------------------------------------------------



INSERT INTO art (artist, title, media, width, height, image, pricing_info, main_image, image_width, image_height)
	VALUES(140,
	       'treasures of the mersey',
	     'oil on canvas',
	       50,
	       40,
	       'treasures_of_the',
	   	 'original, &pound;600',
	       0,
		650,
		 516);

INSERT INTO art_pricing(art, item_number, description, price)
	VALUES(LAST_INSERT_ID(), 'sf150', 'original', 600);




##-----------------------------------------------------------------------------------------



INSERT INTO art (artist, title, media, width, height, image, pricing_info, main_image, image_width, image_height)
	VALUES(140,
	       'palm house paradise',
	     'oil on canvas',
	       30,
	       30,
	       'palm_house_paradise',
	       'original, &pound;300',
	       0,
		647,
		 650);

INSERT INTO art_pricing(art, item_number, description, price)
	VALUES(LAST_INSERT_ID(), 'sf140', 'original', 300);





##-----------------------------------------------------------------------------------------




INSERT INTO art (artist, title, media, width, height, image, pricing_info, main_image, image_width, image_height)
	VALUES(140,
	       'electric blue',
	     'oil on canvas',
	       50,
	       50,
	       'electric-blue',
	       'original, &pound;600',
	       0,
		650,
		 640);

INSERT INTO art_pricing(art, item_number, description, price)
	VALUES(LAST_INSERT_ID(), 'sf142', 'original', 600);



##-----------------------------------------------------------------------------------------




INSERT INTO art (artist, title, media, width, height, image, pricing_info, main_image, image_width, image_height)
	VALUES(140,
	       'rose dore',
	     'oil on canvas',
	       30,
	       40,
	       'rose-dore',
	       'original, &pound;380',
	       0,
		650,
		 472);

INSERT INTO art_pricing(art, item_number, description, price)
	VALUES(LAST_INSERT_ID(), 'sf143', 'original', 380);



##-----------------------------------------------------------------------------------------	


INSERT INTO art (artist, title, media, width, height, image, pricing_info, main_image, image_width, image_height)
	VALUES(140,
	       'little comet',
	     'oil on canvas',
	       15,
	       15,
	       'little_comet',
	       'commission example',
	       0,
		650,
		 648);



##-----------------------------------------------------------------------------------------




INSERT INTO art (artist, title, media, width, height, image, pricing_info, main_image, image_width, image_height)
	VALUES(140,
	       'spaceman',
	     'oil on canvas',
	       24,
	       18,
	       'spaceman',
	       'original, &pound;160',
	       0,
		650,
		 492);

INSERT INTO art_pricing(art, item_number, description, price)
	VALUES(LAST_INSERT_ID(), 'sf123', 'original', 160);



##-----------------------------------------------------------------------------------------
	




INSERT INTO art (artist, title, media, width, height, image, pricing_info, main_image, image_width, image_height)
	VALUES(140,
	       'miracle on hope street',
	     'oil on canvas',
	       24,
	       30,
	       'hope_street_miracle',
	       'commission example',
	       0,
		556,
		 650);



##-----------------------------------------------------------------------------------------





INSERT INTO art (artist, title, media, width, height, image, pricing_info, main_image, image_width, image_height)
	VALUES(140,
	       'christmas eve on the mersey',
	     'oil on canvas',
	       24,
	       18,
	       'christmas_eve_on',
	       'original, &pound;250',
	       0,
		650,
		 482);

INSERT INTO art_pricing(art, item_number, description, price)
	VALUES(LAST_INSERT_ID(), 'sf126', 'original', 250);



##-----------------------------------------------------------------------------------------
	





INSERT INTO art (artist, title, media, width, height, image, pricing_info, main_image, image_width, image_height)
	VALUES(140,
	       'shine on',
	     'oil on canvas',
	       60,
	       60,
	       'shine_on',
	       'original, &pound;1000',
	       0,
		644,
		 650);

INSERT INTO art_pricing(art, item_number, description, price)
	VALUES(LAST_INSERT_ID(), 'sf127', 'original', 1000);



##-----------------------------------------------------------------------------------------
	





INSERT INTO art (artist, title, media, width, height, image, pricing_info, main_image, image_width, image_height)
	VALUES(140,
	       'mr big',
	     'oil on canvas',
	       50,
	       40,
	       'mr_big',
	       'original, &pound;600',
	       0,
		650,
		 522);

INSERT INTO art_pricing(art, item_number, description, price)
	VALUES(LAST_INSERT_ID(), 'sf116', 'original', 600);



##-----------------------------------------------------------------------------------------



INSERT INTO art (artist, title, media, width, height, image, pricing_info, main_image, image_width, image_height)
	VALUES(140,
	       'little horses',
	     'oil on canvas',
	       60,
	       50,
	       'little_horses',
	       'original, &pound;600',
	       0,
		650,
		 513);

INSERT INTO art_pricing(art, item_number, description, price)
	VALUES(LAST_INSERT_ID(), 'sf131', 'original', 600);



##-----------------------------------------------------------------------------------------


INSERT INTO art (artist, title, media, width, height, image, pricing_info, main_image, image_width, image_height)
	VALUES(140,
	       'we love sefton park',
	     'oil on canvas',
	       39,
	       29,
	       'we_love_sefton',
	       'commission example',
	       0,
		650,
		 489);




##-----------------------------------------------------------------------------------------
	





INSERT INTO art (artist, title, media, width, height, image, pricing_info, main_image, image_width, image_height)
	VALUES(140,
	       'isle of skye',
	     'oil on canvas',
	       24,
	       18,
	       'isle_of_skye',
	       'original, &pound;160',
	       0,
		650,
		 485);

INSERT INTO art_pricing(art, item_number, description, price)
	VALUES(LAST_INSERT_ID(), 'sf120', 'original', 160);



##-----------------------------------------------------------------------------------------





INSERT INTO art (artist, title, media, width, height, image, pricing_info, main_image, image_width, image_height)
	VALUES(140,
	       'a scottish glen',
	     'oil on canvas',
	       24,
	       18,
	       'a_scottish_glen',
	    'commission example',
	       0,
		650,
		 485);



##-----------------------------------------------------------------------------------------




INSERT INTO art (artist, title, media, width, height, image, pricing_info, main_image, image_width, image_height)
	VALUES(140,
	       'vision of skye',
	     'oil on canvas',
	       102,
	       41,
	       'vision_of_skye',
	       'original, &pound;600',
	       0,
		650,
		 255);

INSERT INTO art_pricing(art, item_number, description, price)
	VALUES(LAST_INSERT_ID(), 'sf121', 'original', 600);



##-----------------------------------------------------------------------------------------




INSERT INTO art (artist, title, media, width, height, image, pricing_info, main_image, image_width, image_height)
	VALUES(140,
	       'the edge of the loch',
	     'oil on canvas',
	      'commission example',
	       18,
	       'the_edge_of',
	       'commission example',
	       0,
		540,
		 650);

##-----------------------------------------------------------------------------------------



INSERT INTO art (artist, title, media, width, height, image, pricing_info, main_image, image_width, image_height)
	VALUES(140,
	       'the palmhouse in winter',
	     'oil on canvas',
	       30,
	       40,
	       'the_palmhouse_winter',
	       'original, &pound;200',
	       0,
		484,
		 650);

INSERT INTO art_pricing(art, item_number, description, price)
	VALUES(LAST_INSERT_ID(), 'sf130', 'original', 200);



##-----------------------------------------------------------------------------------------
	



INSERT INTO art (artist, title, media, width, height, image, pricing_info, main_image, image_width, image_height)
	VALUES(140,
	       'john reflected',
	     'oil on canvas',
	       80,
	       30,
	       'john_reflected',
	       'original, &pound;900',
	       0,
		650,
		 250);


INSERT INTO art_pricing(art, item_number, description, price)
	VALUES(LAST_INSERT_ID(), 'sf132', 'original', 900);


##-----------------------------------------------------------------------------------------
		

INSERT INTO art (artist, title, media, width, height, image, pricing_info, main_image, image_width, image_height)
	VALUES(140,
	       'liverpool echoes',
	       'oil on canvas',
	       100,
	       50,
	       'liverpool_echoes',
	       'original, &pound;1050',
	       0,
		650,
		 324);

INSERT INTO art_pricing(art, item_number, description, price)
	VALUES(LAST_INSERT_ID(), 'sf101', 'original', 1050);



##-----------------------------------------------------------------------------------------

INSERT INTO art (artist, title, media, width, height, image, pricing_info, main_image, image_width, image_height)
	VALUES(140,
	       'beatles explosion',
	        'oil on canvas',
	       122,
	       91,
	       'beatles_explosion',
	       'commission example',
	       0,
		650,
		 486);



##-----------------------------------------------------------------------------------------

INSERT INTO art (artist, title, media, width, height, image, pricing_info, main_image, image_width, image_height)
	VALUES(140,
	       'the story of john',
	      'oil on canvas',
	       100,
	       50,
	       'the_story_of',
	       'original, &pound;1050',
	       0,
		324,
		 650);

INSERT INTO art_pricing(art, item_number, description, price)
	VALUES(LAST_INSERT_ID(), 'sf103', 'original', 1050);



##-----------------------------------------------------------------------------------------

INSERT INTO art (artist, title, media, width, height, image, pricing_info, main_image, image_width, image_height)
	VALUES(140,
	       'i remember',
	       'oil on canvas',
	       100,
	       100,
	       'i_remember',
	       'original, &pound;1200',
	       0,
		641,
		 650);

INSERT INTO art_pricing(art, item_number, description, price)
	VALUES(LAST_INSERT_ID(), 'sf104', 'original', 1200);



##-----------------------------------------------------------------------------------------

INSERT INTO art (artist, title, media, width, height, image, pricing_info, main_image, image_width, image_height)
	VALUES(140,
	       'scarlet gentleman',
	      'oil on canvas',
	       61,
	       92,
	       'scarlet_gentleman',
	       'original, &pound;750',
	       0,
		430,
		 650);

INSERT INTO art_pricing(art, item_number, description, price)
	VALUES(LAST_INSERT_ID(), 'sf107', 'original', 750);



##-----------------------------------------------------------------------------------------

INSERT INTO art (artist, title, media, width, height, image, pricing_info, main_image, image_width, image_height)
	VALUES(140,
	       'narcissus',
	      'oil on canvas',
	       50,
	       70,
	       'narcissus',
	       'original, &pound;350',
	       0,
		467,
		 650);

INSERT INTO art_pricing(art, item_number, description, price)
	VALUES(LAST_INSERT_ID(), 'sf109', 'original', 350);



##-----------------------------------------------------------------------------------------



INSERT INTO art (artist, title, media, width, height, image, pricing_info, main_image, image_width, image_height)
	VALUES(140,
	       'small colossus',
	      'oil on canvas',
	       70,
	       70,
	       'small_colossus',
	       'original, &pound;840',
	       0,
		650,
		 642);

INSERT INTO art_pricing(art, item_number, description, price)
	VALUES(LAST_INSERT_ID(), 'sf112', 'original', 840);



##-----------------------------------------------------------------------------------------




INSERT INTO art (artist, title, media, width, height, image, pricing_info, main_image, image_width, image_height)
	VALUES(140,
	       'a moment on the mersey',
	     'oil on canvas',
	       100,
	       40,
	       'a_moment_on',
	       'commission example',
	       0,
		650,
		 244);




##-----------------------------------------------------------------------------------------




INSERT INTO art (artist, title, media, width, height, image, pricing_info, main_image, image_width, image_height)
	VALUES(140,
	       'a mersey sunset',
	     'oil on canvas',
	       76,
	       51,
	       'mersey_sunset',
	       'commission example',
	       0,
		650,
		 395);




##-----------------------------------------------------------------------------------------





INSERT INTO art (artist, title, media, width, height, image, pricing_info, main_image, image_width, image_height)
	VALUES(140,
	       'miraculous mersey',
	     'oil on canvas',
	       123,
	       62,
	       'miraculous-mersey',
	   	       'original, &pound;1200',
	       0,
		650,
		 323);

INSERT INTO art_pricing(art, item_number, description, price)
	VALUES(LAST_INSERT_ID(), 'sf151', 'original', 1200);






##-----------------------------------------------------------------------------------------




INSERT INTO art (artist, title, media, width, height, image, pricing_info, main_image, image_width, image_height)
	VALUES(140,
	       'hiya shanghai!',
	     'oil on canvas',
	       61,
	       123,
	       'hiya_shanghai',
	       'original, &pound;1500',
	       0,
		318,
		 650);

INSERT INTO art_pricing(art, item_number, description, price)
	VALUES(LAST_INSERT_ID(), 'sf121', 'original', 1500);



##-----------------------------------------------------------------------------------------




INSERT INTO art (artist, title, media, width, height, image, pricing_info, main_image, image_width, image_height)
	VALUES(140,
	       'john of the china seas',
	     'oil on canvas',
	       75,
	       101,
	       'john_of_the',
	       'original, &pound;1900',
	       0,
		489,
		 650);

INSERT INTO art_pricing(art, item_number, description, price)
	VALUES(LAST_INSERT_ID(), 'sf122', 'original', 1900);



##-----------------------------------------------------------------------------------------


	


INSERT INTO art (artist, title, media, width, height, image, pricing_info, main_image, image_width, image_height)
	VALUES(140,
	       'magical mersey',
	     'oil on canvas',
	       50,
	       40,
	       'magical_mersey',
	  	     'original, &pound;475',
	       0,
		650,
		 511);

INSERT INTO art_pricing(art, item_number, description, price)
	VALUES(LAST_INSERT_ID(), 'sf152', 'original', 475);




##-----------------------------------------------------------------------------------------



INSERT INTO art (artist, title, media, width, height, image, pricing_info, main_image, image_width, image_height)
	VALUES(140,
	       'studio',
	     'oil on canvas',
	       102,
	       102,
	       'studio',
	       'original, &pound;695',
	       0,
		649,
		 650);

INSERT INTO art_pricing(art, item_number, description, price)
	VALUES(LAST_INSERT_ID(), 'sf124', 'original', 695);



##-----------------------------------------------------------------------------------------



INSERT INTO art (artist, title, media, width, height, image, pricing_info, main_image, image_width, image_height)
	VALUES(140,
	       'still life with snoozing cat',
	     'oil on canvas',
	       76,
	       76,
	       'still_life_with',
	       'original, &pound;795',
	       0,
		650,
		 552);

INSERT INTO art_pricing(art, item_number, description, price)
	VALUES(LAST_INSERT_ID(), 'sf126', 'original', 795);



##-----------------------------------------------------------------------------------------




INSERT INTO art (artist, title, media, width, height, image, pricing_info, main_image, image_width, image_height)
	VALUES(140,
	       'a quiet weekend',
	     'oil on canvas',
	       76,
	       76,
	       'a_quiet_weekend',
	       'original, &pound;595',
	       0,
		649,
		 650);

INSERT INTO art_pricing(art, item_number, description, price)
	VALUES(LAST_INSERT_ID(), 'sf127', 'original', 595);



##-----------------------------------------------------------------------------------------



INSERT INTO art (artist, title, media, width, height, image, pricing_info, main_image, image_width, image_height)
	VALUES(140,
	       'a wonderful evening',
	     'oil on canvas',
	       70,
	       50,
	       'a_wonderful_evening',
	       'original, &pound;475',
	       0,
		650,
		 451);

INSERT INTO art_pricing(art, item_number, description, price)
	VALUES(LAST_INSERT_ID(), 'sf133', 'original', 475);



##-----------------------------------------------------------------------------------------



INSERT INTO art (artist, title, media, width, height, image, pricing_info, main_image, image_width, image_height)
	VALUES(140,
	       'kitchen sink drama',
	     'oil on canvas',
	       76,
	       76,
	       'kitchen_sink_drama',
	       'original, &pound;595',
	       0,
		640,
		 650);

INSERT INTO art_pricing(art, item_number, description, price)
	VALUES(LAST_INSERT_ID(), 'sf134', 'original', 595);



##-----------------------------------------------------------------------------------------



INSERT INTO art (artist, title, media, width, height, image, pricing_info, main_image, image_width, image_height)
	VALUES(140,
	       'an important call',
	     'oil on canvas',
	       42,
	       51,
	       'an_important _call',
	       'original, &pound;350',
	       0,
		527,
		 650);

INSERT INTO art_pricing(art, item_number, description, price)
	VALUES(LAST_INSERT_ID(), 'sf135', 'original', 350);



##----------------------------------------------------------------------------------------- 




INSERT INTO artist (id, name, statement, notes, display)
	VALUES(149, 'frank linnett',
	
'<p class="artist"></p>

<p class="artist">Frank is a well established Liverpool based artist, who has been exhibiting regionally and nationally for over 25 years.</p>

<p class="artist">The artist says the following about his work:</p>

<p class="artist">"Working on the premise that all things are useful when decanting influences into a visual form, allows me to exploit a variety of disparate subject matter for my own ends. It is important that there are visible references to real things in my painting even if they in themselves do not reflect a definite reality. Everything goes into the mix and is made visible on the canvas. Hence there are references to historical events and hints at social comment and contemporary issues; straightforward studies from the everyday and of imaginary landscapes.  Each of these is a response to what has happened or is happening and can be linked on a subconscious level to the need to react to an impulse."</p>
<p class="artist">
</p>',
               NULL,
	       1);

##-----------------------------------------------------------------------------------------

INSERT INTO art (artist, title, media, width, height, image, pricing_info, main_image, image_width, image_height)
	VALUES(149,
	       'empire builder',
	       'mixed media on canvas',
	        122,
	        122,
	       'empire-builder',
	       'original, &pound;950',
	       1,
		640,
		 650);

INSERT INTO art_pricing(art, item_number, description, price)
	VALUES(LAST_INSERT_ID(), 'fl171', 'original', 950);

##-----------------------------------------------------------------------------------------


INSERT INTO art (artist, title, media, width, height, image, pricing_info, main_image, image_width, image_height)
	VALUES(149,
	       'the old guard',
	       'oil on board',
	        122,
	        92,
	       'the-old-guard',
	       'original, &pound;650',
	       0,
		490,
		 650);

INSERT INTO art_pricing(art, item_number, description, price)
	VALUES(LAST_INSERT_ID(), 'fl172', 'original', 650);

##-----------------------------------------------------------------------------------------

INSERT INTO art (artist, title, media, width, height, image, pricing_info, main_image, image_width, image_height)
	VALUES(149,
	       'dreams of morpheus',
	       'oil on canvas',
	        105,
	        105,
	       'the-dreams-of',
	       'original, &pound;650',
	       0,
		636,
		 650);

INSERT INTO art_pricing(art, item_number, description, price)
	VALUES(LAST_INSERT_ID(), 'fl169', 'original', 650);



##-----------------------------------------------------------------------------------------




INSERT INTO art (artist, title, media, width, height, image, pricing_info, main_image, image_width, image_height)
	VALUES(149,
	       'charles I in a red hat',
	       'oil on board',
	        17,
	        17,
	       'charles-1-in',
	       'original, &pound;195',
	       0,
		650,
		 647);

INSERT INTO art_pricing(art, item_number, description, price)
	VALUES(LAST_INSERT_ID(), 'fl166', 'original', 195);



##-----------------------------------------------------------------------------------------


INSERT INTO art (artist, title, media, width, height, image, pricing_info, main_image, image_width, image_height)
	VALUES(149,
	       'empire builder I',
	       'oil on board',
	        17,
	        17,
	       'empire-builder-1',
	       'original, &pound;195',
	       0,
		635,
		 650);

INSERT INTO art_pricing(art, item_number, description, price)
	VALUES(LAST_INSERT_ID(), 'fl167', 'original', 195);



##-----------------------------------------------------------------------------------------


INSERT INTO art (artist, title, media, width, height, image, pricing_info, main_image, image_width, image_height)
	VALUES(149,
	       'empire builder II',
	       'oil on board',
	        17,
	        17,
	       'empire-builder-2',
	       'original, &pound;195',
	       0,
		635,
		 650);

INSERT INTO art_pricing(art, item_number, description, price)
	VALUES(LAST_INSERT_ID(), 'fl168', 'original', 195);



##-----------------------------------------------------------------------------------------


INSERT INTO art (artist, title, media, width, height, image, pricing_info, main_image, image_width, image_height)
	VALUES(149,
	       'travelling in ancient lands',
	       'oil on canvas',
	        92,
	        92,
	       'travelling-in-ancient',
	       'original, &pound;450',
	       0,
		650,
		 650);

INSERT INTO art_pricing(art, item_number, description, price)
	VALUES(LAST_INSERT_ID(), 'fl157', 'original', 450);



##-----------------------------------------------------------------------------------------



INSERT INTO art (artist, title, media, width, height, image, pricing_info, main_image, image_width, image_height)
	VALUES(149,
	       'pale horse landscape',
	       'oil on canvas',
	        92,
	        92,
	       'pale-horse-landscape',
	       'original, &pound;450',
	       0,
		650,
		 649);

INSERT INTO art_pricing(art, item_number, description, price)
	VALUES(LAST_INSERT_ID(), 'fl155', 'original', 450);



##-----------------------------------------------------------------------------------------



INSERT INTO art (artist, title, media, width, height, image, pricing_info, main_image, image_width, image_height)
	VALUES(149,
	       'treeline',
	       'oil on canvas',
	        92,
	        92,
	       'treeline',
	       'original, &pound;450',
	       0,
		650,
		 649);

INSERT INTO art_pricing(art, item_number, description, price)
	VALUES(LAST_INSERT_ID(), 'fl160', 'original', 450);



##-----------------------------------------------------------------------------------------



INSERT INTO art (artist, title, media, width, height, image, pricing_info, main_image, image_width, image_height)
	VALUES(149,
	       'menhir',
	       'oil on paper',
	        50,
	        35,
	       'menhir',
	       'original, &pound;175',
	       0,
		477,
		 650);

INSERT INTO art_pricing(art, item_number, description, price)
	VALUES(LAST_INSERT_ID(), 'fl153', 'original', 175);



##-----------------------------------------------------------------------------------------

INSERT INTO art (artist, title, media, width, height, image, pricing_info, main_image, image_width, image_height)
	VALUES(149,
	       'red bridge',
	       'oil on paper',
	        50,
	        35,
	       'red-bridge',
	       'original, &pound;175',
	       0,
		416,
		 650);

INSERT INTO art_pricing(art, item_number, description, price)
	VALUES(LAST_INSERT_ID(), 'fl156', 'original', 175);



##-----------------------------------------------------------------------------------------

INSERT INTO art (artist, title, media, width, height, image, pricing_info, main_image, image_width, image_height)
	VALUES(149,
	       'black tree',
	       'oil on paper',
	        70,
	        20,
	       'black-tree',
	       'original, &pound;200',
	       0,
		449,
		 650);

INSERT INTO art_pricing(art, item_number, description, price)
	VALUES(LAST_INSERT_ID(), 'fl152', 'original', 200);



##---------------------------------------------------------------------------------------


INSERT INTO art (artist, title, media, width, height, image, pricing_info, main_image, image_width, image_height)
	VALUES(149,
	       'odyssey',
	       'oil on paper',
	        80,
	        22,
	       'odyssey',
	       'original, &pound;200',
	       0,
		445,
		 650);

INSERT INTO art_pricing(art, item_number, description, price)
	VALUES(LAST_INSERT_ID(), 'fl154', 'original', 200);



##-----------------------------------------------------------------------------------------



INSERT INTO art (artist, title, media, width, height, image, pricing_info, main_image, image_width, image_height)
	VALUES(149,
	       'weight of ages 2',
	       'oil on paper',
	        89,
	        63,
	       'weight-of-2',
	       'original, &pound;200',
	       0,
		455,
		 650);

INSERT INTO art_pricing(art, item_number, description, price)
	VALUES(LAST_INSERT_ID(), 'fl158', 'original', 200);



##-----------------------------------------------------------------------------------------

INSERT INTO art (artist, title, media, width, height, image, pricing_info, main_image, image_width, image_height)
	VALUES(149,
	       'weight of ages 1',
	       'oil on paper',
	        80,
	        56,
	       'weight-of-1',
	       'original, &pound;200',
	       0,
		436,
		 650);

INSERT INTO art_pricing(art, item_number, description, price)
	VALUES(LAST_INSERT_ID(), 'fl159', 'original', 200);



##-----------------------------------------------------------------------------------------




INSERT INTO art (artist, title, media, width, height, image, pricing_info, main_image, image_width, image_height)
	VALUES(149,
	       'pasiphaes dream',
	       'oilbar on paper',
	        46,
	        64,
	       'pasiphaes-dream',
	       'original, &pound;200',
	       0,
		471,
		 650);

INSERT INTO art_pricing(art, item_number, description, price)
	VALUES(LAST_INSERT_ID(), 'fl161', 'original', 200);



##-----------------------------------------------------------------------------------------




INSERT INTO art (artist, title, media, width, height, image, pricing_info, main_image, image_width, image_height)
	VALUES(149,
	       'pathfinder',
	       'oilbar on paper',
	        46,
	        64,
	       'pathfinder',
	       'original, &pound;200',
	       0,
		495,
		 650);

INSERT INTO art_pricing(art, item_number, description, price)
	VALUES(LAST_INSERT_ID(), 'fl162', 'original', 200);



##-----------------------------------------------------------------------------------------




INSERT INTO art (artist, title, media, width, height, image, pricing_info, main_image, image_width, image_height)
	VALUES(149,
	       'diana and actaeon',
	       'oilbar on paper',
	        46,
	        64,
	       'diana-and-actaeon',
	       'original, &pound;200',
	       0,
		456,
		 650);

INSERT INTO art_pricing(art, item_number, description, price)
	VALUES(LAST_INSERT_ID(), 'fl162', 'original', 200);



##-----------------------------------------------------------------------------------------




INSERT INTO art (artist, title, media, width, height, image, pricing_info, main_image, image_width, image_height)
	VALUES(149,
	       'lair',
	       'oilbar on paper',
	        46,
	        64,
	       'lair',
	       'original, &pound;200',
	       0,
		467,
		 650);

INSERT INTO art_pricing(art, item_number, description, price)
	VALUES(LAST_INSERT_ID(), 'fl163', 'original', 200);



##-----------------------------------------------------------------------------------------

INSERT INTO art (artist, title, media, width, height, image, pricing_info, main_image, image_width, image_height)
	VALUES(149,
	       'banquet suite',
	       'oil on canvas',
	        125,
	        90,
	       'banquet-suite',
	       'original, &pound;1400',
	       0,
		650,
		 244);

INSERT INTO art_pricing(art, item_number, description, price)
	VALUES(LAST_INSERT_ID(), 'fl152', 'original',1400);



##-----------------------------------------------------------------------------------------



INSERT INTO art (artist, title, media, width, height, image, pricing_info, main_image, image_width, image_height)
	VALUES(149,
	       'falling angel',
	       'oil on canvas',
	        120,
	        70,
	       'falling-angel',
	       'original, &pound;650',
	       0,
		412,
		 650);

INSERT INTO art_pricing(art, item_number, description, price)
	VALUES(LAST_INSERT_ID(), 'fl153', 'original',650);



##-----------------------------------------------------------------------------------------



INSERT INTO art (artist, title, media, width, height, image, pricing_info, main_image, image_width, image_height)
	VALUES(149,
	       'vile herd',
	       'oil on canvas',
	        186,
	        126,
	       'vile-herd',
	       'original, &pound;950',
	       0,
		524,
		 650);

INSERT INTO art_pricing(art, item_number, description, price)
	VALUES(LAST_INSERT_ID(), 'fl154', 'original',950);



##-----------------------------------------------------------------------------------------



INSERT INTO art (artist, title, media, width, height, image, pricing_info, main_image, image_width, image_height)
	VALUES(149,
	       'throne',
	       'mixed media on canvas',
	        186,
	        126,
	       'throne',
	       'original, &pound;850',
	       0,
		446,
		 650);

INSERT INTO art_pricing(art, item_number, description, price)
	VALUES(LAST_INSERT_ID(), 'fl155', 'original',850);



##-----------------------------------------------------------------------------------------


INSERT INTO art (artist, title, media, width, height, image, pricing_info, main_image, image_width, image_height)
	VALUES(149,
	       'a death foretold- after raphael and garcia marques)',
	       'oil on canvas',
	        30,
	        20,
	       'a_death_foretold',
	       'original, &pound;95',
	       0,
		650,
		 256);

INSERT INTO art_pricing(art, item_number, description, price)
	VALUES(LAST_INSERT_ID(), 'fl104', 'original', 95);



##-----------------------------------------------------------------------------------------



INSERT INTO art (artist, title, media, width, height, image, pricing_info, main_image, image_width, image_height)
	VALUES(149,
	       'last cavalry charge of the 20th century',
	       'oil on canvas',
	        107,
	        107,
	       'last_cavalry_charge',
	       'original, &pound;450',
	       0,
		650,
		 568);

INSERT INTO art_pricing(art, item_number, description, price)
	VALUES(LAST_INSERT_ID(), 'fl111', 'original', 450);



##-----------------------------------------------------------------------------------------




INSERT INTO art (artist, title, media, width, height, image, pricing_info, main_image, image_width, image_height)
	VALUES(149,
	       'latitude 76 degrees 50 minutes south longitude 34 degrees 58 minutes north 14 feb 1915',
	       'oil on canvas',
	        120,
	        110,
	       'latitude_76_degrees',
	      'commission example',
	       0,
		650,
		 607);



##-----------------------------------------------------------------------------------------




INSERT INTO art (artist, title, media, width, height, image, pricing_info, main_image, image_width, image_height)
	VALUES(149,
	       'le grand theatre du monde I',
	       'oil on canvas',
	        60,
	        30,
	       'le_grand_theatre_I',
	       'original, &pound;275',
	       0,
		650,
		 316);

INSERT INTO art_pricing(art, item_number, description, price)
	VALUES(LAST_INSERT_ID(), 'fl113', 'original', 275);



##-----------------------------------------------------------------------------------------




INSERT INTO art (artist, title, media, width, height, image, pricing_info, main_image, image_width, image_height)
	VALUES(149,
	       'le grand theatre du monde II',
	       'oil on canvas',
	        60,
	        30,
	       'le_grand_theatre_II',
	       'original, &pound;275',
	       0,
		650,
		 321);

INSERT INTO art_pricing(art, item_number, description, price)
	VALUES(LAST_INSERT_ID(), 'fl114', 'original', 275);



##-----------------------------------------------------------------------------------------




INSERT INTO art (artist, title, media, width, height, image, pricing_info, main_image, image_width, image_height)
	VALUES(149,
	       'le grand theatre du monde III',
	       'oil on canvas',
	        60,
	        30,
	       'le_grand_theatre_III',
	       'original, &pound;275',
	       0,
		650,
		 315);

INSERT INTO art_pricing(art, item_number, description, price)
	VALUES(LAST_INSERT_ID(), 'fl115', 'original', 275);



##-----------------------------------------------------------------------------------------




INSERT INTO art (artist, title, media, width, height, image, pricing_info, main_image, image_width, image_height)
	VALUES(149,
	       'life, death and mumbo jumbo',
	       'oil on canvas',
	        165,
	        75,
	       'life_death_and',
	       'original, &pound;390',
	       0,
		650,
		 306);

INSERT INTO art_pricing(art, item_number, description, price)
	VALUES(LAST_INSERT_ID(), 'fl116', 'original', 390);



##-----------------------------------------------------------------------------------------





INSERT INTO art (artist, title, media, width, height, image, pricing_info, main_image, image_width, image_height)
	VALUES(149,
	       'mask',
	       'oil on canvas',
	        165,
	        75,
	       'mask',
	       'original, &pound;390',
	       0,
		650,
		 308);

INSERT INTO art_pricing(art, item_number, description, price)
	VALUES(LAST_INSERT_ID(), 'fl117', 'original', 390);



##-----------------------------------------------------------------------------------------




INSERT INTO art (artist, title, media, width, height, image, pricing_info, main_image, image_width, image_height)
	VALUES(149,
	       'screamers',
	       'oil on canvas',
	        165,
	        75,
	       'screamers',
	       'original, &pound;390',
	       0,
		650,
		 299);

INSERT INTO art_pricing(art, item_number, description, price)
	VALUES(LAST_INSERT_ID(), 'fl118', 'original', 390);



##-----------------------------------------------------------------------------------------




INSERT INTO art (artist, title, media, width, height, image, pricing_info, main_image, image_width, image_height)
	VALUES(149,
	       'three studies for a self portrait',
	       'oil on canvas',
	        165,
	        75,
	       'three_studies_for',
	       'original, &pound;390',
	       0,
		650,
		 302);

INSERT INTO art_pricing(art, item_number, description, price)
	VALUES(LAST_INSERT_ID(), 'fl119', 'original', 390);



##-----------------------------------------------------------------------------------------





INSERT INTO art (artist, title, media, width, height, image, pricing_info, main_image, image_width, image_height)
	VALUES(149,
	       'chins atomic bike hiroshima 1945',
	       'oil on canvas',
	        125,
	        125,
	       'chins_atomic_bike',
	       'original, &pound;850',
	       0,
		640,
		 650);

INSERT INTO art_pricing(art, item_number, description, price)
	VALUES(LAST_INSERT_ID(), 'fl152', 'original', 850);



##-----------------------------------------------------------------------------------------




INSERT INTO art (artist, title, media, width, height, image, pricing_info, main_image, image_width, image_height)
	VALUES(149,
	       'on the beach (massacre at chungking 1941)',
	       'oil on canvas',
	        122,
	        122,
	       'on _the_beach',
	       'original, &pound;550',
	       0,
		650,
		 650);

INSERT INTO art_pricing(art, item_number, description, price)
	VALUES(LAST_INSERT_ID(), 'fl120', 'original', 550);



##-----------------------------------------------------------------------------------------




INSERT INTO art (artist, title, media, width, height, image, pricing_info, main_image, image_width, image_height)
	VALUES(149,
	       'small soldiers',
	       'oil on canvas',
	        110,
	        120,
	       'small_soldiers',
	       'original, &pound;450',
	       0,
		567,
		 650);

INSERT INTO art_pricing(art, item_number, description, price)
	VALUES(LAST_INSERT_ID(), 'fl121', 'original', 450);



##-----------------------------------------------------------------------------------------





INSERT INTO art (artist, title, media, width, height, image, pricing_info, main_image, image_width, image_height)
	VALUES(149,
	       'blue fish',
	       'oil on canvas',
	        16,
	        16,
	       'blue _fish',
	       'original, &pound;150',
	       0,
		647,
		 650);

INSERT INTO art_pricing(art, item_number, description, price)
	VALUES(LAST_INSERT_ID(), 'fl124', 'original', 150);



##-----------------------------------------------------------------------------------------




INSERT INTO art (artist, title, media, width, height, image, pricing_info, main_image, image_width, image_height)
	VALUES(149,
	       'neon I',
	       'oil on canvas',
	        16,
	        16,
	       'neon_I',
	       'original, &pound;150',
	       0,
		613,
		 650);

INSERT INTO art_pricing(art, item_number, description, price)
	VALUES(LAST_INSERT_ID(), 'fl125', 'original', 150);



##-----------------------------------------------------------------------------------------




INSERT INTO art (artist, title, media, width, height, image, pricing_info, main_image, image_width, image_height)
	VALUES(149,
	       'neon II',
	       'oil on canvas',
	        16,
	        16,
	       'neon_II',
	       'original, &pound;150',
	       0,
		632,
		 650);

INSERT INTO art_pricing(art, item_number, description, price)
	VALUES(LAST_INSERT_ID(), 'fl126', 'original', 150);



##-----------------------------------------------------------------------------------------

INSERT INTO art (artist, title, media, width, height, image, pricing_info, main_image, image_width, image_height)
	VALUES(149,
	       'songbird',
	       'oil on canvas',
	        16,
	        16,
	       'songbird',
	       'original, &pound;150',
	       0,
		636,
		 650);

INSERT INTO art_pricing(art, item_number, description, price)
	VALUES(LAST_INSERT_ID(), 'fl127', 'original', 150);



##-----------------------------------------------------------------------------------------



INSERT INTO art (artist, title, media, width, height, image, pricing_info, main_image, image_width, image_height)
	VALUES(149,
	       'surfacing',
	       'oil on canvas',
	        16,
	        16,
	       'surfacing',
	       'original, &pound;150',
	       0,
		650,
		 644);

INSERT INTO art_pricing(art, item_number, description, price)
	VALUES(LAST_INSERT_ID(), 'fl128', 'original', 150);



##-----------------------------------------------------------------------------------------



INSERT INTO art (artist, title, media, width, height, image, pricing_info, main_image, image_width, image_height)
	VALUES(149,
	       'trojan',
	       'oil on canvas',
	        169,
	        200,
	       'trojan',
	       'original, &pound;850',
	       0,
		531,
		 650);

INSERT INTO art_pricing(art, item_number, description, price)
	VALUES(LAST_INSERT_ID(), 'fl129', 'original', 850);



##-----------------------------------------------------------------------------------------



INSERT INTO art (artist, title, media, width, height, image, pricing_info, main_image, image_width, image_height)
	VALUES(149,
	       'trojan study I',
	       'oil stick and mixed media on canvas',
	        82,
	        87,
	       'trojan_study_I',
	       'original, &pound;350',
	       0,
		650,
		 650);

INSERT INTO art_pricing(art, item_number, description, price)
	VALUES(LAST_INSERT_ID(), 'fl130', 'original', 350);



##-----------------------------------------------------------------------------------------



INSERT INTO art (artist, title, media, width, height, image, pricing_info, main_image, image_width, image_height)
	VALUES(149,
	       'trojan study II',
	       'oil stick and mixed media on canvas',
	        82,
	        87,
	       'trojan_study_II',
	       'original, &pound;350',
	       0,
		642,
		 650);

INSERT INTO art_pricing(art, item_number, description, price)
	VALUES(LAST_INSERT_ID(), 'fl131', 'original', 350);



##-----------------------------------------------------------------------------------------



INSERT INTO art (artist, title, media, width, height, image, pricing_info, main_image, image_width, image_height)
	VALUES(149,
	       'trojan study III',
	       'oil stick and mixed media on canvas',
	        54,
	        72,
	       'trojan_study_III',
	       'original, &pound;150',
	       0,
		527,
		 650);

INSERT INTO art_pricing(art, item_number, description, price)
	VALUES(LAST_INSERT_ID(), 'fl132', 'original', 150);



##-----------------------------------------------------------------------------------------



INSERT INTO art (artist, title, media, width, height, image, pricing_info, main_image, image_width, image_height)
	VALUES(149,
	       'spitfire study I',
	       'oil stick and mixed media on canvas',
	        54,
	        72,
	       'spitfire_study_I',
	       'original, &pound;150',
	       0,
		479,
		 650);

INSERT INTO art_pricing(art, item_number, description, price)
	VALUES(LAST_INSERT_ID(), 'fl134', 'original', 150);



##-----------------------------------------------------------------------------------------



INSERT INTO art (artist, title, media, width, height, image, pricing_info, main_image, image_width, image_height)
	VALUES(149,
	       'spitfire study II',
	       'oil stick and mixed media on canvas',
	        54,
	        72,
	       'spitfire_study_II',
	       'original, &pound;150',
	       0,
		451,
		 650);

INSERT INTO art_pricing(art, item_number, description, price)
	VALUES(LAST_INSERT_ID(), 'fl135', 'original', 150);



##-----------------------------------------------------------------------------------------



INSERT INTO art (artist, title, media, width, height, image, pricing_info, main_image, image_width, image_height)
	VALUES(149,
	       'spitfire study III',
	       'oil stick and mixed media on canvas',
	        54,
	        72,
	       'spitfire_study_III',
	       'original, &pound;150',
	       0,
		480,
		 650);

INSERT INTO art_pricing(art, item_number, description, price)
	VALUES(LAST_INSERT_ID(), 'fl136', 'original', 150);



##-----------------------------------------------------------------------------------------




INSERT INTO art (artist, title, media, width, height, image, pricing_info, main_image, image_width, image_height)
	VALUES(149,
	       'borderline',
	       'oil on canvas',
	        80,
	        30,
	       'borderline',
	       'original, &pound;350',
	       0,
		650,
		 240);

INSERT INTO art_pricing(art, item_number, description, price)
	VALUES(LAST_INSERT_ID(), 'fl137', 'original', 350);



##-----------------------------------------------------------------------------------------



INSERT INTO art (artist, title, media, width, height, image, pricing_info, main_image, image_width, image_height)
	VALUES(149,
	       'caravanserai 1',
	       'oil on canvas',
	        80,
	        30,
	       'caravanserai_1',
	       'original, &pound;350',
	       0,
		650,
		 256);

INSERT INTO art_pricing(art, item_number, description, price)
	VALUES(LAST_INSERT_ID(), 'fl138', 'original', 350);



##-----------------------------------------------------------------------------------------



INSERT INTO art (artist, title, media, width, height, image, pricing_info, main_image, image_width, image_height)
	VALUES(149,
	       'caravanserai 2',
	       'oil on canvas',
	        100,
	        40,
	       'caravanserai_2',
	       'original, &pound;400',
	       0,
		650,
		 255);

INSERT INTO art_pricing(art, item_number, description, price)
	VALUES(LAST_INSERT_ID(), 'fl139', 'original', 400);



##-----------------------------------------------------------------------------------------



INSERT INTO art (artist, title, media, width, height, image, pricing_info, main_image, image_width, image_height)
	VALUES(149,
	       'landscape',
	       'oil on canvas',
	        80,
	        30,
	       'landscape',
	       'original, &pound;350',
	       0,
		650,
		 245);

INSERT INTO art_pricing(art, item_number, description, price)
	VALUES(LAST_INSERT_ID(), 'fl140', 'original', 350);



##-----------------------------------------------------------------------------------------



INSERT INTO art (artist, title, media, width, height, image, pricing_info, main_image, image_width, image_height)
	VALUES(149,
	       'monument',
	       'oil on canvas',
	        100,
	        40,
	       'monument',
	       'original, &pound;400',
	       0,
		262,
		 650);

INSERT INTO art_pricing(art, item_number, description, price)
	VALUES(LAST_INSERT_ID(), 'fl141', 'original', 400);



##-----------------------------------------------------------------------------------------



INSERT INTO art (artist, title, media, width, height, image, pricing_info, main_image, image_width, image_height)
	VALUES(149,
	       'outposts',
	       'oil on canvas',
	        100,
	        40,
	       'outposts',
	       'original, &pound;400',
	       0,
		275,
		 650);

INSERT INTO art_pricing(art, item_number, description, price)
	VALUES(LAST_INSERT_ID(), 'fl142', 'original', 400);



##-----------------------------------------------------------------------------------------



INSERT INTO art (artist, title, media, width, height, image, pricing_info, main_image, image_width, image_height)
	VALUES(149,
	       'palisade',
	       'oil on canvas',
	        100,
	        40,
	       'palisade',
	       'original, &pound;400',
	       0,
		650,
		 255);

INSERT INTO art_pricing(art, item_number, description, price)
	VALUES(LAST_INSERT_ID(), 'fl143', 'original', 400);



##-----------------------------------------------------------------------------------------



INSERT INTO art (artist, title, media, width, height, image, pricing_info, main_image, image_width, image_height)
	VALUES(149,
	       'settlement maybe',
	       'oil on canvas',
	        80,
	        30,
	       'settlement_maybe',
	       'original, &pound;350',
	       0,
		650,
		 242);

INSERT INTO art_pricing(art, item_number, description, price)
	VALUES(LAST_INSERT_ID(), 'fl144', 'original', 350);



##-----------------------------------------------------------------------------------------



INSERT INTO art (artist, title, media, width, height, image, pricing_info, main_image, image_width, image_height)
	VALUES(149,
	       'synthesis of recolletion',
	       'oil on canvas',
	        157,
	        127,
	       'synthesis_of_recolletion',
	       'original, &pound;550',
	       0,
		650,
		 303);

INSERT INTO art_pricing(art, item_number, description, price)
	VALUES(LAST_INSERT_ID(), 'fl145', 'original', 550);



##-----------------------------------------------------------------------------------------



INSERT INTO art (artist, title, media, width, height, image, pricing_info, main_image, image_width, image_height)
	VALUES(149,
	       'this is what i remember',
	       'oil on canvas',
	        80,
	        30,
	       'this_is_what',
	       'original, &pound;350',
	       0,
		650,
		 239);

INSERT INTO art_pricing(art, item_number, description, price)
	VALUES(LAST_INSERT_ID(), 'fl146', 'original', 350);



##-----------------------------------------------------------------------------------------



INSERT INTO art (artist, title, media, width, height, image, pricing_info, main_image, image_width, image_height)
	VALUES(149,
	       'stacks',
	       'oil on canvas',
	        175,
	        130,
	       'stacks',
	       'original, &pound;850',
	       0,
		477,
		 650);

INSERT INTO art_pricing(art, item_number, description, price)
	VALUES(LAST_INSERT_ID(), 'fl147', 'original', 850);



##-----------------------------------------------------------------------------------------



INSERT INTO art (artist, title, media, width, height, image, pricing_info, main_image, image_width, image_height)
	VALUES(149,
	       'refigured landscape',
	       'oil on canvas',
	        154,
	        123,
	       'refigured_landscape',
	       'original, &pound;850',
	       0,
		511,
		 650);

INSERT INTO art_pricing(art, item_number, description, price)
	VALUES(LAST_INSERT_ID(), 'fl148', 'original', 850);



##-----------------------------------------------------------------------------------------



INSERT INTO art (artist, title, media, width, height, image, pricing_info, main_image, image_width, image_height)
	VALUES(149,
	       'tower 1',
	       'oil on canvas',
	        154,
	        123,
	       'tower_1',
	       'original, &pound;850',
	       0,
		466,
		 650);

INSERT INTO art_pricing(art, item_number, description, price)
	VALUES(LAST_INSERT_ID(), 'fl149', 'original', 850);



##-----------------------------------------------------------------------------------------



INSERT INTO art (artist, title, media, width, height, image, pricing_info, main_image, image_width, image_height)
	VALUES(149,
	       'tower 2',
	       'oil on canvas',
	        107,
	        133,
	       'tower_2',
	       'original, &pound;750',
	       0,
		520,
		 650);

INSERT INTO art_pricing(art, item_number, description, price)
	VALUES(LAST_INSERT_ID(), 'fl150', 'original', 750);



##-----------------------------------------------------------------------------------------



INSERT INTO art (artist, title, media, width, height, image, pricing_info, main_image, image_width, image_height)
	VALUES(149,
	       'pantheon',
	       'oil on canvas',
	        128,
	        154,
	       'pantheon',
	       'original, &pound;850',
	       0,
		544,
		 650);

INSERT INTO art_pricing(art, item_number, description, price)
	VALUES(LAST_INSERT_ID(), 'fl151', 'original', 850);



##-----------------------------------------------------------------------------------------


	


INSERT INTO artist (id, name, statement, notes, display)
	VALUES(152, 'martin jones',
	'<p class="artist"> </p>

<p class="artist">After graduating from Manchester Metropolitan University in 1988, Martin worked as a freelance illustrator for magazine and book publishing companies in London. Clients included the Radio Times, Elle magazine, Cosmopolitan and The Observer magazine. In 2002 he began lecturing in illustration at Wigan and Leigh College. Martin is currently a full-time painter and takes part in exhibitions around Merseyside.</p>

<p class="artist">Martin draws inspiration from nature, a recurring theme being trees and their changes throughout the seasons. In these paintings he looks for pattern and structure within apparent randomness and confusion,imposing order and emphasizing repetition of forms and shapes.</p>

<p class="artist">The cat studies reveal a development of Martins illustration style. Originally intended as unrelated pictures,as the series progressed characters reappeared, and then became part of a bigger story. Later images show a deliberate move to more minimal compositions using a restricted palette.</p>
<p class="artist"></p>',
               NULL,
	       1);

##-----------------------------------------------------------------------------------------



INSERT INTO art (artist, title, media, width, height, image, pricing_info, main_image, image_width, image_height)
	VALUES(152,
	       'autumnal scene calderstones',
	       'acrylic on canvas',
	       76,
	       100,
	       'autumnal-scene',
	       'original, &pound;1200',
	       0,
		494,
		 650);

INSERT INTO art_pricing(art, item_number, description, price)
	VALUES(LAST_INSERT_ID(), 'mj116', 'original',1200);



##-----------------------------------------------------------------------------------------




INSERT INTO art (artist, title, media, width, height, image, pricing_info, main_image, image_width, image_height)
	VALUES(152,
	       'view of the three graces',
	       'acrylic on canvas',
	       76,
	       102,
	       'liver_building_from',
	     'original, &pound;1250',
	       1,
		493,
		 650);


INSERT INTO art_pricing(art, item_number, description, price)
	VALUES(LAST_INSERT_ID(), 'mj104', 'original',1250);


##-----------------------------------------------------------------------------------------



INSERT INTO art (artist, title, media, width, height, image, pricing_info, main_image, image_width, image_height)
	VALUES(152,
	       'maple trees',
	       'acrylic on canvas',
	       60,
	       60,
	       'maple_trees',
	       'original, &pound;750',
	       0,
		650,
		 645);

INSERT INTO art_pricing(art, item_number, description, price)
	VALUES(LAST_INSERT_ID(), 'mj101', 'original',750);



##-----------------------------------------------------------------------------------------



INSERT INTO art (artist, title, media, width, height, image, pricing_info, main_image, image_width, image_height)
	VALUES(152,
	       'cherry trees in blossom',
	       'acrylic on canvas',
	       90,
	       60,
	       'cherry_trees_in',
	       'original, &pound;950',
	       0,
		650,
		 435);

INSERT INTO art_pricing(art, item_number, description, price)
	VALUES(LAST_INSERT_ID(), 'mj105', 'original',950);


##-----------------------------------------------------------------------------------------

INSERT INTO art (artist, title, media, width, height, image, pricing_info, main_image, image_width, image_height)
	VALUES(152,
	       'gradation',
	       'acrylic on canvas',
	       130,
	       51,
	       'gradation',
	        'original, &pound;1500',
	       0,
		255,
		 650);


INSERT INTO art_pricing(art, item_number, description, price)
	VALUES(LAST_INSERT_ID(), 'mj104', 'original',1500);



##-----------------------------------------------------------------------------------------

INSERT INTO art (artist, title, media, width, height, image, pricing_info, main_image, image_width, image_height)
	VALUES(152,
	       'three friends',
	       'acrylic on canvas',
	       51,
	       76.5,
	       'three_friends',
	       'original, &pound;500',
	       0,
		438,
		 650);

INSERT INTO art_pricing(art, item_number, description, price)
	VALUES(LAST_INSERT_ID(), 'mj107', 'original',500);




##-----------------------------------------------------------------------------------------

INSERT INTO art (artist, title, media, width, height, image, pricing_info, main_image, image_width, image_height)
	VALUES(152,
	       'two cats',
	       'acrylic on canvas',
	       46,
	       61,
	       'two_cats',
	       'original, &pound;500',
	       0,
		494,
		 650);

INSERT INTO art_pricing(art, item_number, description, price)
	VALUES(LAST_INSERT_ID(), 'mj110', 'original',500);



##-----------------------------------------------------------------------------------------

INSERT INTO art (artist, title, media, width, height, image, pricing_info, main_image, image_width, image_height)
	VALUES(152,
	       'woman on a chaise longue',
	       'acrylic on canvas',
	       51,
	       76.5,
	       'woman_on_a_chaise',
	       'original, &pound;500',
	       0,
		433,
		 650);

INSERT INTO art_pricing(art, item_number, description, price)
	VALUES(LAST_INSERT_ID(), 'mj111', 'original',500);



##-----------------------------------------------------------------------------------------

INSERT INTO art (artist, title, media, width, height, image, pricing_info, main_image, image_width, image_height)
	VALUES(152,
	       'magician with rabbit',
	       'acrylic on canvas',
	       50,
	       70,
	       'magician_with_rabbit',
	       'original, &pound;500',
	       0,
		469,
		 650);

INSERT INTO art_pricing(art, item_number, description, price)
	VALUES(LAST_INSERT_ID(), 'mj112', 'original',500);



##-----------------------------------------------------------------------------------------


 

INSERT INTO art (artist, title, media, width, height, image, pricing_info, main_image, image_width, image_height)
	VALUES(152,
	       'view of water st + liver building',
	       'acrylic on canvas',
	       51,
	       76.5,
	       'view_of_water',
	       'commission example',
	       0,
		433,
		 650);




##-----------------------------------------------------------------------------------------


INSERT INTO art (artist, title, media, width, height, image, pricing_info, main_image, image_width, image_height)
	VALUES(152,
	       'the victoria building',
	       'acrylic on canvas',
	       90,
	       60,
	       'The_victoria_building',
	       'commission example',
	       0,
		650,
		 425);



##-----------------------------------------------------------------------------------------



 INSERT INTO art (artist, title, media, width, height, image, pricing_info, main_image, image_width, image_height)
	VALUES(152,
	       'liverpool town hall',
	       'original',
	       50,
	       70,
	       'liverpool-town-hall',
	      'commission example',
	       0,
		429,
		650);

##-----------------------------------------------------------------------------------------



 INSERT INTO art (artist, title, media, width, height, image, pricing_info, main_image, image_width, image_height)
	VALUES(152,
	       'princes avenue',
	       'original',
	       101,
	       101,
	       'princes-avenue',
	      'commission example',
	       0,
		650,
		647);

##-----------------------------------------------------------------------------------------



 INSERT INTO art (artist, title, media, width, height, image, pricing_info, main_image, image_width, image_height)
	VALUES(152,
	       'view of water street and liver buildings 2',
	       'original',
	       61,
	       71,
	       'view-of-water-2',
	      'commission example',
	       0,
		555,
		650);

##-----------------------------------------------------------------------------------------
	


INSERT INTO art (artist, title, media, width, height, image, pricing_info, main_image, image_width, image_height)
	VALUES(152,
	       'beech trees',
	       'acrylic on canvas',
	       90.5,
	       90.5,
	       'beech_trees',
	             'commission example',
	       0,
		529,
		 515);




##-----------------------------------------------------------------------------------------


 INSERT INTO art (artist, title, media, width, height, image, pricing_info, main_image, image_width, image_height)
	VALUES(152,
	       'tree in autumn',
	       'original',
	       122,
	       31,
	       'tree-in-autumn',
	      'commission example',
	       0,
		163,
		650);

##-----------------------------------------------------------------------------------------


INSERT INTO art (artist, title, media, width, height, image, pricing_info, main_image, image_width, image_height)
	VALUES(152,
	       'woman with dog',
	       'acrylic on canvas',
	       50,
	       70,
	       'woman_with_dog',
	       'commission example',
	       0,
		471,
		 650);




##-----------------------------------------------------------------------------------------


INSERT INTO art (artist, title, media, width, height, image, pricing_info, main_image, image_width, image_height)
	VALUES(152,
	       'cat amongst the pigeons',
	       'acrylic on canvas',
	       51,
	       76.5,
	       'cat_amongst_the',
	       'commission example',
	       0,
		433,
		 650);




##-----------------------------------------------------------------------------------------

INSERT INTO art (artist, title, media, width, height, image, pricing_info, main_image, image_width, image_height)
	VALUES(152,
	       'cat with butterfly',
	       'acrylic on canvas',
	       51,
	       76.5,
	       'cat_with_butterfly',
	       'commission example',
	       0,
		650,
		 427);




##-----------------------------------------------------------------------------------------

INSERT INTO art (artist, title, media, width, height, image, pricing_info, main_image, image_width, image_height)
	VALUES(152,
	       'a windy day',
	       'acrylic on canvas',
	       51,
	       76.5,
	       'a_windy_day',
	       'commission example',
	       0,
		434,
		 650);



##-----------------------------------------------------------------------------------------

 INSERT INTO art (artist, title, media, width, height, image, pricing_info, main_image, image_width, image_height)
	VALUES(152,
	       'a rainy day',
	       'original',
	       50,
	       70,
	       'a-rainy-day',
	      'commission example',
	       0,
		459,
		650);

##-----------------------------------------------------------------------------------------	


 INSERT INTO art (artist, title, media, width, height, image, pricing_info, main_image, image_width, image_height)
	VALUES(152,
	       'autumn sunlight',
	       'original',
	       10,
	       50,
	       'autumn-sunlight',
	      'commission example',
	       0,
		650,
		326);

##-----------------------------------------------------------------------------------------	


	
	
	


INSERT INTO artist (id, name, statement, notes, display)
	VALUES(154, 'tony evans',
	'<p class="artist"> </p>

<p class="artist">Born and raised in Liverpool, Tony now enjoys the beautiful Cheshire countryside surrounding his home in Kingsley. After working in Liverpool for The Prudential for over 30 years he turned to his long suppressed passion for art. At age 55 he attended Liverpool City College where he achieved GCSE and A Levels and subsequently emerged from Wirral Metropolitan College aged 58 with a B.A. Honours Degree in Fine Art.</p>

<p class="artist">Tony specialises in animals in action using mainly copper and bronze and the work is a result of hours of intense concentration and physical effort. His portrayals of nature capture the spirit and to the splendour of a whole menagerie of animals ranging from the simplicity of a frog to the magnificence of a life size Bengal tiger.</p>

<p class="artist">Tony was approached by Lever Faberge to supply 3 large sculptural panels and they are in their pemanent collection at Port Sunlight. His work has been included in Southports Municipal gallery, The Atkinson and sites alongside the work of such luminaries as Henry Moore, Alfred Munnings and Elizabeth Frink. He has recently been accepted into the Society of Wildlife Artists and included in "Whos who in art".</p>
<p class="artist">All sizes are approximate.</p>',
               NULL,
	       1);

##-----------------------------------------------------------------------------------------








INSERT INTO art (artist, title, media, width, height, image, pricing_info, main_image, image_width, image_height)
	VALUES(154,
	       'wild horse',
	       'copper and bronze sculpture',
	       61,
	       38,
	       'wild_horse',
	       'price on application',
	       1,
		435,
		 650);



##---------------------------------------------------------------------------------------


INSERT INTO art (artist, title, media, width, height, image, pricing_info, main_image, image_width, image_height)
	VALUES(154,
	       'salome',
	       'copper and bronze sculpture',
	       76,
	       56,
	       'salome',
	        'commission example',
	       0,
		467,
		 650);



##---------------------------------------------------------------------------------------


INSERT INTO art (artist, title, media, width, height, image, pricing_info, main_image, image_width, image_height)
	VALUES(154,
	       'bareback bronco rider',
	       'copper and bronze sculpture',
	       69,
	       38,
	       'bareback_bronco_rider',
	        'commission example',
	       0,
		461,
		 650);



##---------------------------------------------------------------------------------------

INSERT INTO art (artist, title, media, width, height, image, pricing_info, main_image, image_width, image_height)
	VALUES(154,
	       'the pugilist',
	       'copper and bronze sculpture',
	       69,
	       30,
	       'the_pugilist',
  		 'price on application',
	       0,
		435,
		 650);

##---------------------------------------------------------------------------------------



INSERT INTO art (artist, title, media, width, height, image, pricing_info, main_image, image_width, image_height)
	VALUES(154,
	       'liverpool waterfront',
	       'bronze relief mounted on wood',
	       165,
	       63,
	       'liverpool_waterfront',
	       'commission example',
	       0,
		650,
		 221);



##---------------------------------------------------------------------------------------


	

INSERT INTO art (artist, title, media, width, height, image, pricing_info, main_image, image_width, image_height)
	VALUES(154,
	       'baboon chasing off vulture',
	       'bronze and copper sculpture',
	       43,
	       15,
	       'baboon_chaseing_off',
	       'commission example',
	       0,
		650,
		 319);




##-----------------------------------------------------------------------------------------

INSERT INTO art (artist, title, media, width, height, image, pricing_info, main_image, image_width, image_height)
	VALUES(154,
	       'lion hunting zebra foal',
	       'bronze and copper sculpture',
	       51,
	       30,
	       'lion_hunting_zebra',
	       'commission example',
	       0,
		650,
		 432);




##-----------------------------------------------------------------------------------------

INSERT INTO art (artist, title, media, width, height, image, pricing_info, main_image, image_width, image_height)
	VALUES(154,
	       'lion fish',
	       'bronze and copper sculpture',
	       30,
	       30,
	       'lion_fish',
	          'price on application',
	       0,
		650,
		 522);



##-----------------------------------------------------------------------------------------

INSERT INTO art (artist, title, media, width, height, image, pricing_info, main_image, image_width, image_height)
	VALUES(154,
	       'walking horse',
	       'bronze and copper sculpture',
	       35,
	       23,
	       'walking_horse',
	        'price on application',
	       0,
		650,
		 451);



##-----------------------------------------------------------------------------------------

INSERT INTO art (artist, title, media, width, height, image, pricing_info, main_image, image_width, image_height)
	VALUES(154,
	       'cantering horse',
	       'bronze and copper sculpture',
	       45,
	       30,
	       'cantering_horse',
	          'price on application',
	       0,
		650,
		 432);


##-----------------------------------------------------------------------------------------

INSERT INTO art (artist, title, media, width, height, image, pricing_info, main_image, image_width, image_height)
	VALUES(154,
	       'rearing horse 1',
	       'bronze and copper sculpture',
	       43,
	       30,
	       'rearing_horse',
	       'price on application',
	       0,
		650,
		 504);



##-----------------------------------------------------------------------------------------



INSERT INTO art (artist, title, media, width, height, image, pricing_info, main_image, image_width, image_height)
	VALUES(154,
	       'rearing horse 2',
	       'bronze and copper sculpture',
	       43,
	       15,
	       'rearing_horse',
	        'price on application',
	       0,
		650,
		 504);



##-----------------------------------------------------------------------------------------
INSERT INTO art (artist, title, media, width, height, image, pricing_info, main_image, image_width, image_height)
	VALUES(154,
	       'galloping horse ',
	       'bronze and copper sculpture',
	       18,
	       15,
	       'galloping_horse_',
	       'commission example',
	       0,
		650,
		 553);




##-----------------------------------------------------------------------------------------

INSERT INTO art (artist, title, media, width, height, image, pricing_info, main_image, image_width, image_height)
	VALUES(154,
	       'greyhound running ',
	       'bronze sculpture',
	       20,
	       13,
	       'greyhound_running',
	       'price on application',
	       0,
		650,
		 432);



##-----------------------------------------------------------------------------------------


INSERT INTO art (artist, title, media, width, height, image, pricing_info, main_image, image_width, image_height)
	VALUES(154,
	       'north american bison ',
	       'bronze and copper sculpture',
	       35,
	       23,
	       'north_american_bison',
	     'price on application',
	       0,
		650,
		 432);




##-----------------------------------------------------------------------------------------

INSERT INTO art (artist, title, media, width, height, image, pricing_info, main_image, image_width, image_height)
	VALUES(154,
	       'proud stallion ',
	       'bronze sculpture',
	       46,
	       36,
	       'proud_stallion',
	       'price on application',
	       0,
		650,
		 432);



##-----------------------------------------------------------------------------------------



INSERT INTO art (artist, title, media, width, height, image, pricing_info, main_image, image_width, image_height)
	VALUES(154,
	       'king of the road',
	       'bronze and copper sculpture',
	       40,
	       20,
	       'king_of_the',
	       'price on application',
	       0,
		650,
		 411);



##-----------------------------------------------------------------------------------------

INSERT INTO art (artist, title, media, width, height, image, pricing_info, main_image, image_width, image_height)
	VALUES(154,
	       'wapiti',
	       'bronze and copper sculpture',
	       30,
	       30,
	       'wapiti',
	       'commission example',
	       0,
		650,
		 432);




##-----------------------------------------------------------------------------------------


INSERT INTO art (artist, title, media, width, height, image, pricing_info, main_image, image_width, image_height)
	VALUES(154,
	       'heavy horse foal',
	       'bronze and copper sculpture',
	       91,
	       152,
	       'heavy_horse_foal',
	       'commission example',
	       0,
		436,
		 650);




##-----------------------------------------------------------------------------------------

INSERT INTO art (artist, title, media, width, height, image, pricing_info, main_image, image_width, image_height)
	VALUES(154,
	       'zebra foal',
	       'bronze and copper sculpture',
	       91,
	       122,
	       'zebra_foal',
	       'commission example',
	       0,
		357,
		 650);




##-----------------------------------------------------------------------------------------


INSERT INTO art (artist, title, media, width, height, image, pricing_info, main_image, image_width, image_height)
	VALUES(154,
	       'skipping ',
	       'bronze and copper sculpture',
	       10,
	       23,
	       'skipping',
	      'price on application',
	       0,
		391,
		 650);




##-----------------------------------------------------------------------------------------

INSERT INTO art (artist, title, media, width, height, image, pricing_info, main_image, image_width, image_height)
	VALUES(154,
	       'heron fishing ',
	       'bronze and copper sculpture',
	       138,
	       138,
	       'heron_fishing',
	       'commission example',
	       0,
		650,
		 573);



##-----------------------------------------------------------------------------------------


INSERT INTO art (artist, title, media, width, height, image, pricing_info, main_image, image_width, image_height)
	VALUES(154,
	       'sam ',
	       'bronze and copper sculpture',
	       20,
	       23,
	       'sam',
	         'price on application',
	       0,
		650,
		 538);




##-----------------------------------------------------------------------------------------


INSERT INTO art (artist, title, media, width, height, image, pricing_info, main_image, image_width, image_height)
	VALUES(154,
	       'success 2',
	       'bronze sculpture',
	       15,
	       56,
	       'success',
	        'price on application',
	       0,
		483,
		 650);



##---------------------------------------------------------------------------------------




INSERT INTO art (artist, title, media, width, height, image, pricing_info, main_image, image_width, image_height)
	VALUES(154,
	       'success 1',
	       'bronze sculpture',
	       10,
	       28,
	       'success',
	      'price on application',
	       0,
		483,
		 650);



##---------------------------------------------------------------------------------------


INSERT INTO artist (id, name, statement, notes, display)
	VALUES(171, 'jackie stevens',
	'<p class="artist">I am a graphic designer and editor who has been in the publishing industry since 1986 after being made redundant from my job as a panel-beater. Over the years have gained experience of working with children?s books, annual reports, advertising literature, and magazines, for clients including: Penguin Books, Harper Collins, McDonalds, Direct Line, Vauxhall Motors, Logica, Direct Line and The Health and Safety Executive</p>

<p class="artist">In my work I get to use a lot of different imagery, including photography, so it is something I have always been interested in. A trip to New York in 2004, and the work I produced from that, attracted a high level of interest from family and friends and encouraged me to turn photography from a hobby, into a commercial venture. Although my work starts with a photograph, I like to add to it. I manipulate the images on-screen, applying filters and enhanements until I achieve a more moody, almost sketched appearance which works particularly well with the subjects I choose. I am currently building up a library of manipulated images of Liverpool; it is an ever-changing city and there is always plenty to point a lens at. Other iconic World city images feature highly in my work, driven largely by a fascination with architectural styles.</p>

<p class="artist">
</p>

<p class="artist"></p>
<p class="artist"></p>',
               NULL,
	       1);

##-----------------------------------------------------------------------------------------

INSERT INTO art (artist, title, media, width, height, image, pricing_info, main_image, image_width, image_height)
	VALUES(171,
	       'cases in shadow',
	       'photographic print',
	       27,
	       20,
	       'cases_in_shadow',
	       'limited edition print, &pound;65',
	       0,
		650,
		 485);

INSERT INTO art_pricing(art, item_number, description, price)
	VALUES(LAST_INSERT_ID(), 'jst101', 'limited edition print',65);



##-----------------------------------------------------------------------------------------

INSERT INTO art (artist, title, media, width, height, image, pricing_info, main_image, image_width, image_height)
	VALUES(171,
	       'ferry',
	       'photographic print',
	       27,
	       20,
	       'ferry',
	       'limited edition print, &pound;65',
	       0,
		650,
		 485);

INSERT INTO art_pricing(art, item_number, description, price)
	VALUES(LAST_INSERT_ID(), 'jst102', 'limited edition print',65);



##-----------------------------------------------------------------------------------------

INSERT INTO art (artist, title, media, width, height, image, pricing_info, main_image, image_width, image_height)
	VALUES(171,
	       'lamb looks up',
	       'photographic print',
	       20,
	       27,
	       'lamb_looks_up',
	       'limited edition print, &pound;65',
	       0,
		485,
		 650);

INSERT INTO art_pricing(art, item_number, description, price)
	VALUES(LAST_INSERT_ID(), 'jst103', 'limited edition print',65);



##-----------------------------------------------------------------------------------------

INSERT INTO art (artist, title, media, width, height, image, pricing_info, main_image, image_width, image_height)
	VALUES(171,
	       'lime st taxis',
	       'photographic print',
	       27,
	       20,
	       'lime_st_taxis',
	       'limited edition print, &pound;65',
	       0,
		650,
		 485);

INSERT INTO art_pricing(art, item_number, description, price)
	VALUES(LAST_INSERT_ID(), 'jst104', 'limited edition print',65);



##-----------------------------------------------------------------------------------------

INSERT INTO art (artist, title, media, width, height, image, pricing_info, main_image, image_width, image_height)
	VALUES(171,
	       'liver at night',
	       'photographic print',
	       20,
	       27,
	       'liver_at_night',
	       'limited edition print, &pound;65',
	       0,
		485,
		 650);

INSERT INTO art_pricing(art, item_number, description, price)
	VALUES(LAST_INSERT_ID(), 'jst105', 'limited edition print',65);



##-----------------------------------------------------------------------------------------

INSERT INTO art (artist, title, media, width, height, image, pricing_info, main_image, image_width, image_height)
	VALUES(171,
	       'liver from the ferry',
	       'photographic print',
	       27,
	       20,
	       'liver_from_the',
	       'limited edition print, &pound;65',
	       0,
		650,
		 485);

INSERT INTO art_pricing(art, item_number, description, price)
	VALUES(LAST_INSERT_ID(), 'jst106', 'limited edition print',65);



##-----------------------------------------------------------------------------------------

INSERT INTO art (artist, title, media, width, height, image, pricing_info, main_image, image_width, image_height)
	VALUES(171,
	       'liverly angle',
	       'photographic print',
	       20,
	       27,
	       'liverly_angle',
	       'limited edition print, &pound;65',
	       0,
		485,
		 650);

INSERT INTO art_pricing(art, item_number, description, price)
	VALUES(LAST_INSERT_ID(), 'jst107', 'limited edition print',65);



##-----------------------------------------------------------------------------------------

	

INSERT INTO art (artist, title, media, width, height, image, pricing_info, main_image, image_width, image_height)
	VALUES(171,
	       'albert dock',
	       'photographic print',
	       20,
	       27,
	       'albert dock',
	       'limited edition print, &pound;65',
	       0,
		650,
		 403);

INSERT INTO art_pricing(art, item_number, description, price)
	VALUES(LAST_INSERT_ID(), 'jst108', 'limited edition print',65);



##-----------------------------------------------------------------------------------------

	



INSERT INTO art (artist, title, media, width, height, image, pricing_info, main_image, image_width, image_height)
	VALUES(171,
	       'cobbles and lights',
	       'photographic print',
	       20,
	       27,
	       'cobbles_and_lights',
	       'limited edition print, &pound;65',
	       0,
		650,
		 435);

INSERT INTO art_pricing(art, item_number, description, price)
	VALUES(LAST_INSERT_ID(), 'jst109', 'limited edition print',65);



##-----------------------------------------------------------------------------------------

	


INSERT INTO art (artist, title, media, width, height, image, pricing_info, main_image, image_width, image_height)
	VALUES(171,
	       'grace',
	       'photographic print',
	       20,
	       27,
	       'grace',
	       'limited edition print, &pound;65',
	       0,
		650,
		 435);

INSERT INTO art_pricing(art, item_number, description, price)
	VALUES(LAST_INSERT_ID(), 'jst110', 'limited edition print',65);



##-----------------------------------------------------------------------------------------

	


INSERT INTO art (artist, title, media, width, height, image, pricing_info, main_image, image_width, image_height)
	VALUES(171,
	       'liver lamb',
	       'photographic print',
	       20,
	       27,
	       'liver_lamb',
	       'limited edition print, &pound;65',
	       1,
		472,
		 650);

INSERT INTO art_pricing(art, item_number, description, price)
	VALUES(LAST_INSERT_ID(), 'jst111', 'limited edition print',65);



##-----------------------------------------------------------------------------------------

	


INSERT INTO art (artist, title, media, width, height, image, pricing_info, main_image, image_width, image_height)
	VALUES(171,
	       'liver reflect',
	       'photographic print',
	       20,
	       27,
	       'liver reflect',
	       'limited edition print, &pound;65',
	       0,
		650,
		 435);

INSERT INTO art_pricing(art, item_number, description, price)
	VALUES(LAST_INSERT_ID(), 'jst112', 'limited edition print',65);



##-----------------------------------------------------------------------------------------

	


INSERT INTO art (artist, title, media, width, height, image, pricing_info, main_image, image_width, image_height)
	VALUES(171,
	       'skyline',
	       'photographic print',
	       20,
	       27,
	       'skyline',
	       'limited edition print, &pound;65',
	       0,
		650,
		 292);

INSERT INTO art_pricing(art, item_number, description, price)
	VALUES(LAST_INSERT_ID(), 'jst113', 'limited edition print',65);



##-----------------------------------------------------------------------------------------

	

	


INSERT INTO art (artist, title, media, width, height, image, pricing_info, main_image, image_width, image_height)
	VALUES(171,
	       'tower framed',
	       'photographic print',
	       20,
	       27,
	       'tower_framed',
	       'limited edition print, &pound;65',
	       0,
		349,
		 650);

INSERT INTO art_pricing(art, item_number, description, price)
	VALUES(LAST_INSERT_ID(), 'jst114', 'limited edition print',65);



##-----------------------------------------------------------------------------------------

	

	INSERT INTO art (artist, title, media, width, height, image, pricing_info, main_image, image_width, image_height)
	VALUES(171,
	       'empire state',
	       'print on canvas',
	       56,
	       56,
	       'empire-state',
	       'limited edition print, &pound;135',
	       0,
		650,
		 650);

INSERT INTO art_pricing(art, item_number, description, price)
	VALUES(LAST_INSERT_ID(), 'jst115', 'limited edition print',135);



##-----------------------------------------------------------------------------------------


	

	INSERT INTO art (artist, title, media, width, height, image, pricing_info, main_image, image_width, image_height)
	VALUES(171,
	       'radio city tower',
	       'print on canvas',
	       85,
	       38,
	       'radio-city-tower',
	       'limited edition print, &pound;148',
	       0,
		329,
		 650);

INSERT INTO art_pricing(art, item_number, description, price)
	VALUES(LAST_INSERT_ID(), 'jst116', 'limited edition print',148);



##-----------------------------------------------------------------------------------------


	

	INSERT INTO art (artist, title, media, width, height, image, pricing_info, main_image, image_width, image_height)
	VALUES(171,
	       'chrysler sunbeam',
	       'print on canvas',
	       85,
	       60,
	       'chrysler-sunbeam',
	       'limited edition print, &pound;160',
	       0,
		459,
		 650);

INSERT INTO art_pricing(art, item_number, description, price)
	VALUES(LAST_INSERT_ID(), 'jst117', 'limited edition print',160);



##-----------------------------------------------------------------------------------------


	

	INSERT INTO art (artist, title, media, width, height, image, pricing_info, main_image, image_width, image_height)
	VALUES(171,
	       'towering above',
	       'print on canvas',
	       85,
	       60,
	       'towering-above',
	       'limited edition print, &pound;160',
	       0,
		479,
		 650);

INSERT INTO art_pricing(art, item_number, description, price)
	VALUES(LAST_INSERT_ID(), 'jst118', 'limited edition print',160);



##-----------------------------------------------------------------------------------------


	

	INSERT INTO art (artist, title, media, width, height, image, pricing_info, main_image, image_width, image_height)
	VALUES(171,
	       'under harbour bridge',
	       'print on canvas',
	       56,
	       56,
	       'under-harbour-bridge',
	       'limited edition print, &pound;135',
	       0,
		650,
		 650);

INSERT INTO art_pricing(art, item_number, description, price)
	VALUES(LAST_INSERT_ID(), 'jst119', 'limited edition print',135);



##-----------------------------------------------------------------------------------------


	
INSERT INTO art (artist, title, media, width, height, image, pricing_info, main_image, image_width, image_height)
	VALUES(171,
	       'liver pop art',
	       'print on canvas',
	       70,
	       31,
	       'liver-pop-art',
	       'limited edition print, &pound;300',
	       0,
		650,
		 385);

INSERT INTO art_pricing(art, item_number, description, price)
	VALUES(LAST_INSERT_ID(), 'jst120', 'limited edition print',300);



##-----------------------------------------------------------------------------------------


	
INSERT INTO art (artist, title, media, width, height, image, pricing_info, main_image, image_width, image_height)
	VALUES(171,
	       'glowing liver',
	       'photographic print limited ed',
	       27,
	       20,
	       'glowing-liver',
	       'limited edition print, &pound;65',
	       0,
		650,
		 435);

INSERT INTO art_pricing(art, item_number, description, price)
	VALUES(LAST_INSERT_ID(), 'jst121', 'limited edition print',65);



##-----------------------------------------------------------------------------------------


	
INSERT INTO art (artist, title, media, width, height, image, pricing_info, main_image, image_width, image_height)
	VALUES(171,
	       'liverpool launch teal',
	       'photographic art giclee print',
	       76,
	       25,
	       'liverpool-launch-teal',
	       'limited edition print, &pound;95',
	       0,
		650,
		 220);

INSERT INTO art_pricing(art, item_number, description, price)
	VALUES(LAST_INSERT_ID(), 'jst122', 'limited edition print',95);



##-----------------------------------------------------------------------------------------


	
INSERT INTO art (artist, title, media, width, height, image, pricing_info, main_image, image_width, image_height)
	VALUES(171,
	       'liverpool launch grey',
	       'photographic art giclee print',
	       76,
	       25,
	       'liverpool-launch-grey',
	       'limited edition print, &pound;95',
	       0,
		650,
		 220);

INSERT INTO art_pricing(art, item_number, description, price)
	VALUES(LAST_INSERT_ID(), 'jst123', 'limited edition print',95);



##-----------------------------------------------------------------------------------------


	
INSERT INTO art (artist, title, media, width, height, image, pricing_info, main_image, image_width, image_height)
	VALUES(171,
	       'liverpool silhouette',
	       'photographic art giclee print',
	       95,
	       25,
	       'liverpool-silhouette',
	       'limited edition print, &pound;105',
	       0,
		650,
		 177);

INSERT INTO art_pricing(art, item_number, description, price)
	VALUES(LAST_INSERT_ID(), 'jst124', 'limited edition print',105);



##-----------------------------------------------------------------------------------------


	
INSERT INTO art (artist, title, media, width, height, image, pricing_info, main_image, image_width, image_height)
	VALUES(171,
	       'liverpool skyline',
	       'photographic art giclee print',
	       95,
	       25,
	       'liverpool-skyline',
	       'limited edition print, &pound;105',
	       0,
		650,
		 177);

INSERT INTO art_pricing(art, item_number, description, price)
	VALUES(LAST_INSERT_ID(), 'jst125', 'limited edition print',105);



##-----------------------------------------------------------------------------------------


	
INSERT INTO art (artist, title, media, width, height, image, pricing_info, main_image, image_width, image_height)
	VALUES(171,
	       'museums and cathedral',
	       'photographic art giclee print',
	       27,
	       12,
	       'museums-and-cathedral',
	       'limited edition print, &pound;45',
	       0,
		650,
		 292);

INSERT INTO art_pricing(art, item_number, description, price)
	VALUES(LAST_INSERT_ID(), 'jst126', 'limited edition print',45);



##-----------------------------------------------------------------------------------------


	
INSERT INTO art (artist, title, media, width, height, image, pricing_info, main_image, image_width, image_height)
	VALUES(171,
	       'pale blue liverpool',
	       'photographic art giclee print',
	       76,
	       25,
	       'pale-blue-liverpool',
	       'limited edition print, &pound;95',
	       0,
		650,
		 218);

INSERT INTO art_pricing(art, item_number, description, price)
	VALUES(LAST_INSERT_ID(), 'jst127', 'limited edition print',95);



##-----------------------------------------------------------------------------------------


	
INSERT INTO art (artist, title, media, width, height, image, pricing_info, main_image, image_width, image_height)
	VALUES(171,
	       'skyline blue',
	       'photographic art giclee print',
	       100,
	       20,
	       'skyline-blue',
	       'limited edition print, &pound;120',
	       0,
		650,
		 141);

INSERT INTO art_pricing(art, item_number, description, price)
	VALUES(LAST_INSERT_ID(), 'jst128', 'limited edition print',120);



##-----------------------------------------------------------------------------------------


	
INSERT INTO art (artist, title, media, width, height, image, pricing_info, main_image, image_width, image_height)
	VALUES(171,
	       'sunrise and liverpool towers',
	       'photographic art giclee print',
	       27,
	       20,
	       'sunrise-and-liverpool',
	       'limited edition print, &pound;65',
	       0,
		650,
		 436);

INSERT INTO art_pricing(art, item_number, description, price)
	VALUES(LAST_INSERT_ID(), 'jst129', 'limited edition print',65);



##-----------------------------------------------------------------------------------------


	
INSERT INTO art (artist, title, media, width, height, image, pricing_info, main_image, image_width, image_height)
	VALUES(171,
	       'liver pop art triyptych',
	       'photographic art giclee print mounted',
	       14,
	       9,
	       'liver-pop-art',
	       'limited edition print, &pound;45',
	       0,
		650,
		 351);

INSERT INTO art_pricing(art, item_number, description, price)
	VALUES(LAST_INSERT_ID(), 'jst130', 'limited edition print',45);



##-----------------------------------------------------------------------------------------


	
INSERT INTO art (artist, title, media, width, height, image, pricing_info, main_image, image_width, image_height)
	VALUES(171,
	       'hydrant',
	       'photographic art giclee print double layer mount',
	       29,
	       20,
	       'hydrant',
	       'limited edition print, &pound;65',
	       0,
		483,
		 650);

INSERT INTO art_pricing(art, item_number, description, price)
	VALUES(LAST_INSERT_ID(), 'jst131', 'limited edition print',65);



##-----------------------------------------------------------------------------------------


	
INSERT INTO art (artist, title, media, width, height, image, pricing_info, main_image, image_width, image_height)
	VALUES(171,
	       'dixie dean',
	       'photographic art giclee print double layer mount',
	       29,
	       20,
	       'dixie-dean',
	       'limited edition print, &pound;65',
	       0,
		476,
		 650);

INSERT INTO art_pricing(art, item_number, description, price)
	VALUES(LAST_INSERT_ID(), 'jst132', 'limited edition print',65);



##-----------------------------------------------------------------------------------------


	
INSERT INTO art (artist, title, media, width, height, image, pricing_info, main_image, image_width, image_height)
	VALUES(171,
	       'ny taxi on mono',
	       'photographic art giclee print double layer mount',
	       29,
	       20,
	       'ny-taxi-on',
	       'limited edition print, &pound;65',
	       0,
		650,
		 490);

INSERT INTO art_pricing(art, item_number, description, price)
	VALUES(LAST_INSERT_ID(), 'jst133', 'limited edition print',65);



##-------------------------------------------------------------------------------------------------------------------


	
INSERT INTO art (artist, title, media, width, height, image, pricing_info, main_image, image_width, image_height)
	VALUES(171,
	       'ny taxi 2 on mono',
	       'photographic print',
	       29,
	       20,
	       'ny-taxi-2',
	       'limited edition print, &pound;65',
	       0,
		484,
		 650);

INSERT INTO art_pricing(art, item_number, description, price)
	VALUES(LAST_INSERT_ID(), 'jst134', 'limited edition print',65);



##-----------------------------------------------------------------------------------------


	
INSERT INTO art (artist, title, media, width, height, image, pricing_info, main_image, image_width, image_height)
	VALUES(171,
	       'vivid liver',
	       'photographic art giclee print double layer mount',
	       29,
	       20,
	       'vivid-liver',
	       'limited edition print, &pound;65',
	       0,
		489,
		 650);

INSERT INTO art_pricing(art, item_number, description, price)
	VALUES(LAST_INSERT_ID(), 'jst135', 'limited edition print',65);



##--------------------------------------------------------------------------------------------
	
	
	
	
	
	
	
	


##----------------------------------------------------------------------------------------- 

INSERT INTO artist (id, name, statement, notes, display)
	VALUES(179, 'mark mcgowan',
	'<p class="artist">
</p>

<p class="artist">"I have been taking photos of Liverpool and the surrounding area for the last three years - a lifelong appreciation of the citys architecture lead me into photography and it is still the main focus of my work. I love to produce cityscapes but also look for the hidden details for the city, trying to show the city from a different point of view. I am particularly well known for my work with reflections and take advantage of the newest technology in my post-processing work."</p>

<p class="artist">

</p>

<p class="artist"></p>
<p class="artist"></p>',
               NULL,
	       1);

##-----------------------------------------------------------------


INSERT INTO art (artist, title, media, width, height, image, pricing_info, main_image, image_width, image_height)
	VALUES(179,
	       'old lady st nicolas in unity',
	       'photographic print',
	       60,
	       42,
	       'old_lady_st',
	       'limited edition print, &pound;95',
	       0,
		650,
		 386);

INSERT INTO art_pricing(art, item_number, description, price)
	VALUES(LAST_INSERT_ID(), 'mm103', 'limited edition print',95);



##---------------------------------------------------------------


INSERT INTO art (artist, title, media, width, height, image, pricing_info, main_image, image_width, image_height)
	VALUES(179,
	       'on reflection',
	       'photographic print',
	       60,
	       42,
	       'on_reflection',
	       'limited edition print, &pound;95',
	       0,
		650,
		 431);

INSERT INTO art_pricing(art, item_number, description, price)
	VALUES(LAST_INSERT_ID(), 'mm104', 'limited edition print',95);



##---------------------------------------------------------------



INSERT INTO art (artist, title, media, width, height, image, pricing_info, main_image, image_width, image_height)
	VALUES(179,
	       'textured liver',
	       'photographic print',
	       60,
	       42,
	       'textured_liver',
	       'limited edition print, &pound;95',
	       0,
		650,
		 433);

INSERT INTO art_pricing(art, item_number, description, price)
	VALUES(LAST_INSERT_ID(), 'mm106', 'limited edition print',95);



##---------------------------------------------------------------



INSERT INTO art (artist, title, media, width, height, image, pricing_info, main_image, image_width, image_height)
	VALUES(179,
	       'the digit counters fall',
	       'photographic print',
	       60,
	       42,
	       'the_digit_counters',
	       'limited edition print, &pound;95',
	       0,
		650,
		 432);

INSERT INTO art_pricing(art, item_number, description, price)
	VALUES(LAST_INSERT_ID(), 'mm108', 'limited edition print',95);



##---------------------------------------------------------------



INSERT INTO art (artist, title, media, width, height, image, pricing_info, main_image, image_width, image_height)
	VALUES(179,
	       'anglican interior',
	       'photographic print',
	       60,
	       42,
	       'anglican_interior',
	       'limited edition print, &pound;95',
	       0,
		650,
		 434);

INSERT INTO art_pricing(art, item_number, description, price)
	VALUES(LAST_INSERT_ID(), 'mm110', 'limited edition print',95);



##---------------------------------------------------------------



INSERT INTO art (artist, title, media, width, height, image, pricing_info, main_image, image_width, image_height)
	VALUES(179,
	       'another place',
	       'photographic print',
	       60,
	       42,
	       'another_place',
	       'limited edition print, &pound;95',
	       0,
		650,
		 429);

INSERT INTO art_pricing(art, item_number, description, price)
	VALUES(LAST_INSERT_ID(), 'mm111', 'limited edition print',95);



##---------------------------------------------------------------




INSERT INTO art (artist, title, media, width, height, image, pricing_info, main_image, image_width, image_height)
	VALUES(179,
	       'chinatown arch',
	       'photographic print',
	       60,
	       42,
	       'chinatown_arch',
	       'limited edition print, &pound;95',
	       0,
		650,
		 431);

INSERT INTO art_pricing(art, item_number, description, price)
	VALUES(LAST_INSERT_ID(), 'mm113', 'limited edition print',95);



##---------------------------------------------------------------



INSERT INTO art (artist, title, media, width, height, image, pricing_info, main_image, image_width, image_height)
	VALUES(179,
	       'do you believe',
	       'photographic print',
	       60,
	       42,
	       'do_you_believe',
	       'limited edition print, &pound;95',
	       0,
		650,
		 370);

INSERT INTO art_pricing(art, item_number, description, price)
	VALUES(LAST_INSERT_ID(), 'mm114', 'limited edition print',95);



##---------------------------------------------------------------






INSERT INTO artist (id, name, statement, notes, display)
	VALUES(180, 'susan lee brown',
	'<p class="artist">
</p>

<p class="artist">Susan Brown is a grumpy cantankerous artist. An American who lives in England. Any art education was far too long ago to be relevant. She has been a Liverpool artist for longer than she wants to admit and is listed on the Art in Liverpool website. Living on a coastline means that beach scenes and depictions of water feature quite a lot in her work. She has work in collections around the globe, in loads of private homes and has frequent exhibitions of her work.</p>

<p class="artist">
</p>

<p class="artist"></p>
<p class="artist"></p>',
               NULL,
	       1);

##-----------------------------------------------------------------

INSERT INTO art (artist, title, media, width, height, image, pricing_info, main_image, image_width, image_height)
	VALUES(180,
	       'liverpool anglican cathedral',
	         'oil on canvas',
	       46,
	       36,
	       'anglican-cathedral',
	       'original, &pound;150',
	       0,
		650,
		 507);

INSERT INTO art_pricing(art, item_number, description, price)
	VALUES(LAST_INSERT_ID(), 'sb130', 'original',130);


##-----------------------------------------------------------------

INSERT INTO art (artist, title, media, width, height, image, pricing_info, main_image, image_width, image_height)
	VALUES(180,
	       'christ the king cathedral',
	         'oil on board',
	       58,
	       51,
	       'cathedral',
	       'original, &pound;125',
	       1,
		650,
		 550);

INSERT INTO art_pricing(art, item_number, description, price)
	VALUES(LAST_INSERT_ID(), 'sb131', 'original',125);


##-----------------------------------------------------------------

INSERT INTO art (artist, title, media, width, height, image, pricing_info, main_image, image_width, image_height)
	VALUES(180,
	       'gateway arch',
	         'oil on canvas',
	       46,
	       36,
	       'gateway-arch',
	       'original, &pound;150',
	       0,
		650,
		 497);

INSERT INTO art_pricing(art, item_number, description, price)
	VALUES(LAST_INSERT_ID(), 'sb132', 'original',150);

##-----------------------------------------------------------------

INSERT INTO art (artist, title, media, width, height, image, pricing_info, main_image, image_width, image_height)
	VALUES(180,
	       'evening liver building',
	         'oil on canvas',
	       61,
	       58,
	       'liver-building',
	       'original, &pound;180',
	       0,
		650,
		 648);

INSERT INTO art_pricing(art, item_number, description, price)
	VALUES(LAST_INSERT_ID(), 'sb133', 'original',180);

##-----------------------------------------------------------------

INSERT INTO art (artist, title, media, width, height, image, pricing_info, main_image, image_width, image_height)
	VALUES(180,
	       'evening palm house',
	         'oil on canvas',
	       61,
	       58,
	       'palm-house',
	       'original, &pound;180',
	       0,
		641,
		 650);

INSERT INTO art_pricing(art, item_number, description, price)
	VALUES(LAST_INSERT_ID(), 'sb134', 'original',180);

##-----------------------------------------------------------------

INSERT INTO art (artist, title, media, width, height, image, pricing_info, main_image, image_width, image_height)
	VALUES(180,
	       'evening st. georges hall',
	         'oil on board',
	       61,
	       58,             
	       'st-georges-hall2',
	       'original, &pound;180',
	       0,
		650,
		 584);

INSERT INTO art_pricing(art, item_number, description, price)
	VALUES(LAST_INSERT_ID(), 'sb135', 'original',180);

##-----------------------------------------------------------------

INSERT INTO art (artist, title, media, width, height, image, pricing_info, main_image, image_width, image_height)
	VALUES(180,
	       'tabby',
	         'lino cut print',
	       17,
	       17,
	       'tabby',
	       'limited edition, &pound;30',
	       0,
		650,
		 646);

INSERT INTO art_pricing(art, item_number, description, price)
	VALUES(LAST_INSERT_ID(), 'sb121', 'limited edition',30);


##-----------------------------------------------------------------
INSERT INTO art (artist, title, media, width, height, image, pricing_info, main_image, image_width, image_height)
	VALUES(180,
	       'autumn cat',
	         'lino cut print',
	       17,
	       17,
	       'autumn-cat',
	       'limited edition, &pound;30',
	       0,
		650,
		 628);

INSERT INTO art_pricing(art, item_number, description, price)
	VALUES(LAST_INSERT_ID(), 'sb120', 'limited edition',30);


##-----------------------------------------------------------------

INSERT INTO art (artist, title, media, width, height, image, pricing_info, main_image, image_width, image_height)
	VALUES(180,
	       'dozing cat',
	         'lino cut print',
	       17,
	       17,
	       'dozing-cat',
	       'limited edition, &pound;30',
	       0,
		650,
		 636);

INSERT INTO art_pricing(art, item_number, description, price)
	VALUES(LAST_INSERT_ID(), 'sb106', 'limited edition',30);


##-----------------------------------------------------------------


INSERT INTO art (artist, title, media, width, height, image, pricing_info, main_image, image_width, image_height)
	VALUES(180,
	       'hares dream 2',
	         'chiaroscuro print',
	       30,
	       30,
	       'hares-dream-2',
	       'limited edition, &pound;75',
	       0,
		596,
		 650);

INSERT INTO art_pricing(art, item_number, description, price)
	VALUES(LAST_INSERT_ID(), 'sb107', 'limited edition',75);


##-----------------------------------------------------------------

INSERT INTO art (artist, title, media, width, height, image, pricing_info, main_image, image_width, image_height)
	VALUES(180,
	       'sumatran flora fauna and tiger',
	         'woodcut print',
	       40,
	       37,
	       'flora-fauna-tiger',
	       'limited edition, &pound;200',
	       0,
		610,
		 650);

INSERT INTO art_pricing(art, item_number, description, price)
	VALUES(LAST_INSERT_ID(), 'sb108', 'limited edition',200);


##-----------------------------------------------------------------



INSERT INTO art (artist, title, media, width, height, image, pricing_info, main_image, image_width, image_height)
	VALUES(180,
	       'leaping hare brown',
	         'lino cut print',
	       14,
	       14,
	       'leaping-hare-brown',
	       'limited edition, &pound;30',
	       0,
		641,
		 650);

INSERT INTO art_pricing(art, item_number, description, price)
	VALUES(LAST_INSERT_ID(), 'sb109', 'limited edition',30);


##-----------------------------------------------------------------



INSERT INTO art (artist, title, media, width, height, image, pricing_info, main_image, image_width, image_height)
	VALUES(180,
	       'leaping hare',
	         'lino cut print',
	       14,
	       14,
	       'leaping-hare',
	       'limited edition, &pound;30',
	       0,
		648,
		 650);

INSERT INTO art_pricing(art, item_number, description, price)
	VALUES(LAST_INSERT_ID(), 'sb110', 'limited edition',30);


##-----------------------------------------------------------------

INSERT INTO art (artist, title, media, width, height, image, pricing_info, main_image, image_width, image_height)
	VALUES(180,
	       'swimming otter',
	         'lino cut print',
	       17,
	       17,
	       'swimming-otter',
	       'limited edition, &pound;30',
	       0,
		454,
		 650);

INSERT INTO art_pricing(art, item_number, description, price)
	VALUES(LAST_INSERT_ID(), 'sb122', 'limited edition',30);


##-----------------------------------------------------------------




INSERT INTO art (artist, title, media, width, height, image, pricing_info, main_image, image_width, image_height)
	VALUES(180,
	       'sleepy owls',
	         'lino cut print',
	       33,
	       20,
	       'sleepy-owls',
	       'limited edition, &pound;75',
	       0,
		650,
		 422);

INSERT INTO art_pricing(art, item_number, description, price)
	VALUES(LAST_INSERT_ID(), 'sb111', 'limited edition',75);


##-----------------------------------------------------------------




INSERT INTO art (artist, title, media, width, height, image, pricing_info, main_image, image_width, image_height)
	VALUES(180,
	       'eclipse',
	         'wood cut print',
	       57,
	       44,
	       'eclipse',
	       'limited edition, &pound;200',
	       0,
		650,
		 513);

INSERT INTO art_pricing(art, item_number, description, price)
	VALUES(LAST_INSERT_ID(), 'sb112', 'limited edition',200);


##-----------------------------------------------------------------


INSERT INTO art (artist, title, media, width, height, image, pricing_info, main_image, image_width, image_height)
	VALUES(180,
	       'rothschild giraffes',
	         'drypoint print',
	       40,
	       58,
	       'giraffes',
	       'limited edition, &pound;120',
	       0,
		447,
		 650);

INSERT INTO art_pricing(art, item_number, description, price)
	VALUES(LAST_INSERT_ID(), 'sb113', 'limited edition',120);


##-----------------------------------------------------------------

INSERT INTO art (artist, title, media, width, height, image, pricing_info, main_image, image_width, image_height)
	VALUES(180,
	       'cheeky fox',
	         'drypoint print',
	       20,
	       29,
	       'cheeky-fox',
	       'limited edition, &pound;30',
	       0,
		454,
		 650);

INSERT INTO art_pricing(art, item_number, description, price)
	VALUES(LAST_INSERT_ID(), 'sb123', 'limited edition',30);


##-----------------------------------------------------------------

INSERT INTO art (artist, title, media, width, height, image, pricing_info, main_image, image_width, image_height)
	VALUES(180,
	       'crane',
	         'relief print',
	       15,
	       15,
	       'crane',
	       'limited edition, &pound;30',
	       0,
		630,
		 650);

INSERT INTO art_pricing(art, item_number, description, price)
	VALUES(LAST_INSERT_ID(), 'sb124', 'limited edition',30);


##-----------------------------------------------------------------


INSERT INTO art (artist, title, media, width, height, image, pricing_info, main_image, image_width, image_height)
	VALUES(180,
	       'summer cats',
	         'drypoint print',
	       20,
	       29,
	       'summer-cats',
	       'limited edition, &pound;30',
	       0,
		435,
		 650);

INSERT INTO art_pricing(art, item_number, description, price)
	VALUES(LAST_INSERT_ID(), 'sb125', 'limited edition',30);


##-----------------------------------------------------------------



INSERT INTO art (artist, title, media, width, height, image, pricing_info, main_image, image_width, image_height)
	VALUES(180,
	       'baby blue tits',
	         'drypoint print with chine colle',
	       70,
	       22,
	       'baby-blue-tits',
	       'limited edition, &pound;150',
	       0,
		650,
		 178);

INSERT INTO art_pricing(art, item_number, description, price)
	VALUES(LAST_INSERT_ID(), 'sb126', 'limited edition',150);


##-----------------------------------------------------------------



INSERT INTO art (artist, title, media, width, height, image, pricing_info, main_image, image_width, image_height)
	VALUES(180,
	       'magpie',
	         'drypoint print',
	       40,
	       51,
	       'magpie',
	       'limited edition, &pound;35',
	       0,
		650,
		 465);

INSERT INTO art_pricing(art, item_number, description, price)
	VALUES(LAST_INSERT_ID(), 'sb117', 'limited edition',35);



##---------------------------------------------------------------




INSERT INTO art (artist, title, media, width, height, image, pricing_info, main_image, image_width, image_height)
	VALUES(180,
	       'waiting 3',
	         'drypoint print',
	       40,
	       51,
	       'waiting-3',
	       'limited edition, &pound;35',
	       0,
		427,
		 650);

INSERT INTO art_pricing(art, item_number, description, price)
	VALUES(LAST_INSERT_ID(), 'sb118', 'limited edition',35);


##---------------------------------------------------------------
		

INSERT INTO artist (id, name, statement, notes, display)
	VALUES(199, 'andrew kinmont',
	'<p class="artist">Andrew Kinmont ABRSA graduated from University of Wales with a first class Fine Art honours degree, obtaining further training from St Martins College London and West Dean College, Chichester.  In 2014 he was elected as an Associate Member of the prestigious Royal Birmingham Society of Artists. He exhibits work extensively, including regular selection for the Royal Institute of Oil Painters annual exhibition at the Mall Galleries, London. He has the following to say about his work:
</p>

<p class="artist">"I respond to my own sensory experience of landscape through direct gestural brushmarks, which trigger the senses and resonate on a deeply emotive level. I hope these paintings act as vehicles for viewers to connect with places, experiences or memories deep in their subconscious, taking them on a journey of their own."
</p>

<p class="artist">

</p>

<p class="artist"></p>',
               NULL,
	       1);

##---------------------------------------------------------------

INSERT INTO art (artist, title, media, width, height, image, pricing_info, main_image, image_width, image_height)
	VALUES(199,
	       'break in the clouds',
	       'acrylic on canvas board',
	       75,
	       71,
	       'break-in-clouds',
	       'original, &pound;1449',
	       0,
		623,
		 650);

INSERT INTO art_pricing(art, item_number, description, price)
	VALUES(LAST_INSERT_ID(), 'ak123', 'original',1449);

##---------------------------------------------------------------

INSERT INTO art (artist, title, media, width, height, image, pricing_info, main_image, image_width, image_height)
	VALUES(199,
	       'afternoon clouds',
	       'oil on canvas',
	       60,
	       60,
	       'afternoon-clouds',
	       'original, &pound;1249',
	       0,
		650,
		 650);

INSERT INTO art_pricing(art, item_number, description, price)
	VALUES(LAST_INSERT_ID(), 'ak124', 'original',1249);
	
##---------------------------------------------------------------

INSERT INTO art (artist, title, media, width, height, image, pricing_info, main_image, image_width, image_height)
	VALUES(199,
	       'in the moment',
	       'oil on canvas',
	       50,
	       50,
	       'in-the-moment',
	       'original, &pound;999',
	       0,
		647,
		 650);

INSERT INTO art_pricing(art, item_number, description, price)
	VALUES(LAST_INSERT_ID(), 'ak125', 'original',999);

##---------------------------------------------------------------

INSERT INTO art (artist, title, media, width, height, image, pricing_info, main_image, image_width, image_height)
	VALUES(199,
	       'low tide',
	       'oil on canvas',
	       40,
	       40,
	       'low-tide',
	       'original, &pound;850',
	       0,
		650,
		 650);

INSERT INTO art_pricing(art, item_number, description, price)
	VALUES(LAST_INSERT_ID(), 'ak126', 'original',850);

##---------------------------------------------------------------

INSERT INTO art (artist, title, media, width, height, image, pricing_info, main_image, image_width, image_height)
	VALUES(199,
	       'out to sea',
	       'oil on canvas',
	       50,
	       50,
	       'out-to-sea',
	       'original, &pound;999',
	       0,
		650,
		 650);

INSERT INTO art_pricing(art, item_number, description, price)
	VALUES(LAST_INSERT_ID(), 'ak127', 'original',999);

##---------------------------------------------------------------

INSERT INTO art (artist, title, media, width, height, image, pricing_info, main_image, image_width, image_height)
	VALUES(199,
	       'strata i',
	       'oil on canvas',
	       50,
	       50,
	       'strata-i',
	       'original, &pound;999',
	       0,
		647,
		 650);

INSERT INTO art_pricing(art, item_number, description, price)
	VALUES(LAST_INSERT_ID(), 'ak128', 'original',999);

##---------------------------------------------------------------


INSERT INTO art (artist, title, media, width, height, image, pricing_info, main_image, image_width, image_height)
	VALUES(199,
	       'yellow sands',
	       'acrylic on canvas',
	       30,
	       30,
	       'yellow-sands',
	       'original, &pound;680',
	       0,
		650,
		 649);

INSERT INTO art_pricing(art, item_number, description, price)
	VALUES(LAST_INSERT_ID(), 'ak129', 'original',680);

##---------------------------------------------------------------

 

INSERT INTO art (artist, title, media, width, height, image, pricing_info, main_image, image_width, image_height)
	VALUES(199,
	       'cloud rise',
	       'mixed media',
	       50,
	       50,
	       'cloud-rise',
	       'original, &pound;999',
	       0,
		650,
		 650);

INSERT INTO art_pricing(art, item_number, description, price)
	VALUES(LAST_INSERT_ID(), 'ak122', 'original',999);



##---------------------------------------------------------------      



INSERT INTO art (artist, title, media, width, height, image, pricing_info, main_image, image_width, image_height)
	VALUES(199,
	       'grassland 1',
	       'oil on canvas board',
	       104,
	       76,
	       'grassland-1',
	       'original, &pound;1690',
	       1,
		650,
		 487);

INSERT INTO art_pricing(art, item_number, description, price)
	VALUES(LAST_INSERT_ID(), 'ak121', 'original',1690);



##---------------------------------------------------------------      



INSERT INTO art (artist, title, media, width, height, image, pricing_info, main_image, image_width, image_height)
	VALUES(199,
	       'grassland 2',
	       'oil on canvas board',
	       30,
	       30,
	       'grassland-2',
	       'original, &pound;680',
	       0,
		650,
		 650);

INSERT INTO art_pricing(art, item_number, description, price)
	VALUES(LAST_INSERT_ID(), 'ak120', 'original',680);



##---------------------------------------------------------------      



INSERT INTO art (artist, title, media, width, height, image, pricing_info, main_image, image_width, image_height)
	VALUES(199,
	       'skyblaze',
	       'oil and acrylics on canvas',
	       70,
	       70,
	       'skyblaze',
	       'original, &pound;1399',
	       0,
		645,
		 650);

INSERT INTO art_pricing(art, item_number, description, price)
	VALUES(LAST_INSERT_ID(), 'ak119', 'original',1399);



##---------------------------------------------------------------      



INSERT INTO art (artist, title, media, width, height, image, pricing_info, main_image, image_width, image_height)
	VALUES(199,
	       'tangerine summer',
	       'oil on canvas board',
	       50,
	       50,
	       'tangerine-summer',
	       'original, &pound;999',
	       0,
		650,
		 650);

INSERT INTO art_pricing(art, item_number, description, price)
	VALUES(LAST_INSERT_ID(), 'ak118', 'original',999);



##---------------------------------------------------------------

INSERT INTO art (artist, title, media, width, height, image, pricing_info, main_image, image_width, image_height)
	VALUES(199,
	       'across the bay',
	       'acrylic on canvas board',
	       50,
	       50,
	       'across-the-bay',
	       'original, &pound;999',
	       0,
		650,
		 641);

INSERT INTO art_pricing(art, item_number, description, price)
	VALUES(LAST_INSERT_ID(), 'ak117', 'original',999);



##---------------------------------------------------------------   



INSERT INTO art (artist, title, media, width, height, image, pricing_info, main_image, image_width, image_height)
	VALUES(199,
	       'high trail',
	       'acrylic on canvas board',
	       60,
	       60,
	       'high-trail',
	       'original, &pound;1250',
	       0,
		643,
		 650);

INSERT INTO art_pricing(art, item_number, description, price)
	VALUES(LAST_INSERT_ID(), 'ak116', 'original',1250);



##---------------------------------------------------------------    



INSERT INTO art (artist, title, media, width, height, image, pricing_info, main_image, image_width, image_height)
	VALUES(199,
	       'sea heat 1',
	       'acrylic on canvas board',
	       35,
	       33,
	       'sea-heat-1',
	       'original, &pound;450',
	       0,
		650,
		 619);

INSERT INTO art_pricing(art, item_number, description, price)
	VALUES(LAST_INSERT_ID(), 'ak115', 'original',450);



##---------------------------------------------------------------    



INSERT INTO art (artist, title, media, width, height, image, pricing_info, main_image, image_width, image_height)
	VALUES(199,
	       'sinking westwards',
	       'acrylic on canvas board',
	       60,
	       34,
	       'sinking-westwards',
	       'original, &pound;940',
	       0,
		650,
		 356);

INSERT INTO art_pricing(art, item_number, description, price)
	VALUES(LAST_INSERT_ID(), 'ak114', 'original',940);



##---------------------------------------------------------------       



INSERT INTO art (artist, title, media, width, height, image, pricing_info, main_image, image_width, image_height)
	VALUES(199,
	       'the dancer',
	       'acrylic on canvas board',
	       60,
	       60,
	       'the-dancer',
	       'original, &pound;1250',
	       0,
		650,
		 648);

INSERT INTO art_pricing(art, item_number, description, price)
	VALUES(LAST_INSERT_ID(), 'ak113', 'original',1250);



##---------------------------------------------------------------



INSERT INTO art (artist, title, media, width, height, image, pricing_info, main_image, image_width, image_height)
	VALUES(199,
	       'canyon hues',
	       'acrylic on canvas',
	       104,
	       76,
	       'canyon-hues',
	       'original, &pound;1690',
	       0,
		650,
		 489);

INSERT INTO art_pricing(art, item_number, description, price)
	VALUES(LAST_INSERT_ID(), 'ak101', 'original',1690);



##---------------------------------------------------------------  



INSERT INTO art (artist, title, media, width, height, image, pricing_info, main_image, image_width, image_height)
	VALUES(199,
	       'evening light',
	       'mixed media on canvas',
	       50,
	       50,
	       'evening-light',
	       'original, &pound;999',
	       0,
		650,
		 649);

INSERT INTO art_pricing(art, item_number, description, price)
	VALUES(LAST_INSERT_ID(), 'ak102', 'original',999);



##---------------------------------------------------------------   



INSERT INTO art (artist, title, media, width, height, image, pricing_info, main_image, image_width, image_height)
	VALUES(199,
	       'beyond the sands',
	       'oil on canvas',
	       60,
	       60,
	       'beyond-the-sands',
	       'original, &pound;1250',
	       0,
		647,
		 650);

INSERT INTO art_pricing(art, item_number, description, price)
	VALUES(LAST_INSERT_ID(), 'ak103', 'original',1250);



##---------------------------------------------------------------   



INSERT INTO art (artist, title, media, width, height, image, pricing_info, main_image, image_width, image_height)
	VALUES(199,
	       'outback',
	       'acrylic on canvas',
	       70,
	       70,
	       'outback',
	       'original, &pound;1050',
	       0,
		647,
		 650);

INSERT INTO art_pricing(art, item_number, description, price)
	VALUES(LAST_INSERT_ID(), 'ak104', 'original',1050);



##---------------------------------------------------------------    




INSERT INTO art (artist, title, media, width, height, image, pricing_info, main_image, image_width, image_height)
	VALUES(199,
	       'eyes in the meadow 2',
	       'acrylic on canvas',
	       70,
	       70,
	       'eyes-in-2',
	       'original, &pound;1399',
	       0,
		650,
		 650);

INSERT INTO art_pricing(art, item_number, description, price)
	VALUES(LAST_INSERT_ID(), 'ak106', 'original',1399);



##---------------------------------------------------------------  



INSERT INTO art (artist, title, media, width, height, image, pricing_info, main_image, image_width, image_height)
	VALUES(199,
	       'green valley',
	       'oil on canvas',
	       50,
	       50,
	       'green-valley',
	       'original, &pound;800',
	       0,
		646,
		 650);

INSERT INTO art_pricing(art, item_number, description, price)
	VALUES(LAST_INSERT_ID(), 'ak107', 'original',800);





##---------------------------------------------------------------  



INSERT INTO art (artist, title, media, width, height, image, pricing_info, main_image, image_width, image_height)
	VALUES(199,
	       'promise of spring',
	       'oil on canvas',
	       40,
	       40,
	       'promise-of-spring',
	       'original, &pound;850',
	       0,
		649,
		 650);

INSERT INTO art_pricing(art, item_number, description, price)
	VALUES(LAST_INSERT_ID(), 'ak109', 'original',850);



##---------------------------------------------------------------   



INSERT INTO art (artist, title, media, width, height, image, pricing_info, main_image, image_width, image_height)
	VALUES(199,
	       'flood waters 1',
	       'oil on canvas board',
	       50,
	       50,
	       'flood-waters-1',
	       'original, &pound;999',
	       0,
		645,
		 650);

INSERT INTO art_pricing(art, item_number, description, price)
	VALUES(LAST_INSERT_ID(), 'ak110', 'original',999);



##---------------------------------------------------------------  



INSERT INTO art (artist, title, media, width, height, image, pricing_info, main_image, image_width, image_height)
	VALUES(199,
	       'summer clouds 2',
	       'oil on canvas',
	       60,
	       60,
	       'summer-clouds-2',
	       'original, &pound;980',
	       0,
		641,
		 650);

INSERT INTO art_pricing(art, item_number, description, price)
	VALUES(LAST_INSERT_ID(), 'ak111', 'original',980);



##---------------------------------------------------------------  



INSERT INTO art (artist, title, media, width, height, image, pricing_info, main_image, image_width, image_height)
	VALUES(199,
	       'pale light turners pool',
	       'oil on canvas',
	       50,
	       50,
	       'pale-light-turners',
	       'original, &pound;999',
	       0,
		634,
		 650);

INSERT INTO art_pricing(art, item_number, description, price)
	VALUES(LAST_INSERT_ID(), 'ak112', 'original',999);



##---------------------------------------------------------------



INSERT INTO artist (id, name, statement, notes, display)
	VALUES(202, 'sue lemasurier',
	'<p class="artist">Born in the UK in 1949, Sue explores aspects of her identity through digital photography, collage and painting. She completed a BA in Fine Art at Liverpool John Moores University in 2009 has shown in the Open exhibition at Chapel Gallery, Ormskirk in 2006 and  2008 and her unusual collages on acetate were well received in an exhibition entitled "New Blood" as part of the Biennial Independents in Liverpool city centre in 2008.
</p>

<p class="artist">The artist describes her working process:
</p>

<p class="artist">"My inspiration comes from images which resonate with aspects of my identity. Taking photographs as my starting point, I crop, manipulate and collage them, and use the results as a basis for paintings.  My love of colour originates from being in the garden of my childhood home and my final degree exhibition included a vibrant woodland painting which could be turned to enable viewing from different perspectives.  Other work has incorporated line, pattern and colour relating to my identity as an Anglo-Indian woman, as well as work which draws upon aspects of the environment that I come across in my daily life. Currently I am working on a series of colourful abstract paintings based upon images of ripples on water as well as looking at the effect of having images printed upon less traditional surfaces such as aluminium and acrylic, future plans are to develop a series of abstract landscapes using palette knives and less traditional painting techniques."
</p>

<p class="artist"></p>',
               NULL,
	       1);

##---------------------------------------------------------------

INSERT INTO art (artist, title, media, width, height, image, pricing_info, main_image, image_width, image_height)
	VALUES(202,
	        'breeze',
	       'acrylic on canvas',
	       60,
	       50,
	       'breeze',
	      'original, &pound;225',
	       0,
		650,
		 547);


INSERT INTO art_pricing(art, item_number, description, price)
	VALUES(LAST_INSERT_ID(), 'sl120', 'original', 225);


##---------------------------------------------------------------


INSERT INTO art (artist, title, media, width, height, image, pricing_info, main_image, image_width, image_height)
	VALUES(202,
	        'siesta',
	       'acrylic on canvas',
	       60,
	       50,
	       'siesta',
	      'original, &pound;225',
	       0,
		650,
		 558);


INSERT INTO art_pricing(art, item_number, description, price)
	VALUES(LAST_INSERT_ID(), 'sl121', 'original', 225);


##---------------------------------------------------------------

INSERT INTO art (artist, title, media, width, height, image, pricing_info, main_image, image_width, image_height)
	VALUES(202,
	        'redwood',
	       'acrylics and oils on canvas',
	       100,
	       100,
	       'redwood',
	      'original, &pound;475',
	       1,
		650,
		 649);


INSERT INTO art_pricing(art, item_number, description, price)
	VALUES(LAST_INSERT_ID(), 'sl112', 'original', 475);


##---------------------------------------------------------------

INSERT INTO art (artist, title, media, width, height, image, pricing_info, main_image, image_width, image_height)
	VALUES(202,
	        'woodland no 4',
	       'oils on canvas',
	       100,
	       100,
	       'woodland_no_4',
	      'original, &pound;325',
	       0,
		648,
		 650);


INSERT INTO art_pricing(art, item_number, description, price)
	VALUES(LAST_INSERT_ID(), 'sl101', 'original', 325);


##---------------------------------------------------------------


INSERT INTO art (artist, title, media, width, height, image, pricing_info, main_image, image_width, image_height)
	VALUES(202,
	       'pewter lake',
	       'digital print on canvas',
	       42,
	       56,
	       'pewter_lake',
	      'limited edition print, &pound;245',
	       0,
		487,
		 650);


INSERT INTO art_pricing(art, item_number, description, price)
	VALUES(LAST_INSERT_ID(), 'sl102', 'limited edition print', 245);


##---------------------------------------------------------------



INSERT INTO art (artist, title, media, width, height, image, pricing_info, main_image, image_width, image_height)
	VALUES(202,
	       'first rock',
	       'digital print on aluminium',
	       42,
	       56,
	       'first_rock',
	      'limited edition print, &pound;345',
	       0,
		479,
		 650);


INSERT INTO art_pricing(art, item_number, description, price)
	VALUES(LAST_INSERT_ID(), 'sl106', 'limited edition print', 345);


##---------------------------------------------------------------

INSERT INTO art (artist, title, media, width, height, image, pricing_info, main_image, image_width, image_height)
	VALUES(202,
	       'crystalised',
	       'digital print on acrylic',
	       42,
	       31,
	       'crystalised',
	      'limited edition print, &pound;275',
	       0,
		650,
		 483);


INSERT INTO art_pricing(art, item_number, description, price)
	VALUES(LAST_INSERT_ID(), 'sl103', 'limited edition print', 275);


##---------------------------------------------------------------


INSERT INTO art (artist, title, media, width, height, image, pricing_info, main_image, image_width, image_height)
	VALUES(202,
	       'dark trader',
	       'digital print on aluminium',
	       42,
	       56,
	       'dark_trader',
	      'limited edition print, &pound;325',
	       0,
		488,
		 650);


INSERT INTO art_pricing(art, item_number, description, price)
	VALUES(LAST_INSERT_ID(), 'sl104', 'limited edition print', 325);


##---------------------------------------------------------------


INSERT INTO art (artist, title, media, width, height, image, pricing_info, main_image, image_width, image_height)
	VALUES(202,
	       'dripping',
	       'digital print on aluminium',
	       42,
	       56,
	       'dripping',
	      'limited edition print, &pound;325',
	       0,
		467,
		 650);


INSERT INTO art_pricing(art, item_number, description, price)
	VALUES(LAST_INSERT_ID(), 'sl05', 'limited edition print', 325);


##---------------------------------------------------------------



INSERT INTO art (artist, title, media, width, height, image, pricing_info, main_image, image_width, image_height)
	VALUES(202,
	       'metropolis 1',
	       'digital print on aluminium ',
	       42,
	       56,
	       'metroplis_1',
	      'limited edition print, &pound;325',
	       0,
		525,
		 650);


INSERT INTO art_pricing(art, item_number, description, price)
	VALUES(LAST_INSERT_ID(), 'sl107', 'limited edition print', 325);


##---------------------------------------------------------------


INSERT INTO art (artist, title, media, width, height, image, pricing_info, main_image, image_width, image_height)
	VALUES(202,
	       'midnight rose',
	       'digital print on aluminium ',
	       42,
	       56,
	       'midnight_rose',
	      'limited edition print, &pound;325',
	       0,
		488,
		 650);


INSERT INTO art_pricing(art, item_number, description, price)
	VALUES(LAST_INSERT_ID(), 'sl108', 'limited edition print', 325);


##---------------------------------------------------------------


INSERT INTO art (artist, title, media, width, height, image, pricing_info, main_image, image_width, image_height)
	VALUES(202,
	        'slums in ink',
	       'digital print on aluminium',
	       59,
	       59,
	       'slums_in_ink',
	      'limited edition print, &pound;325',
	       0,
		650,
		 601);


INSERT INTO art_pricing(art, item_number, description, price)
	VALUES(LAST_INSERT_ID(), 'sl109', 'limited edition print', 325);


##---------------------------------------------------------------


INSERT INTO art (artist, title, media, width, height, image, pricing_info, main_image, image_width, image_height)
	VALUES(202,
	        'lipstick',
	       'digital print on acrylic',
	       42,
	       31,
	       'lipstick',
	      'limited edition print, &pound;325',
	       0,
		501,
		 650);


INSERT INTO art_pricing(art, item_number, description, price)
	VALUES(LAST_INSERT_ID(), 'sl110', 'limited edition print', 325);


##---------------------------------------------------------------


INSERT INTO art (artist, title, media, width, height, image, pricing_info, main_image, image_width, image_height)
	VALUES(202,
	        'waterlillies',
	       'digital print on aluminium',
	       42,
	       56,
	       'waterlillies',
	      'limited edition print, &pound;325',
	       0,
		650,
		 447);


INSERT INTO art_pricing(art, item_number, description, price)
	VALUES(LAST_INSERT_ID(), 'sl111', 'limited edition print', 325);


##--------------------------------------------------------------- 


	




	
	


INSERT INTO artist (id, name, statement, notes, display)
	VALUES(210, 'ricky young',
	'<p class="artist">As a self-taught artist starting at a young age I have created artwork ranging from many styles such as portraiture, traditional landscapes, impressionism and abstract art using a whole spectrum of mediums. 
</p>

<p class="artist">I have found my love with Abstract Expressionism. To me it is complete expressionism; it is purity of formation. Painting this way is a creation of the spiritual that comes from my heart, creating objects but not concrete-objects and the use of colours in a way to create movement and harmony. Like nature, its a unity of all-encompassing life; the rhythm of life creating the relationship. 
</p>

<p class="artist">The common elements of my work include tonal values of colour, rich and pure pigments, layers of glazes with suspended colour all to create depth and emotion. My work applies the fundamental principles set by the original artists of the post-war Abstract Expressionist movement. My aim is to produce thought provoking art that stimulates interest leaving the narrative to the individual. I want you to see the evolution of nature in my work created by colour and form. 
</p>

<p class="artist"></p>',
               NULL,
	       1);

##---------------------------------------------------------------


INSERT INTO art (artist, title, media, width, height, image, pricing_info, main_image, image_width, image_height)
	VALUES(210,
	       'arranging thoughts',
	       'framed pastel study',
	       43,
	       28,
	       'arranging-thoughts',
	      'original, &pound;125',
	       0,
		650,
		 433);
	     
		
INSERT INTO art_pricing(art, item_number, description, price)
	VALUES(LAST_INSERT_ID(), 'yd101', 'original', 125);

##---------------------------------------------------------------


INSERT INTO art (artist, title, media, width, height, image, pricing_info, main_image, image_width, image_height)
	VALUES(210,
	       'comfort factor',
	       'oil on canvas',
	       61,
	       51,
	       'comfort-factor',
	      'original, &pound;495',
	       0,
		650,
		 520);
	     
		
INSERT INTO art_pricing(art, item_number, description, price)
	VALUES(LAST_INSERT_ID(), 'yd102', 'original', 495);

##---------------------------------------------------------------


INSERT INTO art (artist, title, media, width, height, image, pricing_info, main_image, image_width, image_height)
	VALUES(210,
	       'direct pathway',
	       'oil on canvas',
	       61,
	       51,
	       'direct-pathway',
	      'original, &pound;495',
	       0,
		650,
		 520);
	     
		
INSERT INTO art_pricing(art, item_number, description, price)
	VALUES(LAST_INSERT_ID(), 'yd103', 'original', 495);

##---------------------------------------------------------------


INSERT INTO art (artist, title, media, width, height, image, pricing_info, main_image, image_width, image_height)
	VALUES(210,
	       'hidden agenda',
	       'oil on canvas',
	       91,
	       91,
	       'hidden-agenda',
	      'original, &pound;1595',
	       0,
		650,
		 650);
	     
		
INSERT INTO art_pricing(art, item_number, description, price)
	VALUES(LAST_INSERT_ID(), 'yd104', 'original', 1595);

##---------------------------------------------------------------


INSERT INTO art (artist, title, media, width, height, image, pricing_info, main_image, image_width, image_height)
	VALUES(210,
	       'making decisions',
	       'framed pastel study',
	       43,
	       28,
	       'making-decisions',
	      'original, &pound;125',
	       0,
		650,
		 433);
	     
		
INSERT INTO art_pricing(art, item_number, description, price)
	VALUES(LAST_INSERT_ID(), 'yd105', 'original', 125);

##---------------------------------------------------------------


INSERT INTO art (artist, title, media, width, height, image, pricing_info, main_image, image_width, image_height)
	VALUES(210,
	       'mood swings 2',
	       'oil on canvas',
	       43,
	       28,
	       'mood-swings-2',
	      'original, &pound;495',
	       0,
		650,
		 520);
	     
		
INSERT INTO art_pricing(art, item_number, description, price)
	VALUES(LAST_INSERT_ID(), 'yd106', 'original', 495);

##---------------------------------------------------------------


INSERT INTO art (artist, title, media, width, height, image, pricing_info, main_image, image_width, image_height)
	VALUES(210,
	       'sombre',
	       'oil on canvas',
	       91,
	       91,
	       'sombre',
	      'original, &pound;1595',
	       1,
		650,
		 650);
	     
		
INSERT INTO art_pricing(art, item_number, description, price)
	VALUES(LAST_INSERT_ID(), 'yd107', 'original', 1595);

##---------------------------------------------------------------


INSERT INTO art (artist, title, media, width, height, image, pricing_info, main_image, image_width, image_height)
	VALUES(210,
	       'suspended moment',
	       'oil on canvas',
	       61,
	       51,
	       'suspended-moment',
	      'original, &pound;495',
	       0,
		650,
		 531);
	     
		
INSERT INTO art_pricing(art, item_number, description, price)
	VALUES(LAST_INSERT_ID(), 'yd108', 'original', 495);

##---------------------------------------------------------------


INSERT INTO art (artist, title, media, width, height, image, pricing_info, main_image, image_width, image_height)
	VALUES(210,
	       'tension breaker',
	       'framed pastel study',
	       43,
	       28,
	       'tension-breaker',
	      'original, &pound;4125',
	       0,
		650,
		 433);
	     
		
INSERT INTO art_pricing(art, item_number, description, price)
	VALUES(LAST_INSERT_ID(), 'yd109', 'original', 125);

##---------------------------------------------------------------


INSERT INTO art (artist, title, media, width, height, image, pricing_info, main_image, image_width, image_height)
	VALUES(210,
	       'thoughts in golden ',
	       'oil on canvas',
	       61,
	       51,
	       'thoughts-in-golden',
	      'original, &pound;495',
	       0,
		650,
		 520);
	     
		
INSERT INTO art_pricing(art, item_number, description, price)
	VALUES(LAST_INSERT_ID(), 'yd110', 'original', 495);

##---------------------------------------------------------------


	







INSERT INTO artist (id, name, statement, notes, display)
	VALUES(211, 'david brightmore',
	'<p class="artist">Originally from South Yorkshire, I studied Business Management in Cardiff and Fine Art in Sheffield. I lived in the Snowdonia village of Rhyd-Ddu from 1985 until 2004, learned the Welsh language and have a close affinity with life in Wales. I have run and walked most of the mountains and hills here and though my landscape paintings and drawings are rarely specific to one recognisable place, they endeavour to express certain essential dramatic and lyrical qualities of the North Wales environment.
</p>

<p class="artist">I have been a full-time painter since 2000 and have held solo exhibitions in numerous North Wales venues such as; Theatr Gwynedd, Theatr Clwyd Cymru, Wrexham Arts Centre, Oriel Corwen, Royal International Pavillion, Llangollen and at Oriel Plas Glyn y Weddw, Llanbedrog, where I was Chairman of the Board of Management for four years.
</p>

<p class="artist">I am told that my work is vigorous and energetic; certainly my response to the environment has been both physical and emotional and maybe this comes across. I am currently influenced by the landscape of Clwyd, and the urban environment of Chester, Manchester and  Sheffield. My most recent work  reflects my  interest in "family history" hence a series of "figure-scapes", searching for the rhythm of land and figure, often in  primordial settings. All of this and with reference to more global issues, I developed on my M.A. Fine Art Course at Glyndwr University, where the subject of "rhythm and gesture in relation to romanticism" was central to my studies which I completed in 2011.
</p>

<p class="artist"></p>',
               NULL,
	       1);

##---------------------------------------------------------------




INSERT INTO art (artist, title, media, width, height, image, pricing_info, main_image, image_width, image_height)
	VALUES(211,
	        'hills are alive 24 ',
	       'acrylics and inks',
	       135,
	       105,
	       'hills-are-alive24',
	      'original, &pound;1950',
	       0,
		650,
		 485);


INSERT INTO art_pricing(art, item_number, description, price)
	VALUES(LAST_INSERT_ID(), 'de101', 'original',1950);


##--------------------------------------------------------------- 




INSERT INTO art (artist, title, media, width, height, image, pricing_info, main_image, image_width, image_height)
	VALUES(211,
	        'wild wales 7',
	       'acrylics and inks',
	       135,
	       100,
	       'wild-wales-7',
	      'original, &pound;1950',
	       0,
		650,
		 468);


INSERT INTO art_pricing(art, item_number, description, price)
	VALUES(LAST_INSERT_ID(), 'de102', 'original',1950);


##---------------------------------------------------------------




INSERT INTO art (artist, title, media, width, height, image, pricing_info, main_image, image_width, image_height)
	VALUES(211,
	        'wild wales 14',
	       'acrylics and inks',
	       84,
	       84,
	       'wild-wales-14',
	      'original, &pound;1250',
	       0,
		647,
		 650);


INSERT INTO art_pricing(art, item_number, description, price)
	VALUES(LAST_INSERT_ID(), 'de103', 'original',1250);


##--------------------------------------------------------------- 




INSERT INTO art (artist, title, media, width, height, image, pricing_info, main_image, image_width, image_height)
	VALUES(211,
	        'wild wales 16',
	       'acrylics and inks',
	       73,
	       103,
	       'wild-wales-16',
	      'original, &pound;1350',
	       0,
		463,
		 650);


INSERT INTO art_pricing(art, item_number, description, price)
	VALUES(LAST_INSERT_ID(), 'de104', 'original',1350);


##--------------------------------------------------------------- 




INSERT INTO art (artist, title, media, width, height, image, pricing_info, main_image, image_width, image_height)
	VALUES(211,
	        'landscape celebration 18',
	       'acrylics and inks',
	       115,
	       85,
	       'landscape-celebration-18',
	      'original, &pound;1550',
	       0,
		650,
		 452);


INSERT INTO art_pricing(art, item_number, description, price)
	VALUES(LAST_INSERT_ID(), 'de105', 'original',1550);


##---------------------------------------------------------------  




INSERT INTO art (artist, title, media, width, height, image, pricing_info, main_image, image_width, image_height)
	VALUES(211,
	        'then it was autumn',
	       'acrylics and inks',
	       103,
	       73,
	       'then-it-was',
	      'original, &pound;750',
	       1,
		650,
		 460);


INSERT INTO art_pricing(art, item_number, description, price)
	VALUES(LAST_INSERT_ID(), 'de106', 'original',750);


##---------------------------------------------------------------   




INSERT INTO art (artist, title, media, width, height, image, pricing_info, main_image, image_width, image_height)
	VALUES(211,
	        'autumn 2',
	       'acrylics and inks',
	       76,
	       76,
	       'autumn-2',
	      'original, &pound;750',
	       0,
		636,
		 650);


INSERT INTO art_pricing(art, item_number, description, price)
	VALUES(LAST_INSERT_ID(), 'de107', 'original',750);


##---------------------------------------------------------------    




INSERT INTO art (artist, title, media, width, height, image, pricing_info, main_image, image_width, image_height)
	VALUES(211,
	        'autumn 3',
	       'acrylics and inks',
	       76,
	       76,
	       'autumn-3',
	      'original, &pound;750',
	       0,
		642,
		 650);


INSERT INTO art_pricing(art, item_number, description, price)
	VALUES(LAST_INSERT_ID(), 'de108', 'original',750);


##---------------------------------------------------------------    




INSERT INTO art (artist, title, media, width, height, image, pricing_info, main_image, image_width, image_height)
	VALUES(211,
	        'we like it here',
	       'acrylics and inks',
	       75,
	       75,
	       'we-like-it',
	      'original, &pound;850',
	       0,
		650,
		 647);


INSERT INTO art_pricing(art, item_number, description, price)
	VALUES(LAST_INSERT_ID(), 'de109', 'original',850);


##---------------------------------------------------------------    




INSERT INTO art (artist, title, media, width, height, image, pricing_info, main_image, image_width, image_height)
	VALUES(211,
	        'figurescape 1',
	       'oil',
	       100,
	       100,
	       'figurescape-1',
	      'original, &pound;1750',
	       0,
		642,
		 650);


INSERT INTO art_pricing(art, item_number, description, price)
	VALUES(LAST_INSERT_ID(), 'de110', 'original',1750);


##---------------------------------------------------------------     




INSERT INTO art (artist, title, media, width, height, image, pricing_info, main_image, image_width, image_height)
	VALUES(211,
	        'coming round the mountain 3',
	       'oil',
	       112,
	       92,
	       'coming-round-the3',
	      'original, &pound;1950',
	       0,
		650,
		 515);


INSERT INTO art_pricing(art, item_number, description, price)
	VALUES(LAST_INSERT_ID(), 'de111', 'original',1950);


##---------------------------------------------------------------       




INSERT INTO art (artist, title, media, width, height, image, pricing_info, main_image, image_width, image_height)
	VALUES(211,
	        'coming round the mountain 4',
	       'oil',
	       110,
	       90,
	       'coming-round-the4',
	      'original, &pound;1950',
	       0,
		650,
		 518);


INSERT INTO art_pricing(art, item_number, description, price)
	VALUES(LAST_INSERT_ID(), 'de112', 'original',1950);


##---------------------------------------------------------------        




INSERT INTO art (artist, title, media, width, height, image, pricing_info, main_image, image_width, image_height)
	VALUES(211,
	        'coming round the mountain 27',
	       'mixed media',
	       68,
	       68,
	       'coming-round-the27',
	      'original, &pound;450',
	       0,
		650,
		 644);


INSERT INTO art_pricing(art, item_number, description, price)
	VALUES(LAST_INSERT_ID(), 'de113', 'original',450);


##---------------------------------------------------------------       




INSERT INTO art (artist, title, media, width, height, image, pricing_info, main_image, image_width, image_height)
	VALUES(211,
	        'coming round the mountain 28',
	       'mixed media',
	       68,
	       68,
	       'coming-round-the28',
	      'original, &pound;450',
	       0,
		648,
		 650);


INSERT INTO art_pricing(art, item_number, description, price)
	VALUES(LAST_INSERT_ID(), 'de114', 'original',450);


##---------------------------------------------------------------        




INSERT INTO art (artist, title, media, width, height, image, pricing_info, main_image, image_width, image_height)
	VALUES(211,
	        'coming round the mountain 29',
	       'mixed media',
	       106,
	       76,
	       'coming-round-the29',
	      'original, &pound;1550',
	       0,
		650,
		 466);


INSERT INTO art_pricing(art, item_number, description, price)
	VALUES(LAST_INSERT_ID(), 'de115', 'original',1550);


##---------------------------------------------------------------        




INSERT INTO art (artist, title, media, width, height, image, pricing_info, main_image, image_width, image_height)
	VALUES(211,
	        'out of the woods 3',
	       'mixed media',
	       100,
	       100,
	       'out-of-the3',
	      'original, &pound;1950',
	       0,
		650,
		 649);


INSERT INTO art_pricing(art, item_number, description, price)
	VALUES(LAST_INSERT_ID(), 'de116', 'original',1950);


##---------------------------------------------------------------         




INSERT INTO art (artist, title, media, width, height, image, pricing_info, main_image, image_width, image_height)
	VALUES(211,
	        'only passing through',
	       'mixed media',
	       68,
	       68,
	       'only-passing-through',
	      'original, &pound;550',
	       0,
		650,
		 643);


INSERT INTO art_pricing(art, item_number, description, price)
	VALUES(LAST_INSERT_ID(), 'de117', 'original',550);


##---------------------------------------------------------------          




INSERT INTO art (artist, title, media, width, height, image, pricing_info, main_image, image_width, image_height)
	VALUES(211,
	        'land sea and sky 1',
	       'mixed media',
	       97,
	       97,
	       'land-sea-and1',
	      'original, &pound;1450',
	       0,
		647,
		 650);


INSERT INTO art_pricing(art, item_number, description, price)
	VALUES(LAST_INSERT_ID(), 'de118', 'original',1450);


##---------------------------------------------------------------           




INSERT INTO art (artist, title, media, width, height, image, pricing_info, main_image, image_width, image_height)
	VALUES(211,
	        'land sea and sky 2',
	       'mixed media',
	       100,
	       100,
	       'land-sea-and2',
	      'original, &pound;1750',
	       0,
		649,
		 650);


INSERT INTO art_pricing(art, item_number, description, price)
	VALUES(LAST_INSERT_ID(), 'de119', 'original',1750);


##---------------------------------------------------------------            




INSERT INTO art (artist, title, media, width, height, image, pricing_info, main_image, image_width, image_height)
	VALUES(211,
	        'land sea and sky 3',
	       'mixed media',
	       100,
	       100,
	       'land-sea-and3',
	      'original, &pound;1750',
	       0,
		645,
		 650);


INSERT INTO art_pricing(art, item_number, description, price)
	VALUES(LAST_INSERT_ID(), 'de120', 'original',1750);


##---------------------------------------------------------------            




INSERT INTO art (artist, title, media, width, height, image, pricing_info, main_image, image_width, image_height)
	VALUES(211,
	        'across the fields 3',
	       'mixed media',
	       105,
	       85,
	       'across-the-fields3',
	      'original, &pound;1350',
	       0,
		650,
		 504);


INSERT INTO art_pricing(art, item_number, description, price)
	VALUES(LAST_INSERT_ID(), 'de121', 'original',1350);


##---------------------------------------------------------------



INSERT INTO artist (id, name, statement, notes, display)
	VALUES(215, 'clare ellis',
	'<p class="artist">"I am a Liverpool based artist and my aim is 
to produce intricately detailed and striking art. Australian aboriginal 
art work sparked something within me and continues to fascinate and 
motivate me. I have adapted the "dot painting" style to develop my 
own abstract designs."


</p>

<p class="artist">"My paintings are made using acrylic on canvas. 
Each and every dot is hand painted using the end of a paintbrush.
The dots produce a delicate texture, and add depth to my bold coloured work.
I am drawn to vibrant colours and patterns, particularly symmetrical 
shapes and ones which create an optical illusion. Ideas occur when 
noticing beauty within my surroundings. I also explore my own style 
during peaceful and quiet moments, away from the hustle and bustle 
of every day life. To create my own pieces of art for other people''s 
pleasure makes me feel very proud and privileged."

</p>

<p class="artist">All gicl&eacute;e prints are produced in a limited edition of 99, and sold signed and numbered with a Certificate of Authenticity.
Sizes refer to paper rather than image size.
</p>

<p class="artist"></p>',
               NULL,
	       1);

##---------------------------------------------------------------


INSERT INTO art (artist, title, media, width, height, image, pricing_info, main_image, image_width, image_height)
	VALUES(215,
	      'blue and white windmill',
	        'acrylic on box canvas',
	       80,
	       80,
	       'blue-and-white',
	      'currently unavailable',
	       0,
		650,
		 650);




##---------------------------------------------------------------

INSERT INTO art (artist, title, media, width, height, image, pricing_info, main_image, image_width, image_height)
	VALUES(215,
	      'layered shield',
	        'acrylic on box canvas',
	       80,
	       80,
	       'layered-shields',
	    	      'currently unavailable',
	       0,
		650,
		 327);


INSERT INTO art_pricing(art, item_number, description, price)
	VALUES(LAST_INSERT_ID(), 'ce138', 'original', 790);


##---------------------------------------------------------------


INSERT INTO art (artist, title, media, width, height, image, pricing_info, main_image, image_width, image_height)
	VALUES(215,
	       'copper whirl',
	       'acrylic on box canvas',
	       60,
	       76,
	       'copper-whirl',
	   	      'currently unavailable',
	       0,
		650,
		 517);




##---------------------------------------------------------------
	
INSERT INTO art (artist, title, media, width, height, image, pricing_info, main_image, image_width, image_height)
	VALUES(215,
	       'shipshape 1',
	       'acrylic on box canvas',
	       80,
	       30,
	       'shipshape-1',
	      'currently unavailable',
	       0,
		237,
		 650);




##---------------------------------------------------------------

	

INSERT INTO art (artist, title, media, width, height, image, pricing_info, main_image, image_width, image_height)
	VALUES(215,
	       'bold fun',
	       'acrylic on box canvas',
	       20,
	       20,
	       'bold-fun',
	      'currently unavailable',
	       0,
		650,
		 642);




##---------------------------------------------------------------

INSERT INTO art (artist, title, media, width, height, image, pricing_info, main_image, image_width, image_height)
	VALUES(215,
	       'dragonfly',
	       'acrylic and glitter on box canvas',
	       20,
	       20,
	       'dragonfly',
	      'currently unavailable',
	       0,
		648,
		 650);




##---------------------------------------------------------------


INSERT INTO art (artist, title, media, width, height, image, pricing_info, main_image, image_width, image_height)
	VALUES(215,
	       'golden splash',
	       'acrylic on box canvas',
	       20,
	       20,
	       'golden-splash',
	      'currently unavailable',
	       0,
		646,
		 650);




##---------------------------------------------------------------



INSERT INTO art (artist, title, media, width, height, image, pricing_info, main_image, image_width, image_height)
	VALUES(215,
	       'swirl sparkle',
	       'acrylic and glitter on box canvas',
	       20,
	       20,
	       'swirl_sparkle',
	      'currently unavailable',
	       0,
		650,
		 629);




##---------------------------------------------------------------



INSERT INTO artist (id, name, statement, notes, display, keywords)
	VALUES(222, 'alistair parker',
	'<p class="artist">Alistair J Parker is an artist located near the Fylde coast in the North West of England. His interest in the visual arts began when he developed his first photograph at the age of 13. He returned to serious photography about 30 years later and soon became involved in competitive photography at local and national level achieving a number of distinctions. Despite his photography he was still creatively frustrated. Early retirement provided the opportunity to expand his interest in the visual arts by joining a Life Class at the local Art School. This led to a Foundation Course in Art and Design and ultimately to studying for a degree in Fine Art and Professional Practice, which is ongoing. He says:
</p>

<p class="artist">"My work as an artist draws heavily on my experience as a photographer, bringing together a fusion of photography, digital imaging and fine art. The approach taken is highly experimental and combines a range of unconventional materials and processes in addition to the more traditional art media."
</p>

<p class="artist">"Subjects are many and varied, my current work involves the observation of people and urban space they occupy, together with a fascination for the rapidly decaying and disappearing urban scene, particularly the classic seaside resort. My current work is influenced by the crossover between street art and fine art."</p>
<p class="artist"></p>',

               NULL,
	       1,
		'photographic prints, prints of Liverpool,');

##---------------------------------------------------------------



INSERT INTO art (artist, title, media, width, height, image, pricing_info, main_image, image_width, image_height)
	VALUES(222,
	       'liver building sky and gull',
	       'digital polymer transfer archival pigment',
	       84,
	       61,
	       'liver-building-sky',
	    'limited edition print &pound;330',
	       0,
		461,
		 650);


INSERT INTO art_pricing(art, item_number, description, price)
	VALUES(LAST_INSERT_ID(), 'AP123', 'limited edition print', 330);


##---------------------------------------------------------------






INSERT INTO art (artist, title, media, width, height, image, pricing_info, main_image, image_width, image_height)
	VALUES(222,
	       'anglican cathedral glare',
	       'digital polymer transfer archival pigment',
	       84,
	       61,
	       'anglican-cathedral-glare',
	    'limited edition print &pound;330',
	       0,
		460,
		 650);


INSERT INTO art_pricing(art, item_number, description, price)
	VALUES(LAST_INSERT_ID(), 'AP120', 'limited edition print', 330);


##---------------------------------------------------------------


INSERT INTO art (artist, title, media, width, height, image, pricing_info, main_image, image_width, image_height)
	VALUES(222,
	       'gormley sunset',
	       'digital polymer transfer archival pigment',
	       84,
	       61,
	       'gormley-sunset',
	    'limited edition print &pound;330',
	       0,
		460,
		 650);


INSERT INTO art_pricing(art, item_number, description, price)
	VALUES(LAST_INSERT_ID(), 'AP121', 'limited edition print', 330);


##---------------------------------------------------------------


INSERT INTO art (artist, title, media, width, height, image, pricing_info, main_image, image_width, image_height)
	VALUES(222,
	       'lifebelt liverpool silhouette',
	       'digital polymer transfer archival pigment',
	       84,
	       61,
	       'lifebelt-liverpool',
	    'limited edition print &pound;330',
	       0,
		460,
		 650);


INSERT INTO art_pricing(art, item_number, description, price)
	VALUES(LAST_INSERT_ID(), 'AP122', 'limited edition print', 330);


##---------------------------------------------------------------

INSERT INTO art (artist, title, media, width, height, image, pricing_info, main_image, image_width, image_height)
	VALUES(222,
	       'one of lewises',
	       'digital polymer transfer archival pigment',
	       84,
	       61,
	       'one-of-lewises',
	    'limited edition print &pound;330',
	       0,
		460,
		 650);


INSERT INTO art_pricing(art, item_number, description, price)
	VALUES(LAST_INSERT_ID(), 'AP125', 'limited edition print', 330);


##---------------------------------------------------------------


INSERT INTO art (artist, title, media, width, height, image, pricing_info, main_image, image_width, image_height)
	VALUES(222,
	       'queen victoria',
	       'digital polymer transfer archival pigment',
	       84,
	       61,
	       'queen-victoria',
	    'limited edition print &pound;330',
	       0,
		460,
		 650);


INSERT INTO art_pricing(art, item_number, description, price)
	VALUES(LAST_INSERT_ID(), 'AP126', 'limited edition print', 330);


##---------------------------------------------------------------



	

INSERT INTO art (artist, title, media, width, height, image, pricing_info, main_image, image_width, image_height)
	VALUES(222,
	       'beatles girls',
	       'digital polymer transfer archival pigment',
	       84,
	       61,
	       'beatles-girls',
	    'limited edition print &pound;330',
	       1,
		459,
		 650);


INSERT INTO art_pricing(art, item_number, description, price)
	VALUES(LAST_INSERT_ID(), 'AP101', 'limited edition print', 330);


##---------------------------------------------------------------


INSERT INTO art (artist, title, media, width, height, image, pricing_info, main_image, image_width, image_height)
	VALUES(222,
	       'albert dock reflection',
	       'digital polymer transfer archival pigment',
	       61,
	       84,
	       'albert-dock-reflection',
	    'limited edition print &pound;330',
	       0,
		650,
		 460);


INSERT INTO art_pricing(art, item_number, description, price)
	VALUES(LAST_INSERT_ID(), 'AP119', 'limited edition print', 330);


##---------------------------------------------------------------

INSERT INTO art (artist, title, media, width, height, image, pricing_info, main_image, image_width, image_height)
	VALUES(222,
	       'liverpool ferry waterfront',
	       'digital polymer transfer archival pigment',
	       61,
	       84,
	       'liverpool-ferry',
	    'limited edition print &pound;330',
	       0,
		650,
		 460);


INSERT INTO art_pricing(art, item_number, description, price)
	VALUES(LAST_INSERT_ID(), 'AP124', 'limited edition print', 330);


##---------------------------------------------------------------

INSERT INTO art (artist, title, media, width, height, image, pricing_info, main_image, image_width, image_height)
	VALUES(222,
	       'bispham tram yellow',
	       'digital polymer transfer archival pigment',
	       84,
	       61,
	       'bispham-tram-yellow',
	    'limited edition print &pound;330',
	       0,
		459,
		 650);


INSERT INTO art_pricing(art, item_number, description, price)
	VALUES(LAST_INSERT_ID(), 'AP102', 'limited edition print', 330);


##---------------------------------------------------------------


INSERT INTO art (artist, title, media, width, height, image, pricing_info, main_image, image_width, image_height)
	VALUES(222,
	       'phone boxes and umbrella',
	       'digital polymer transfer archival pigment',
	       61,
	       84,
	       'phone-boxes-umbrella',
	    'limited edition print &pound;330',
	       0,
		650,
		 459);


INSERT INTO art_pricing(art, item_number, description, price)
	VALUES(LAST_INSERT_ID(), 'AP103', 'limited edition print', 330);


##---------------------------------------------------------------


INSERT INTO art (artist, title, media, width, height, image, pricing_info, main_image, image_width, image_height)
	VALUES(222,
	       'girl with red umbrella',
	       'digital polymer transfer archival pigment',
	       84,
	       61,
	       'girl-with-red',
	    'limited edition print &pound;330',
	       0,
		459,
		 650);


INSERT INTO art_pricing(art, item_number, description, price)
	VALUES(LAST_INSERT_ID(), 'AP104', 'limited edition print', 330);


##---------------------------------------------------------------


INSERT INTO art (artist, title, media, width, height, image, pricing_info, main_image, image_width, image_height)
	VALUES(222,
	       'liver building',
	       'digital polymer transfer archival pigment',
	       84,
	       61,
	       'liver-building',
	    'limited edition print &pound;330',
	       0,
		459,
		 650);


INSERT INTO art_pricing(art, item_number, description, price)
	VALUES(LAST_INSERT_ID(), 'AP105', 'limited edition print', 330);


##---------------------------------------------------------------


INSERT INTO art (artist, title, media, width, height, image, pricing_info, main_image, image_width, image_height)
	VALUES(222,
	       'passing north pier',
	       'digital polymer transfer archival pigment',
	       41,
	       122,
	       'passing-north-pier',
	    'limited edition print &pound;360',
	       0,
		650,
		 216);


INSERT INTO art_pricing(art, item_number, description, price)
	VALUES(LAST_INSERT_ID(), 'AP106', 'limited edition print', 360);


##---------------------------------------------------------------


INSERT INTO art (artist, title, media, width, height, image, pricing_info, main_image, image_width, image_height)
	VALUES(222,
	       'pleasure beach tram',
	       'digital polymer transfer archival pigment',
	       84,
	       61,
	       'pleasure-beach-tram',
	    'limited edition print &pound;330',
	       0,
		459,
		 650);


INSERT INTO art_pricing(art, item_number, description, price)
	VALUES(LAST_INSERT_ID(), 'AP107', 'limited edition print', 330);


##---------------------------------------------------------------


INSERT INTO art (artist, title, media, width, height, image, pricing_info, main_image, image_width, image_height)
	VALUES(222,
	       'red 2cv',
	       'digital polymer transfer archival pigment',
	       84,
	       61,
	       'red-2cv',
	    'limited edition print &pound;330',
	       0,
		650,
		 459);


INSERT INTO art_pricing(art, item_number, description, price)
	VALUES(LAST_INSERT_ID(), 'AP108', 'limited edition print', 330);


##---------------------------------------------------------------


INSERT INTO art (artist, title, media, width, height, image, pricing_info, main_image, image_width, image_height)
	VALUES(222,
	       'red and blurry',
	       'digital polymer transfer archival pigment',
	       84,
	       61,
	       'red-and-blurry',
	    'limited edition print &pound;330',
	       0,
		459,
		 650);


INSERT INTO art_pricing(art, item_number, description, price)
	VALUES(LAST_INSERT_ID(), 'AP109', 'limited edition print', 330);


##---------------------------------------------------------------


INSERT INTO art (artist, title, media, width, height, image, pricing_info, main_image, image_width, image_height)
	VALUES(222,
	       'red boxes and yellow coat',
	       'digital polymer transfer archival pigment',
	       41,
	       122,
	       'red-boxes-and',
	    'limited edition print &pound;360',
	       0,
		650,
		 216);


INSERT INTO art_pricing(art, item_number, description, price)
	VALUES(LAST_INSERT_ID(), 'AP110', 'limited edition print', 360);


##---------------------------------------------------------------


INSERT INTO art (artist, title, media, width, height, image, pricing_info, main_image, image_width, image_height)
	VALUES(222,
	       'red reflection',
	       'digital polymer transfer archival pigment',
	       84,
	       61,
	       'red-reflection',
	    'limited edition print &pound;330',
	       0,
		459,
		 650);


INSERT INTO art_pricing(art, item_number, description, price)
	VALUES(LAST_INSERT_ID(), 'AP111', 'limited edition print', 330);


##---------------------------------------------------------------


INSERT INTO art (artist, title, media, width, height, image, pricing_info, main_image, image_width, image_height)
	VALUES(222,
	       'tate spider people',
	       'digital polymer transfer archival pigment',
	       61,
	       84,
	       'tate-spider-people',
	    'limited edition print &pound;330',
	       0,
		650,
		 459);


INSERT INTO art_pricing(art, item_number, description, price)
	VALUES(LAST_INSERT_ID(), 'AP112', 'limited edition print', 330);


##---------------------------------------------------------------


INSERT INTO art (artist, title, media, width, height, image, pricing_info, main_image, image_width, image_height)
	VALUES(222,
	       'tate turbine people',
	       'digital polymer transfer archival pigment',
	       61,
	       84,
	       'tate-turbine-people',
	    'limited edition print &pound;330',
	       0,
		650,
		 459);


INSERT INTO art_pricing(art, item_number, description, price)
	VALUES(LAST_INSERT_ID(), 'AP113', 'limited edition print', 330);


##---------------------------------------------------------------


INSERT INTO art (artist, title, media, width, height, image, pricing_info, main_image, image_width, image_height)
	VALUES(222,
	       'torn gold',
	       'digital polymer transfer archival pigment',
	       84,
	       61,
	       'torn-gold',
	    'limited edition print &pound;330',
	       0,
		459,
		 650);


INSERT INTO art_pricing(art, item_number, description, price)
	VALUES(LAST_INSERT_ID(), 'AP114', 'limited edition print', 330);


##---------------------------------------------------------------


INSERT INTO art (artist, title, media, width, height, image, pricing_info, main_image, image_width, image_height)
	VALUES(222,
	       'union jack',
	       'digital polymer transfer archival pigment',
	       84,
	       61,
	       'union-jack',
	    'limited edition print &pound;330',
	       0,
		459,
		 650);


INSERT INTO art_pricing(art, item_number, description, price)
	VALUES(LAST_INSERT_ID(), 'AP115', 'limited edition print', 330);


##---------------------------------------------------------------


INSERT INTO art (artist, title, media, width, height, image, pricing_info, main_image, image_width, image_height)
	VALUES(222,
	       'wiggly walk',
	       'digital polymer transfer archival pigment',
	       84,
	       61,
	       'wiggly-walk',
	    'limited edition print &pound;330',
	       0,
		459,
		 650);


INSERT INTO art_pricing(art, item_number, description, price)
	VALUES(LAST_INSERT_ID(), 'AP116', 'limited edition print', 330);


##---------------------------------------------------------------


INSERT INTO art (artist, title, media, width, height, image, pricing_info, main_image, image_width, image_height)
	VALUES(222,
	       'houses of parliament',
	       'digital polymer transfer archival pigment',
	       61,
	       84,
	       'houses-of-parliament',
	    'limited edition print &pound;330',
	       0,
		650,
		 459);


INSERT INTO art_pricing(art, item_number, description, price)
	VALUES(LAST_INSERT_ID(), 'AP117', 'limited edition print', 330);


##---------------------------------------------------------------


INSERT INTO art (artist, title, media, width, height, image, pricing_info, main_image, image_width, image_height)
	VALUES(222,
	       'oslo skaters',
	       'digital polymer transfer archival pigment',
	       84,
	       61,
	       'oslo-skaters',
	    'limited edition print &pound;330',
	       0,
		650,
		 459);


INSERT INTO art_pricing(art, item_number, description, price)
	VALUES(LAST_INSERT_ID(), 'AP118', 'limited edition print', 330);


##---------------------------------------------------------------



INSERT INTO artist (id, name, statement, notes, display, keywords)
	VALUES(226, 'mike rickett',
	'<p class="artist">Mike Rickett''s art explores the relationship between space, geometry and colour in the attempt to capture on canvas the physical and non-physical phenomena associated with the modern industrial city, its architecture, dynamism, and complexity. His work encompasses three distinct forms - hard-edge, geometric urban paintings and 3D reliefs as well as two-colour studies of Liverpool scenes and woodcut prints, also mostly of Liverpool scenes.

</p>

<p class="artist">Mike has an MA in fine art following a BA (Hons) both at Liverpool Hope University where he was awarded the Liverpool Women''s Hospital Purchase prize. He previously achieved a BA (Hons) in English at the University of Liverpool. He shortly intends to embark on PhD. He is a founder member of The Liverpool School art movement of urban geometric art which now has eight members.</p>
                                                                                                                                                                                                                                                                                                                                                                                                                                                                               
<p class="artist">Before beginning to study art in 2008 he pursued a career in the media as a journalist, mostly in daily newspapers, latterly with the Liverpool Daily Post but before that with the Liverpool Echo, Reuters, as well the Daily Mail and also as head of public relations for Girobank and the Plessey Company. 
</p>

<p class="artist">Mike was brought up in Powys, mid- Wales but now lives in Liverpool and has two children - a son in London and a daughter in Canada.</p>',

               NULL,
	       1,
		'cityscape, paintings of liverpool, liverpool artist, abstract painting, urban landscapes, Liverpool street scene, liverpool woodcut');

##---------------------------------------------------------------   

INSERT INTO art (artist, title, media, width, height, image, pricing_info, main_image, image_width, image_height)
	VALUES(226,
	       'city (composition no.10)',
	       'acrylic on canvas',
	       148,
	       87,
	       'city',
	       'original, &pound;1200',
	       1,
		650,
		 388);


INSERT INTO art_pricing(art, item_number, description, price)
	VALUES(LAST_INSERT_ID(), 'mr150', 'original',1200);

##--------------------------------------------------------------- 

INSERT INTO art (artist, title, media, width, height, image, pricing_info, main_image, image_width, image_height)
	VALUES(226,
	       'composition no 3',
	       'acrylic on canvas',
	       108,
	       60,
	       'comp-3',
	       'original, &pound;350',
	       0,
		650,
		 367);


INSERT INTO art_pricing(art, item_number, description, price)
	VALUES(LAST_INSERT_ID(), 'mr121', 'original',350);

##--------------------------------------------------------------- 
 
INSERT INTO art (artist, title, media, width, height, image, pricing_info, main_image, image_width, image_height)
	VALUES(226,
	       'composition no 4',
	       'acrylic on canvas',
	       64,
	       42,
	       'comp-4',
	       'original, &pound;450',
	       0,
		650,
		 473);


INSERT INTO art_pricing(art, item_number, description, price)
	VALUES(LAST_INSERT_ID(), 'mr122', 'original',450);

##--------------------------------------------------------------- 


INSERT INTO art (artist, title, media, width, height, image, pricing_info, main_image, image_width, image_height)
	VALUES(226,
	       'composition no 7',
	       'acrylic on canvas',
	       99,
	       62,
	       'comp-7',
	       'original, &pound;350',
	       0,
		650,
		 403);


INSERT INTO art_pricing(art, item_number, description, price)
	VALUES(LAST_INSERT_ID(), 'mr123', 'original',350);

##--------------------------------------------------------------- 

INSERT INTO art (artist, title, media, width, height, image, pricing_info, main_image, image_width, image_height)
	VALUES(226,
	       'mann island',
	       'acrylic on canvas',
	       64,
	       38,
	       'mann-island',
	       'original, &pound;250',
	       0,
		650,
		 364);


INSERT INTO art_pricing(art, item_number, description, price)
	VALUES(LAST_INSERT_ID(), 'mr124', 'original',250);

##--------------------------------------------------------------- 

INSERT INTO art (artist, title, media, width, height, image, pricing_info, main_image, image_width, image_height)
	VALUES(226,
	       'huskisson street',
	       'acrylic on canvas',
	       64,
	       38,
	       'huskisson-street',
	       'original, &pound;250',
	       0,
		650,
		 402);


INSERT INTO art_pricing(art, item_number, description, price)
	VALUES(LAST_INSERT_ID(), 'mr125', 'original',250);

##--------------------------------------------------------------- 

INSERT INTO art (artist, title, media, width, height, image, pricing_info, main_image, image_width, image_height)
	VALUES(226,
	       'berry street',
	       'acrylic on canvas',
	       84,
	       59,
	       'berry-street',
	       'framed original, &pound;450',
	       0,
		650,
		 423);


INSERT INTO art_pricing(art, item_number, description, price)
	VALUES(LAST_INSERT_ID(), 'mr125', 'framed original',450);

##--------------------------------------------------------------- 


INSERT INTO art (artist, title, media, width, height, image, pricing_info, main_image, image_width, image_height)
	VALUES(226,
	       'composition no 8',
	       'acrylic on canvas',
	       120,
	       80,
	       'comp-8',
	       'original, &pound;800',
	       0,
		650,
		 435);


INSERT INTO art_pricing(art, item_number, description, price)
	VALUES(LAST_INSERT_ID(), 'mr126', 'original',800);

##--------------------------------------------------------------- 

INSERT INTO art (artist, title, media, width, height, image, pricing_info, main_image, image_width, image_height)
	VALUES(226,
	       'composition no 9',
	       'acrylic on canvas',
	       122,
	       96,
	       'comp-9',
	       'original, &pound;800',
	       0,
		650,
		 504);


INSERT INTO art_pricing(art, item_number, description, price)
	VALUES(LAST_INSERT_ID(), 'mr128', 'original',800);

##--------------------------------------------------------------- 

INSERT INTO art (artist, title, media, width, height, image, pricing_info, main_image, image_width, image_height)
	VALUES(226,
	       'waterfront',
	       'collage',
	       84,
	       59,
	       'waterfront',
	       'framed original, &pound;450',
	       0,
		650,
		 411);


INSERT INTO art_pricing(art, item_number, description, price)
	VALUES(LAST_INSERT_ID(), 'mr129', 'framed original',450);

##--------------------------------------------------------------- 

INSERT INTO art (artist, title, media, width, height, image, pricing_info, main_image, image_width, image_height)
	VALUES(226,
	       'composition no 5',
	       'collage',
	       61,
	       96,
	       'comp-5',
	       'acrylic on canvas, &pound;350',
	       0,
		402,
		 650);


INSERT INTO art_pricing(art, item_number, description, price)
	VALUES(LAST_INSERT_ID(), 'mr130', 'original',350);

##--------------------------------------------------------------- 

INSERT INTO art (artist, title, media, width, height, image, pricing_info, main_image, image_width, image_height)
	VALUES(226,
	       'terrace',
	       'acrylic on canvas',
	       44,
	       66,
	       'terrace',
	       'original, &pound;250',
	       0,
		423,
		 650);


INSERT INTO art_pricing(art, item_number, description, price)
	VALUES(LAST_INSERT_ID(), 'mr131', 'original',250);

##--------------------------------------------------------------- 


INSERT INTO art (artist, title, media, width, height, image, pricing_info, main_image, image_width, image_height)
	VALUES(226,
	       'water street',
	       'acrylic on canvas',
	       61,
	       92,
	       'water-street',
	       'original, &pound;350',
	       0,
		426,
		 650);


INSERT INTO art_pricing(art, item_number, description, price)
	VALUES(LAST_INSERT_ID(), 'mr132', 'original',350);

##--------------------------------------------------------------- 


INSERT INTO art (artist, title, media, width, height, image, pricing_info, main_image, image_width, image_height)
	VALUES(226,
	       'fleet street',
	       'acrylic on canvas',
	       52,
	       80,
	       'fleet-street',
	       'original, &pound;350',
	       0,
		408,
		 650);


INSERT INTO art_pricing(art, item_number, description, price)
	VALUES(LAST_INSERT_ID(), 'mr133', 'original',350);

##--------------------------------------------------------------- 


INSERT INTO art (artist, title, media, width, height, image, pricing_info, main_image, image_width, image_height)
	VALUES(226,
	       'the beatles church',
	       'acrylic on canvas',
	       41,
	       61,
	       'beatles-church',
	       'original, &pound;450',
	       0,
		420,
		 650);


INSERT INTO art_pricing(art, item_number, description, price)
	VALUES(LAST_INSERT_ID(), 'mr134', 'original',450);

##--------------------------------------------------------------- 

INSERT INTO art (artist, title, media, width, height, image, pricing_info, main_image, image_width, image_height)
	VALUES(226,
	       'wood street',
	       'acrylic on canvas',
	       61,
	       92,
	       'wood-street',
	       'original, &pound;600',
	       0,
		438,
		 650);


INSERT INTO art_pricing(art, item_number, description, price)
	VALUES(LAST_INSERT_ID(), 'mr135', 'original',600);

##--------------------------------------------------------------- 



INSERT INTO art (artist, title, media, width, height, image, pricing_info, main_image, image_width, image_height)
	VALUES(226,
	       'percy street',
	       'acrylic on canvas',
	       61,
	       46,
	       'percy-street',
	       'original, &pound;250',
	       0,
		650,
		 463);


INSERT INTO art_pricing(art, item_number, description, price)
	VALUES(LAST_INSERT_ID(), 'mr119', 'original',250);

##--------------------------------------------------------------- 




INSERT INTO art (artist, title, media, width, height, image, pricing_info, main_image, image_width, image_height)
	VALUES(226,
	       'the matrix',
	       'wood and acrylic',
	       80,
	       50,
	       'the-matrix',
	       'original, &pound;1200',
	       0,
		650,
		 519);


INSERT INTO art_pricing(art, item_number, description, price)
	VALUES(LAST_INSERT_ID(), 'mr116', 'original',1200);
	
	##---------------------------------------------------------------  




INSERT INTO art (artist, title, media, width, height, image, pricing_info, main_image, image_width, image_height)
	VALUES(226,
	       'fleet street 2',
	       'framed screen print',
	       29,
	       21,
	       'fleet-street-2',
	        'limited edition print, &pound;60',
	       0, 
		481,
		 650);


INSERT INTO art_pricing(art, item_number, description, price)
	VALUES(LAST_INSERT_ID(), 'mr103', 'limited edition print', 60);


##---------------------------------------------------------------  



INSERT INTO art (artist, title, media, width, height, image, pricing_info, main_image, image_width, image_height)
	VALUES(226,
	       'kings parade',
	       'framed wood cut',
	       59,
	       42,
	       'kings-parade',
	       'limited edition print, &pound;120',
	       0,
		650,
		 488);


INSERT INTO art_pricing(art, item_number, description, price)
	VALUES(LAST_INSERT_ID(), 'mr110', 'limited edition print',120);


##---------------------------------------------------------------    

INSERT INTO art (artist, title, media, width, height, image, pricing_info, main_image, image_width, image_height)
	VALUES(226,
	       'wood street 1',
	       'screen print framed',
	       21,
	       29,
	       'wood-street-1',
	       'limited edition print, &pound;60',
	       0,
		420,
		 650);


INSERT INTO art_pricing(art, item_number, description, price)
	VALUES(LAST_INSERT_ID(), 'mr107', 'limited edition print', 60);


##---------------------------------------------------------------      

INSERT INTO art (artist, title, media, width, height, image, pricing_info, main_image, image_width, image_height)
	VALUES(226,
	       'wood street 3',
	       'acrylic on canvas',
	       72,
	       107,
	       'wood-street-3',
	        'original, &pound;450',
	       0,  
		435,
		 650);


INSERT INTO art_pricing(art, item_number, description, price)
	VALUES(LAST_INSERT_ID(), 'mr101', 'original', 450);


##---------------------------------------------------------------   




INSERT INTO art (artist, title, media, width, height, image, pricing_info, main_image, image_width, image_height)
	VALUES(226,
	       'india buildings',
	       'acrylic on canvas',
	       84,
	       122,
	       'india-buildings-2',
	      'original, &pound;400',
	       0,
		488,
		 650);


INSERT INTO art_pricing(art, item_number, description, price)
	VALUES(LAST_INSERT_ID(), 'mr102', 'original', 400);


##---------------------------------------------------------------    


INSERT INTO art (artist, title, media, width, height, image, pricing_info, main_image, image_width, image_height)
	VALUES(226,
	       'paradise interchange',
	       'acrylic on canvas',
	       125,
	       83,
	       'paradise-interchange',
	      'limited edition print, &pound 600',
	       0,
		650,
		 488);


INSERT INTO art_pricing(art, item_number, description, price)
	VALUES(LAST_INSERT_ID(), 'mr106', 'original', 600);


##---------------------------------------------------------------  


INSERT INTO art (artist, title, media, width, height, image, pricing_info, main_image, image_width, image_height)
	VALUES(226,
	       'composition no 1',
	       'acrylic plaster and 12mm plywood',
	       61,
	       42,
	       'composition-no1',
	        'original, &pound;500',
	       0,  
		650,
		 445);


INSERT INTO art_pricing(art, item_number, description, price)
	VALUES(LAST_INSERT_ID(), 'mr104', 'original', 500);


##---------------------------------------------------------------



INSERT INTO art (artist, title, media, width, height, image, pricing_info, main_image, image_width, image_height)
	VALUES(226,
	       'composition no 6',
	       'relief in ply and plaster and acrylics',
	       62,
	       62,
	       'comp-6',
	       'original, &pound;500',
	       0,
		650,
		 650);


INSERT INTO art_pricing(art, item_number, description, price)
	VALUES(LAST_INSERT_ID(), 'mr109', 'original',500);


##---------------------------------------------------------------          
    


INSERT INTO art (artist, title, media, width, height, image, pricing_info, main_image, image_width, image_height)
	VALUES(226,
	       'penny lane',
	       'acrylics on 12mm varnished ply',
	       90,
	       60,
	       'penny-lane',
	       'original, &pound;600',
	       0,
		650,
		 417);


INSERT INTO art_pricing(art, item_number, description, price)
	VALUES(LAST_INSERT_ID(), 'mr112', 'original',600);


##---------------------------------------------------------------          
  



INSERT INTO art (artist, title, media, width, height, image, pricing_info, main_image, image_width, image_height)
	VALUES(226,
	       'metropolis in transit gloria',
	       'wood plaster and acrylics',
	       78,
	       26,
	       'metropolis-in-transit',
	       'original, &pound;650',
	       0,
		650,
		 620);


INSERT INTO art_pricing(art, item_number, description, price)
	VALUES(LAST_INSERT_ID(), 'mr111', 'original',650);
	
	


##---------------------------------------------------------------   


INSERT INTO art (artist, title, media, width, height, image, pricing_info, main_image, image_width, image_height)
	VALUES(226,
	       'urbania no.1',
	       'wood and acrylic',
	       38,
	       64,
	       'urbania',
	       'original, &pound;1500',
	       0,
		387,
		 650);


INSERT INTO art_pricing(art, item_number, description, price)
	VALUES(LAST_INSERT_ID(), 'mr120', 'original',1500);

##---------------------------------------------------------------       


INSERT INTO artist (id, name, statement, notes, display, keywords)
	VALUES(235, 'david broadfoot',

	'<p class="artist">I use the gallery to capture the simple joys of an earlier period. 
The 1950s and 60s were a time of massive social upheaval, with-in the inner city. Not just in my native Liverpool, 
but throughout the length of Great Britain. I like to think those changes are reflected in my works and 
that my art is in keeping with the great pulp comics of the time, the Dandy and 
the Beano.
</p>
<p class="artist">Based on my experiences of the era, I try to capture and 
illustrate the simple freedoms we enjoyed back then, when we were relatively 
unrestrained by adult supervision; unlike many of todays children.
</p>

<p class="artist">If any other fellow nostalgics out there, have any images or 
memories of their former life that they would like captured in a similar medium, 
I am more than willing to undertake commissions.
</p>

<p class="artist"></p>',
               NULL,
	       1,
		'liverpool artist, nostalgic paintings, liverpool cartoons, watercolour of liverpool, 50s liverpool, 60s liverpool, dave broadfoot artist, ');

##---------------------------------------------------------------



INSERT INTO art (artist, title, media, width, height, image, pricing_info, main_image, image_width, image_height)
	VALUES(235,
	       'the bootiful game 1 - fog',
	       'watercolour on paper',
	       62,
	       38,
	       'the-bootiful1-fog',
	      'original, &pound;275',
	       0,
		650,
		 363);


INSERT INTO art_pricing(art, item_number, description, price)
	VALUES(LAST_INSERT_ID(), 'do121', 'original', 275);




##---------------------------------------------------------------     


INSERT INTO art (artist, title, media, width, height, image, pricing_info, main_image, image_width, image_height)
	VALUES(235,
	       'the bootiful game 2 - snow',
	       'watercolour on paper',
	       62,
	       38,
	       'the-bootiful2-snow',
	      'original, &pound;275',
	       0,
		650,
		 356);


INSERT INTO art_pricing(art, item_number, description, price)
	VALUES(LAST_INSERT_ID(), 'do122', 'original', 275);




##---------------------------------------------------------------  -     


INSERT INTO art (artist, title, media, width, height, image, pricing_info, main_image, image_width, image_height)
	VALUES(235,
	       'the bootiful game 3 - rain',
	       'watercolour on paper',
	       62,
	       38,
	       'the-bootiful3-rain',
	      'original, &pound;275',
	       0,
		650,
		 359);


INSERT INTO art_pricing(art, item_number, description, price)
	VALUES(LAST_INSERT_ID(), 'do123', 'original', 275);




##---------------------------------------------------------------



INSERT INTO art (artist, title, media, width, height, image, pricing_info, main_image, image_width, image_height)
	VALUES(235,
	       'dockers kids',
	       'watercolour and ink',
	       42,
	       57,
	       'dockers-kids',
	      'original, &pound;225',
	       0,
		488,
		 650);


INSERT INTO art_pricing(art, item_number, description, price)
	VALUES(LAST_INSERT_ID(), 'do121', 'original', 225);




##---------------------------------------------------------------




INSERT INTO art (artist, title, media, width, height, image, pricing_info, main_image, image_width, image_height)
	VALUES(235,
	       'the leaving of liverpool',
	       'watercolour and ink',
	       71,
	       50,
	       'the-leaving-of',
	      'original, &pound;275',
	       1,
		650,
		 488);


INSERT INTO art_pricing(art, item_number, description, price)
	VALUES(LAST_INSERT_ID(), 'do116', 'original', 275);




##---------------------------------------------------------------


INSERT INTO art (artist, title, media, width, height, image, pricing_info, main_image, image_width, image_height)
	VALUES(235,
	       'penrhyn street school',
	       'watercolour and ink',
	       68,
	       47,
	       'penrhyn-street-school',
	      'original, &pound;250',
	       0,
		650,
		 488);


INSERT INTO art_pricing(art, item_number, description, price)
	VALUES(LAST_INSERT_ID(), 'do113', 'original', 250);




##---------------------------------------------------------------





INSERT INTO art (artist, title, media, width, height, image, pricing_info, main_image, image_width, image_height)
	VALUES(235,
	       'back entry diddlers',
	       'watercolour and ink',
	       45,
	       34,
	       'back-entry-diddlers',
	      'original, &pound;150',
	       0,
		650,
		 488);


INSERT INTO art_pricing(art, item_number, description, price)
	VALUES(LAST_INSERT_ID(), 'do114', 'original', 150);




##---------------------------------------------------------------


INSERT INTO art (artist, title, media, width, height, image, pricing_info, main_image, image_width, image_height)
	VALUES(235,
	       'flowers in the rain',
	       'watercolour and ink',
	       63,
	       42,
	       'flowers-in-the',
	      'framed original, &pound;255',
	       0,
		650,
		 424);


INSERT INTO art_pricing(art, item_number, description, price)
	VALUES(LAST_INSERT_ID(), 'do101', 'original', 255);




##---------------------------------------------------------------


INSERT INTO art (artist, title, media, width, height, image, pricing_info, main_image, image_width, image_height)
	VALUES(235,
	       'bonnie night',
	       'watercolour and ink',
	       64,
	       38,
	       'bonnie-night',
	      'original, &pound;275',
	       0,
		650,
		 364);


INSERT INTO art_pricing(art, item_number, description, price)
	VALUES(LAST_INSERT_ID(), 'do102', 'original', 275);




##---------------------------------------------------------------


INSERT INTO art (artist, title, media, width, height, image, pricing_info, main_image, image_width, image_height)
	VALUES(235,
	       'the saturday matinees',
	       'watercolour and ink',
	       65,
	       40,
	       'the-saturday-matinees',
	      'original, &pound;240',
	       0,
		650,
		 417);


INSERT INTO art_pricing(art, item_number, description, price)
	VALUES(LAST_INSERT_ID(), 'do103', 'original', 240);




##---------------------------------------------------------------




INSERT INTO art (artist, title, media, width, height, image, pricing_info, main_image, image_width, image_height)
	VALUES(235,
	       'a vivid imagination',
	       'watercolour and ink',
	       69,
	       34,
	       'a-vivid-imagination',
	      'original, &pound;225',
	       0,
		650,
		 301);


INSERT INTO art_pricing(art, item_number, description, price)
	VALUES(LAST_INSERT_ID(), 'do105', 'original', 225);




##---------------------------------------------------------------



INSERT INTO art (artist, title, media, width, height, image, pricing_info, main_image, image_width, image_height)
	VALUES(235,
	       'the hula hoop',
	       'watercolour and ink',
	       84,
	       34,
	       'the-hula-hoop',
	      'framed original, &pound;225',
	       0,
		650,
		 235);


INSERT INTO art_pricing(art, item_number, description, price)
	VALUES(LAST_INSERT_ID(), 'do107', 'original', 225);




##---------------------------------------------------------------


INSERT INTO art (artist, title, media, width, height, image, pricing_info, main_image, image_width, image_height)
	VALUES(235,
	       'a couple of swingers',
	       'watercolour and ink',
	       34,
	       61,
	       'a-couple-of',
	      'original, &pound;225',
	       0,
		398,
		 650);


INSERT INTO art_pricing(art, item_number, description, price)
	VALUES(LAST_INSERT_ID(), 'do108', 'original', 225);




##---------------------------------------------------------------


INSERT INTO art (artist, title, media, width, height, image, pricing_info, main_image, image_width, image_height)
	VALUES(235,
	       'everton blues',
	       'watercolour and ink',
	       31,
	       44,
	       'everton-blues',
	      'original, &pound;125',
	       0,
		462,
		 650);


INSERT INTO art_pricing(art, item_number, description, price)
	VALUES(LAST_INSERT_ID(), 'do109', 'original', 125);




##---------------------------------------------------------------


INSERT INTO art (artist, title, media, width, height, image, pricing_info, main_image, image_width, image_height)
	VALUES(235,
	       'the steeries',
	       'watercolour and ink',
	       38,
	       62,
	       'the-steeries',
	      'original, &pound;100',
	       0,
		456,
		 650);


INSERT INTO art_pricing(art, item_number, description, price)
	VALUES(LAST_INSERT_ID(), 'do110', 'original', 100);




##---------------------------------------------------------------




INSERT INTO art (artist, title, media, width, height, image, pricing_info, main_image, image_width, image_height)
	VALUES(235,
	       'best mates',
	       'watercolour and ink',
	       37,
	       49,
	       'best-mates',
	      'original, &pound;150',
	       0,
		650,
		 488);


INSERT INTO art_pricing(art, item_number, description, price)
	VALUES(LAST_INSERT_ID(), 'do112', 'original', 150);




##---------------------------------------------------------------





INSERT INTO art (artist, title, media, width, height, image, pricing_info, main_image, image_width, image_height)
	VALUES(235,
	       'diggin on the olla',
	       'watercolour and ink',
	       60,
	       30,
	       'diggin-on-the',
	      'original, &pound;225',
	       0,
		650,
		 323);


INSERT INTO art_pricing(art, item_number, description, price)
	VALUES(LAST_INSERT_ID(), 'do115', 'original', 225);




##---------------------------------------------------------------




INSERT INTO art (artist, title, media, width, height, image, pricing_info, main_image, image_width, image_height)
	VALUES(235,
	       'bath night',
	       'watercolour and ink',
	       47,
	       42,
	       'bath-night',
	      'original, &pound;195',
	       0,
		650,
		 488);


INSERT INTO art_pricing(art, item_number, description, price)
	VALUES(LAST_INSERT_ID(), 'do116', 'original', 195);




##---------------------------------------------------------------

INSERT INTO art (artist, title, media, width, height, image, pricing_info, main_image, image_width, image_height)
	VALUES(235,
	       'robin hood and the rent man',
	       'watercolour and ink',
	       23,
	       34,
	       'robin-hood-and',
	      'original, &pound;95',
	       0,
		433,
		 650);


INSERT INTO art_pricing(art, item_number, description, price)
	VALUES(LAST_INSERT_ID(), 'do117', 'original', 95);




##---------------------------------------------------------------


INSERT INTO art (artist, title, media, width, height, image, pricing_info, main_image, image_width, image_height)
	VALUES(235,
	       'helpin'' mum',
	       'watercolour and ink',
	       23,
	       34,
	       'helpin-mum',
	      'original, &pound;95',
	       0,
		432,
		 650);


INSERT INTO art_pricing(art, item_number, description, price)
	VALUES(LAST_INSERT_ID(), 'do118', 'original', 95);




##---------------------------------------------------------------


INSERT INTO art (artist, title, media, width, height, image, pricing_info, main_image, image_width, image_height)
	VALUES(235,
	       'janglin''',
	       'watercolour and ink',
	       23,
	       34,
	       'janglin',
	      'original, &pound;95',
	       0,
		426,
		 650);


INSERT INTO art_pricing(art, item_number, description, price)
	VALUES(LAST_INSERT_ID(), 'do119', 'original', 95);




##---------------------------------------------------------------


INSERT INTO art (artist, title, media, width, height, image, pricing_info, main_image, image_width, image_height)
	VALUES(235,
	       'a summers evening',
	       'watercolour and ink',
	       23,
	       34,
	       'a-summers-evening',
	      'original, &pound;95',
	       0,
		412,
		 650);


INSERT INTO art_pricing(art, item_number, description, price)
	VALUES(LAST_INSERT_ID(), 'do120', 'original', 95);




##---------------------------------------------------------------


INSERT INTO artist (id, name, statement, notes, display, keywords)
	VALUES(237, 'christopher turrell watts',

	'<p class="artist">"I have been making work in clay for over twenty years. My work tends to be one- off or small batch production pieces and recently I have been focusing on commission based work. My work tends to explore using clay in unexpected ways whether its through using light or sound or just through creating unusual objects that are humorous and desirable!
</p>

<p class="artist">I work in Liverpool and am part of the newly created Threshold Factory studio group at the CUC building and I have just been awarded a placement at Hope University as part of their Artists Access into Art Colleges scheme. 
Last year I was commissioned by Leicetser County Council to make three interactive ceramic objects that could be used in schools for creative storytelling. The pieces had small wind up music boxes inside them and were made to look like mysterious space objects.
I have had a number of other commissions including handmade lightshades for the Arts Council office in Brighton, a unique double spouted teapot for artists Darren Neave and John Cake who are using it in their gallery performances and pieces for the Artists Product range for Tate Modern and am currently in discussions with them for developing new work.
</p>

<p class="artist">Although some of the work shown here was for commission or has already been sold, I am open to private commissions and especially Public Art based projects."
</p>

<p class="artist"></p>',
               NULL,
	       1,
		'liverpool artist, clay artist, ceramic artist, ceramic sculpture, three dimensional art, clay commissions, chris turrell-watts artist, ');

##---------------------------------------------------------------


INSERT INTO art (artist, title, media, width, height, image, pricing_info, main_image, image_width, image_height)
	VALUES(237,
	       'clockwork cloud',
	       'ceramic music box',
	       24,
	       15,
              
	       'clockwork-cloud',
	      'original, &pound;70',
	       0,
		650,
		 487);


INSERT INTO art_pricing(art, item_number, description, price)
	VALUES(LAST_INSERT_ID(), 'cu101', 'original', 70);




##---------------------------------------------------------------


INSERT INTO art (artist, title, media, width, height, image, pricing_info, main_image, image_width, image_height)
	VALUES(237,
	       'ghost',
	       'ceramic',
	       40,
	       16,
             
	       'ghost',
	      'original, &pound;91',
	       1,
		369,
		 650);


INSERT INTO art_pricing(art, item_number, description, price)
	VALUES(LAST_INSERT_ID(), 'cu102', 'original', 91);




##---------------------------------------------------------------


INSERT INTO art (artist, title, media, width, height, image, pricing_info, main_image, image_width, image_height)
	VALUES(237,
	       'held in the hand piece',
	       'ceramic copper leaf music box',
	       18,
	       10,
              
	       'held-in-the',
	      'commission example',
	       0,
		650,
		 606);




##---------------------------------------------------------------


INSERT INTO art (artist, title, media, width, height, image, pricing_info, main_image, image_width, image_height)
	VALUES(237,
	       'kippenburger teapot',
	       'ceramic',
	       28,
	       
               35 ,
	       'kippenburger-teapot',
	         'commission example',
	       0,
		650,
		 473);




##---------------------------------------------------------------


INSERT INTO art (artist, title, media, width, height, image, pricing_info, main_image, image_width, image_height)
	VALUES(237,
	       'somewhere pink iron',
	       'ceramic and enamel transfers',
	       28,
	       15,
              
	       'somewhere-pink-iron',
	       'commission example',
	       0,
		407,
		 650);




##---------------------------------------------------------------


INSERT INTO art (artist, title, media, width, height, image, pricing_info, main_image, image_width, image_height)
	VALUES(237,
	       'wonky',
	       'slipcast porcelain',
	       21,
	       14,
              
	       'wonky',   
		 'commission example',
	       0,
		650,
		 584);




##---------------------------------------------------------------


INSERT INTO art (artist, title, media, width, height, image, pricing_info, main_image, image_width, image_height)
	VALUES(237,
	       'tanglebox',
	       'terracotta',
	       22,
	       22,
              
	       'tanglebox',
	          'commission example',
	       0,
		650,
		 488);




##---------------------------------------------------------------




INSERT INTO art (artist, title, media, width, height, image, pricing_info, main_image, image_width, image_height)
	VALUES(237,
	       'restaurant wall panel',
	       'ceramic, glass and mixed media',
	       500,
	       140,
              
	       'restaurant-commission',
	          'commission example',
	       0,
		650,
		 159);




##---------------------------------------------------------------



INSERT INTO art (artist, title, media, width, height, image, pricing_info, main_image, image_width, image_height)
	VALUES(237,
	       'restaurant wall panel (detail 1)',
	       'ceramic, glass and mixed media',
	       500,
	       140,
              
	       'restaurant-detail-1',
	          'commission example',
	       0,
		650,
		 606);




##---------------------------------------------------------------




INSERT INTO art (artist, title, media, width, height, image, pricing_info, main_image, image_width, image_height)
	VALUES(237,
	       'restaurant wall panel (detail 2)',
	       'ceramic, glass and mixed media',
	       500,
	       140,
              
	       'restaurant-detail-2',
	          'commission example',
	       0,
		650,
		 488);




##---------------------------------------------------------------



INSERT INTO art (artist, title, media, width, height, image, pricing_info, main_image, image_width, image_height)
	VALUES(237,
	       'restaurant wall panel (detail 3)',
	       'ceramic, glass and mixed media',
	       500,
	       140,
              
	       'restaurant-detail-3',
	          'commission example',
	       0,
		650,
		 427);




##---------------------------------------------------------------



INSERT INTO art (artist, title, media, width, height, image, pricing_info, main_image, image_width, image_height)
	VALUES(237,
	       'restaurant wall panel (detail 4)',
	       'ceramic, glass and mixed media',
	       500,
	       140,
              
	       'restaurant-detail-4',
	          'commission example',
	       0,
		650,
		 551);




##---------------------------------------------------------------




INSERT INTO artist (id, name, statement, notes, display, keywords)
	VALUES(238, 'john whitelaw',

	'<p class="artist">Born and raised in Liverpool from 1974 I have had the privilege of coming from a city vibrant in creativity.  
I studied Communication Media at Maidstone College of Art & Design between 1993 and 1996 specialising in Illustration. Graduating with a 2.1 BA (Hons) I spent a year in London before moving back home to the place that I love. 
</p>

</p>

<p class="artist">I try to keep my work fresh and therefore subject matter is derived from pop culture.  I''m inspired by street art as much as when I''m in the Tate or Walker Art gallery. My influences are Picasso, Basquiat, Warhol, Aztec culture and any Japanese animation preferably by studio Ghilbli. I''m definitely a promoter of new technology and borderline geek. All of my work is produced digitally but I believe the sketchbook is not dead yet and also have a stack of post-it notes on my desk with doodles crying out to be developed! Often ideas will start as a sketch or an idea on my phone and progress to a more polished version on my Mac.  
</p>

<p class="artist">All images are produced in a limited edition of 150 and are also available in larger sizes on request.</p>',
               NULL,
	       1,
		'Liverpool art, Liver building, digital art Liverpool, Liverpool landscapes, digital abstract, john whitelaw artist, radio city tower, limited edition print Liverpool,');


##---------------------------------------------------------------





INSERT INTO art (artist, title, media, width, height, image, pricing_info, main_image, image_width, image_height)
	VALUES(238,
	       'the greatest',
	       'limited print',
	       30,
	       42,
	       'The-Greatest',
	      'limited edition print, &pound;65',
	       0,
		488,
		 650);


INSERT INTO art_pricing(art, item_number, description, price)
	VALUES(LAST_INSERT_ID(), 'jw132', 'limited edition print', 65);



##---------------------------------------------------------------


INSERT INTO art (artist, title, media, width, height, image, pricing_info, main_image, image_width, image_height)
	VALUES(238,
	       'love john',
	       'limited print',
	       30,
	       42,
	       'love-john',
	      'limited edition print, &pound;65',
	       0,
		488,
		 650);


INSERT INTO art_pricing(art, item_number, description, price)
	VALUES(LAST_INSERT_ID(), 'jw131', 'limited edition print', 65);



##---------------------------------------------------------------



INSERT INTO art (artist, title, media, width, height, image, pricing_info, main_image, image_width, image_height)
	VALUES(238,
	       'love paul',
	       'limited print',
	       30,
	       42,
	       'love-paul',
	      'limited edition print, &pound;65',
	       0,
		488,
		 650);


INSERT INTO art_pricing(art, item_number, description, price)
	VALUES(LAST_INSERT_ID(), 'jw130', 'limited edition print', 65);


##---------------------------------------------------------------



INSERT INTO art (artist, title, media, width, height, image, pricing_info, main_image, image_width, image_height)
	VALUES(238,
	       'love ringo',
	       'limited print',
	       30,
	       42,
	       'love-ringo',
	      'limited edition print, &pound;65',
	       0,
		488,
		 650);


INSERT INTO art_pricing(art, item_number, description, price)
	VALUES(LAST_INSERT_ID(), 'jw129', 'limited edition print', 65);

##---------------------------------------------------------------

INSERT INTO art (artist, title, media, width, height, image, pricing_info, main_image, image_width, image_height)
	VALUES(238,
	       'love george',
	       'limited print',
	       30,
	       42,
	       'love-george',
	      'limited edition print, &pound;65',
	       0,
		488,
		 650);


INSERT INTO art_pricing(art, item_number, description, price)
	VALUES(LAST_INSERT_ID(), 'jw128', 'limited edition print', 65);





##---------------------------------------------------------------


INSERT INTO art (artist, title, media, width, height, image, pricing_info, main_image, image_width, image_height)
	VALUES(238,
	       'the song remains the same',
	       'limited print',
	       30,
	       42,
	       'the-song-remains',
	      'limited edition print, &pound;65',
	       0,
		488,
		 650);


INSERT INTO art_pricing(art, item_number, description, price)
	VALUES(LAST_INSERT_ID(), 'jw127', 'limited edition print', 65);


##---------------------------------------------------------------




INSERT INTO art (artist, title, media, width, height, image, pricing_info, main_image, image_width, image_height)
	VALUES(238,
	       'mr fett',
	       'limited print',
	       30,
	       42,
	       'mr-fett',
	      'limited edition print, &pound;65',
	       0,
		488,
		 650);


INSERT INTO art_pricing(art, item_number, description, price)
	VALUES(LAST_INSERT_ID(), 'jw126', 'limited edition print', 65);


##---------------------------------------------------------------




INSERT INTO art (artist, title, media, width, height, image, pricing_info, main_image, image_width, image_height)
	VALUES(238,
	       'storm',
	       'limited print',
	       30,
	       42,
	       'storm',
	      'limited edition print, &pound;65',
	       0,
		488,
		 650);


INSERT INTO art_pricing(art, item_number, description, price)
	VALUES(LAST_INSERT_ID(), 'jw125', 'limited edition print', 65);


##---------------------------------------------------------------



INSERT INTO art (artist, title, media, width, height, image, pricing_info, main_image, image_width, image_height)
	VALUES(238,
	       'hold on',
	       'limited print',
	       30,
	       42,
	       'hold-on',
	      'limited edition print, &pound;65',
	       0,
		488,
		 650);


INSERT INTO art_pricing(art, item_number, description, price)
	VALUES(LAST_INSERT_ID(), 'jw124', 'limited edition print', 65);


##---------------------------------------------------------------



INSERT INTO art (artist, title, media, width, height, image, pricing_info, main_image, image_width, image_height)
	VALUES(238,
	       'radiocity',
	       'giclee print',
	       29.7,
	       42,
	       'radiocity',
	      'limited edition print, &pound;65',
	       0,
		488,
		 650);


INSERT INTO art_pricing(art, item_number, description, price)
	VALUES(LAST_INSERT_ID(), 'jw112', 'limited edition print', 65);




##---------------------------------------------------------------



INSERT INTO art (artist, title, media, width, height, image, pricing_info, main_image, image_width, image_height)
	VALUES(238,
	       'scouse',
	       'giclee print',
	       29.7,
	       42,
	       'scouse',
	      'limited edition print, &pound;65',
	       1,
		488,
		 650);


INSERT INTO art_pricing(art, item_number, description, price)
	VALUES(LAST_INSERT_ID(), 'jw114', 'limited edition print', 65);




##---------------------------------------------------------------



INSERT INTO art (artist, title, media, width, height, image, pricing_info, main_image, image_width, image_height)
	VALUES(238,
	       'legends',
	       'giclee print',
	       29.7,
	       42,
	       'legends',
	      'limited edition print, &pound;65',
	       0,
		488,
		 650);


INSERT INTO art_pricing(art, item_number, description, price)
	VALUES(LAST_INSERT_ID(), 'jw118', 'limited edition print', 65);



##---------------------------------------------------------------




INSERT INTO art (artist, title, media, width, height, image, pricing_info, main_image, image_width, image_height)
	VALUES(238,
	       'park west',
	       'limited print',
	       30,
	       42,
	       'park-west',
	      'limited edition print, &pound;65',
	       0,
		488,
		 650);


INSERT INTO art_pricing(art, item_number, description, price)
	VALUES(LAST_INSERT_ID(), 'jw122', 'limited edition print', 65);



##---------------------------------------------------------------



INSERT INTO art (artist, title, media, width, height, image, pricing_info, main_image, image_width, image_height)
	VALUES(238,
	       'phoenix',
	       'limited print',
	       30,
	       42,
	       'phoenix',
	      'limited edition print, &pound;65',
	       0,
		488,
		 650);


INSERT INTO art_pricing(art, item_number, description, price)
	VALUES(LAST_INSERT_ID(), 'jw123', 'limited edition print', 65);


##---------------------------------------------------------------


INSERT INTO art (artist, title, media, width, height, image, pricing_info, main_image, image_width, image_height)
	VALUES(238,
	       'cavern',
	       'giclee print',
	       29.7,
	       42,
	       'cavern',
	      'limited edition print, &pound;65',
	       0,
		488,
		 650);


INSERT INTO art_pricing(art, item_number, description, price)
	VALUES(LAST_INSERT_ID(), 'jw104', 'limited edition print', 65);





##---------------------------------------------------------------


INSERT INTO art (artist, title, media, width, height, image, pricing_info, main_image, image_width, image_height)
	VALUES(238,
	       'all we are is stars',
	       'giclee print',
	       29.7,
	       42,
	       'all-we-are',
	      'limited edition print, &pound;65',
	       0,
		488,
		 650);


INSERT INTO art_pricing(art, item_number, description, price)
	VALUES(LAST_INSERT_ID(), 'jw102', 'limited edition print', 65);




##---------------------------------------------------------------



INSERT INTO art (artist, title, media, width, height, image, pricing_info, main_image, image_width, image_height)
	VALUES(238,
	       'livermemory',
	       'giclee print',
	       29.7,
	       42,
	       'livermemory',
	      'limited edition print, &pound;65',
	       0,
		650,
		 488);


INSERT INTO art_pricing(art, item_number, description, price)
	VALUES(LAST_INSERT_ID(), 'jw108', 'limited edition print', 65);




##---------------------------------------------------------------


INSERT INTO art (artist, title, media, width, height, image, pricing_info, main_image, image_width, image_height)
	VALUES(238,
	       'liverscape',
	       'giclee print',
	       29.7,
	       42,
	       'liverscape',
	      'limited edition print, &pound;65',
	       0,
		650,
		 488);


INSERT INTO art_pricing(art, item_number, description, price)
	VALUES(LAST_INSERT_ID(), 'jw109', 'limited edition print', 65);




##---------------------------------------------------------------


INSERT INTO art (artist, title, media, width, height, image, pricing_info, main_image, image_width, image_height)
	VALUES(238,
	       'ship and mitre',
	       'giclee print',
	       29.7,
	       42,
	       'ship-and-mitre',
	      'limited edition print, &pound;65',
	       0,
		488,
		 650);


INSERT INTO art_pricing(art, item_number, description, price)
	VALUES(LAST_INSERT_ID(), 'jw116', 'limited edition print', 65);




##---------------------------------------------------------------



INSERT INTO art (artist, title, media, width, height, image, pricing_info, main_image, image_width, image_height)
	VALUES(238,
	       'liverbird',
	       'giclee print',
	       29.7,
	       42,
	       'liverbird',
	      'limited edition print, &pound;65',
	       0,
		488,
		 650);


INSERT INTO art_pricing(art, item_number, description, price)
	VALUES(LAST_INSERT_ID(), 'jw119', 'limited edition print', 65);



##---------------------------------------------------------------



INSERT INTO art (artist, title, media, width, height, image, pricing_info, main_image, image_width, image_height)
	VALUES(238,
	       'waterfront',
	       'limited print',
	       92,
	       31,
	       'waterfront',
	      'limited edition print, &pound;150',
	       0,
		650,
		 150);


INSERT INTO art_pricing(art, item_number, description, price)
	VALUES(LAST_INSERT_ID(), 'jw120', 'limited edition print', 150);



##---------------------------------------------------------------



INSERT INTO art (artist, title, media, width, height, image, pricing_info, main_image, image_width, image_height)
	VALUES(238,
	       'new liverpool',
	       'limited print',
	       92,
	       31,
	       'new-liverpool',
	      'limited edition print, &pound;150',
	       0,
		650,
		 150);


INSERT INTO art_pricing(art, item_number, description, price)
	VALUES(LAST_INSERT_ID(), 'jw121', 'limited edition print', 150);



##---------------------------------------------------------------

INSERT INTO artist (id, name, statement, notes, display, keywords)
	VALUES(245, 'paul vera broadbent',

	'<p class="artist">Paul has specialised in combining classic artwork with 
contemporary media since beginning work in video games at the age of 17. 
He has now released more than 25 game titles, selling millions of units 
and attracting several BAFTA nominations. 
</p>

<p class="artist">Paul is currently a director of design studio "Found in the Future" 
where he continues to push boundaries in art, graphic design and animation. 
He has recently focused on developing innovative styles of digital painting, 
mixing his games background with an obsession with past masters to create 
spectacular new work.</p>

<p class="artist">Paul uses an iPad to create his work and all of his images are 
drawn by hand. Paul''s first exhibition was at the Autodesk University Gallery 
2011 in Las Vegas where he was one of only twelve artists from around the world 
to be shown. His art has featured on many web sites and has had over 37,000 
clicked views online.
</p>

<p class="artist">The style featured here was developed as part of Paul''s first 60 
mobile digital artworks and these can all be viewed online on his Flickr stream. 
The works available here have been specifically prepared for print.
These limited edition prints are produced in signed and numbered editions of 200,
and can also be produced at different sizes on request.</p>',
               NULL,
	       1,
		'paul vera-broadbent, ipad art, ipad paintings, old master paintings, digital paintings,
ipad old masters, liverpool digital artist, ipad limited editions');

##---------------------------------------------------------------


INSERT INTO art (artist, title, media, width, height, image, pricing_info, main_image, image_width, image_height)
	VALUES(245,
	       'the incredulity of saint thomas',
	       'ipad digital painting',
	       40,
	       30,
	       'the-incredulity-of',
	      'limited edition print, &pound;150',
	       0,
		650,
		 488);


INSERT INTO art_pricing(art, item_number, description, price)
	VALUES(LAST_INSERT_ID(), 'pv101', 'limited edition print', 150);


##---------------------------------------------------------------


INSERT INTO art (artist, title, media, width, height, image, pricing_info, main_image, image_width, image_height)
	VALUES(245,
	       'the execution of lady jane grey',
	       'ipad digital painting',
	       40,
	       30,
	       'the-execution-of',
	      'limited edition print, &pound;150',
	       0,
		650,
		 488);


INSERT INTO art_pricing(art, item_number, description, price)
	VALUES(LAST_INSERT_ID(), 'pv102', 'limited edition print', 150);


##---------------------------------------------------------------


INSERT INTO art (artist, title, media, width, height, image, pricing_info, main_image, image_width, image_height)
	VALUES(245,
	       'above the eternal tranquility',
	       'ipad digital painting',
	       40,
	       30,
	       'above-the-eternal',
	      'limited edition print, &pound;150',
	       0,
		650,
		 488);


INSERT INTO art_pricing(art, item_number, description, price)
	VALUES(LAST_INSERT_ID(), 'pv104', 'limited edition print', 150);


##---------------------------------------------------------------


INSERT INTO art (artist, title, media, width, height, image, pricing_info, main_image, image_width, image_height)
	VALUES(245,
	       'hugo grotius',
	       'ipad digital painting',
	       40,
	       30,
	       'hugo-grotius',
	      'limited edition print, &pound;150',
	       0,
		650,
		 488);


INSERT INTO art_pricing(art, item_number, description, price)
	VALUES(LAST_INSERT_ID(), 'pv105', 'limited edition print', 150);


##--------------------------------------------------------------


INSERT INTO art (artist, title, media, width, height, image, pricing_info, main_image, image_width, image_height)
	VALUES(245,
	       'barge haulers on the volga',
	       'ipad digital painting',
	       40,
	       30,
	       'barge-haulers-on',
	      'limited edition print, &pound;150',
	       0,
		650,
		 488);


INSERT INTO art_pricing(art, item_number, description, price)
	VALUES(LAST_INSERT_ID(), 'pv106', 'limited edition print', 150);


##---------------------------------------------------------------



INSERT INTO art (artist, title, media, width, height, image, pricing_info, main_image, image_width, image_height)
	VALUES(245,
	       'sunflowers',
	       'ipad digital painting',
	       40,
	       30,
	       'sunflowers',
	      'limited edition print, &pound;150',
	       1,
		488,
		 650);


INSERT INTO art_pricing(art, item_number, description, price)
	VALUES(LAST_INSERT_ID(), 'pv107', 'limited edition print', 150);


##---------------------------------------------------------------



INSERT INTO artist (id, name, statement, notes, display, keywords)
	VALUES(246, 'catherine evans jones',

	'<p class="artist">Catherine studied at the University of Manchester, 
Liverpool John Moores University, University of Chester and Central St.Martins 
College of Art and Design in London. She was tutored by the modernist painter 
Allen Barker.
</p>

<p class="artist">"Catherines illustrations are figurative, with a bold sense of colour and structure. Her expressive female characters exude style, confidence and humour."</p>

<p class="artist">The artist, who has exhibited in Chester, Manchester and Wales, says:
</p>

<p class="artist">"I am inspired and influenced by fashion illustration, old style glamour, flair, nostalgia, eccentricity, sudden bursts of colour, the telling line, a gesture or gaze and the multitude of mysteries contained within the human face."</p>',
               NULL,
	       1,
		'chester artist, chester illustrator, fashion illustration, figurative painting, paintings of women, nostalgic paintings, glamourous women, female paintings, fashion paintings ');

##---------------------------------------------------------------


INSERT INTO art (artist, title, media, width, height, image, pricing_info, main_image, image_width, image_height)
	VALUES(246,
	       '50s dance',
	       'ink and watercolour on board',
	       30,
	       22,
	       '50s-dance',
	      'original, &pound;126',
	       0,
		458,
		 650);


INSERT INTO art_pricing(art, item_number, description, price)
	VALUES(LAST_INSERT_ID(), 'cv101', 'original', 126);


##---------------------------------------------------------------


INSERT INTO art (artist, title, media, width, height, image, pricing_info, main_image, image_width, image_height)
	VALUES(246,
	       '80s',
	       'ink and watercolour on board',
	       30,
	       22,
	       '80s',
	      'original, &pound;126',
	       0,
		476,
		 650);


INSERT INTO art_pricing(art, item_number, description, price)
	VALUES(LAST_INSERT_ID(), 'cv102', 'original', 126);


##---------------------------------------------------------------


INSERT INTO art (artist, title, media, width, height, image, pricing_info, main_image, image_width, image_height)
	VALUES(246,
	       'attitude',
	       'ink and watercolour on board',
	       30,
	       22,
	       'attitude',
	      'original, &pound;126',
	       0,
		461,
		 650);


INSERT INTO art_pricing(art, item_number, description, price)
	VALUES(LAST_INSERT_ID(), 'cv103', 'original', 126);


##---------------------------------------------------------------


INSERT INTO art (artist, title, media, width, height, image, pricing_info, main_image, image_width, image_height)
	VALUES(246,
	       'berlin',
	       'ink and watercolour on board',
	       30,
	       22,
	       'berlin',
	      'original, &pound;133',
	       0,
		469,
		 650);


INSERT INTO art_pricing(art, item_number, description, price)
	VALUES(LAST_INSERT_ID(), 'cv104', 'original', 133);


##---------------------------------------------------------------


INSERT INTO art (artist, title, media, width, height, image, pricing_info, main_image, image_width, image_height)
	VALUES(246,
	       'blue',
	       'ink and watercolour on board',
	       30,
	       22,
	       'blue',
	      'original, &pound;140',
	       0,
		463,
		 650);


INSERT INTO art_pricing(art, item_number, description, price)
	VALUES(LAST_INSERT_ID(), 'cv105', 'original', 140);


##---------------------------------------------------------------


INSERT INTO art (artist, title, media, width, height, image, pricing_info, main_image, image_width, image_height)
	VALUES(246,
	       'clown',
	       'ink and watercolour on board',
	       30,
	       22,
	       'clown',
	      'original, &pound;126',
	       0,
		421,
		 650);


INSERT INTO art_pricing(art, item_number, description, price)
	VALUES(LAST_INSERT_ID(), 'cv106', 'original', 126);


##---------------------------------------------------------------


INSERT INTO art (artist, title, media, width, height, image, pricing_info, main_image, image_width, image_height)
	VALUES(246,
	       'feathers',
	       'ink and watercolour on board',
	       30,
	       22,
	       'feathers',
	      'original, &pound;126',
	       0,
		456,
		 650);


INSERT INTO art_pricing(art, item_number, description, price)
	VALUES(LAST_INSERT_ID(), 'cv107', 'original', 126);


##---------------------------------------------------------------


INSERT INTO art (artist, title, media, width, height, image, pricing_info, main_image, image_width, image_height)
	VALUES(246,
	       'flapper',
	       'ink and watercolour on board',
	       30,
	       22,
	       'flapper',
	      'original, &pound;126',
	       0,
		441,
		 650);


INSERT INTO art_pricing(art, item_number, description, price)
	VALUES(LAST_INSERT_ID(), 'cv108', 'original', 126);


##---------------------------------------------------------------


INSERT INTO art (artist, title, media, width, height, image, pricing_info, main_image, image_width, image_height)
	VALUES(246,
	       'freekles',
	       'ink and watercolour on board',
	       30,
	       22,
	       'freekles',
	      'original, &pound;140',
	       0,
		466,
		 650);


INSERT INTO art_pricing(art, item_number, description, price)
	VALUES(LAST_INSERT_ID(), 'cv109', 'original', 140);


##---------------------------------------------------------------


INSERT INTO art (artist, title, media, width, height, image, pricing_info, main_image, image_width, image_height)
	VALUES(246,
	       'green butterflies',
	       'ink and watercolour on board',
	       30,
	       22,
	       'green-butterflies',
	      'original, &pound;126',
	       0,
		454,
		 650);


INSERT INTO art_pricing(art, item_number, description, price)
	VALUES(LAST_INSERT_ID(), 'cv110', 'original', 126);


##---------------------------------------------------------------


INSERT INTO art (artist, title, media, width, height, image, pricing_info, main_image, image_width, image_height)
	VALUES(246,
	       'group',
	       'ink and watercolour on board',
	       30,
	       22,
	       'group',
	      'original, &pound;140',
	       0,
		456,
		 650);


INSERT INTO art_pricing(art, item_number, description, price)
	VALUES(LAST_INSERT_ID(), 'cv111', 'original', 140);


##---------------------------------------------------------------


INSERT INTO art (artist, title, media, width, height, image, pricing_info, main_image, image_width, image_height)
	VALUES(246,
	       'hat checkgirl',
	       'ink and watercolour on board',
	       30,
	       22,
	       'hat-checkgirl',
	      'original, &pound;168',
	       0,
		459,
		 650);


INSERT INTO art_pricing(art, item_number, description, price)
	VALUES(LAST_INSERT_ID(), 'cv112', 'original', 168);


##---------------------------------------------------------------


INSERT INTO art (artist, title, media, width, height, image, pricing_info, main_image, image_width, image_height)
	VALUES(246,
	       'hummingbird',
	       'ink and watercolour on board',
	       30,
	       22,
	       'hummingbird',
	      'original, &pound;140',
	       0,
		459,
		 650);


INSERT INTO art_pricing(art, item_number, description, price)
	VALUES(LAST_INSERT_ID(), 'cv113', 'original', 140);


##---------------------------------------------------------------


INSERT INTO art (artist, title, media, width, height, image, pricing_info, main_image, image_width, image_height)
	VALUES(246,
	       'imp',
	       'ink and watercolour on board',
	       30,
	       22,
	       'imp',
	      'original, &pound;126',
	       0,
		452,
		 650);


INSERT INTO art_pricing(art, item_number, description, price)
	VALUES(LAST_INSERT_ID(), 'cv114', 'original', 126);


##---------------------------------------------------------------


INSERT INTO art (artist, title, media, width, height, image, pricing_info, main_image, image_width, image_height)
	VALUES(246,
	       'jack',
	       'ink and watercolour on board',
	       30,
	       22,
	       'jack',
	      'original, &pound;133',
	       0,
		472,
		 650);


INSERT INTO art_pricing(art, item_number, description, price)
	VALUES(LAST_INSERT_ID(), 'cv115', 'original', 133);


##---------------------------------------------------------------


INSERT INTO art (artist, title, media, width, height, image, pricing_info, main_image, image_width, image_height)
	VALUES(246,
	       'jeannie',
	       'ink and watercolour on board',
	       30,
	       22,
	       'jeannie',
	      'original, &pound;140',
	       0,
		456,
		 650);


INSERT INTO art_pricing(art, item_number, description, price)
	VALUES(LAST_INSERT_ID(), 'cv116', 'original', 140);


##---------------------------------------------------------------


INSERT INTO art (artist, title, media, width, height, image, pricing_info, main_image, image_width, image_height)
	VALUES(246,
	       'night garden',
	       'ink and watercolour on board',
	       30,
	       22,
	       'night-garden',
	      'original, &pound;133',
	       0,
		453,
		 650);


INSERT INTO art_pricing(art, item_number, description, price)
	VALUES(LAST_INSERT_ID(), 'cv117', 'original', 133);


##---------------------------------------------------------------


INSERT INTO art (artist, title, media, width, height, image, pricing_info, main_image, image_width, image_height)
	VALUES(246,
	       'patterned dress',
	       'ink and watercolour on board',
	       30,
	       22,
	       'patterned-dress',
	      'original, &pound;140',
	       0,
		460,
		 650);


INSERT INTO art_pricing(art, item_number, description, price)
	VALUES(LAST_INSERT_ID(), 'cv118', 'original', 140);


##---------------------------------------------------------------


INSERT INTO art (artist, title, media, width, height, image, pricing_info, main_image, image_width, image_height)
	VALUES(246,
	       'pigtails',
	       'ink and watercolour on board',
	       30,
	       22,
	       'pigtails',
	      'original, &pound;126',
	       0,
		428,
		 650);


INSERT INTO art_pricing(art, item_number, description, price)
	VALUES(LAST_INSERT_ID(), 'cv119', 'original', 126);


##---------------------------------------------------------------


INSERT INTO art (artist, title, media, width, height, image, pricing_info, main_image, image_width, image_height)
	VALUES(246,
	       'rachel',
	       'ink and watercolour on board',
	       30,
	       22,
	       'rachel',
	      'original, &pound;126',
	       0,
		452,
		 650);


INSERT INTO art_pricing(art, item_number, description, price)
	VALUES(LAST_INSERT_ID(), 'cv120', 'original', 126);


##---------------------------------------------------------------


INSERT INTO art (artist, title, media, width, height, image, pricing_info, main_image, image_width, image_height)
	VALUES(246,
	       'red',
	       'ink and watercolour on board',
	       30,
	       22,
	       'red',
	      'original, &pound;126',
	       0,
		451,
		 650);


INSERT INTO art_pricing(art, item_number, description, price)
	VALUES(LAST_INSERT_ID(), 'cv121', 'original', 126);


##---------------------------------------------------------------


INSERT INTO art (artist, title, media, width, height, image, pricing_info, main_image, image_width, image_height)
	VALUES(246,
	       'red daisies',
	       'ink and watercolour on board',
	       30,
	       22,
	       'red-daisies',
	      'original, &pound;133',
	       1,
		456,
		 650);


INSERT INTO art_pricing(art, item_number, description, price)
	VALUES(LAST_INSERT_ID(), 'cv122', 'original', 133);


##---------------------------------------------------------------


INSERT INTO art (artist, title, media, width, height, image, pricing_info, main_image, image_width, image_height)
	VALUES(246,
	       'rose',
	       'ink and watercolour on board',
	       30,
	       22,
	       'rose',
	      'original, &pound;168',
	       0,
		464,
		 650);


INSERT INTO art_pricing(art, item_number, description, price)
	VALUES(LAST_INSERT_ID(), 'cv123', 'original', 168);


##---------------------------------------------------------------


INSERT INTO art (artist, title, media, width, height, image, pricing_info, main_image, image_width, image_height)
	VALUES(246,
	       'salsa',
	       'ink and watercolour on board',
	       30,
	       22,
	       'salsa',
	      'original, &pound;126',
	       0,
		453,
		 650);


INSERT INTO art_pricing(art, item_number, description, price)
	VALUES(LAST_INSERT_ID(), 'cv124', 'original', 126);


##---------------------------------------------------------------


INSERT INTO art (artist, title, media, width, height, image, pricing_info, main_image, image_width, image_height)
	VALUES(246,
	       'sending my love',
	       'ink and watercolour on board',
	       30,
	       22,
	       'sending-my-love',
	      'original, &pound;140',
	       0,
		650,
		 476);


INSERT INTO art_pricing(art, item_number, description, price)
	VALUES(LAST_INSERT_ID(), 'cv125', 'original', 140);


##---------------------------------------------------------------



INSERT INTO art (artist, title, media, width, height, image, pricing_info, main_image, image_width, image_height)
	VALUES(246,
	       'stargazing',
	       'ink and watercolour on board',
	       30,
	       22,
	       'stargazing',
	      'original, &pound;140',
	       0,
		461,
		 650);


INSERT INTO art_pricing(art, item_number, description, price)
	VALUES(LAST_INSERT_ID(), 'cv127', 'original', 140);


##---------------------------------------------------------------


INSERT INTO art (artist, title, media, width, height, image, pricing_info, main_image, image_width, image_height)
	VALUES(246,
	       'stars and the lilly',
	       'ink and watercolour on board',
	       30,
	       22,
	       'stars-and-the',
	      'original, &pound;140',
	       0,
		476,
		 650);


INSERT INTO art_pricing(art, item_number, description, price)
	VALUES(LAST_INSERT_ID(), 'cv128', 'original', 140);


##---------------------------------------------------------------


INSERT INTO art (artist, title, media, width, height, image, pricing_info, main_image, image_width, image_height)
	VALUES(246,
	       'summer daisies',
	       'ink and watercolour on board',
	       30,
	       22,
	       'summer-daisies',
	      'original, &pound;133',
	       0,
		461,
		 650);


INSERT INTO art_pricing(art, item_number, description, price)
	VALUES(LAST_INSERT_ID(), 'cv129', 'original', 133);


##---------------------------------------------------------------


INSERT INTO art (artist, title, media, width, height, image, pricing_info, main_image, image_width, image_height)
	VALUES(246,
	       'sunflowers',
	       'ink and watercolour on board',
	       30,
	       22,
	       'sunflowers',
	      'original, &pound;126',
	       0,
		461,
		 650);


INSERT INTO art_pricing(art, item_number, description, price)
	VALUES(LAST_INSERT_ID(), 'cv130', 'original', 126);


##---------------------------------------------------------------


INSERT INTO art (artist, title, media, width, height, image, pricing_info, main_image, image_width, image_height)
	VALUES(246,
	       'thoughts',
	       'ink and watercolour on board',
	       30,
	       22,
	       'thoughts',
	      'original, &pound;133',
	       0,
		455,
		 650);


INSERT INTO art_pricing(art, item_number, description, price)
	VALUES(LAST_INSERT_ID(), 'cv131', 'original', 133);


##---------------------------------------------------------------


INSERT INTO art (artist, title, media, width, height, image, pricing_info, main_image, image_width, image_height)
	VALUES(246,
	       'veil',
	       'ink and watercolour on board',
	       30,
	       22,
	       'veil',
	      'original, &pound;140',
	       0,
		459,
		 650);


INSERT INTO art_pricing(art, item_number, description, price)
	VALUES(LAST_INSERT_ID(), 'cv132', 'original', 140);


##---------------------------------------------------------------


INSERT INTO art (artist, title, media, width, height, image, pricing_info, main_image, image_width, image_height)
	VALUES(246,
	       'violet',
	       'ink and watercolour on board',
	       30,
	       22,
	       'violet',
	      'original, &pound;133',
	       0,
		457,
		 650);


INSERT INTO art_pricing(art, item_number, description, price)
	VALUES(LAST_INSERT_ID(), 'cv133', 'original', 133);


##---------------------------------------------------------------


INSERT INTO art (artist, title, media, width, height, image, pricing_info, main_image, image_width, image_height)
	VALUES(246,
	       'watching you fly',
	       'ink and watercolour on board',
	       30,
	       22,
	       'watching-you-fly',
	      'original, &pound;140',
	       0,
		458,
		 650);


INSERT INTO art_pricing(art, item_number, description, price)
	VALUES(LAST_INSERT_ID(), 'cv134', 'original', 140);


##---------------------------------------------------------------


INSERT INTO art (artist, title, media, width, height, image, pricing_info, main_image, image_width, image_height)
	VALUES(246,
	       'waves',
	       'ink and watercolour on board',
	       30,
	       22,
	       'waves',
	      'original, &pound;126',
	       0,
		453,
		 650);


INSERT INTO art_pricing(art, item_number, description, price)
	VALUES(LAST_INSERT_ID(), 'cv135', 'original', 126);


##----------------------------------------------------------------


INSERT INTO artist (id, name, statement, notes, display, keywords)
	VALUES(247, 'marianthi lainas',

	'<p class="artist">Marianthi is a freelance photographer based in Hoylake 
on the Wirral peninsula.  Whether it be capturing the interaction of light on the 
land, recording the architectural landscapes of urban life or highlighting the 
intricate details of a flower or plant, she enjoys the challenge of new and 
varied subjects. Land and seascape photography remain her particular love however 
and she is inspired by the rich colours of dawn and dusk when natural light is at 
its most special.  She also loves working in black and white, creating striking 
monochromatic images to emphasise texture and form in a scene.</p>

<p class="artist">"The stunning views around the North West coast, with its 
fantastic skies and ever-changing light provide a constant source of inspiration 
for me. I have a fascination for how the camera records movement in the 
landscape, its ability to capture magical moments of light and will frequently 
use long-exposures to explore the different effects that can be created."</p>

<p class="artist">A recent award winner at the 2011 Wirral Spring Art & Photography 
Exhibition, her images are regularly published in travel guides, magazines and 
newspapers, feature on greetings cards and calendars and her limited edition 
prints are increasingly in demand from commercial and private clients.  
</p>

<p class="artist">Images are printed as Giclee prints using pigment light fast inks on archival fine art paper.  All prints are sold mounted, signed and numbered and come with a certificate of authenticy.  
Other sizes are available on request.</p>',
               NULL,
	       1,
		'wirral photographer, wirral photography, liverpool photography, landscape photography, flower photographer, limited edition photographs');

##---------------------------------------------------------------


INSERT INTO art (artist, title, media, width, height, image, pricing_info, main_image, image_width, image_height)
	VALUES(247,
	       'mersey mist',
	       'photographic fine art print',
	       56,
	       23,
	       'mersey-mist',
	      'limited edition print, &pound;89',
	       0,
		650,
		 266);


INSERT INTO art_pricing(art, item_number, description, price)
	VALUES(LAST_INSERT_ID(), 'ml101', 'limited edition print', 89);


##---------------------------------------------------------------


INSERT INTO art (artist, title, media, width, height, image, pricing_info, main_image, image_width, image_height)
	VALUES(247,
	       'another place reflected',
	       'photographic fine art print',
	       38,
	       25,
	       'another-place-reflected',
	      'limited edition print, &pound;79',
	       0,
		650,
		 433);


INSERT INTO art_pricing(art, item_number, description, price)
	VALUES(LAST_INSERT_ID(), 'ml102', 'limited edition print', 79);


##---------------------------------------------------------------


INSERT INTO art (artist, title, media, width, height, image, pricing_info, main_image, image_width, image_height)
	VALUES(247,
	       'liverpool waterfront',
	       'photographic fine art print',
	       56,
	       23,
	       'liverpool-waterfront',
	      'limited edition print, &pound;89',
	       0,
		650,
		 248);


INSERT INTO art_pricing(art, item_number, description, price)
	VALUES(LAST_INSERT_ID(), 'ml103', 'limited edition print', 89);


##---------------------------------------------------------------


INSERT INTO art (artist, title, media, width, height, image, pricing_info, main_image, image_width, image_height)
	VALUES(247,
	       'abandoned boat',
	       'photographic fine art print',
	       38,
	       25,
	       'abandoned-boat',
	      'limited edition print, &pound;79',
	       0,
		650,
		 433);


INSERT INTO art_pricing(art, item_number, description, price)
	VALUES(LAST_INSERT_ID(), 'ml104', 'limited edition print', 79);


##---------------------------------------------------------------


INSERT INTO art (artist, title, media, width, height, image, pricing_info, main_image, image_width, image_height)
	VALUES(247,
	       'midsummer tide',
	       'photographic fine art print',
	       32,
	       32,
	       'midsummer-tide',
	      'limited edition print, &pound;79',
	       0,
		650,
		 650);


INSERT INTO art_pricing(art, item_number, description, price)
	VALUES(LAST_INSERT_ID(), 'ml105', 'limited edition print', 79);


##---------------------------------------------------------------


INSERT INTO art (artist, title, media, width, height, image, pricing_info, main_image, image_width, image_height)
	VALUES(247,
	       'first dawn of winter',
	       'photographic fine art print',
	       38,
	       25,
	       'first-dawn-of',
	      'limited edition print, &pound;79',
	       0,
		480,
		 650);


INSERT INTO art_pricing(art, item_number, description, price)
	VALUES(LAST_INSERT_ID(), 'ml106', 'limited edition print', 79);


##---------------------------------------------------------------


INSERT INTO art (artist, title, media, width, height, image, pricing_info, main_image, image_width, image_height)
	VALUES(247,
	       'looking into the light',
	       'photographic fine art print',
	       32,
	       32,
	       'looking-into-the',
	      'limited edition print, &pound;79',
	       0,
		650,
		 628);


INSERT INTO art_pricing(art, item_number, description, price)
	VALUES(LAST_INSERT_ID(), 'ml107', 'limited edition print', 79);


##---------------------------------------------------------------


INSERT INTO art (artist, title, media, width, height, image, pricing_info, main_image, image_width, image_height)
	VALUES(247,
	       'derwentwater jetty',
	       'photographic fine art print',
	       38,
	       25,
	       'derwentwater-jetty',
	      'limited edition print, &pound;79',
	       0,
		650,
		 433);


INSERT INTO art_pricing(art, item_number, description, price)
	VALUES(LAST_INSERT_ID(), 'ml108', 'limited edition print', 79);


##--------------------------------------------------------------


INSERT INTO art (artist, title, media, width, height, image, pricing_info, main_image, image_width, image_height)
	VALUES(247,
	       'hilbre summer',
	       'photographic fine art print',
	       38,
	       23,
	       'hilbre-summer',
	      'limited edition print, &pound;79',
	       0,
		650,
		 317);


INSERT INTO art_pricing(art, item_number, description, price)
	VALUES(LAST_INSERT_ID(), 'ml109', 'limited edition print', 79);


##---------------------------------------------------------------


INSERT INTO art (artist, title, media, width, height, image, pricing_info, main_image, image_width, image_height)
	VALUES(247,
	       'dee estuary sunset',
	       'photographic fine art print',
	       38,
	       25,
	       'dee-estuary-sunset',
	      'limited edition print, &pound;79',
	       0,
		433,
		 650);


INSERT INTO art_pricing(art, item_number, description, price)
	VALUES(LAST_INSERT_ID(), 'ml110', 'limited edition print', 79);


##---------------------------------------------------------------


INSERT INTO art (artist, title, media, width, height, image, pricing_info, main_image, image_width, image_height)
	VALUES(247,
	       'llandudno pier',
	       'photographic fine art print',
	       38,
	       25,
	       'llandudno-pier',
	      'limited edition print, &pound;79',
	       0,
		650,
		 430);


INSERT INTO art_pricing(art, item_number, description, price)
	VALUES(LAST_INSERT_ID(), 'ml111', 'limited edition print', 79);


##---------------------------------------------------------------


INSERT INTO art (artist, title, media, width, height, image, pricing_info, main_image, image_width, image_height)
	VALUES(247,
	       'glimmer of light',
	       'photographic fine art print',
	       38,
	       23,
	       'glimmer-of-light',
	      'limited edition print, &pound;79',
	       0,
		650,
		 360);


INSERT INTO art_pricing(art, item_number, description, price)
	VALUES(LAST_INSERT_ID(), 'ml112', 'limited edition print', 79);


##---------------------------------------------------------------


INSERT INTO art (artist, title, media, width, height, image, pricing_info, main_image, image_width, image_height)
	VALUES(247,
	       'sefton park',
	       'photographic fine art print',
	       38,
	       25,
	       'sefton-park',
	      'limited edition print, &pound;79',
	       0,
		650,
		 433);


INSERT INTO art_pricing(art, item_number, description, price)
	VALUES(LAST_INSERT_ID(), 'ml113', 'limited edition print', 79);


##---------------------------------------------------------------


INSERT INTO art (artist, title, media, width, height, image, pricing_info, main_image, image_width, image_height)
	VALUES(247,
	       'sycamore gap',
	       'photographic fine art print',
	       38,
	       25,
	       'sycamore-gap',
	      'limited edition print, &pound;79',
	       0,
		650,
		 452);


INSERT INTO art_pricing(art, item_number, description, price)
	VALUES(LAST_INSERT_ID(), 'ml114', 'limited edition print', 79);


##---------------------------------------------------------------


INSERT INTO art (artist, title, media, width, height, image, pricing_info, main_image, image_width, image_height)
	VALUES(247,
	       'sentinel',
	       'photographic fine art print',
	       38,
	       25,
	       'sentinel',
	      'limited edition print, &pound;79',
	       0,
		449,
		 650);


INSERT INTO art_pricing(art, item_number, description, price)
	VALUES(LAST_INSERT_ID(), 'ml115', 'limited edition print', 79);


##---------------------------------------------------------------


INSERT INTO art (artist, title, media, width, height, image, pricing_info, main_image, image_width, image_height)
	VALUES(247,
	       'sand swirl',
	       'photographic fine art print',
	       38,
	       25,
	       'sand-swirl',
	      'limited edition print, &pound;79',
	       0,
		424,
		 650);


INSERT INTO art_pricing(art, item_number, description, price)
	VALUES(LAST_INSERT_ID(), 'ml116', 'limited edition print', 79);


##---------------------------------------------------------------



INSERT INTO art (artist, title, media, width, height, image, pricing_info, main_image, image_width, image_height)
	VALUES(247,
	       'another place mono',
	       'photographic fine art print',
	       38,
	       25,
	       'another-place-mono',
	      'limited edition print, &pound;79',
	       0,
		650,
		 434);


INSERT INTO art_pricing(art, item_number, description, price)
	VALUES(LAST_INSERT_ID(), 'ml118', 'limited edition print', 79);


##---------------------------------------------------------------


INSERT INTO art (artist, title, media, width, height, image, pricing_info, main_image, image_width, image_height)
	VALUES(247,
	       'secret bluebell wood',
	       'photographic fine art print',
	       38,
	       25,
	       'secret-bluebell-wood',
	      'limited edition print, &pound;79',
	       0,
		650,
		 433);


INSERT INTO art_pricing(art, item_number, description, price)
	VALUES(LAST_INSERT_ID(), 'ml119', 'limited edition print', 79);


##---------------------------------------------------------------


INSERT INTO art (artist, title, media, width, height, image, pricing_info, main_image, image_width, image_height)
	VALUES(247,
	       'blue yellow green',
	       'photographic fine art print',
	       38,
	       25,
	       'blue-yellow-green',
	      'limited edition print, &pound;79',
	       0,
		477,
		 650);


INSERT INTO art_pricing(art, item_number, description, price)
	VALUES(LAST_INSERT_ID(), 'ml120', 'limited edition print', 79);


##---------------------------------------------------------------


INSERT INTO art (artist, title, media, width, height, image, pricing_info, main_image, image_width, image_height)
	VALUES(247,
	       'snowdrops',
	       'photographic fine art print',
	       29,
	       19,
	       'snowdrops',
	      'limited edition print, &pound;62',
	       0,
		650,
		 433);


INSERT INTO art_pricing(art, item_number, description, price)
	VALUES(LAST_INSERT_ID(), 'ml121', 'limited edition print', 62);


##---------------------------------------------------------------


INSERT INTO art (artist, title, media, width, height, image, pricing_info, main_image, image_width, image_height)
	VALUES(247,
	       'tulip',
	       'photographic fine art print',
	        29,
	        19,
	       'tulip',
	      'limited edition print, &pound;62',
	       0,
		650,
		 650);


INSERT INTO art_pricing(art, item_number, description, price)
	VALUES(LAST_INSERT_ID(), 'ml122', 'limited edition print', 62);


##---------------------------------------------------------------


INSERT INTO art (artist, title, media, width, height, image, pricing_info, main_image, image_width, image_height)
	VALUES(247,
	       'oriental poppy',
	       'photographic fine art print',
	        29,
	        19,
	       'oriental-poppy',
	      'limited edition print, &pound;62',
	       0,
		447,
		 650);


INSERT INTO art_pricing(art, item_number, description, price)
	VALUES(LAST_INSERT_ID(), 'ml123', 'limited edition print', 62);


##---------------------------------------------------------------


INSERT INTO art (artist, title, media, width, height, image, pricing_info, main_image, image_width, image_height)
	VALUES(247,
	       'hellebores',
	       'photographic fine art print',
	        29,
	        19,
	       'hellebores',
	      'limited edition print, &pound;62',
	       0,
		650,
		 435);


INSERT INTO art_pricing(art, item_number, description, price)
	VALUES(LAST_INSERT_ID(), 'ml124', 'limited edition print', 62);


##-----------------------------------------------------------------




INSERT INTO artist (id, name, statement, notes, display, keywords)
	VALUES(249, 'joanne thompson',

	'<p class="artist">Joanne graduated from the University of North Wales in 2007,
 and has since exhibited and sold widely both nationally and in the North West.</p>

<p class="artist">"My work concentrates on exploring the interface between 
memory and experience. I rely upon my personal sensation of a subject and work 
intuitively allowing the artistic process to evolve naturally. The work is 
only finished when my perception of the subject returns as a visual object.</p>

<p class="artist">"As the artist Howard Hodgkins states;
 "A painting is finished when the subject comes back, when what has caused the 
painting to be made comes back as an object." On resolving the final image the 
viewer is free to discover his/her own interpretation."</p>

<p class="artist"></p>',
               NULL,
	       1,
		'cheshire artist, mixed media artist, abstract painter, collage work, flower paintings, large scale mixed media, kinmont thompson studios, joanne thompson artist');

##---------------------------------------------------------------


INSERT INTO art (artist, title, media, width, height, image, pricing_info, main_image, image_width, image_height)
	VALUES(249,
	       'blooming',
	       'mixed media on canvas',
	       100,
	       100,
	       'blooming',
	      'original, &pound;1495',
	       0,
		650,
		 639);


INSERT INTO art_pricing(art, item_number, description, price)
	VALUES(LAST_INSERT_ID(), 'jm101', 'original', 1495);


##---------------------------------------------------------------


INSERT INTO art (artist, title, media, width, height, image, pricing_info, main_image, image_width, image_height)
	VALUES(249,
	       'jimmys chair',
	       'oil paint on canvas and fabric',
	       120,
	       96,
	       'jimmys-chair',
	      'original, &pound;1495',
	       0,
		518,
		 650);


INSERT INTO art_pricing(art, item_number, description, price)
	VALUES(LAST_INSERT_ID(), 'jm102', 'original', 1495);


##---------------------------------------------------------------


INSERT INTO art (artist, title, media, width, height, image, pricing_info, main_image, image_width, image_height)
	VALUES(249,
	       'polly',
	       'mixed media on canvas and fabric',
	       100,
	       100,
	       'polly',
	      'original, &pound;1495',
	       0,
		650,
		 636);


INSERT INTO art_pricing(art, item_number, description, price)
	VALUES(LAST_INSERT_ID(), 'jm103', 'original', 1495);


##---------------------------------------------------------------


INSERT INTO art (artist, title, media, width, height, image, pricing_info, main_image, image_width, image_height)
	VALUES(249,
	       'sunshade',
	       'oil painting on fabric',
	       100,
	       100,
	       'sunshade',
	      'original, &pound;1495',
	       0,
		645,
		 650);


INSERT INTO art_pricing(art, item_number, description, price)
	VALUES(LAST_INSERT_ID(), 'jm104', 'original', 1495);


##---------------------------------------------------------------


INSERT INTO art (artist, title, media, width, height, image, pricing_info, main_image, image_width, image_height)
	VALUES(249,
	       'sweet tree',
	       'oil on canvas',
	       100,
	       100,
	       'sweet-tree',
	      'original, &pound;1495',
	       0,
		650,
		 649);


INSERT INTO art_pricing(art, item_number, description, price)
	VALUES(LAST_INSERT_ID(), 'jm105', 'original', 1495);


##---------------------------------------------------------------


INSERT INTO art (artist, title, media, width, height, image, pricing_info, main_image, image_width, image_height)
	VALUES(249,
	       'the child within',
	       'oil on fabric',
	       100,
	       100,
	       'the-child-within',
	      'original, &pound;1495',
	       0,
		650,
		 649);


INSERT INTO art_pricing(art, item_number, description, price)
	VALUES(LAST_INSERT_ID(), 'jm106', 'original', 1495);


##---------------------------------------------------------------


INSERT INTO art (artist, title, media, width, height, image, pricing_info, main_image, image_width, image_height)
	VALUES(249,
	       'bobbin',
	       'mixed media on fabric framed',
	       128,
	       38,
	       'bobbin',
	      'original, &pound;795',
	       0,
		650,
		 201);


INSERT INTO art_pricing(art, item_number, description, price)
	VALUES(LAST_INSERT_ID(), 'jm107', 'original', 795);


##---------------------------------------------------------------


INSERT INTO art (artist, title, media, width, height, image, pricing_info, main_image, image_width, image_height)
	VALUES(249,
	       'candy conch',
	       'mixed media unframed',
	       60,
	       32,
	       'candy-conch',
	      'original, &pound;495',
	       1,
		465,
		 650);


INSERT INTO art_pricing(art, item_number, description, price)
	VALUES(LAST_INSERT_ID(), 'jm108', 'original', 495);

##---------------------------------------------------------------

INSERT INTO art (artist, title, media, width, height, image, pricing_info, main_image, image_width, image_height)
	VALUES(249,
	       'his and his',
	       'mixed media on canvas unframed',
	       150,
	       150,
	       'his-and-his',
	      'original, &pound;1995',
	       0,
		650,
		 645);


INSERT INTO art_pricing(art, item_number, description, price)
	VALUES(LAST_INSERT_ID(), 'jm113', 'original', 1995);


##---------------------------------------------------------------


INSERT INTO art (artist, title, media, width, height, image, pricing_info, main_image, image_width, image_height)
	VALUES(249,
	       'industrious',
	       'mixed media on canvas framed',
	       60,
	       32,
	       'industrious',
	      'original, &pound;595',
	       0,
		650,
		 464);


INSERT INTO art_pricing(art, item_number, description, price)
	VALUES(LAST_INSERT_ID(), 'jm114', 'original', 595);


##---------------------------------------------------------------


INSERT INTO art (artist, title, media, width, height, image, pricing_info, main_image, image_width, image_height)
	VALUES(249,
	       'limpets at waterwynch',
	       'mixed media on canvas framed',
	       100,
	       100,
	       'limpets-at-waterwynch',
	      'original, &pound;1495',
	       0,
		650,
		 621);


INSERT INTO art_pricing(art, item_number, description, price)
	VALUES(LAST_INSERT_ID(), 'jm115', 'original', 1495);


##---------------------------------------------------------------


INSERT INTO art (artist, title, media, width, height, image, pricing_info, main_image, image_width, image_height)
	VALUES(249,
	       'live wire',
	       'mixed media framed',
	       164,
	       126,
	       'live-wire',
	      'original, &pound;2495',
	       0,
		513,
		 650);


INSERT INTO art_pricing(art, item_number, description, price)
	VALUES(LAST_INSERT_ID(), 'jm116', 'original', 2495);


##---------------------------------------------------------------


INSERT INTO art (artist, title, media, width, height, image, pricing_info, main_image, image_width, image_height)
	VALUES(249,
	       'low tide at tenby',
	       'oil on canvas framed',
	       100,
	       50,
	       'low-tide-at',
	      'original, &pound;595',
	       0,
		650,
		 322);


INSERT INTO art_pricing(art, item_number, description, price)
	VALUES(LAST_INSERT_ID(), 'jm117', 'original', 595);


##---------------------------------------------------------------


INSERT INTO art (artist, title, media, width, height, image, pricing_info, main_image, image_width, image_height)
	VALUES(249,
	       'maid to measure',
	       'mixed media on canvas framed',
	       110,
	       50,
	       'maid-to-measure',
	      'original, &pound;795',
	       0,
		305,
		 650);


INSERT INTO art_pricing(art, item_number, description, price)
	VALUES(LAST_INSERT_ID(), 'jm118', 'original', 795);


##---------------------------------------------------------------



INSERT INTO art (artist, title, media, width, height, image, pricing_info, main_image, image_width, image_height)
	VALUES(249,
	       'tea for three',
	       'mixed media on canvas framed',
	       100,
	       50,
	       'tea-for-three',
	      'original, &pound;645',
	       0,
		650,
		 327);


INSERT INTO art_pricing(art, item_number, description, price)
	VALUES(LAST_INSERT_ID(), 'jm121', 'original', 645);


##---------------------------------------------------------------


INSERT INTO art (artist, title, media, width, height, image, pricing_info, main_image, image_width, image_height)
	VALUES(249,
	       'the front room',
	       'mixed media on fabric unframed',
	       203,
	       163,
	       'the-front-room',
	      'original, &pound;2495',
	       0,
		650,
		 518);


INSERT INTO art_pricing(art, item_number, description, price)
	VALUES(LAST_INSERT_ID(), 'jm122', 'original', 2495);






##---------------------------------------------------------------


INSERT INTO art (artist, title, media, width, height, image, pricing_info, main_image, image_width, image_height)
	VALUES(249,
	       'night tree',
	       'mixed media on canvas framed',
	       100,
	       100,
	       'night-tree',
	      'original, &pound;1495',
	       0,
		650,
		 640);


INSERT INTO art_pricing(art, item_number, description, price)
	VALUES(LAST_INSERT_ID(), 'jm119', 'original', 1495);


##---------------------------------------------------------------


INSERT INTO art (artist, title, media, width, height, image, pricing_info, main_image, image_width, image_height)
	VALUES(249,
	       'restraint',
	       'mixed media',
	       130,
	       120,
	       'restraint',
	      'original, &pound;1995',
	       0,
		650,
		 601);


INSERT INTO art_pricing(art, item_number, description, price)
	VALUES(LAST_INSERT_ID(), 'jm120', 'original', 1995);


##---------------------------------------------------------------


INSERT INTO art (artist, title, media, width, height, image, pricing_info, main_image, image_width, image_height)
	VALUES(249,
	       'cast 1',
	       'mixed media',
	       25.5,
	       25.5,
	       'cast-1',
	      'original, &pound;195',
	       0,
		650,
		 650);


INSERT INTO art_pricing(art, item_number, description, price)
	VALUES(LAST_INSERT_ID(), 'jm109', 'original', 195);


##---------------------------------------------------------------


INSERT INTO art (artist, title, media, width, height, image, pricing_info, main_image, image_width, image_height)
	VALUES(249,
	       'cast 2',
	       'mixed media',
	       25.5,
	       25.5,
	       'cast-2',
	      'original, &pound;195',
	       0,
		650,
		 650);


INSERT INTO art_pricing(art, item_number, description, price)
	VALUES(LAST_INSERT_ID(), 'jm110', 'original', 195);


##---------------------------------------------------------------


INSERT INTO art (artist, title, media, width, height, image, pricing_info, main_image, image_width, image_height)
	VALUES(249,
	       'cast 3',
	       'mixed media',
	       25.5,
	       25.5,
	       'cast-3',
	      'original, &pound;195',
	       0,
		650,
		 650);


INSERT INTO art_pricing(art, item_number, description, price)
	VALUES(LAST_INSERT_ID(), 'jm111', 'original', 195);


##---------------------------------------------------------------


INSERT INTO art (artist, title, media, width, height, image, pricing_info, main_image, image_width, image_height)
	VALUES(249,
	       'cast 4',
	       'mixed media',
	       25.5,
	       25.5,
	       'cast-4',
	      'original, &pound;195',
	       0,
		650,
		 650);


INSERT INTO art_pricing(art, item_number, description, price)
	VALUES(LAST_INSERT_ID(), 'jm112', 'original', 195);


##---------------------------------------------------------------


INSERT INTO artist (id, name, statement, notes, display, keywords)
	VALUES(251, 'mark chapman',

	'<p class="artist">Mark Chapman works across various media to produce his art, often combining ideas from design, 
art and photography in the same piece of work. He has a background in Digital Graphic Design, with a degree from the 
University of Huddersfield. He has also taught art, design and creative media at various colleges in the North West. 
Much of his creative work is based around the themes of symmetry, communication, recycling and regeneration.
</p>

<p class="artist"></p>
</p>

<p class="artist">
Prices shown are for artworks printed using "Di-print", on aluminium with a matt finish. Prints can also be produced on paper or canvas if required. 
All prints are signed and numbered and are produced in a limited edition of 100. 
</p>',
               NULL,
	       1,
		'Mark Chapman artist, digital art, urban art, photographic art, limited edition print, abstract photography, city photography, abstract cityscape, photographic print, Liverpool print, Liverpool art, Liverpool photography');

##---------------------------------------------------------------



INSERT INTO art (artist, title, media, width, height, image, pricing_info, main_image, image_width, image_height)
	VALUES(251,
	       'jewel 1',
	      	       'di print on aluminum',
	       25,
	       34,
	       'jewel-1',
	      'limited edition print, &pound;75',
	       0,
		479,
		 650);


INSERT INTO art_pricing(art, item_number, description, price)
	VALUES(LAST_INSERT_ID(), 'mc124', 'limited edition print', 75);


##---------------------------------------------------------------



INSERT INTO art (artist, title, media, width, height, image, pricing_info, main_image, image_width, image_height)
	VALUES(251,
	       'jewel 3',
	      	       'di print on aluminum',
	       29,
	       44,
	       'jewel-3',
	      'limited edition print, &pound;90',
	       0,
		433,
		 650);


INSERT INTO art_pricing(art, item_number, description, price)
	VALUES(LAST_INSERT_ID(), 'mc125', 'limited edition print', 90);


##---------------------------------------------------------------



INSERT INTO art (artist, title, media, width, height, image, pricing_info, main_image, image_width, image_height)
	VALUES(251,
	       'jewel 11',
	      	       'di print on aluminum',
	       29,
	       43,
	       'jewel-11',
	      'limited edition print, &pound;90',
	       0,
		440,
		 650);


INSERT INTO art_pricing(art, item_number, description, price)
	VALUES(LAST_INSERT_ID(), 'mc126', 'limited edition print', 90);


##---------------------------------------------------------------



INSERT INTO art (artist, title, media, width, height, image, pricing_info, main_image, image_width, image_height)
	VALUES(251,
	       'jewel 16',
	      	       'di print on aluminum',
	       59,
	       89,
	       'jewel-16',
	      'limited edition print, &pound;125',
	       0,
		428,
		 650);


INSERT INTO art_pricing(art, item_number, description, price)
	VALUES(LAST_INSERT_ID(), 'mc127', 'limited edition print', 125);


##---------------------------------------------------------------



INSERT INTO art (artist, title, media, width, height, image, pricing_info, main_image, image_width, image_height)
	VALUES(251,
	       'jewel 19',
	      	       'di print on aluminum',
	       59,
	       84,
	       'jewel-19',
	      'limited edition print, &pound;150',
	       0,
		453,
		 650);


INSERT INTO art_pricing(art, item_number, description, price)
	VALUES(LAST_INSERT_ID(), 'mc128', 'limited edition print', 150);


##---------------------------------------------------------------



INSERT INTO art (artist, title, media, width, height, image, pricing_info, main_image, image_width, image_height)
	VALUES(251,
	       'jewel 20',
	      	       'di print on aluminum',
	       59,
	       87,
	       'jewel-20',
	      'limited edition print, &pound;150',
	       0,
		440,
		 650);


INSERT INTO art_pricing(art, item_number, description, price)
	VALUES(LAST_INSERT_ID(), 'mc129', 'limited edition print', 150);


##---------------------------------------------------------------




INSERT INTO art (artist, title, media, width, height, image, pricing_info, main_image, image_width, image_height)
	VALUES(251,
	       'delve beyond the aesthetics',
	      	       'di print on aluminum',
	       40,
	       60,
	       'delve-beyond-the',
	      'limited edition print, &pound;150',
	       1,
		423,
		 650);


INSERT INTO art_pricing(art, item_number, description, price)
	VALUES(LAST_INSERT_ID(), 'mc124', 'limited edition print', 150);


##---------------------------------------------------------------



INSERT INTO art (artist, title, media, width, height, image, pricing_info, main_image, image_width, image_height)
	VALUES(251,
	       'feel more alive',
	      	       'di print on aluminum',
	       40,
	       60,
	       'feel-more-alive',
	      'limited edition print, &pound;150',
	       0,
		457,
		 650);


INSERT INTO art_pricing(art, item_number, description, price)
	VALUES(LAST_INSERT_ID(), 'mc125', 'limited edition print', 150);


##---------------------------------------------------------------



INSERT INTO art (artist, title, media, width, height, image, pricing_info, main_image, image_width, image_height)
	VALUES(251,
	       'music to your ears',
	      	       'di print on aluminum',
	       40,
	       60,
	       'music-to-your',
	      'limited edition print, &pound;150',
	       0,
		418,
		 650);


INSERT INTO art_pricing(art, item_number, description, price)
	VALUES(LAST_INSERT_ID(), 'mc126', 'limited edition print', 150);


##---------------------------------------------------------------



INSERT INTO art (artist, title, media, width, height, image, pricing_info, main_image, image_width, image_height)
	VALUES(251,
	       'on track for adventure',
	      	       'di print on aluminum',
	       40,
	       60,
	       'on-track-for',
	      'limited edition print, &pound;150',
	       0,
		436,
		 650);


INSERT INTO art_pricing(art, item_number, description, price)
	VALUES(LAST_INSERT_ID(), 'mc127', 'limited edition print', 150);


##---------------------------------------------------------------



INSERT INTO art (artist, title, media, width, height, image, pricing_info, main_image, image_width, image_height)
	VALUES(251,
	       'theres plenty to discover',
	      	       'di print on aluminum',
	       40,
	       60,
	       'theres-plenty-to',
	      'limited edition print, &pound;150',
	       0,
		456,
		 650);


INSERT INTO art_pricing(art, item_number, description, price)
	VALUES(LAST_INSERT_ID(), 'mc128', 'limited edition print', 150);


##---------------------------------------------------------------



INSERT INTO art (artist, title, media, width, height, image, pricing_info, main_image, image_width, image_height)
	VALUES(251,
	       'vision',
	      	       'di print on aluminum',
	       40,
	       60,
	       'vision',
	      'limited edition print, &pound;150',
	       0,
		430,
		 650);


INSERT INTO art_pricing(art, item_number, description, price)
	VALUES(LAST_INSERT_ID(), 'mc129', 'limited edition print', 150);


##------------------------------------------------------------

INSERT INTO art (artist, title, media, width, height, image, pricing_info, main_image, image_width, image_height)
	VALUES(251,
	       'ctr_0812',
	      	'di print on aluminum',
	       60,
	       40,
	       'ctr_0812',
	      'limited edition print, &pound;150',
	       0,
		433,
		 650);


INSERT INTO art_pricing(art, item_number, description, price)
	VALUES(LAST_INSERT_ID(), 'mc124', 'limited edition print', 150);


##---------------------------------------------------------------



INSERT INTO art (artist, title, media, width, height, image, pricing_info, main_image, image_width, image_height)
	VALUES(251,
	       'metria 1',
	      	'di print on aluminum',
	       60,
	       40,
	       'metria-1',
	      'limited edition print, &pound;150',
	       0,
		429,
		 650);


INSERT INTO art_pricing(art, item_number, description, price)
	VALUES(LAST_INSERT_ID(), 'mc125', 'limited edition print', 150);


##---------------------------------------------------------------



INSERT INTO art (artist, title, media, width, height, image, pricing_info, main_image, image_width, image_height)
	VALUES(251,
	       'metria 6',
	      	'di print on aluminum',
	       60,
	       40,
	       'metria-6',
	      'limited edition print, &pound;150',
	       0,
		425,
		 650);


INSERT INTO art_pricing(art, item_number, description, price)
	VALUES(LAST_INSERT_ID(), 'mc126', 'limited edition print', 150);


##---------------------------------------------------------------



INSERT INTO art (artist, title, media, width, height, image, pricing_info, main_image, image_width, image_height)
	VALUES(251,
	       'metria 14',
	      	'di print on aluminum',
	       60,
	       40,
	       'metria-14',
	      'limited edition print, &pound;150',
	       0,
		433,
		 650);


INSERT INTO art_pricing(art, item_number, description, price)
	VALUES(LAST_INSERT_ID(), 'mc127', 'limited edition print', 150);


##---------------------------------------------------------------



INSERT INTO art (artist, title, media, width, height, image, pricing_info, main_image, image_width, image_height)
	VALUES(251,
	       'ory_0812',
	      	'di print on aluminum',
	       60,
	       40,
	       'ory_0812',
	      'limited edition print, &pound;150',
	       0,
		433,
		 650);


INSERT INTO art_pricing(art, item_number, description, price)
	VALUES(LAST_INSERT_ID(), 'mc128', 'limited edition print', 150);


##---------------------------------------------------------------



INSERT INTO art (artist, title, media, width, height, image, pricing_info, main_image, image_width, image_height)
	VALUES(251,
	       'slq_0812',
	      	'di print on aluminum',
	       60,
	       40,
	       'slq_0812',
	      'limited edition print, &pound;150',
	       0,
		433,
		 650);


INSERT INTO art_pricing(art, item_number, description, price)
	VALUES(LAST_INSERT_ID(), 'mc129', 'limited edition print', 150);


##---------------------------------------------------------------



INSERT INTO art (artist, title, media, width, height, image, pricing_info, main_image, image_width, image_height)
	VALUES(251,
	       'sym 19',
	      	'di print on aluminum',
	       60,
	       40,
	       'sym-19',
	      'limited edition print, &pound;150',
	       0,
		489,
		 650);


INSERT INTO art_pricing(art, item_number, description, price)
	VALUES(LAST_INSERT_ID(), 'mc130', 'limited edition print', 150);


##---------------------------------------------------------------



INSERT INTO art (artist, title, media, width, height, image, pricing_info, main_image, image_width, image_height)
	VALUES(251,
	       'sym 30',
	      	'di print on aluminum',
	       60,
	       40,
	       'sym-30',
	      'limited edition print, &pound;150',
	       0,
		446,
		 650);


INSERT INTO art_pricing(art, item_number, description, price)
	VALUES(LAST_INSERT_ID(), 'mc131', 'limited edition print', 150);


##---------------------------------------------------------------



INSERT INTO art (artist, title, media, width, height, image, pricing_info, main_image, image_width, image_height)
	VALUES(251,
	       'sym 35',
	      	'di print on aluminum',
	       60,
	       40,
	       'sym-35',
	      'limited edition print, &pound;150',
	       0,
		459,
		 650);


INSERT INTO art_pricing(art, item_number, description, price)
	VALUES(LAST_INSERT_ID(), 'mc132', 'limited edition print', 150);


##---------------------------------------------------------------





INSERT INTO art (artist, title, media, width, height, image, pricing_info, main_image, image_width, image_height)
	VALUES(251,
	       'jws 1111',
	       'di print on aluminum',
	       60,
	       40,
	       'jws-1111',
	      'limited edition print, &pound;150',
	       0,
		650,
		 433);


INSERT INTO art_pricing(art, item_number, description, price)
	VALUES(LAST_INSERT_ID(), 'mc107', 'limited edition print', 150);


##---------------------------------------------------------------



INSERT INTO art (artist, title, media, width, height, image, pricing_info, main_image, image_width, image_height)
	VALUES(251,
	       'sar 1011',
	       'di print on aluminum',
	       60,
	       40,
	       'sar-1011',
	      'limited edition print, &pound;150',
	       0,
		650,
		 433);


INSERT INTO art_pricing(art, item_number, description, price)
	VALUES(LAST_INSERT_ID(), 'mc110', 'limited edition print', 150);


##---------------------------------------------------------------


INSERT INTO art (artist, title, media, width, height, image, pricing_info, main_image, image_width, image_height)
	VALUES(251,
	       'sdm 1011',
	       'di print on aluminum',
	       60,
	       40,
	       'sdm-1011',
	      'limited edition print, &pound;150',
	       0,
		650,
		 433);


INSERT INTO art_pricing(art, item_number, description, price)
	VALUES(LAST_INSERT_ID(), 'mc111', 'limited edition print', 150);


##---------------------------------------------------------------


INSERT INTO art (artist, title, media, width, height, image, pricing_info, main_image, image_width, image_height)
	VALUES(251,
	       'stn 0911',
	       'di print on aluminum',
	       60,
	       40,
	       'stn-0911',
	      'limited edition print, &pound 150',
	       0,
		650,
		 433);


INSERT INTO art_pricing(art, item_number, description, price)
	VALUES(LAST_INSERT_ID(), 'mc112', 'limited edition print', 150);


##---------------------------------------------------------------



INSERT INTO art (artist, title, media, width, height, image, pricing_info, main_image, image_width, image_height)
	VALUES(251,
	       'cpk 1111',
	       'di print on aluminum',
	       60,
	       40,
	       'cpk-1111',
	      'limited edition print, &pound;150',
	       0,
		650,
		 433);


INSERT INTO art_pricing(art, item_number, description, price)
	VALUES(LAST_INSERT_ID(), 'mc102', 'limited edition print', 150);


##---------------------------------------------------------------


INSERT INTO art (artist, title, media, width, height, image, pricing_info, main_image, image_width, image_height)
	VALUES(251,
	       'dis 1011',
	       'di print on aluminum',
	       60,
	       40,
	       'dis-1011',
	      'limited edition print, &pound;150',
	       0,
		650,
		 433);


INSERT INTO art_pricing(art, item_number, description, price)
	VALUES(LAST_INSERT_ID(), 'mc103', 'limited edition print', 150);


##---------------------------------------------------------------

INSERT INTO art (artist, title, media, width, height, image, pricing_info, main_image, image_width, image_height)
	VALUES(251,
	       'ins 0811',
	       'di print on aluminium',
	       60,
	       40,
	       'ins-0811',
	      'limited edition print, &pound;150',
	       0,
		433,
		 650);


INSERT INTO art_pricing(art, item_number, description, price)
	VALUES(LAST_INSERT_ID(), 'mc123', 'limited edition print', 150);


##---------------------------------------------------------------


INSERT INTO art (artist, title, media, width, height, image, pricing_info, main_image, image_width, image_height)
	VALUES(251,
	       'sym 02',
	       'di print on aluminium',
	       60,
	       40,
	       'sym-02',
	      'limited edition print, &pound;150',
	       0,
		433,
		 650);


INSERT INTO art_pricing(art, item_number, description, price)
	VALUES(LAST_INSERT_ID(), 'mc124', 'limited edition print', 150);


##---------------------------------------------------------------


INSERT INTO art (artist, title, media, width, height, image, pricing_info, main_image, image_width, image_height)
	VALUES(251,
	       'sym 07',
	       'di print on aluminium',
	       60,
	       40,
	       'sym-07',
	      'limited edition print, &pound;150',
	       0,
		433,
		 650);


INSERT INTO art_pricing(art, item_number, description, price)
	VALUES(LAST_INSERT_ID(), 'mc125', 'limited edition print', 150);


##---------------------------------------------------------------


INSERT INTO art (artist, title, media, width, height, image, pricing_info, main_image, image_width, image_height)
	VALUES(251,
	       'sym 16',
	       'di print on aluminium',
	       60,
	       40,
	       'sym-16',
	      'limited edition print, &pound;150',
	       0,
		433,
		 650);


INSERT INTO art_pricing(art, item_number, description, price)
	VALUES(LAST_INSERT_ID(), 'mc126', 'limited edition print', 150);


##---------------------------------------------------------------

INSERT INTO art (artist, title, media, width, height, image, pricing_info, main_image, image_width, image_height)
	VALUES(251,
	       'cfe 0711',
	       'di print on aluminum',
	       40,
	       60,
	       'cfe-0711',
	      'limited edition print, &pound;150',
	       0,
		433,
		 650);


INSERT INTO art_pricing(art, item_number, description, price)
	VALUES(LAST_INSERT_ID(), 'mc101', 'limited edition print', 150);


##---------------------------------------------------------------


INSERT INTO art (artist, title, media, width, height, image, pricing_info, main_image, image_width, image_height)
	VALUES(251,
	       'edk 0611',
	       'di print on aluminum',
	       40,
	       60,
	       'edk-0611',
	      'limited edition print, &pound;150',
	       0,
		433,
		 650);


INSERT INTO art_pricing(art, item_number, description, price)
	VALUES(LAST_INSERT_ID(), 'mc104', 'limited edition print', 150);


##---------------------------------------------------------------


INSERT INTO art (artist, title, media, width, height, image, pricing_info, main_image, image_width, image_height)
	VALUES(251,
	       'era 0711',
	       'di print on aluminum',
	       40,
	       60,
	       'era-0711',
	      'limited edition print, &pound;150',
	       0,
		433,
		 650);


INSERT INTO art_pricing(art, item_number, description, price)
	VALUES(LAST_INSERT_ID(), 'mc105', 'limited edition print', 150);


##---------------------------------------------------------------


INSERT INTO art (artist, title, media, width, height, image, pricing_info, main_image, image_width, image_height)
	VALUES(251,
	       'esk 0611',
	       'di print on aluminum',
	       40,
	       60,
	       'esk-0611',
	      'limited edition print, &pound;150',
	       0,
		433,
		 650);


INSERT INTO art_pricing(art, item_number, description, price)
	VALUES(LAST_INSERT_ID(), 'mc106', 'limited edition print', 150);


##---------------------------------------------------------------



INSERT INTO art (artist, title, media, width, height, image, pricing_info, main_image, image_width, image_height)
	VALUES(251,
	       'mnd 0711',
	       'di print on aluminum',
	       40,
	       60,
	       'mnd-0711',
	      'limited edition print, &pound;150',
	       0,
		433,
		 650);


INSERT INTO art_pricing(art, item_number, description, price)
	VALUES(LAST_INSERT_ID(), 'mc108', 'limited edition print', 150);


##---------------------------------------------------------------


INSERT INTO art (artist, title, media, width, height, image, pricing_info, main_image, image_width, image_height)
	VALUES(251,
	       'phd 0409',
	       'di print on aluminum',
	       42,
	       60,
	       'phd-0409',
	      'limited edition print, &pound;150',
	       0,
		457,
		 650);


INSERT INTO art_pricing(art, item_number, description, price)
	VALUES(LAST_INSERT_ID(), 'mc109', 'limited edition print', 150);


##---------------------------------------------------------------


INSERT INTO art (artist, title, media, width, height, image, pricing_info, main_image, image_width, image_height)
	VALUES(251,
	       'sym 01',
	       'di print on aluminum',
	       35,
	       60,
	       'sym-01',
	      'limited edition print, &pound;150',
	       0,
		380,
		 650);


INSERT INTO art_pricing(art, item_number, description, price)
	VALUES(LAST_INSERT_ID(), 'mc113', 'limited edition print', 150);


##---------------------------------------------------------------


INSERT INTO art (artist, title, media, width, height, image, pricing_info, main_image, image_width, image_height)
	VALUES(251,
	       'sym 04',
	       'di print on aluminum',
	       40,
	       60,
	       'sym-04',
	      'limited edition print, &pound;150',
	       0,
		433,
		 650);


INSERT INTO art_pricing(art, item_number, description, price)
	VALUES(LAST_INSERT_ID(), 'mc114', 'limited edition print', 150);


##---------------------------------------------------------------


INSERT INTO art (artist, title, media, width, height, image, pricing_info, main_image, image_width, image_height)
	VALUES(251,
	       'sym 05',
	       'di print on aluminum',
	       40,
	       60,
	       'sym-05',
	      'limited edition print, &pound;150',
	       0,
		433,
		 650);


INSERT INTO art_pricing(art, item_number, description, price)
	VALUES(LAST_INSERT_ID(), 'mc115', 'limited edition print', 150);


##---------------------------------------------------------------


INSERT INTO art (artist, title, media, width, height, image, pricing_info, main_image, image_width, image_height)
	VALUES(251,
	       'sym 09',
	       'di print on aluminum',
	       40,
	       60,
	       'sym-09',
	      'limited edition print, &pound;150',
	       0,
		421,
		 650);


INSERT INTO art_pricing(art, item_number, description, price)
	VALUES(LAST_INSERT_ID(), 'mc116', 'limited edition print', 150);


##---------------------------------------------------------------


INSERT INTO art (artist, title, media, width, height, image, pricing_info, main_image, image_width, image_height)
	VALUES(251,
	       'sym 11',
	       'di print on aluminum',
	       40,
	       60,
	       'sym-11',
	      'limited edition print, &pound;150',
	       0,
		427,
		 650);


INSERT INTO art_pricing(art, item_number, description, price)
	VALUES(LAST_INSERT_ID(), 'mc117', 'limited edition print', 150);


##---------------------------------------------------------------


INSERT INTO art (artist, title, media, width, height, image, pricing_info, main_image, image_width, image_height)
	VALUES(251,
	       'sym 12',
	       'di print on aluminum',
	       40,
	       60,
	       'sym-12',
	      'limited edition print, &pound;150',
	       0,
		434,
		 650);


INSERT INTO art_pricing(art, item_number, description, price)
	VALUES(LAST_INSERT_ID(), 'mc118', 'limited edition print', 150);


##---------------------------------------------------------------


INSERT INTO art (artist, title, media, width, height, image, pricing_info, main_image, image_width, image_height)
	VALUES(251,
	       'sym 13',
	       'di print on aluminum',
	       40,
	       60,
	       'sym-13',
	      'limited edition print, &pound;150',
	       0,
		433,
		 650);


INSERT INTO art_pricing(art, item_number, description, price)
	VALUES(LAST_INSERT_ID(), 'mc119', 'limited edition print', 150);


##---------------------------------------------------------------


INSERT INTO art (artist, title, media, width, height, image, pricing_info, main_image, image_width, image_height)
	VALUES(251,
	       'sym 15',
	       'di print on aluminum',
	       34,
	       60,
	       'sym-15',
	      'limited edition print, &pound;150',
	       0,
		362,
		 650);


INSERT INTO art_pricing(art, item_number, description, price)
	VALUES(LAST_INSERT_ID(), 'mc120', 'limited edition print', 150);


##---------------------------------------------------------------


INSERT INTO art (artist, title, media, width, height, image, pricing_info, main_image, image_width, image_height)
	VALUES(251,
	       'sym 18',
	       'di print on aluminum',
	       40,
	       60,
	       'sym-18',
	      'limited edition print, &pound;150',
	       0,
		433,
		 650);


INSERT INTO art_pricing(art, item_number, description, price)
	VALUES(LAST_INSERT_ID(), 'mc121', 'limited edition print', 150);


##---------------------------------------------------------------


INSERT INTO art (artist, title, media, width, height, image, pricing_info, main_image, image_width, image_height)
	VALUES(251,
	       'tdo 0611',
	       'di print on aluminum',
	       40,
	       60,
	       'tdo-0611',
	      'limited edition print, &pound;150',
	       0,
		433,
		 650);


INSERT INTO art_pricing(art, item_number, description, price)
	VALUES(LAST_INSERT_ID(), 'mc122', 'limited edition print', 150);


##---------------------------------------------------------------



INSERT INTO art (artist, title, media, width, height, image, pricing_info, main_image, image_width, image_height)
	VALUES(251,
	       'wse 0711',
	      	       'di print on aluminum',
	       40,
	       60,
	       'wse-0711',
	      'limited edition print, &pound;150',
	       0,
		433,
		 650);


INSERT INTO art_pricing(art, item_number, description, price)
	VALUES(LAST_INSERT_ID(), 'mc123', 'limited edition print', 150);


##---------------------------------------------------------------



INSERT INTO artist (id, name, statement, notes, display, keywords)
	VALUES(262, 'bryn davies',

	'<p class="artist"> 
</p>

<p class="artist">Bryn Davies LBIPP EP is a fine art photographer, consultant and educator.</p>

<p class="artist">Bryn is a Licentiate at the British Institute of Professional Photography and winner of several awards and merits for his
 Fine Art images. Selected exhibitions include Independents Biennial 2012 and LOOK/15 in Liverpool and solo show in Trunk Gallery in Seoul 2015.
  Bryns time is split between home and abroad which has an influence on his subject matter. As can be seen in his collections available 
  through dot-art.</p>

<p class="artist">Abstracts of Industry: A study into the perhaps subconscious inspiration of industrial sites on abstract and expressionist
 artists of the mid 20th century. From Pollock to Serra, the ages great pioneers of order out of chaos have spent time in the midst of industry.
  Look closely enough and not only do primary shapes appear, but also an organic, evolving pattern of everyday life amongst the rigidity of
   man and machines productive collaboration. Each image is limited to an edition of 6 prints. All sizes are paper dimensions.</p>

<p class="artist">Shan Shui: An award winning collection of Chinese landscapes referencing the principles of traditional brush and ink
 paintings in China. Each image is limited to an edition of 50 prints. All sizes are paper dimensions.</p>



<p class="artist">All prints are created using museum grade papers and archival inks that are personally printed, stamped 
and titled by the artist</p>',
               NULL,
	       1,
		'bryn davies, photographer, liverpool, seoul, british institute of professional photography, open eye gallery, photographer, lbipp');

##---------------------------------------------------------------


INSERT INTO art (artist, title, media, width, height, image, pricing_info, main_image, image_width, image_height)
	VALUES(262,

	       'liverpool coal yard study 1',
	      	'photographic print',
	       76,
	       76,
	       'coal-study-1',
	      'limited edition print, &pound;250',
	       0,
		650,
		 650);


INSERT INTO art_pricing(art, item_number, description, price)
	VALUES(LAST_INSERT_ID(), 'yd150', 'photographic print', 250);


##---------------------------------------------------------------

INSERT INTO art (artist, title, media, width, height, image, pricing_info, main_image, image_width, image_height)
	VALUES(262,

	       'liverpool coal yard study 2',
	      	'photographic print',
	       76,
	       76,
	       'coal-study-2',
	      'limited edition print, &pound;250',
	       0,
		650,
		 650);


INSERT INTO art_pricing(art, item_number, description, price)
	VALUES(LAST_INSERT_ID(), 'yd151', 'photographic print', 250);


##---------------------------------------------------------------


INSERT INTO art (artist, title, media, width, height, image, pricing_info, main_image, image_width, image_height)
	VALUES(262,

	       'liverpool coal yard study 3',
	      	'photographic print',
	       76,
	       76,
	       'coal-study-3',
	      'limited edition print, &pound;250',
	       0,
		650,
		 650);


INSERT INTO art_pricing(art, item_number, description, price)
	VALUES(LAST_INSERT_ID(), 'yd152', 'photographic print', 250);


##---------------------------------------------------------------

INSERT INTO art (artist, title, media, width, height, image, pricing_info, main_image, image_width, image_height)
	VALUES(262,

	       'liverpool coal yard study 4',
	      	'photographic print',
	       76,
	       76,
	       'coal-study-4',
	      'limited edition print, &pound;250',
	       1,
		650,
		 650);


INSERT INTO art_pricing(art, item_number, description, price)
	VALUES(LAST_INSERT_ID(), 'yd153', 'photographic print', 250);


##---------------------------------------------------------------


INSERT INTO art (artist, title, media, width, height, image, pricing_info, main_image, image_width, image_height)
	VALUES(262,

	       'liverpool coal yard study 7',
	      	'photographic print',
	       76,
	       76,
	       'coal-study-7',
	      'limited edition print, &pound;250',
	       0,
		650,
		 650);


INSERT INTO art_pricing(art, item_number, description, price)
	VALUES(LAST_INSERT_ID(), 'yd154', 'photographic print', 250);


##---------------------------------------------------------------

INSERT INTO art (artist, title, media, width, height, image, pricing_info, main_image, image_width, image_height)
	VALUES(262,

	       'liverpool coal yard study 8',
	      	'photographic print',
	       76,
	       76,
	       'coal-study-8',
	      'limited edition print, &pound;250',
	       0,
		650,
		 650);


INSERT INTO art_pricing(art, item_number, description, price)
	VALUES(LAST_INSERT_ID(), 'yd155', 'photographic print', 250);


##---------------------------------------------------------------


INSERT INTO art (artist, title, media, width, height, image, pricing_info, main_image, image_width, image_height)
	VALUES(262,

	       'liverpool coal yard study 9',
	      	'photographic print',
	       76,
	       76,
	       'coal-study-9',
	      'limited edition print, &pound;250',
	       0,
		650,
		 650);


INSERT INTO art_pricing(art, item_number, description, price)
	VALUES(LAST_INSERT_ID(), 'yd156', 'photographic print', 250);


##---------------------------------------------------------------

INSERT INTO art (artist, title, media, width, height, image, pricing_info, main_image, image_width, image_height)
	VALUES(262,

	       'brush and ink',
	      	'photographic print',
	       59,
	       42,
	       'brush-and-ink',
	      'limited edition print, &pound;100',
	       0,
		460,
		 650);


INSERT INTO art_pricing(art, item_number, description, price)
	VALUES(LAST_INSERT_ID(), 'yd157', 'photographic print', 100);


##---------------------------------------------------------------

INSERT INTO art (artist, title, media, width, height, image, pricing_info, main_image, image_width, image_height)
	VALUES(262,

	       'digital calligraphy',
	      	'photographic print',
	       59,
	       42,
	       'digital-calligraphy',
	      'limited edition print, &pound;100',
	       0,
		650,
		 460);


INSERT INTO art_pricing(art, item_number, description, price)
	VALUES(LAST_INSERT_ID(), 'yd157', 'photographic print', 100);


##---------------------------------------------------------------

INSERT INTO art (artist, title, media, width, height, image, pricing_info, main_image, image_width, image_height)
	VALUES(262,

	       'factory lines',
	      	'photographic print',
	       59,
	       42,
	       'factory-lines',
	      'limited edition print, &pound;100',
	       0,
		460,
		 650);


INSERT INTO art_pricing(art, item_number, description, price)
	VALUES(LAST_INSERT_ID(), 'yd158', 'photographic print', 100);


##---------------------------------------------------------------

INSERT INTO art (artist, title, media, width, height, image, pricing_info, main_image, image_width, image_height)
	VALUES(262,

	       'hamlets and terraces',
	      	'photographic print',
	       59,
	       42,
	       'hamlets-and-terraces',
	      'limited edition print, &pound;100',
	       0,
		460,
		 650);


INSERT INTO art_pricing(art, item_number, description, price)
	VALUES(LAST_INSERT_ID(), 'yd159', 'photographic print', 100);


##---------------------------------------------------------------

INSERT INTO art (artist, title, media, width, height, image, pricing_info, main_image, image_width, image_height)
	VALUES(262,

	       'red beyond the wall',
	      	'photographic print',
	       59,
	       42,
	       'red-beyond-wall',
	      'limited edition print, &pound;100',
	       0,
		460,
		 650);


INSERT INTO art_pricing(art, item_number, description, price)
	VALUES(LAST_INSERT_ID(), 'yd160', 'photographic print', 100);


##---------------------------------------------------------------


INSERT INTO artist (id, name, statement, notes, display, keywords)
	VALUES(260, 'olga snell',

	'<p class="artist"> 
</p>

<p class="artist">Olga was a freelance commercial photographer for 25 years 
based in Toronto Canada working for major Advertising Agencies, 
Designers and Blue-chip 
clients such as Apple Computer, in Canada and the U.S. She says of her
distinctive, often surreal work:</p>

<p class="artist">"I love photography and have always had a fascination with 
collage, so when I started working in Photoshop it was love at first pixel. 
Then I discovered wonderful sites on the internet where you can download 
vintage public domain images. I mix these lovely vintage images with my own 
photographs and scanned in found objects or drawings I have made, to create 
my unique digital collages."</p>

<p class="artist"></p>

<p class="artist"></p>',
               NULL,
	       1,
		'keywords');

##---------------------------------------------------------------



INSERT INTO art (artist, title, media, width, height, image, pricing_info, main_image, image_width, image_height)
	VALUES(260,
	       'flapper',
	       'digital collage',
	       50.8,
	       50.8,
	       'flapper-2',
	      'limited edition, &pound;95',
	       1,
		650,
		 650);


INSERT INTO art_pricing(art, item_number, description, price)
	VALUES(LAST_INSERT_ID(), 'ca109', 'limited edition',95);


##---------------------------------------------------------------


INSERT INTO art (artist, title, media, width, height, image, pricing_info, main_image, image_width, image_height)
	VALUES(260,
	       'lilac',
	       'digital collage',
	       50.8,
	       50.8,
	       'lilac-2',
	      'limited edition, &pound;95',
	       0,
		650,
		 650);


INSERT INTO art_pricing(art, item_number, description, price)
	VALUES(LAST_INSERT_ID(), 'ca110', 'limited edition',95);


##---------------------------------------------------------------


INSERT INTO art (artist, title, media, width, height, image, pricing_info, main_image, image_width, image_height)
	VALUES(260,
	       'snowballs',
	       'digital collage',
	       50.8,
	       50.8,
	       'snowballs-2',
	      'limited edition, &pound;95',
	       0,
		650,
		 650);


INSERT INTO art_pricing(art, item_number, description, price)
	VALUES(LAST_INSERT_ID(), 'ca111', 'limited edition',95);


##---------------------------------------------------------------




INSERT INTO art (artist, title, media, width, height, image, pricing_info, main_image, image_width, image_height)
	VALUES(260,
	       'birds nest',
	       'digital print',
	       50.8,
	       50.8,
	       'birds-nest',
	      'limited edition, &pound;95',
	       0,
		650,
		 650);


INSERT INTO art_pricing(art, item_number, description, price)
	VALUES(LAST_INSERT_ID(), 'ca101', 'limited edition',95);


##---------------------------------------------------------------


INSERT INTO art (artist, title, media, width, height, image, pricing_info, main_image, image_width, image_height)
	VALUES(260,
	       'circus',
	       'digital print',
	       50.8,
	       50.8,
	       'circus',
	      'limited edition, &pound;95',
	       0,
		650,
		 650);


INSERT INTO art_pricing(art, item_number, description, price)
	VALUES(LAST_INSERT_ID(), 'ca102', 'limited edition',95);


##---------------------------------------------------------------


INSERT INTO art (artist, title, media, width, height, image, pricing_info, main_image, image_width, image_height)
	VALUES(260,
	       'deer deer',
	       'digital print',
	       50.8,
	       50.8,
	       'deer-deer',
	      'limited edition, &pound;95',
	       0,
		650,
		 650);


INSERT INTO art_pricing(art, item_number, description, price)
	VALUES(LAST_INSERT_ID(), 'ca103', 'limited edition',95);


##---------------------------------------------------------------


INSERT INTO art (artist, title, media, width, height, image, pricing_info, main_image, image_width, image_height)
	VALUES(260,
	       'eiffel',
	       'digital print',
	       50.8,
	       50.8,
	       'eiffel',
	      'limited edition, &pound;95',
	       0,
		650,
		 650);


INSERT INTO art_pricing(art, item_number, description, price)
	VALUES(LAST_INSERT_ID(), 'ca104', 'limited edition',95);


##---------------------------------------------------------------


INSERT INTO art (artist, title, media, width, height, image, pricing_info, main_image, image_width, image_height)
	VALUES(260,
	       'lyric',
	       'digital print',
	       50.8,
	       50.8,
	       'lyric',
	      'limited edition, &pound;95',
	       0,
		650,
		 650);


INSERT INTO art_pricing(art, item_number, description, price)
	VALUES(LAST_INSERT_ID(), 'ca105', 'limited edition',95);


##---------------------------------------------------------------


INSERT INTO art (artist, title, media, width, height, image, pricing_info, main_image, image_width, image_height)
	VALUES(260,
	       'mother nature',
	       'digital print',
	       50.8,
	       50.8,
	       'mother-nature',
	      'limited edition, &pound;95',
	       0,
		650,
		 650);


INSERT INTO art_pricing(art, item_number, description, price)
	VALUES(LAST_INSERT_ID(), 'ca106', 'limited edition',95);


##---------------------------------------------------------------


INSERT INTO art (artist, title, media, width, height, image, pricing_info, main_image, image_width, image_height)
	VALUES(260,
	       'ostrich',
	       'digital print',
	       50.8,
	       50.8,
	       'ostrich',
	      'limited edition, &pound;95',
	       0,
		650,
		 650);


INSERT INTO art_pricing(art, item_number, description, price)
	VALUES(LAST_INSERT_ID(), 'ca107', 'limited edition',95);


##---------------------------------------------------------------


INSERT INTO art (artist, title, media, width, height, image, pricing_info, main_image, image_width, image_height)
	VALUES(260,
	       'reindeer travel',
	       'digital print',
	       50.8,
	       50.8,
	       'reindeer-travel',
	      'limited edition, &pound;95',
	       0,
		650,
		 650);


INSERT INTO art_pricing(art, item_number, description, price)
	VALUES(LAST_INSERT_ID(), 'ca108', 'limited edition',95);


##---------------------------------------------------------------





INSERT INTO artist (id, name, statement, notes, display, keywords)
	VALUES(269, 'anthony gribbin',
	'<p class="artist">Working in acrylic based at Bridewell Studios Liverpool, 
from its earliest days (1976), Anthony has exhibited in mixed shows on a regular 
basis with National Society for Education in Art and Design, National Acrylic 
Painters'' Association and Bridewell Studios in nationwide venues with the 
following recognition:</p>


<p class="artist">- The Addleshaw and Latham award at the Manchester Academy Open Show 1988.</p>
<p class="artist">- The Adrian Henri award at the NAPA Open show 2001 at the Black Sheep Gallery, Hawarden North Wales.</p>
<p class="artist">- The Pro ARTe award at the NAPA show 2004 at the Mariners Gallery St. Ives Cornwall.</p>
<p class="artist">- Commendation for a contemporary piece  at the 2005 NAPA exhibition at St. David''s Hall, Cardiff.</p>
<p class="artist">- Winner of Kasey-Greenword Award for "risk in application of media to support" at the 2005 NAPA exhibition at the Mariners Gallery, St. Ives.</p>
<p class="artist">- Award winner at the NAPA  Annual exhibition 2009 at the VIEW TWO Gallery Liverpool.</p>
<p class="artist">- Award winner at the NAPA Annual exhibition 2011 at the Williamson Art  Gallery and Museum, Birkenhead.</p>

<p class="artist">The current cycle of paintings concerns itself with layers and planes, revealed and hidden, passing fore and aft. Layers invite us to look closer as the various elements play with and contradict our notions of depth and surface plane.
What was on top passes behind, unexpectently, whether in strictly geometric and structured layers or as if veiled and curtained another layer, sometimes to reveal more.
The eye responds in a direct and selective way to certain colour situations, line arrangements and patterns.
The eye maybe misled so that an attempt to interpret may be confused or frustrated by ambiguous structures.
The eye tends to see in generalities. What is seen is not what is expected. Movements and balance/imbalance is implied.
</p>
<p class="artist"></p>',
               NULL,
	       1,
		'Anthony Gribbin, Abstract Artist, Abstract paintings, geometric paintings,
Liverpool artist, acrylic on canvas');

##----------------------------------------------------------------------------------------- 


INSERT INTO art (artist, title, media, width, height, image, pricing_info, main_image, image_width, image_height)
	VALUES(269,
	       'rhomboid 1',
	       'acrylic on shaped canvas',
	       30,
	       40,
	       'rhomboid-1',
	       'original &pound;650',
	       1,
		650,
		 434);


INSERT INTO art_pricing(art, item_number, description, price)
	VALUES(LAST_INSERT_ID(), 'LL124', 'original', 650);


##-----------------------------------------------------------------------------------------
                                                                                           


INSERT INTO art (artist, title, media, width, height, image, pricing_info, main_image, image_width, image_height)
	VALUES(269,
	       'rhomboid 2',
	       'acrylic on shaped canvas',
	       30,
	       40,
	       'rhomboid-2',
	       'original &pound;650',
	       0,
		650,
		 434);


INSERT INTO art_pricing(art, item_number, description, price)
	VALUES(LAST_INSERT_ID(), 'LL125', 'original', 650);


##----------------------------------------------------------------------------------------- 
                                                                                           


INSERT INTO art (artist, title, media, width, height, image, pricing_info, main_image, image_width, image_height)
	VALUES(269,
	       'rhomboid 3',
	       'acrylic on shaped canvas',
	       30,
	       40,
	       'rhomboid-3',
	       'original &pound;650',
	       0,
		650,
		 434);


INSERT INTO art_pricing(art, item_number, description, price)
	VALUES(LAST_INSERT_ID(), 'LL126', 'original', 650);


##-----------------------------------------------------------------------------------------

INSERT INTO art (artist, title, media, width, height, image, pricing_info, main_image, image_width, image_height)
	VALUES(269,
	       'constellation I',
	       'acrylic on canvas',
	       90,
	       90,
	       'constellation-1',
	       'currently unavailable',
	       0,
		633,
		 650);


INSERT INTO art_pricing(art, item_number, description, price)
	VALUES(LAST_INSERT_ID(), 'LL102', 'original', 850);


##-----------------------------------------------------------------------------------------


INSERT INTO art (artist, title, media, width, height, image, pricing_info, main_image, image_width, image_height)
	VALUES(269,
	       'constellation II',
	       'acrylic on canvas',
	       90,
	       90,
	       'constellation-2',
	       'original &pound;850',
	       0,
		631,
		 650);


INSERT INTO art_pricing(art, item_number, description, price)
	VALUES(LAST_INSERT_ID(), 'LL103', 'original', 850);


##-----------------------------------------------------------------------------------------


INSERT INTO art (artist, title, media, width, height, image, pricing_info, main_image, image_width, image_height)
	VALUES(269,
	       'constellation III',
	       'acrylic on canvas',
	       90,
	       90,
	       'constellation-3',
	       'currently unavailable',
	       0,
		641,
		 650);


INSERT INTO art_pricing(art, item_number, description, price)
	VALUES(LAST_INSERT_ID(), 'LL104', 'original', 850);


##-----------------------------------------------------------------------------------------


INSERT INTO art (artist, title, media, width, height, image, pricing_info, main_image, image_width, image_height)
	VALUES(269,
	       'constellation IV',
	       'acrylic on canvas',
	       90,
	       90,
	       'constellation-4',
	       'original &pound;850',
	       0,
		638,
		 650);


INSERT INTO art_pricing(art, item_number, description, price)
	VALUES(LAST_INSERT_ID(), 'LL105', 'original', 850);


##-----------------------------------------------------------------------------------------


INSERT INTO art (artist, title, media, width, height, image, pricing_info, main_image, image_width, image_height)
	VALUES(269,
	       'constellation V',
	       'acrylic on canvas',
	       90,
	       90,
	       'constellation-5',
	       'original &pound;850',
	       0,
		645,
		 650);


INSERT INTO art_pricing(art, item_number, description, price)
	VALUES(LAST_INSERT_ID(), 'LL106', 'original', 850);


##-----------------------------------------------------------------------------------------


INSERT INTO art (artist, title, media, width, height, image, pricing_info, main_image, image_width, image_height)
	VALUES(269,
	       'constellation VI',
	       'acrylic on canvas',
	       90,
	       90,
	       'constellation-6',
	       'original &pound;850',
	       0,
		625,
		 650);


INSERT INTO art_pricing(art, item_number, description, price)
	VALUES(LAST_INSERT_ID(), 'LL107', 'original', 850);


##-----------------------------------------------------------------------------------------


INSERT INTO art (artist, title, media, width, height, image, pricing_info, main_image, image_width, image_height)
	VALUES(269,
	       'constellation VII',
	       'acrylic on canvas',
	       90,
	       90,
	       'constellation-7',
	       'currently unavailable',
	       0,
		636,
		 650);


INSERT INTO art_pricing(art, item_number, description, price)
	VALUES(LAST_INSERT_ID(), 'LL108', 'original', 850);


##-----------------------------------------------------------------------------------------


INSERT INTO art (artist, title, media, width, height, image, pricing_info, main_image, image_width, image_height)
	VALUES(269,
	       'contained',
	       'acrylic on canvas',
	       60,
	       60,
	       'contained',
	       'currently unavailable',
	       0,
		638,
		 650);


INSERT INTO art_pricing(art, item_number, description, price)
	VALUES(LAST_INSERT_ID(), 'LL109', 'original',650);

##-----------------------------------------------------------------------------------------


INSERT INTO art (artist, title, media, width, height, image, pricing_info, main_image, image_width, image_height)
	VALUES(269,
	       'deflection 2',
	       'acrylic on canvas',
	       90,
	       90,
	       'deflection-2',
	       'currently unavailable',
	       0,
		633,
		 650);


INSERT INTO art_pricing(art, item_number, description, price)
	VALUES(LAST_INSERT_ID(), 'LL112', 'original', 850);


##-----------------------------------------------------------------------------------------


INSERT INTO art (artist, title, media, width, height, image, pricing_info, main_image, image_width, image_height)
	VALUES(269,
	       'delta',
	       'acrylic on canvas',
	       90,
	       90,
	       'delta',
	       'original &pound;650',
	       0,
		431,
		 650);


INSERT INTO art_pricing(art, item_number, description, price)
	VALUES(LAST_INSERT_ID(), 'LL113', 'original', 650);


##-----------------------------------------------------------------------------------------


INSERT INTO art (artist, title, media, width, height, image, pricing_info, main_image, image_width, image_height)
	VALUES(269,
	       'descendant',
	       'acrylic on canvas',
	       90,
	       60,
	       'descendant',
	       'original &pound;650',
	       0,
		432,
		 650);


INSERT INTO art_pricing(art, item_number, description, price)
	VALUES(LAST_INSERT_ID(), 'LL114', 'original', 650);


##-----------------------------------------------------------------------------------------


INSERT INTO art (artist, title, media, width, height, image, pricing_info, main_image, image_width, image_height)
	VALUES(269,
	       'lattice',
	       'acrylic on canvas',
	       60,
	       60,
	       'lattice',
	       'original &pound;850',
	       0,
		629,
		 650);


INSERT INTO art_pricing(art, item_number, description, price)
	VALUES(LAST_INSERT_ID(), 'LL115', 'original', 850);


##-----------------------------------------------------------------------------------------


INSERT INTO art (artist, title, media, width, height, image, pricing_info, main_image, image_width, image_height)
	VALUES(269,
	       'planate',
	       'acrylic on canvas',
	       80,
	       100,
	       'planate',
	       'original &pound;850',
	       0,
		650,
		 517);


INSERT INTO art_pricing(art, item_number, description, price)
	VALUES(LAST_INSERT_ID(), 'LL117', 'original', 850);


##-----------------------------------------------------------------------------------------


INSERT INTO art (artist, title, media, width, height, image, pricing_info, main_image, image_width, image_height)
	VALUES(269,
	       'stack',
	       'acrylic on canvas',
	       80,
	       100,
	       'stack',
	       'original &pound;850',
	       0,
		650,
		 541);


INSERT INTO art_pricing(art, item_number, description, price)
	VALUES(LAST_INSERT_ID(), 'LL118', 'original', 850);


##-----------------------------------------------------------------------------------------


INSERT INTO art (artist, title, media, width, height, image, pricing_info, main_image, image_width, image_height)
	VALUES(269,
	       'stripped',
	       'acrylic on canvas',
	       90,
	       60,
	       'stripped',
	       'original &pound;650',
	       0,
		415,
		 650);


INSERT INTO art_pricing(art, item_number, description, price)
	VALUES(LAST_INSERT_ID(), 'LL119', 'original', 650);


##-----------------------------------------------------------------------------------------


INSERT INTO art (artist, title, media, width, height, image, pricing_info, main_image, image_width, image_height)
	VALUES(269,
	       'clipper',
	       'mixed media on board',
	       80,
	       60,
	       'clipper',
	       'original &pound;500',
	       0,
		469,
		 650);


INSERT INTO art_pricing(art, item_number, description, price)
	VALUES(LAST_INSERT_ID(), 'LL120', 'original', 500);


##----------------------------------------------------------------------------------------- 


INSERT INTO art (artist, title, media, width, height, image, pricing_info, main_image, image_width, image_height)
	VALUES(269,
	       'junction',
	       'acrylic on canvas',
	       80,
	       100,
	       'junction',
	       'original &pound;850',
	       0,
		509,
		 650);


INSERT INTO art_pricing(art, item_number, description, price)
	VALUES(LAST_INSERT_ID(), 'LL121', 'original', 850);


##-----------------------------------------------------------------------------------------  


INSERT INTO art (artist, title, media, width, height, image, pricing_info, main_image, image_width, image_height)
	VALUES(269,
	       'knot',
	       'acrylic on canvas',
	       60,
	       90,
	       'knot',
	       'original &pound;850',
	       0,
		650,
		 429);


INSERT INTO art_pricing(art, item_number, description, price)
	VALUES(LAST_INSERT_ID(), 'LL122', 'original', 850);


##----------------------------------------------------------------------------------------- 


INSERT INTO art (artist, title, media, width, height, image, pricing_info, main_image, image_width, image_height)
	VALUES(269,
	       'retreat',
	       'acrylic on canvas',
	       60,
	       90,
	       'retreat',
	       'original &pound;850',
	       0,
		650,
		 436);


INSERT INTO art_pricing(art, item_number, description, price)
	VALUES(LAST_INSERT_ID(), 'LL123', 'original', 850);


##-----------------------------------------------------------------------------------------




INSERT INTO artist (id, name, statement, notes, display, keywords)
	VALUES(279, 'josie jenkins',
	'<p class="artist">Josie Jenkins is an award winning artist based in Liverpool, UK. She studied for her BA Hons in Fine Art (Painting) 
  at Norwich School of Art and Design, UK graduating in 2002 and has since exhibited in the UK and internationally. Josie was born in 
  Yorkshire, United Kingdom, in 1980 and worked as an artist in Hull and Nottinghamshire, before settling in Liverpool. 
   Josie has been making paintings and drawings of landscapes since the beginning of her career as a professional artist. </p>
   
<p class="artist">She says, "Landscape has become a tool for me to create a visual situation that the viewer can make sense of and connect 
with, while introducing other themes to the painting.  It allows me to use a combination of abstraction and representation in the composition
 of the work.  Although the landscapes that I paint never feature people, my paintings are more about people than anything else.  
 I take inspiration from the incongruity between the natural and the man-made elements found in our modern landscape and use shapes,
  patterns, colours and objects that reference humanity in both subtle and more obvious ways.  Layering has always been a strong theme
   in my work.  I construct paintings in a series of layers, in some cases using the process of covering up and bringing back 
   the under-painting.</p>',
               NULL,
	       1,
		'josie jenkins, liverpool artist, liverpool painter, liverpool landscapes, merseyside landscapes, urban landscapes, oil on canvas, acrylic on canvas');

##----------------------------------------------------------------------------------

INSERT INTO art (artist, title, media, width, height, image, pricing_info, main_image, image_width, image_height)
	VALUES(279,
	       'singular ink 1',
	       'ink on handmade paper',
	       40,
	        50,
	       'singular-ink-1',
	       'original &pound;140',
	       0,
		650,
		 459);


INSERT INTO art_pricing(art, item_number, description, price)
	VALUES(LAST_INSERT_ID(), 'JJ123', 'original', 140);


##----------------------------------------------------------------------------------

INSERT INTO art (artist, title, media, width, height, image, pricing_info, main_image, image_width, image_height)
	VALUES(279,
	       'singular ink 6',
	       'ink on handmade paper',
	       40,
	        50,
	       'singular-ink-6',
	       'original &pound;140',
	       0,
		445,
		 650);


INSERT INTO art_pricing(art, item_number, description, price)
	VALUES(LAST_INSERT_ID(), 'JJ122', 'original', 140);


##----------------------------------------------------------------------------------


INSERT INTO art (artist, title, media, width, height, image, pricing_info, main_image, image_width, image_height)
	VALUES(279,
	       'singular ink 7',
	       'ink on handmade paper',
	       40,
	        50,
	       'singular-ink-7',
	       'original &pound;140',
	       0,
		481,
		 650);


INSERT INTO art_pricing(art, item_number, description, price)
	VALUES(LAST_INSERT_ID(), 'JJ121', 'original', 140);


##----------------------------------------------------------------------------------


INSERT INTO art (artist, title, media, width, height, image, pricing_info, main_image, image_width, image_height)
	VALUES(279,
	       'boxing day',
	       'acrylic and oil on canvas',
	       100,
	        80,
	       'boxing-day',
	       'original &pound;1250',
	       0,
		650,
		 515);


INSERT INTO art_pricing(art, item_number, description, price)
	VALUES(LAST_INSERT_ID(), 'JJ120', 'original', 1250);


##----------------------------------------------------------------------------------



INSERT INTO art (artist, title, media, width, height, image, pricing_info, main_image, image_width, image_height)
	VALUES(279,
	       'frozen beach with trees',
	       'acrylic and oil on canvas',
	       100,
	        100,
	       'frozen-beach-with',
	       'original &pound;1300',
	       1,
		644,
		 650);


INSERT INTO art_pricing(art, item_number, description, price)
	VALUES(LAST_INSERT_ID(), 'JJ102', 'original', 1300);


##----------------------------------------------------------------------------------


INSERT INTO art (artist, title, media, width, height, image, pricing_info, main_image, image_width, image_height)
	VALUES(279,
	       'bunker 1',
	       'acrylic and oil on board',
	       24.7,
	        17.5,
	       'bunker-1',
	        'original &pound;380',
	       0,
		650,
		 458);


INSERT INTO art_pricing(art, item_number, description, price)
	VALUES(LAST_INSERT_ID(), 'JJ109', 'original', 380);


##----------------------------------------------------------------------------------  



INSERT INTO art (artist, title, media, width, height, image, pricing_info, main_image, image_width, image_height)
	VALUES(279,
	       'landscape with orange',
	       'acrylic and oil on board framed',
	       20,
	        30,
	       'landscape-with-orange',
	        'original &pound;350',
	       0,
		650,
		 440);


INSERT INTO art_pricing(art, item_number, description, price)
	VALUES(LAST_INSERT_ID(), 'JJ111', 'original', 350);


##----------------------------------------------------------------------------------   

INSERT INTO art (artist, title, media, width, height, image, pricing_info, main_image, image_width, image_height)
	VALUES(279,
	       'landscape with yellow and blue',
	       'acrylic and oil on board framed',
	       20,
	        30,
	       'landscape-with-yellow',
	        'original &pound;350',
	       0,
		650,
		 428);


INSERT INTO art_pricing(art, item_number, description, price)
	VALUES(LAST_INSERT_ID(), 'JJ112', 'original', 350);


##----------------------------------------------------------------------------------      

INSERT INTO art (artist, title, media, width, height, image, pricing_info, main_image, image_width, image_height)
	VALUES(279,
	       'line of brown trees',
	       'acrylic and oil on canvas framed',
	       18,
	        12,
	       'line-of-brown',
	        'original &pound;320',
	       0,
		650,
		 470);


INSERT INTO art_pricing(art, item_number, description, price)
	VALUES(LAST_INSERT_ID(), 'JJ113', 'original', 320);



##----------------------------------------------------------------------------------

INSERT INTO artist (id, name, statement, notes, display, keywords)
	VALUES(276, 'phil mckay',
	'<p class="artist">"I was born and still live in Anfield, Liverpool. I have been creating digital artwork for 4 years and also have an interest in black and white photography. The theme behind my artwork is surreal and desolate lonely landscapes and the pieces are digital collages, composites of many elements from different sources, including self-portraits."</p>

<p class="artist">Phil''s work has been featured in many digital art magazines, and he is currently creating cover artwork for  British classical composer Michael Price who has been involved with many high profile films and TV series including the Lord of the Rings trilogy, the Harry Potter series and Quantum of Solace, and recently composed the music for hit show Sherlock.
</p>


<p class="artist"></p>

<p class="artist"></p>',
               NULL,
	       1,
		'phil mckay artist, digital art, digital collage, dot-art, liverpool artist, limited edition print, surreal art, surreal landscape, liverpool digital artist, liverpool photographer');

##----------------------------------------------------------------------------------


INSERT INTO art (artist, title, media, width, height, image, pricing_info, main_image, image_width, image_height)
	VALUES(276,
	       'above the clouds',
	       'digital media print',
	       55,
	       55,
	       'above-the-clouds',
	       'limited edition print &pound;160',
	       0,
		650,
		 650);


INSERT INTO art_pricing(art, item_number, description, price)
	VALUES(LAST_INSERT_ID(), 'PM101', 'limited edition print', 160);


##---------------------------------------------------------------------------------- 


INSERT INTO art (artist, title, media, width, height, image, pricing_info, main_image, image_width, image_height)
	VALUES(276,
	       'afraid of mice',
	       'digital media print',
	       55,
	       55,
	       'afraid-of-mice',
	       'limited edition print &pound;160',
	       0,
		650,
		 650);


INSERT INTO art_pricing(art, item_number, description, price)
	VALUES(LAST_INSERT_ID(), 'PM102', 'limited edition print', 160);


##----------------------------------------------------------------------------------  


INSERT INTO art (artist, title, media, width, height, image, pricing_info, main_image, image_width, image_height)
	VALUES(276,
	       'can you keep a secret',
	       'digital media print',
	       55,
	       55,
	       'can-you-keep',
	       'limited edition print &pound;160',
	       0,
		650,
		 650);


INSERT INTO art_pricing(art, item_number, description, price)
	VALUES(LAST_INSERT_ID(), 'PM103', 'limited edition print', 160);


##----------------------------------------------------------------------------------


INSERT INTO art (artist, title, media, width, height, image, pricing_info, main_image, image_width, image_height)
	VALUES(276,
	       'do you feel love',
	       'digital media print',
	       55,
	       55,
	       'do-you-feel',
	       'limited edition print &pound;160',
	       0,
		650,
		 650);


INSERT INTO art_pricing(art, item_number, description, price)
	VALUES(LAST_INSERT_ID(), 'PM104', 'limited edition print', 160);


##---------------------------------------------------------------------------------- 


INSERT INTO art (artist, title, media, width, height, image, pricing_info, main_image, image_width, image_height)
	VALUES(276,
	       'dusk',
	       'digital media print',
	       55,
	       55,
	       'dusk',
	       'limited edition print &pound;160',
	       0,
		650,
		 650);


INSERT INTO art_pricing(art, item_number, description, price)
	VALUES(LAST_INSERT_ID(), 'PM105', 'limited edition print', 160);


##----------------------------------------------------------------------------------


INSERT INTO art (artist, title, media, width, height, image, pricing_info, main_image, image_width, image_height)
	VALUES(276,
	       'eclipsed',
	       'digital media print',
	       55,
	       55,
	       'eclipsed',
	       'limited edition print &pound;160',
	       0,
		650,
		 650);


INSERT INTO art_pricing(art, item_number, description, price)
	VALUES(LAST_INSERT_ID(), 'PM106', 'limited edition print', 160);


##---------------------------------------------------------------------------------- 


INSERT INTO art (artist, title, media, width, height, image, pricing_info, main_image, image_width, image_height)
	VALUES(276,
	       'feel the silence',
	       'digital media print',
	       55,
	       55,
	       'feel-the-silence',
	       'limited edition print &pound;160',
	       0,
		650,
		 650);


INSERT INTO art_pricing(art, item_number, description, price)
	VALUES(LAST_INSERT_ID(), 'PM107', 'limited edition print', 160);


##----------------------------------------------------------------------------------


INSERT INTO art (artist, title, media, width, height, image, pricing_info, main_image, image_width, image_height)
	VALUES(276,
	       'have you heard the news',
	       'digital media print',
	       55,
	       55,
	       'have-you-heard',
	       'limited edition print &pound;160',
	       0,
		650,
		 650);


INSERT INTO art_pricing(art, item_number, description, price)
	VALUES(LAST_INSERT_ID(), 'PM108', 'limited edition print', 160);


##---------------------------------------------------------------------------------- 


INSERT INTO art (artist, title, media, width, height, image, pricing_info, main_image, image_width, image_height)
	VALUES(276,
	       'i wish',
	       'digital media print',
	       55,
	       55,
	       'i-wish',
	       'limited edition print &pound;160',
	       0,
		650,
		 650);


INSERT INTO art_pricing(art, item_number, description, price)
	VALUES(LAST_INSERT_ID(), 'PM109', 'limited edition print', 160);


##---------------------------------------------------------------------------------- 


INSERT INTO art (artist, title, media, width, height, image, pricing_info, main_image, image_width, image_height)
	VALUES(276,
	       'in my dreams',
	       'digital media print',
	       55,
	       55,
	       'in-my-dreams',
	       'limited edition print &pound;160',
	       0,
		650,
		 650);


INSERT INTO art_pricing(art, item_number, description, price)
	VALUES(LAST_INSERT_ID(), 'PM110', 'limited edition print', 160);


##----------------------------------------------------------------------------------  


INSERT INTO art (artist, title, media, width, height, image, pricing_info, main_image, image_width, image_height)
	VALUES(276,
	       'ive found heaven',
	       'digital media print',
	       55,
	       55,
	       'ive-found-heaven',
	       'limited edition print &pound;160',
	       0,
		650,
		 650);


INSERT INTO art_pricing(art, item_number, description, price)
	VALUES(LAST_INSERT_ID(), 'PM111', 'limited edition print', 160);


##----------------------------------------------------------------------------------  


INSERT INTO art (artist, title, media, width, height, image, pricing_info, main_image, image_width, image_height)
	VALUES(276,
	       'listen to me',
	       'digital media print',
	       55,
	       55,
	       'listen-to-me',
	       'limited edition print &pound;160',
	       0,
		650,
		 650);


INSERT INTO art_pricing(art, item_number, description, price)
	VALUES(LAST_INSERT_ID(), 'PM112', 'limited edition print', 160);


##----------------------------------------------------------------------------------  


INSERT INTO art (artist, title, media, width, height, image, pricing_info, main_image, image_width, image_height)
	VALUES(276,
	       'never look back',
	       'digital media print',
	       55,
	       55,
	       'never-look-back',
	       'limited edition print &pound;160',
	       0,
		650,
		 650);


INSERT INTO art_pricing(art, item_number, description, price)
	VALUES(LAST_INSERT_ID(), 'PM113', 'limited edition print', 160);


##---------------------------------------------------------------------------------- 


INSERT INTO art (artist, title, media, width, height, image, pricing_info, main_image, image_width, image_height)
	VALUES(276,
	       'now that your gone',
	       'digital media print',
	       55,
	       55,
	       'now-that-your',
	       'limited edition print &pound;160',
	       0,
		650,
		 650);


INSERT INTO art_pricing(art, item_number, description, price)
	VALUES(LAST_INSERT_ID(), 'PM114', 'limited edition print', 160);


##---------------------------------------------------------------------------------- 


INSERT INTO art (artist, title, media, width, height, image, pricing_info, main_image, image_width, image_height)
	VALUES(276,
	       'one small day',
	       'digital media print',
	       55,
	       55,
	       'one-small-day',
	       'limited edition print &pound;160',
	       0,
		650,
		 650);


INSERT INTO art_pricing(art, item_number, description, price)
	VALUES(LAST_INSERT_ID(), 'PM115', 'limited edition print', 160);


##---------------------------------------------------------------------------------- 


INSERT INTO art (artist, title, media, width, height, image, pricing_info, main_image, image_width, image_height)
	VALUES(276,
	       'promise you wont tell',
	       'digital media print',
	       55,
	       55,
	       'promise-you-wont',
	       'limited edition print &pound;160',
	       0,
		650,
		 650);


INSERT INTO art_pricing(art, item_number, description, price)
	VALUES(LAST_INSERT_ID(), 'PM116', 'limited edition print', 160);


##---------------------------------------------------------------------------------- 


INSERT INTO art (artist, title, media, width, height, image, pricing_info, main_image, image_width, image_height)
	VALUES(276,
	       'someone to guide me',
	       'digital media print',
	       55,
	       55,
	       'someone-to-guide',
	       'limited edition print &pound;160',
	       0,
		650,
		 650);


INSERT INTO art_pricing(art, item_number, description, price)
	VALUES(LAST_INSERT_ID(), 'PM117', 'limited edition print', 160);


##---------------------------------------------------------------------------------- 


INSERT INTO art (artist, title, media, width, height, image, pricing_info, main_image, image_width, image_height)
	VALUES(276,
	       'staring at the sun',
	       'digital media print',
	       55,
	       55,
	       'staring-at-the',
	       'limited edition print &pound;160',
	       0,
		650,
		 650);


INSERT INTO art_pricing(art, item_number, description, price)
	VALUES(LAST_INSERT_ID(), 'PM118', 'limited edition print', 160);


##---------------------------------------------------------------------------------- 


INSERT INTO art (artist, title, media, width, height, image, pricing_info, main_image, image_width, image_height)
	VALUES(276,
	       'surreal world',
	       'digital media print',
	       55,
	       55,
	       'surreal-world',
	       'limited edition print &pound;160',
	       0,
		650,
		 650);


INSERT INTO art_pricing(art, item_number, description, price)
	VALUES(LAST_INSERT_ID(), 'PM119', 'limited edition print', 160);


##---------------------------------------------------------------------------------- 


INSERT INTO art (artist, title, media, width, height, image, pricing_info, main_image, image_width, image_height)
	VALUES(276,
	       'take me to the sky',
	       'digital media print',
	       55,
	       55,
	       'take-me-to',
	       'limited edition print &pound;160',
	       0,
		650,
		 650);


INSERT INTO art_pricing(art, item_number, description, price)
	VALUES(LAST_INSERT_ID(), 'PM120', 'limited edition print', 160);


##----------------------------------------------------------------------------------  


INSERT INTO art (artist, title, media, width, height, image, pricing_info, main_image, image_width, image_height)
	VALUES(276,
	       'teach me how to fly',
	       'digital media print',
	       55,
	       55,
	       'teach-me-how',
	       'limited edition print &pound;160',
	       1,
		650,
		 650);


INSERT INTO art_pricing(art, item_number, description, price)
	VALUES(LAST_INSERT_ID(), 'PM121', 'limited edition print', 160);


##----------------------------------------------------------------------------------   


INSERT INTO art (artist, title, media, width, height, image, pricing_info, main_image, image_width, image_height)
	VALUES(276,
	       'they might be giants',
	       'digital media print',
	       55,
	       55,
	       'they-might-be',
	       'limited edition print &pound;160',
	       0,
		650,
		 650);


INSERT INTO art_pricing(art, item_number, description, price)
	VALUES(LAST_INSERT_ID(), 'PM122', 'limited edition print', 160);


##----------------------------------------------------------------------------------   


INSERT INTO art (artist, title, media, width, height, image, pricing_info, main_image, image_width, image_height)
	VALUES(276,
	       'time',
	       'digital media print',
	       55,
	       55,
	       'time',
	       'limited edition print &pound;160',
	       0,
		650,
		 650);


INSERT INTO art_pricing(art, item_number, description, price)
	VALUES(LAST_INSERT_ID(), 'PM123', 'limited edition print', 160);


##----------------------------------------------------------------------------------      


INSERT INTO art (artist, title, media, width, height, image, pricing_info, main_image, image_width, image_height)
	VALUES(276,
	       'waiting for the rain',
	       'digital media print',
	       55,
	       55,
	       'waiting-for-the',
	       'limited edition print &pound;160',
	       0,
		650,
		 650);


INSERT INTO art_pricing(art, item_number, description, price)
	VALUES(LAST_INSERT_ID(), 'PM124', 'limited edition print', 160);


##----------------------------------------------------------------------------------       


INSERT INTO art (artist, title, media, width, height, image, pricing_info, main_image, image_width, image_height)
	VALUES(276,
	       'welcome to the machine',
	       'digital media print',
	       55,
	       55,
	       'welcome-to-the',
	       'limited edition print &pound;160',
	       0,
		650,
		 650);


INSERT INTO art_pricing(art, item_number, description, price)
	VALUES(LAST_INSERT_ID(), 'PM125', 'limited edition print', 160);


##----------------------------------------------------------------------------------




INSERT INTO artist (id, name, statement, notes, display, keywords)
	VALUES(284, 'john petch',
	'<p class="artist">John Petch, born in Liverpool now living in Cheshire, trained to teach art in Liverpool, working in a number of local schools. He says:</p>

<p class="artist">"My work investigates the relationship between line and space. Challenging how the brain perceives and makes sense of the difference between what is understood and unfamiliar. I began painting in the mid 1960s moving from Op Art to Geometrical Abstraction being inspired by geometric imagery and pattern. My paintings invite the viewer to be drawn into a conversation from a simple statement of pattern to the relationship between art and mathematical special awareness." 
</p>


<p class="artist">"I am currently exploring the relationship between line and shape in the environment particularly buildings and the spaces between."</p>

<p class="artist">Limited edition prints are also available in larger sizes, please call 0345 017 6660 for more details.</p>',
               NULL,
	       1,
		'KEYWORDS');

##----------------------------------------------------------------------------------


INSERT INTO art (artist, title, media, width, height, image, pricing_info, main_image, image_width, image_height)
	VALUES(284,
	       'connection albert dock 1',
	       'acrylic on canvas',
	       27,
	       27,
	       'albert-dock-1',
	       'limited edition print &pound;54',
	       1,
		650,
		 650);


INSERT INTO art_pricing(art, item_number, description, price)
	VALUES(LAST_INSERT_ID(), 'jp132', 'limited edition print', 54);


##----------------------------------------------------------------------------------



INSERT INTO art (artist, title, media, width, height, image, pricing_info, main_image, image_width, image_height)
	VALUES(284,
	       'connection echo arena 3',
	       'acrylic on canvas',
	       27,
	       27,
	       'echo-arena-3',
	       'limited edition print &pound;54',
	       0,
		650,
		 650);


INSERT INTO art_pricing(art, item_number, description, price)
	VALUES(LAST_INSERT_ID(), 'jp133', 'limited edition print', 54);


##----------------------------------------------------------------------------------


INSERT INTO art (artist, title, media, width, height, image, pricing_info, main_image, image_width, image_height)
	VALUES(284,
	       'back north john street medium',
	       'acrylic on canvas',
	       38,
	       27,
	       'back-north-john',
	       'limited edition print &pound;58',
	       0,
		650,
		 455);


INSERT INTO art_pricing(art, item_number, description, price)
	VALUES(LAST_INSERT_ID(), 'jp112', 'limited edition print', 58);

##----------------------------------------------------------------------------------  



INSERT INTO art (artist, title, media, width, height, image, pricing_info, main_image, image_width, image_height)
	VALUES(284,
	       'back north john street small',
	       'acrylic on canvas',
	       24,
	       16,
	       'back-north-john',
	       'limited edition print &pound;38',
	       0,
		650,
		 455);


INSERT INTO art_pricing(art, item_number, description, price)
	VALUES(LAST_INSERT_ID(), 'jp113', 'limited edition print', 38);


##---------------------------------------------------------------------------------- 



INSERT INTO art (artist, title, media, width, height, image, pricing_info, main_image, image_width, image_height)
	VALUES(284,
	       '1 mann island medium',
	       'acrylic on canvas',
	       38,
	       27,
	       '1-mann-island',
	       'limited edition print &pound;58',
	       0,
		650,
		 455);


INSERT INTO art_pricing(art, item_number, description, price)
	VALUES(LAST_INSERT_ID(), 'jp114', 'limited edition print', 58);


##----------------------------------------------------------------------------------  



INSERT INTO art (artist, title, media, width, height, image, pricing_info, main_image, image_width, image_height)
	VALUES(284,
	       '1 mann island small',
	       'acrylic on canvas',
	       24,
	       16,
	       '1-mann-island',
	       'limited edition print &pound;38',
	       0,
		650,
		 455);



INSERT INTO art_pricing(art, item_number, description, price)
	VALUES(LAST_INSERT_ID(), 'jp115', 'limited edition print', 38);


##----------------------------------------------------------------------------------



INSERT INTO art (artist, title, media, width, height, image, pricing_info, main_image, image_width, image_height)
	VALUES(284,
	       'jubilee bridge medium',
	       'acrylic on canvas',
	       27,
	       27,
	       'jubilee-bridge',
	       'limited edition print &pound;58',
	       0,
		650,
		 455);


INSERT INTO art_pricing(art, item_number, description, price)
	VALUES(LAST_INSERT_ID(), 'jp116', 'limited edition print', 58);


##----------------------------------------------------------------------------------   



INSERT INTO art (artist, title, media, width, height, image, pricing_info, main_image, image_width, image_height)
	VALUES(284,
	       'jubilee bridge small',
	       'acrylic on canvas',
	       16,
	       16,
	       'jubilee-bridge',
	       'limited edition print &pound;38',
	       0,
		 650,
		 455);


INSERT INTO art_pricing(art, item_number, description, price)
	VALUES(LAST_INSERT_ID(), 'jp117', 'limited edition print', 38);


##----------------------------------------------------------------------------------



INSERT INTO art (artist, title, media, width, height, image, pricing_info, main_image, image_width, image_height)
	VALUES(284,
	       'stepping on & off medium',
	       'acrylic on canvas',
	       38,
	       27,
	       'stepping-off',
	       'limited edition print &pound;58',
	       0,
		650,
		 455);


INSERT INTO art_pricing(art, item_number, description, price)
	VALUES(LAST_INSERT_ID(), 'jp118', 'limited edition print', 58);


##----------------------------------------------------------------------------------   



INSERT INTO art (artist, title, media, width, height, image, pricing_info, main_image, image_width, image_height)
	VALUES(284,
	       'stepping on & off small',
	       'acrylic on canvas',
	       24,
	       16,
	       'stepping-off',
	       'limited edition print &pound;38',
	       0,
		650,
		 455);


INSERT INTO art_pricing(art, item_number, description, price)
	VALUES(LAST_INSERT_ID(), 'jp119', 'limited edition print', 38);


##---------------------------------------------------------------------------------- 



INSERT INTO art (artist, title, media, width, height, image, pricing_info, main_image, image_width, image_height)
	VALUES(284,
	       'west tower liverpool medium',
	       'acrylic on canvas',
	       27,
	       27,
	       'west-tower-liverpool',
	       'limited edition print &pound;54',
	       0,
		650,
		 650);


INSERT INTO art_pricing(art, item_number, description, price)
	VALUES(LAST_INSERT_ID(), 'jp120', 'limited edition print', 54);


##----------------------------------------------------------------------------------    



INSERT INTO art (artist, title, media, width, height, image, pricing_info, main_image, image_width, image_height)
	VALUES(284,
	       'west tower liverpool small',
	       'acrylic on canvas',
	       16,
	       16,
	       'west-tower-liverpool',
	       'limited edition print &pound;34',
	       0,
		650,
		 650);



INSERT INTO art_pricing(art, item_number, description, price)
	VALUES(LAST_INSERT_ID(), 'jp121', 'limited edition print', 34);


##----------------------------------------------------------------------------------  



INSERT INTO art (artist, title, media, width, height, image, pricing_info, main_image, image_width, image_height)
	VALUES(284,
	       'costa liverpool medium',
	       'acrylic on canvas',
	       27,
	       27,
	       'costa-liverpool',
	       'limited edition print &pound;54',
	       0,
		650,
		 650);


INSERT INTO art_pricing(art, item_number, description, price)
	VALUES(LAST_INSERT_ID(), 'jp122', 'limited edition print', 54);


##----------------------------------------------------------------------------------    



INSERT INTO art (artist, title, media, width, height, image, pricing_info, main_image, image_width, image_height)
	VALUES(284,
	       'costa liverpool small',
	       'acrylic on canvas',
	       16,
	       16,
	       'costa-liverpool',
	       'limited edition print &pound;34',
	       0,
		650,
		 650);


INSERT INTO art_pricing(art, item_number, description, price)
	VALUES(LAST_INSERT_ID(), 'jp123', 'limited edition print', 34);


##----------------------------------------------------------------------------------    



INSERT INTO art (artist, title, media, width, height, image, pricing_info, main_image, image_width, image_height)
	VALUES(284,
	       'mann island medium',
	       'acrylic on canvas',
	       27,
	       27,
	       'mann-island',
	       'limited edition print &pound;54',
	       0,
		650,
		 650);


INSERT INTO art_pricing(art, item_number, description, price)
	VALUES(LAST_INSERT_ID(), 'jp124', 'limited edition print', 54);


##----------------------------------------------------------------------------------     



INSERT INTO art (artist, title, media, width, height, image, pricing_info, main_image, image_width, image_height)
	VALUES(284,
	       'mann island small',
	       'acrylic on canvas',
	       16,
	       16,
	       'mann-island',
	       'limited edition print &pound;34',
	       0,
		650,
		 650);


INSERT INTO art_pricing(art, item_number, description, price)
	VALUES(LAST_INSERT_ID(), 'jp125', 'limited edition print', 34);


##----------------------------------------------------------------------------------     



INSERT INTO art (artist, title, media, width, height, image, pricing_info, main_image, image_width, image_height)
	VALUES(284,
	       'st pauls square medium',
	       'acrylic on canvas',
	       27,
	       27,
	       'st-pauls-square',
	       'limited edition print &pound;54',
	       0,
		650,
		 650);


INSERT INTO art_pricing(art, item_number, description, price)
	VALUES(LAST_INSERT_ID(), 'jp126', 'limited edition print', 54);


##----------------------------------------------------------------------------------       



INSERT INTO art (artist, title, media, width, height, image, pricing_info, main_image, image_width, image_height)
	VALUES(284,
	       'st pauls square small',
	       'acrylic on canvas',
	       16,
	       16,
	       'st-pauls-square',
	       'limited edition print &pound;34',
	       0,
		650,
		 650);


INSERT INTO art_pricing(art, item_number, description, price)
	VALUES(LAST_INSERT_ID(), 'jp127', 'limited edition print', 34);


##----------------------------------------------------------------------------------        



INSERT INTO art (artist, title, media, width, height, image, pricing_info, main_image, image_width, image_height)
	VALUES(284,
	       'hilton liverpool medium',
	       'acrylic on canvas',
	       27,
	       27,
	       'hilton-liverpool',
	       'limited edition print &pound;54',
	       0,
		650,
		 650);


INSERT INTO art_pricing(art, item_number, description, price)
	VALUES(LAST_INSERT_ID(), 'jp128', 'limited edition print', 54);


##----------------------------------------------------------------------------------       



INSERT INTO art (artist, title, media, width, height, image, pricing_info, main_image, image_width, image_height)
	VALUES(284,
	       'hilton liverpool small',
	       'acrylic on canvas',
	       16,
	       16,
	       'hilton-liverpool',
	       'limited edition print &pound;34',
	       0,
		650,
		 650);



INSERT INTO art_pricing(art, item_number, description, price)
	VALUES(LAST_INSERT_ID(), 'jp129', 'limited edition print', 34);


##----------------------------------------------------------------------------------       



INSERT INTO art (artist, title, media, width, height, image, pricing_info, main_image, image_width, image_height)
	VALUES(284,
	       'echo arena medium',
	       'acrylic on canvas',
	       27,
	       27,
	       'echo-arena',
	       'limited edition print &pound;54',
	       0,
		650,
		 650);


INSERT INTO art_pricing(art, item_number, description, price)
	VALUES(LAST_INSERT_ID(), 'jp130', 'limited edition print', 54);


##----------------------------------------------------------------------------------       



INSERT INTO art (artist, title, media, width, height, image, pricing_info, main_image, image_width, image_height)
	VALUES(284,
	       'echo arena small',
	       'acrylic on canvas',
	       16,
	       16,
	       'echo-arena',
	       'limited edition print &pound;34',
	       0,
		650,
		 650);


INSERT INTO art_pricing(art, item_number, description, price)
	VALUES(LAST_INSERT_ID(), 'jp131', 'limited edition print', 34);


##----------------------------------------------------------------------------------          



INSERT INTO art (artist, title, media, width, height, image, pricing_info, main_image, image_width, image_height)
	VALUES(284,
	       'liverpool one medium',
	       'acrylic on canvas',
	       27,
	       27,
	       'liverpool-one',
	       'limited edition print &pound;54',
	       0,
		637,
		 650);


INSERT INTO art_pricing(art, item_number, description, price)
	VALUES(LAST_INSERT_ID(), 'jp132', 'limited edition print', 54);


##----------------------------------------------------------------------------------        



INSERT INTO art (artist, title, media, width, height, image, pricing_info, main_image, image_width, image_height)
	VALUES(284,
	       'liverpool one small',
	       'acrylic on canvas',
	       16,
	       16,
	       'liverpool-one',
	       'limited edition print &pound;34',
	       0,
		637,
		 650);


INSERT INTO art_pricing(art, item_number, description, price)
	VALUES(LAST_INSERT_ID(), 'jp133', 'limited edition print', 34);


##----------------------------------------------------------------------------------            



INSERT INTO art (artist, title, media, width, height, image, pricing_info, main_image, image_width, image_height)
	VALUES(284,
	       'unity residential medium',
	       'acrylic on canvas',
	       27,
	       27,
	       'unity-residential',
	       'limited edition print &pound;54',
	       0,
		649,
		 650);


INSERT INTO art_pricing(art, item_number, description, price)
	VALUES(LAST_INSERT_ID(), 'jp134', 'limited edition print', 54);


##----------------------------------------------------------------------------------            



INSERT INTO art (artist, title, media, width, height, image, pricing_info, main_image, image_width, image_height)
	VALUES(284,
	       'unity residential small',
	       'acrylic on canvas',
	       16,
	       16,
	       'unity-residential',
	       'limited edition print &pound;34',
	       0,
		649,
		 650);


INSERT INTO art_pricing(art, item_number, description, price)
	VALUES(LAST_INSERT_ID(), 'jp135', 'limited edition print', 34);


##----------------------------------------------------------------------------------                


INSERT INTO art (artist, title, media, width, height, image, pricing_info, main_image, image_width, image_height)
	VALUES(284,
	       'connection albert dock 2',
	       'acrylic on canvas',
	       76,
	       76,
	       'albert-dock-1',
	       'original &pound;550',
	       0,
		650,
		 650);


INSERT INTO art_pricing(art, item_number, description, price)
	VALUES(LAST_INSERT_ID(), 'jp130', 'original', 550);


##----------------------------------------------------------------------------------



INSERT INTO art (artist, title, media, width, height, image, pricing_info, main_image, image_width, image_height)
	VALUES(284,
	       'connection echo arena 3',
	       'acrylic on canvas',
	       50,
	       50,
	       'echo-arena-3',
	       'original &pound;350',
	       0,
		650,
		 650);


INSERT INTO art_pricing(art, item_number, description, price)
	VALUES(LAST_INSERT_ID(), 'jp131', 'original', 350);


##----------------------------------------------------------------------------------


INSERT INTO art (artist, title, media, width, height, image, pricing_info, main_image, image_width, image_height)
	VALUES(284,
	       'back north john street',
	       'acrylic on canvas',
	       100,
	       70,
	       'back-north-john-street',
	       'currently unavailable',
	       0,
		650,
		 458);


INSERT INTO art_pricing(art, item_number, description, price)
	VALUES(LAST_INSERT_ID(), 'jp114', 'original', 750);


##----------------------------------------------------------------------------------

INSERT INTO art (artist, title, media, width, height, image, pricing_info, main_image, image_width, image_height)
	VALUES(284,
	       'mann island 3',
	       'acrylic on canvas',
	       100,
	       70,
	       'mann-island-3',
	       'currently unavailable',
	       0,
		650,
		 458);


INSERT INTO art_pricing(art, item_number, description, price)
	VALUES(LAST_INSERT_ID(), 'jp113', 'original', 750);


##----------------------------------------------------------------------------------


INSERT INTO art (artist, title, media, width, height, image, pricing_info, main_image, image_width, image_height)
	VALUES(284,
	       'jubilee bridge 2012 ',
	       'acrylic on canvas',
	       100,
	       70,
	       'jubilee-bridge-2012',
	       'currently unavailable',
	       0,
		650,
		 457);


INSERT INTO art_pricing(art, item_number, description, price)
	VALUES(LAST_INSERT_ID(), 'jp112', 'original', 600);


##----------------------------------------------------------------------------------

INSERT INTO art (artist, title, media, width, height, image, pricing_info, main_image, image_width, image_height)
	VALUES(284,
	       'interrelated offset square',
	       'acrylic on canvas',
	       60,
	       60,
	       'interrelated-offset',
	       'currently unavailable',
	       0,
		650,
		 642);


INSERT INTO art_pricing(art, item_number, description, price)
	VALUES(LAST_INSERT_ID(), 'jp102', 'original', 300);


##----------------------------------------------------------------------------------


INSERT INTO art (artist, title, media, width, height, image, pricing_info, main_image, image_width, image_height)
	VALUES(284,
	       'study after sarah morris',
	       'acrylic on canvas',
	       100,
	       100,
	       'study-after-sarah',
	       'original &pound;900',
	       0,
		650,
		 642);


INSERT INTO art_pricing(art, item_number, description, price)
	VALUES(LAST_INSERT_ID(), 'jp103', 'original', 900);


##----------------------------------------------------------------------------------


INSERT INTO art (artist, title, media, width, height, image, pricing_info, main_image, image_width, image_height)
	VALUES(284,
	       'interact',
	       'acrylic on canvas',
	       100,
	       100,
	       'interact',
	       'original &pound;650',
	       0,
		650,
		 632);


INSERT INTO art_pricing(art, item_number, description, price)
	VALUES(LAST_INSERT_ID(), 'jp104', 'original', 650);


##----------------------------------------------------------------------------------


INSERT INTO art (artist, title, media, width, height, image, pricing_info, main_image, image_width, image_height)
	VALUES(284,
	       'black and white',
	       'acrylic on canvas',
	       100,
	       100,
	       'black-and-white',
	       'original &pound;650',
	       0,
		650,
		 639);


INSERT INTO art_pricing(art, item_number, description, price)
	VALUES(LAST_INSERT_ID(), 'jp105', 'original', 650);


##----------------------------------------------------------------------------------



INSERT INTO art (artist, title, media, width, height, image, pricing_info, main_image, image_width, image_height)
	VALUES(284,
	       'colour blocking',
	       'acrylic on canvas',
	       60,
	       60,
	       'colour-blocking',
	       'currently unavailable',
	       0,
		650,
		 650);


INSERT INTO art_pricing(art, item_number, description, price)
	VALUES(LAST_INSERT_ID(), 'jp107', 'original', 300);


##----------------------------------------------------------------------------------




INSERT INTO art (artist, title, media, width, height, image, pricing_info, main_image, image_width, image_height)
	VALUES(284,
	       'red and green',
	       'acrylic on canvas',
	       100,
	       100,
	       'red-and-green',
	       'original &pound;650',
	       0,
		645,
		 650);


INSERT INTO art_pricing(art, item_number, description, price)
	VALUES(LAST_INSERT_ID(), 'jp109', 'original', 650);


##----------------------------------------------------------------------------------


INSERT INTO art (artist, title, media, width, height, image, pricing_info, main_image, image_width, image_height)
	VALUES(284,
	       '3d study 1',
	       'acrylic on canvas',
	       60,
	       60,
	       '3d-study-1',
	       'original &pound;250',
	       0,
		641,
		 650);


INSERT INTO art_pricing(art, item_number, description, price)
	VALUES(LAST_INSERT_ID(), 'jp110', 'original', 250);


##----------------------------------------------------------------------------------


INSERT INTO art (artist, title, media, width, height, image, pricing_info, main_image, image_width, image_height)
	VALUES(284,
	       'stepping on and off',
	       'acrylic on canvas',
	       100,
	       140,
	       'stepping-off-and',
	       'original &pound;1300',
	       0,
		650,
		 451);


INSERT INTO art_pricing(art, item_number, description, price)
	VALUES(LAST_INSERT_ID(), 'jp111', 'original', 1300);


##----------------------------------------------------------------------------------


INSERT INTO artist (id, name, statement, notes, display)
	VALUES(293, 'james murphy',
	'<p class="artist">James, a Year 9 student from St Margaret''s Academy in Aigburth, is the first recipient of the dot-art Scholarship, 
giving him a years membership to dot-art''s network, allowing him to showcase and sell his work alongside professional artists;
after being named Overall Winner in the first ever dot-art Schools Competition in July 2013. His winning piece of work, Urban, can be seen below.
</p>

<p class="artist">The dot-art Schools programme is an annual, interactive, online, inter-school art competition, culminating in an end of year 
exhibition for the top students in each participating school. The winners of the 2013 dot-art Schools Competition were announced at a prize-giving 
ceremony at the Domino Gallery in Liverpool on 10th July 2013, where as well as the overall winners, the top three students from each of 
the participating schools were all presented with a certificate by the Lord Mayor, Councillor Gary Millar.
</p>

<p class="artist">You can find out more about dot-art Schools at <a class="art_prices" href="http://schools.dot-art.com/">schools.dot-art.com.</a>
</p>

<p class="artist"></p>',
               NULL,
	       1);

##---------------------------------------------------------------



INSERT INTO art (artist, title, media, width, height, image, pricing_info, main_image, image_width, image_height)
	VALUES(293,
	       'catholic cathedral',
	       'acrylic on card',
	       64,
	       77,
	       'catholic-cathedral',
	      'original, &pound;75',
	       0,
		488,
		 650);
	     
		
INSERT INTO art_pricing(art, item_number, description, price)
	VALUES(LAST_INSERT_ID(), 'jm103', 'original', 75);

##---------------------------------------------------------------






INSERT INTO art (artist, title, media, width, height, image, pricing_info, main_image, image_width, image_height)
	VALUES(293,
	       'lennon',
	       'acrylic on card',
	       51,
	       70,
	       'lenon',
	      'original, &pound;75',
	       0,
		488,
		 650);
	     
		
INSERT INTO art_pricing(art, item_number, description, price)
	VALUES(LAST_INSERT_ID(), 'jm101', 'original', 75);

##---------------------------------------------------------------




INSERT INTO art (artist, title, media, width, height, image, pricing_info, main_image, image_width, image_height)
	VALUES(293,
	       'marley',
	       'mixed media on card',
	       64,
	       90,
	       'marley',
	      'original, &pound;50',
	       0,
		488,
		 650);
	     
		
INSERT INTO art_pricing(art, item_number, description, price)
	VALUES(LAST_INSERT_ID(), 'jm105', 'original', 50);

##---------------------------------------------------------------


INSERT INTO art (artist, title, media, width, height, image, pricing_info, main_image, image_width, image_height)
	VALUES(293,
	       'mona splat',
	       'acrylic on card',
	       64,
	       87,
	       'mona-splat',
	      'original, &pound;50',
	       0,
		488,
		 650);
	     
		
INSERT INTO art_pricing(art, item_number, description, price)
	VALUES(LAST_INSERT_ID(), 'jm106', 'original', 50);

##---------------------------------------------------------------


INSERT INTO art (artist, title, media, width, height, image, pricing_info, main_image, image_width, image_height)
	VALUES(293,
	       'horse',
	       'acrylic on card',
	       44,
	       64,
	       'horse',
	      'original, &pound;50',
	       0,
		488,
		 650);
	     
		
INSERT INTO art_pricing(art, item_number, description, price)
	VALUES(LAST_INSERT_ID(), 'jm107', 'original', 50);

##--------------------------------------------------------------



INSERT INTO art (artist, title, media, width, height, image, pricing_info, main_image, image_width, image_height)
	VALUES(293,
	       'conflict',
	       'acrylic on card',
	       64,
	       90,
	       'conflict',
	      'original, &pound;75',
	       0,
		650,
		 488);
	     
		
INSERT INTO art_pricing(art, item_number, description, price)
	VALUES(LAST_INSERT_ID(), 'jm104', 'original', 75);

##---------------------------------------------------------------




INSERT INTO artist (id, name, statement, notes, display)
	VALUES(303, 'max bullock',
	'<p class="artist">Max was born on 4th December 1938 near Morecambe and showed a natural artistic talent from a very young age. His first memories are of drawing stick men that he''d seen in a Daily Mail Annual, a book he still possesses, along with his very first homemade cartoon books which he did as a young child. 
In his teens Max fell in love with Jazz and taught himself to play the trumpet and over the years has played in many bands which were part of the Manchester Jazz Scene in the 60''s and 70''s. Earning his living as a piano tuner Max followed his musical and artistic ambitions, concentrating mostly on cartoon strips, a media that has been most consistently used to give his "take" on the world.</p>

<p class="artist">In the late 70''s, as a mature student, Max studied Fine Art at Manchester Polytechnic where his creativity thrived, producing prolific amounts of work in all sorts of media. Post college years saw him involved with a home-made puppet theatre, works in clay, illustrator/designer for various private commissions and, of course, more cartoons. In the late 90''s, Max suffered a series of mini strokes and with his left hand being affected his artistic output was seriously impaired. However, a decade on, he is again working with clay.</p>


<p class="artist">Of his own work Max says, "Making marks and making things seems to be a compulsion to be creative." In 2013, Max had his first ever exhibition at the age of 75 at the Old Parsonage in Didsbury, Manchester, which reflected his lifetime''s work, and was described as "diverse, moving, amusing, sad and honest."

</p>

<p class="artist"></p>',
               NULL,
	       1);

##---------------------------------------------------------------



INSERT INTO art (artist, title, media, width, height, image, pricing_info, main_image, image_width, image_height)
	VALUES(303,
	       'some objects',
	       'crayon on paper',
	       30,
	       11,
	       'some-objects',
	      'original, &pound;175',
	       0,
		650,
		228);
	     
		
INSERT INTO art_pricing(art, item_number, description, price)
	VALUES(LAST_INSERT_ID(), 'mx101', 'original', 175);

##---------------------------------------------------------------    



INSERT INTO art (artist, title, media, width, height, image, pricing_info, main_image, image_width, image_height)
	VALUES(303,
	       'abstract',
	       'mixed media on paper',
	       30,
	       76,
	       'abstract',
	      'original, &pound;345',
	       0,
		650,
		257);
	     
		
INSERT INTO art_pricing(art, item_number, description, price)
	VALUES(LAST_INSERT_ID(), 'mx102', 'original', 345);

##---------------------------------------------------------------            



INSERT INTO art (artist, title, media, width, height, image, pricing_info, main_image, image_width, image_height)
	VALUES(303,
	       'summer glory',
	       'acrylic paint on paper',
	       39,
	       56,
	       'summer-glory',
	      'original, &pound;345',
	       0,
		444,
		650);
	     
		
INSERT INTO art_pricing(art, item_number, description, price)
	VALUES(LAST_INSERT_ID(), 'mx103', 'original', 345);

##---------------------------------------------------------------              



INSERT INTO art (artist, title, media, width, height, image, pricing_info, main_image, image_width, image_height)
	VALUES(303,
	       'meeting point',
	       'pen and ink on paper',
	       41,
	       58,
	       'meeting-point',
	      'original, &pound;250',
	       0,
		650,
		640);
	     
		
INSERT INTO art_pricing(art, item_number, description, price)
	VALUES(LAST_INSERT_ID(), 'mx104', 'original', 250);

##---------------------------------------------------------------                 



INSERT INTO art (artist, title, media, width, height, image, pricing_info, main_image, image_width, image_height)
	VALUES(303,
	       'ribbons',
	       'pen and ink on paper',
	       42,
	       60,
	       'ribbons',
	      'original, &pound;250',
	       0,
		650,
		465);
	     
		
INSERT INTO art_pricing(art, item_number, description, price)
	VALUES(LAST_INSERT_ID(), 'mx105', 'original', 250);

##---------------------------------------------------------------                   



INSERT INTO art (artist, title, media, width, height, image, pricing_info, main_image, image_width, image_height)
	VALUES(303,
	       'scrambled egghead',
	       'mixed media on paper',
	       41,
	       58,
	       'scrambled-egghead',
	      'original, &pound;345',
	       0,
		650,
		447);
	     
		
INSERT INTO art_pricing(art, item_number, description, price)
	VALUES(LAST_INSERT_ID(), 'mx106', 'original', 345);

##---------------------------------------------------------------                      



INSERT INTO art (artist, title, media, width, height, image, pricing_info, main_image, image_width, image_height)
	VALUES(303,
	       'quiet night',
	       'oil on board',
	       38,
	       38,
	       'quiet-night',
	      'original, &pound;300',
	       0,
		650,
		640);
	     
		
INSERT INTO art_pricing(art, item_number, description, price)
	VALUES(LAST_INSERT_ID(), 'mx107', 'original', 300);

##---------------------------------------------------------------                        



INSERT INTO art (artist, title, media, width, height, image, pricing_info, main_image, image_width, image_height)
	VALUES(303,
	       'untitled 1',
	       'felt tip pen on paper',
	       23,
	       23,
	       'untitled-1',
	      'original, &pound;175',
	       0,
		650,
		637);
	     
		
INSERT INTO art_pricing(art, item_number, description, price)
	VALUES(LAST_INSERT_ID(), 'mx109', 'original', 175);

##---------------------------------------------------------------                            



INSERT INTO art (artist, title, media, width, height, image, pricing_info, main_image, image_width, image_height)
	VALUES(303,
	       'light at the end of the tunnel',
	       'pencil on paper',
	       37,
	       27,
	       'light-at-the',
	      'original, &pound;175',
	       0,
		650,
		402);
	     
		
INSERT INTO art_pricing(art, item_number, description, price)
	VALUES(LAST_INSERT_ID(), 'mx110', 'original', 175);

##---------------------------------------------------------------                             



INSERT INTO art (artist, title, media, width, height, image, pricing_info, main_image, image_width, image_height)
	VALUES(303,
	       'blown fuse',
	       'mixed media on paper',
	       42,
	       58,
	       'blown-fuse',
	      'original, &pound;250',
	       0,
		650,
		456);
	     
		
INSERT INTO art_pricing(art, item_number, description, price)
	VALUES(LAST_INSERT_ID(), 'mx111', 'original', 250);

##---------------------------------------------------------------                                 



INSERT INTO art (artist, title, media, width, height, image, pricing_info, main_image, image_width, image_height)
	VALUES(303,
	       'fishing net',
	       'pen and ink on paper',
	       42,
	       52,
	       'fishing-net',
	      'original, &pound;250',
	       0,
		650,
		509);
	     
		
INSERT INTO art_pricing(art, item_number, description, price)
	VALUES(LAST_INSERT_ID(), 'mx112', 'original', 250);

##---------------------------------------------------------------                                     



INSERT INTO art (artist, title, media, width, height, image, pricing_info, main_image, image_width, image_height)
	VALUES(303,
	       'now you see it now you dont',
	       'pen and ink on paper',
	       42,
	       58,
	       'now-you-see',
	      'original, &pound;250',
	       0,
		650,
		461);
	     
		
INSERT INTO art_pricing(art, item_number, description, price)
	VALUES(LAST_INSERT_ID(), 'mx113', 'original', 250);

##---------------------------------------------------------------                                        



INSERT INTO art (artist, title, media, width, height, image, pricing_info, main_image, image_width, image_height)
	VALUES(303,
	       'untitled 3',
	       'felt tip pen and paint on paper',
	       41,
	       60,
	       'untitled-3',
	      'original, &pound;175',
	       0,
		650,
		463);
	     
		
INSERT INTO art_pricing(art, item_number, description, price)
	VALUES(LAST_INSERT_ID(), 'mx114', 'original', 175);

##---------------------------------------------------------------                                         



INSERT INTO art (artist, title, media, width, height, image, pricing_info, main_image, image_width, image_height)
	VALUES(303,
	       'is it quantum',
	       'pen and ink on paper',
	       42,
	       58,
	       'is-it-quantum',
	      'original, &pound;250',
	       0,
		650,
		460);
	     
		
INSERT INTO art_pricing(art, item_number, description, price)
	VALUES(LAST_INSERT_ID(), 'mx115', 'original', 250);

##---------------------------------------------------------------                                           



INSERT INTO art (artist, title, media, width, height, image, pricing_info, main_image, image_width, image_height)
	VALUES(303,
	       'the bridge',
	       'oil pastel on paper',
	       42,
	       56,
	       'the-bridge',
	      'original, &pound;250',
	       0,
		650,
		508);
	     
		
INSERT INTO art_pricing(art, item_number, description, price)
	VALUES(LAST_INSERT_ID(), 'mx116', 'original', 250);

##---------------------------------------------------------------                                             



INSERT INTO art (artist, title, media, width, height, image, pricing_info, main_image, image_width, image_height)
	VALUES(303,
	       'still life with blocks of wood',
	       'charcoal and paint on paper',
	       58,
	       84,
	       'still-life-with',
	      'original, &pound;345',
	       0,
		650,
		465);
	     
		
INSERT INTO art_pricing(art, item_number, description, price)
	VALUES(LAST_INSERT_ID(), 'mx117', 'original', 345);

##---------------------------------------------------------------                                               



INSERT INTO art (artist, title, media, width, height, image, pricing_info, main_image, image_width, image_height)
	VALUES(303,
	       'still life',
	       'charcoal and paint on paper',
	       58,
	       84,
	       'still-life',
	      'original, &pound;345',
	       0,
		465,
		650);
	     
		
INSERT INTO art_pricing(art, item_number, description, price)
	VALUES(LAST_INSERT_ID(), 'mx118', 'original', 345);

##---------------------------------------------------------------                                                 



INSERT INTO art (artist, title, media, width, height, image, pricing_info, main_image, image_width, image_height)
	VALUES(303,
	       'untitled 4',
	       'oil on board',
	       18,
	       20,
	       'untitled-4',
	      'original, &pound;175',
	       0,
		563,
		650);
	     
		
INSERT INTO art_pricing(art, item_number, description, price)
	VALUES(LAST_INSERT_ID(), 'mx119', 'original', 175);

##---------------------------------------------------------------                                                   



INSERT INTO art (artist, title, media, width, height, image, pricing_info, main_image, image_width, image_height)
	VALUES(303,
	       'frottage landscape',
	       'charcoal and felt tip pen on paper',
	       22,
	       29,
	       'frottage-landscape',
	      'original, &pound;175',
	       0,
		650,
		445);
	     
		
INSERT INTO art_pricing(art, item_number, description, price)
	VALUES(LAST_INSERT_ID(), 'mx120', 'original', 175);

##---------------------------------------------------------------                                                     



INSERT INTO art (artist, title, media, width, height, image, pricing_info, main_image, image_width, image_height)
	VALUES(303,
	       'yorkshire dales 1',
	       'oil pastel on paper',
	       23,
	       28,
	       'yorkshire-dales-1',
	      'original, &pound;175',
	       0,
		529,
		650);
	     
		
INSERT INTO art_pricing(art, item_number, description, price)
	VALUES(LAST_INSERT_ID(), 'mx121', 'original', 175);

##---------------------------------------------------------------                                                      



INSERT INTO art (artist, title, media, width, height, image, pricing_info, main_image, image_width, image_height)
	VALUES(303,
	       'yorkshire dales 2',
	       'oil pastel on paper',
	       23,
	       28,
	       'yorkshire-dales-2',
	      'original, &pound;175',
	       0,
		491,
		650);
	     
		
INSERT INTO art_pricing(art, item_number, description, price)
	VALUES(LAST_INSERT_ID(), 'mx122', 'original', 175);

##---------------------------------------------------------------                                                       



INSERT INTO art (artist, title, media, width, height, image, pricing_info, main_image, image_width, image_height)
	VALUES(303,
	       'blue valley',
	       'oil pastel on paper',
	       42,
	       31,
	       'blue-valley',
	      'original, &pound;175',
	       0,
		650,
		434);
	     
		
INSERT INTO art_pricing(art, item_number, description, price)
	VALUES(LAST_INSERT_ID(), 'mx123', 'original', 175);

##---------------------------------------------------------------                                                        



INSERT INTO art (artist, title, media, width, height, image, pricing_info, main_image, image_width, image_height)
	VALUES(303,
	       'broadbottom',
	       'oil on board',
	       37,
	       37,
	       'broadbottom',
	      'original, &pound;425',
	       1,
		650,
		603);
	     
		
INSERT INTO art_pricing(art, item_number, description, price)
	VALUES(LAST_INSERT_ID(), 'mx124', 'original', 425);

##---------------------------------------------------------------                                                          



INSERT INTO art (artist, title, media, width, height, image, pricing_info, main_image, image_width, image_height)
	VALUES(303,
	       'landscape',
	       'oil on board',
	       24,
	       33,
	       'landscape',
	      'original, &pound;175',
	       0,
		491,
		650);
	     
		
INSERT INTO art_pricing(art, item_number, description, price)
	VALUES(LAST_INSERT_ID(), 'mx125', 'original', 175);

##---------------------------------------------------------------                                                          



INSERT INTO art (artist, title, media, width, height, image, pricing_info, main_image, image_width, image_height)
	VALUES(303,
	       'didsbury blossom',
	       'oil on board',
	       27,
	       20,
	       'didsbury-blossom',
	      'original, &pound;250',
	       0,
		650,
		540);
	     
		
INSERT INTO art_pricing(art, item_number, description, price)
	VALUES(LAST_INSERT_ID(), 'mx126', 'original', 250);

##---------------------------------------------------------------                                                          



INSERT INTO art (artist, title, media, width, height, image, pricing_info, main_image, image_width, image_height)
	VALUES(303,
	       'hoars end',
	       'oil on board',
	       25,
	       30,
	       'hoars-end',
	      'original, &pound;175',
	       0,
		545,
		650);
	     
		
INSERT INTO art_pricing(art, item_number, description, price)
	VALUES(LAST_INSERT_ID(), 'mx127', 'original', 175);

##---------------------------------------------------------------                                                           



INSERT INTO art (artist, title, media, width, height, image, pricing_info, main_image, image_width, image_height)
	VALUES(303,
	       'didsbury roof tops',
	       'oil on board',
	       25,
	       28,
	       'didsbury-roof-tops',
	      'original, &pound;250',
	       0,
		650,
		578);
	     
		
INSERT INTO art_pricing(art, item_number, description, price)
	VALUES(LAST_INSERT_ID(), 'mx128', 'original', 250);

##---------------------------------------------------------------                                                          



INSERT INTO art (artist, title, media, width, height, image, pricing_info, main_image, image_width, image_height)
	VALUES(303,
	       'suburban roof tops',
	       'oil on board',
	       25,
	       36,
	       'surbuban-roof-tops',
	      'original, &pound;175',
	       0,
		465,
		650);
	     
		
INSERT INTO art_pricing(art, item_number, description, price)
	VALUES(LAST_INSERT_ID(), 'mx129', 'original', 175);

##---------------------------------------------------------------                                                           



INSERT INTO art (artist, title, media, width, height, image, pricing_info, main_image, image_width, image_height)
	VALUES(303,
	       'railway station kenya',
	       'oil pastel on paper',
	       41,
	       29,
	       'railway-station-kenya',
	      'original, &pound;175',
	       0,
		650,
		465);
	     
		
INSERT INTO art_pricing(art, item_number, description, price)
	VALUES(LAST_INSERT_ID(), 'mx130', 'original', 175);

##---------------------------------------------------------------                                                           



INSERT INTO art (artist, title, media, width, height, image, pricing_info, main_image, image_width, image_height)
	VALUES(303,
	       'on the way to the bazaar',
	       'oil pastel on paper',
	       41,
	       31,
	       'on-the-way',
	      'original, &pound;175',
	       0,
		650,
		465);
	     
		
INSERT INTO art_pricing(art, item_number, description, price)
	VALUES(LAST_INSERT_ID(), 'mx131', 'original', 175);

##---------------------------------------------------------------                                                           



INSERT INTO art (artist, title, media, width, height, image, pricing_info, main_image, image_width, image_height)
	VALUES(303,
	       'the pub',
	       'pencil on paper',
	       57,
	       83,
	       'the-pub',
	      'original, &pound;425',
	       0,
		650,
		434);
	     
		
INSERT INTO art_pricing(art, item_number, description, price)
	VALUES(LAST_INSERT_ID(), 'mx132', 'original', 425);

##---------------------------------------------------------------                                                          


 



INSERT INTO artist (id, name, statement, notes, display)
	VALUES(304, 'jefferson waters',
	'<p class="artist">"My background was originally high-end interior design and during those twenty years I worked with some of the most prestigious clients in the world. My work hangs in locations as diverse as Burgh House in Hampstead, the Italian Embassy in London, Le Cirque in New York and numerous private collections across Britain. After noticing the difficulty that some clients had finding and choosing appropriate art for their interiors, I established a bespoke painting service working to the colour palette and scale of each individual room. This has enabled me to respond to commissions in an interesting and exciting way for the client, making the process more fun.</p>

<p class="artist">I am self-taught and multi-disciplined; my love affair with drawing began as soon as I could hold a crayon and it''s the primitivism of childrens'' drawings that still fascinates me. My heroes are Basquiat, Marlene Dumas, Jean DuBuffet and Francesco Clemente and I try hard to celebrate the energetic irony of this style of painting in my own work. I''m also very interested in images that try to capture the ephemeral silhouettes and dream-like shapes that inhabit the edges of our consciousness, with the reoccurring theme of the supernatural and the mythical. I live in Liverpool where I''m generally thinking about colours and shapes."</p>


<p class="artist">
</p>

<p class="artist"></p>',
               NULL,
	       1);

##---------------------------------------------------------------

INSERT INTO art (artist, title, media, width, height, image, pricing_info, main_image, image_width, image_height)
	VALUES(304,
	       'john loves...',
	       'crayon and oil pastel on paper',
	       27,
	       38,
	       'john-loves-pink',
	      'original, &pound;150, limited edition, &pound;40',
	      
	       0,
		500,
		650);
	     
		
INSERT INTO art_pricing(art, item_number, description, price)
	VALUES(LAST_INSERT_ID(), 'jw182', 'original', 150);
	
INSERT INTO art_pricing(art, item_number, description, price)
	VALUES(LAST_INSERT_ID(), 'jw182', 'limited edition', 40);	

##---------------------------------------------------------------  

INSERT INTO art (artist, title, media, width, height, image, pricing_info, main_image, image_width, image_height)
	VALUES(304,
	       'stella',
	       'crayon and oil pastel on paper',
	       27,
	       38,
	       'stella-blue',
	      'original, &pound;150, limited edition, &pound;40',
	      
	       0,
		496,
		650);
	     
		
INSERT INTO art_pricing(art, item_number, description, price)
	VALUES(LAST_INSERT_ID(), 'jw183', 'original', 150);
	
INSERT INTO art_pricing(art, item_number, description, price)
	VALUES(LAST_INSERT_ID(), 'jw183', 'limited edition', 40);	

##--------------------------------------------------------------- 

INSERT INTO art (artist, title, media, width, height, image, pricing_info, main_image, image_width, image_height)
	VALUES(304,
	       'furry cross the mersey',
	       'crayon and oil pastel on paper',
	       27,
	       38,
	       'furry-cross-mersey',
	      'original, &pound;150, limited edition, &pound;40',
	      
	       0,
		488,
		650);
	     
		
INSERT INTO art_pricing(art, item_number, description, price)
	VALUES(LAST_INSERT_ID(), 'jw184', 'original', 150);
	
INSERT INTO art_pricing(art, item_number, description, price)
	VALUES(LAST_INSERT_ID(), 'jw184', 'limited edition', 40);	

##--------------------------------------------------------------- 

INSERT INTO art (artist, title, media, width, height, image, pricing_info, main_image, image_width, image_height)
	VALUES(304,
	       'you may walk alone',
	       'crayon and oil pastel on paper',
	       27,
	       38,
	       'walk-alone-blue',
	      'original, &pound;150, limited edition, &pound;40',
	      
	       0,
		488,
		650);
	     
		
INSERT INTO art_pricing(art, item_number, description, price)
	VALUES(LAST_INSERT_ID(), 'jw185', 'original', 150);
	
INSERT INTO art_pricing(art, item_number, description, price)
	VALUES(LAST_INSERT_ID(), 'jw185', 'limited edition', 40);	

##--------------------------------------------------------------- 

INSERT INTO art (artist, title, media, width, height, image, pricing_info, main_image, image_width, image_height)
	VALUES(304,
	       'dead boss hugo boss',
	       'crayon and oil pastel on paper',
	       27,
	       38,
	       'boss',
	      'original, &pound;150, limited edition, &pound;40',
	      
	       0,
		488,
		650);
	     
		
INSERT INTO art_pricing(art, item_number, description, price)
	VALUES(LAST_INSERT_ID(), 'jw186', 'original', 150);
	
INSERT INTO art_pricing(art, item_number, description, price)
	VALUES(LAST_INSERT_ID(), 'jw186', 'limited edition', 40);	

##--------------------------------------------------------------- 

INSERT INTO art (artist, title, media, width, height, image, pricing_info, main_image, image_width, image_height)
	VALUES(304,
	       'duck tours',
	       'crayon and oil pastel on paper',
	       27,
	       38,
	       'duck-tours',
	      'original, &pound;150, limited edition, &pound;40',
	      
	       0,
		488,
		650);
	     
		
INSERT INTO art_pricing(art, item_number, description, price)
	VALUES(LAST_INSERT_ID(), 'jw187', 'original', 150);
	
INSERT INTO art_pricing(art, item_number, description, price)
	VALUES(LAST_INSERT_ID(), 'jw187', 'limited edition', 40);	

##--------------------------------------------------------------- 


INSERT INTO art (artist, title, media, width, height, image, pricing_info, main_image, image_width, image_height)
	VALUES(304,
	       'echo',
	       'crayon and oil pastel on paper',
	       27,
	       38,
	       'echo',
	      'original, &pound;150, limited edition, &pound;40',
	      
	       0,
		500,
		650);
	     
		
INSERT INTO art_pricing(art, item_number, description, price)
	VALUES(LAST_INSERT_ID(), 'jw188', 'original', 150);
	
INSERT INTO art_pricing(art, item_number, description, price)
	VALUES(LAST_INSERT_ID(), 'jw188', 'limited edition', 40);	

##--------------------------------------------------------------- 



INSERT INTO art (artist, title, media, width, height, image, pricing_info, main_image, image_width, image_height)
	VALUES(304,
	       'eh la',
	       'crayon and oil pastel on paper',
	       27,
	       38,
	       'jw-eh-la',
	      'original, &pound;150, limited edition, &pound;40',
	      
	       0,
		488,
		650);
	     
		
INSERT INTO art_pricing(art, item_number, description, price)
	VALUES(LAST_INSERT_ID(), 'jw189', 'original', 150);
	
INSERT INTO art_pricing(art, item_number, description, price)
	VALUES(LAST_INSERT_ID(), 'jw189', 'limited edition', 40);	

##--------------------------------------------------------------- 
 
 

INSERT INTO art (artist, title, media, width, height, image, pricing_info, main_image, image_width, image_height)
	VALUES(304,
	       'helta skelta delta',
	       'crayon and oil pastel on paper',
	       27,
	       38,
	       'helta-skelta-delta',
	      'original, &pound;150, limited edition, &pound;40',
	      
	       0,
		488,
		650);
	     
		
INSERT INTO art_pricing(art, item_number, description, price)
	VALUES(LAST_INSERT_ID(), 'jw190', 'original', 150);
	
INSERT INTO art_pricing(art, item_number, description, price)
	VALUES(LAST_INSERT_ID(), 'jw190', 'limited edition', 40);	

##--------------------------------------------------------------- 
 
INSERT INTO art (artist, title, media, width, height, image, pricing_info, main_image, image_width, image_height)
	VALUES(304,
	       'its late in l8',
	       'crayon and oil pastel on paper',
	       27,
	       38,
	       'late-in-l8',
	      'original, &pound;150, limited edition, &pound;40',
	      
	       0,
		488,
		650);
	     
		
INSERT INTO art_pricing(art, item_number, description, price)
	VALUES(LAST_INSERT_ID(), 'jw191', 'original', 150);
	
INSERT INTO art_pricing(art, item_number, description, price)
	VALUES(LAST_INSERT_ID(), 'jw191', 'limited edition', 40);	

##--------------------------------------------------------------- 

INSERT INTO art (artist, title, media, width, height, image, pricing_info, main_image, image_width, image_height)
	VALUES(304,
	       'nah',
	       'crayon and oil pastel on paper',
	       27,
	       38,
	       'nah',
	      'original, &pound;150, limited edition, &pound;40',
	      
	       1,
		488,
		650);
	     
		
INSERT INTO art_pricing(art, item_number, description, price)
	VALUES(LAST_INSERT_ID(), 'jw192', 'original', 150);
	
INSERT INTO art_pricing(art, item_number, description, price)
	VALUES(LAST_INSERT_ID(), 'jw192', 'limited edition', 40);	

##--------------------------------------------------------------- 
 

INSERT INTO art (artist, title, media, width, height, image, pricing_info, main_image, image_width, image_height)
	VALUES(304,
	       'not cool',
	       'crayon and oil pastel on paper',
	       27,
	       38,
	       'not-cool',
	      'original, &pound;150, limited edition, &pound;40',
	      
	       0,
		488,
		650);
	     
		
INSERT INTO art_pricing(art, item_number, description, price)
	VALUES(LAST_INSERT_ID(), 'jw193', 'original', 150);
	
INSERT INTO art_pricing(art, item_number, description, price)
	VALUES(LAST_INSERT_ID(), 'jw193', 'limited edition', 40);	

##--------------------------------------------------------------- 
 
INSERT INTO art (artist, title, media, width, height, image, pricing_info, main_image, image_width, image_height)
	VALUES(304,
	       'one city',
	       'crayon and oil pastel on paper',
	       27,
	       38,
	       'one-city',
	      'original, &pound;150, limited edition, &pound;40',
	      
	       0,
		488,
		650);
	     
		
INSERT INTO art_pricing(art, item_number, description, price)
	VALUES(LAST_INSERT_ID(), 'jw194', 'original', 150);
	
INSERT INTO art_pricing(art, item_number, description, price)
	VALUES(LAST_INSERT_ID(), 'jw194', 'limited edition', 40);	

##--------------------------------------------------------------- 

 
INSERT INTO art (artist, title, media, width, height, image, pricing_info, main_image, image_width, image_height)
	VALUES(304,
	       'purple aki',
	       'crayon and oil pastel on paper',
	       27,
	       38,
	       'purple-aki',
	      'original, &pound;150, limited edition, &pound;40',
	      
	       0,
		488,
		650);
	     
		
INSERT INTO art_pricing(art, item_number, description, price)
	VALUES(LAST_INSERT_ID(), 'jw195', 'original', 150);
	
INSERT INTO art_pricing(art, item_number, description, price)
	VALUES(LAST_INSERT_ID(), 'jw195', 'limited edition', 40);	

##--------------------------------------------------------------- 
   
 
INSERT INTO art (artist, title, media, width, height, image, pricing_info, main_image, image_width, image_height)
	VALUES(304,
	       'rita got me clamped',
	       'crayon and oil pastel on paper',
	       27,
	       38,
	       'rita-got-me',
	      'original, &pound;150, limited edition, &pound;40',
	      
	       0,
		488,
		650);
	     
		
INSERT INTO art_pricing(art, item_number, description, price)
	VALUES(LAST_INSERT_ID(), 'jw196', 'original', 150);
	
INSERT INTO art_pricing(art, item_number, description, price)
	VALUES(LAST_INSERT_ID(), 'jw196', 'limited edition', 40);	

##--------------------------------------------------------------- 
   
 
INSERT INTO art (artist, title, media, width, height, image, pricing_info, main_image, image_width, image_height)
	VALUES(304,
	       'saliva building',
	       'crayon and oil pastel on paper',
	       27,
	       38,
	       'saliva-building',
	      'original, &pound;150, limited edition, &pound;40',
	      
	       0,
		488,
		650);
	     
		
INSERT INTO art_pricing(art, item_number, description, price)
	VALUES(LAST_INSERT_ID(), 'jw197', 'original', 150);
	
INSERT INTO art_pricing(art, item_number, description, price)
	VALUES(LAST_INSERT_ID(), 'jw197', 'limited edition', 40);	

##--------------------------------------------------------------- 
   
INSERT INTO art (artist, title, media, width, height, image, pricing_info, main_image, image_width, image_height)
	VALUES(304,
	       'sargeant',
	       'crayon and oil pastel on paper',
	       27,
	       38,
	       'sargeant',
	      'original, &pound;150, limited edition, &pound;40',
	      
	       0,
		488,
		650);
	     
		
INSERT INTO art_pricing(art, item_number, description, price)
	VALUES(LAST_INSERT_ID(), 'jw198', 'original', 150);
	
INSERT INTO art_pricing(art, item_number, description, price)
	VALUES(LAST_INSERT_ID(), 'jw198', 'limited edition', 40);	

##--------------------------------------------------------------- 
   
INSERT INTO art (artist, title, media, width, height, image, pricing_info, main_image, image_width, image_height)
	VALUES(304,
	       'sound no sound',
	       'crayon and oil pastel on paper',
	       27,
	       38,
	       'sound-no-sound',
	      'original, &pound;150, limited edition, &pound;40',
	      
	       0,
		488,
		650);
	     
		
INSERT INTO art_pricing(art, item_number, description, price)
	VALUES(LAST_INSERT_ID(), 'jw199', 'original', 150);
	
INSERT INTO art_pricing(art, item_number, description, price)
	VALUES(LAST_INSERT_ID(), 'jw199', 'limited edition', 40);	

##--------------------------------------------------------------- 
   
 INSERT INTO art (artist, title, media, width, height, image, pricing_info, main_image, image_width, image_height)
	VALUES(304,
	       'survive in l5',
	       'crayon and oil pastel on paper',
	       27,
	       38,
	       'survive-in-l5',
	      'original, &pound;150, limited edition, &pound;40',
	      
	       0,
		488,
		650);
	     
		
INSERT INTO art_pricing(art, item_number, description, price)
	VALUES(LAST_INSERT_ID(), 'jw200', 'original', 150);
	
INSERT INTO art_pricing(art, item_number, description, price)
	VALUES(LAST_INSERT_ID(), 'jw200', 'limited edition', 40);	

##--------------------------------------------------------------- 

   
 INSERT INTO art (artist, title, media, width, height, image, pricing_info, main_image, image_width, image_height)
	VALUES(304,
	       'to let',
	       'crayon and oil pastel on paper',
	       27,
	       38,
	       'to-let',
	      'original, &pound;150, limited edition, &pound;40',
	      
	       0,
		488,
		650);
	     
		
INSERT INTO art_pricing(art, item_number, description, price)
	VALUES(LAST_INSERT_ID(), 'jw201', 'original', 150);
	
INSERT INTO art_pricing(art, item_number, description, price)
	VALUES(LAST_INSERT_ID(), 'jw201', 'limited edition', 40);	

##--------------------------------------------------------------- 
            
        

INSERT INTO art (artist, title, media, width, height, image, pricing_info, main_image, image_width, image_height)
	VALUES(304,
	       'shunga',
	       'mixed media',
	       90,
	       90,
	       'shunga',
	      'original, &pound;500',
	       0,
		650,
		567);
	     
		
INSERT INTO art_pricing(art, item_number, description, price)
	VALUES(LAST_INSERT_ID(), 'jw180', 'original', 500);

##---------------------------------------------------------------  

INSERT INTO art (artist, title, media, width, height, image, pricing_info, main_image, image_width, image_height)
	VALUES(304,
	       'taro',
	       'mixed media',
	       90,
	       90,
	       'taro',
	      'original, &pound;500',
	       0,
		618,
		650);
	     
		
INSERT INTO art_pricing(art, item_number, description, price)
	VALUES(LAST_INSERT_ID(), 'jw181', 'original', 500);

##---------------------------------------------------------------                                                                         

INSERT INTO art (artist, title, media, width, height, image, pricing_info, main_image, image_width, image_height)
	VALUES(304,
	       'dunno',
	       'mixed media on board',
	       80,
	       60,
	       'dunno',
	      'original, &pound;175',
	       0,
		488,
		650);
	     
		
INSERT INTO art_pricing(art, item_number, description, price)
	VALUES(LAST_INSERT_ID(), 'jw164', 'original', 175);

##---------------------------------------------------------------                              

                                                                      

INSERT INTO art (artist, title, media, width, height, image, pricing_info, main_image, image_width, image_height)
	VALUES(304,
	       'gentle machine',
	       'mixed media on board',
	       80,
	       60,
	       'gentle-machine',
	      'original, &pound;175',
	       0,
		488,
		650);
	     
		
INSERT INTO art_pricing(art, item_number, description, price)
	VALUES(LAST_INSERT_ID(), 'jw165', 'original', 175);

##---------------------------------------------------------------                               

                                                                      

INSERT INTO art (artist, title, media, width, height, image, pricing_info, main_image, image_width, image_height)
	VALUES(304,
	       'scallies',
	       'mixed media on board',
	       80,
	       60,
	       'scallies',
	      'original, &pound;175',
	       0,
		488,
		650);
	     
		
INSERT INTO art_pricing(art, item_number, description, price)
	VALUES(LAST_INSERT_ID(), 'jw166', 'original', 175);

##---------------------------------------------------------------                                  

                                                                      

INSERT INTO art (artist, title, media, width, height, image, pricing_info, main_image, image_width, image_height)
	VALUES(304,
	       'verbal warning',
	       'mixed media on board',
	       80,
	       60,
	       'verbal-warning',
	      'original, &pound;175',
	       0,
		482,
		650);
	     
		
INSERT INTO art_pricing(art, item_number, description, price)
	VALUES(LAST_INSERT_ID(), 'jw167', 'original', 175);

##---------------------------------------------------------------                                           

                                                                      

INSERT INTO art (artist, title, media, width, height, image, pricing_info, main_image, image_width, image_height)
	VALUES(304,
	       'small window 1',
	       'framed oil on board',
	       21,
	       16,
	       'small-window-1',
	      'original, &pound;50',
	       0,
		457,
		650);
	     
		
INSERT INTO art_pricing(art, item_number, description, price)
	VALUES(LAST_INSERT_ID(), 'jw168', 'original', 50);

##---------------------------------------------------------------                                                  

                                                                      

INSERT INTO art (artist, title, media, width, height, image, pricing_info, main_image, image_width, image_height)
	VALUES(304,
	       'small window 4',
	       'framed oil on board',
	       21,
	       16,
	       'small-window-4',
	      'original, &pound;50',
	       0,
		462,
		650);
	     
		
INSERT INTO art_pricing(art, item_number, description, price)
	VALUES(LAST_INSERT_ID(), 'jw169', 'original', 50);

##---------------------------------------------------------------                                                        

                                                                      

INSERT INTO art (artist, title, media, width, height, image, pricing_info, main_image, image_width, image_height)
	VALUES(304,
	       'small window 23',
	       'framed oil on board',
	        21,
	       16,
	       'small-window-23',
	      'original, &pound;50',
	       0,
		455,
		650);
	     
		
INSERT INTO art_pricing(art, item_number, description, price)
	VALUES(LAST_INSERT_ID(), 'jw170', 'original', 50);

##---------------------------------------------------------------                                                            

                                                                      

INSERT INTO art (artist, title, media, width, height, image, pricing_info, main_image, image_width, image_height)
	VALUES(304,
	       'small window 35',
	       'framed oil on board',
	        21,
	       16,
	       'small-window-35',
	      'original, &pound;50',
	       0,
		452,
		650);
	     
		
INSERT INTO art_pricing(art, item_number, description, price)
	VALUES(LAST_INSERT_ID(), 'jw171', 'original', 50);

##---------------------------------------------------------------                                                               

                                                                      

INSERT INTO art (artist, title, media, width, height, image, pricing_info, main_image, image_width, image_height)
	VALUES(304,
	       'small window 36',
	       'framed oil on board',
	       21,
	       16,
	       'small-window-36',
	      'original, &pound;50',
	       0,
		450,
		650);
	     
		
INSERT INTO art_pricing(art, item_number, description, price)
	VALUES(LAST_INSERT_ID(), 'jw172', 'original', 50);

##---------------------------------------------------------------                                                                   

                                                                      

INSERT INTO art (artist, title, media, width, height, image, pricing_info, main_image, image_width, image_height)
	VALUES(304,
	       'small window 37',
	       'framed oil on board',
	       21,
	       16,
	       'small-window-37',
	      'original, &pound;50',
	       0,
		457,
		650);
	     
		
INSERT INTO art_pricing(art, item_number, description, price)
	VALUES(LAST_INSERT_ID(), 'jw173', 'original', 50);

##---------------------------------------------------------------   

                         
                           

INSERT INTO art (artist, title, media, width, height, image, pricing_info, main_image, image_width, image_height)
	VALUES(304,
	       'edo rain',
	       'framed card',
	       85,
	       60,
	       'edo-rain',
	      'original, &pound;150',
	       0,
		472,
		650);
	     
		
INSERT INTO art_pricing(art, item_number, description, price)
	VALUES(LAST_INSERT_ID(), 'jw112', 'original', 150);

##---------------------------------------------------------------    



INSERT INTO art (artist, title, media, width, height, image, pricing_info, main_image, image_width, image_height)
	VALUES(304,
	       'fire',
	       'canvas',
	       102,
	       82,
	       'fire',
	      'original, &pound;400',
	       0,
		488,
		650);
	     
		
INSERT INTO art_pricing(art, item_number, description, price)
	VALUES(LAST_INSERT_ID(), 'jw115', 'original', 400);

##---------------------------------------------------------------                               




INSERT INTO art (artist, title, media, width, height, image, pricing_info, main_image, image_width, image_height)
	VALUES(304,
	       'horizon',
	       'deep canvas',
	       30,
	       40,
	       'horizon',
	      'currently unavailable',
	       0,
		488,
		650);
	     
		
INSERT INTO art_pricing(art, item_number, description, price)
	VALUES(LAST_INSERT_ID(), 'jw119', 'original', 250);

##---------------------------------------------------------------                                





INSERT INTO art (artist, title, media, width, height, image, pricing_info, main_image, image_width, image_height)
	VALUES(304,
	       'king',
	       'canvas',
	       102,
	       85,
	       'king',
	      'original, &pound;400',
	       0,
		488,
		650);
	     
		
INSERT INTO art_pricing(art, item_number, description, price)
	VALUES(LAST_INSERT_ID(), 'jw121', 'original', 400);

##--------------------------------------------------------------- 




INSERT INTO art (artist, title, media, width, height, image, pricing_info, main_image, image_width, image_height)
	VALUES(304,
	       'rock crystal',
	       'canvas',
	       78,
	       57,
	       'rock-crystal',
	      'currently unavailable',
	       0,
		482,
		650);
	     
		
INSERT INTO art_pricing(art, item_number, description, price)
	VALUES(LAST_INSERT_ID(), 'jw131', 'original', 450);

##---------------------------------------------------------------                                               




INSERT INTO art (artist, title, media, width, height, image, pricing_info, main_image, image_width, image_height)
	VALUES(304,
	       'still hungry',
	       'framed card',
	       85,
	       60,
	       'still-hungry',
	      'original, &pound;150',
	       0,
		488,
		650);
	     
		
INSERT INTO art_pricing(art, item_number, description, price)
	VALUES(LAST_INSERT_ID(), 'jw134', 'original', 150);

##---------------------------------------------------------------    



INSERT INTO art (artist, title, media, width, height, image, pricing_info, main_image, image_width, image_height)
	VALUES(304,
	       'treasure',
	       'deep canvas',
	       62,
	       46,
	       'treasure',
	      'currently unavailable',
	       0,
		488,
		650);
	     
		
INSERT INTO art_pricing(art, item_number, description, price)
	VALUES(LAST_INSERT_ID(), 'jw136', 'original', 350);

##---------------------------------------------------------------                                                          



INSERT INTO art (artist, title, media, width, height, image, pricing_info, main_image, image_width, image_height)
	VALUES(304,
	       'untitled',
	       'framed card',
	       85,
	       60,
	       'untitled',
	      'original, &pound;150',
	       0,
		650,
		488);
	     
		
INSERT INTO art_pricing(art, item_number, description, price)
	VALUES(LAST_INSERT_ID(), 'jw137', 'original', 150);

##---------------------------------------------------------------  


INSERT INTO art (artist, title, media, width, height, image, pricing_info, main_image, image_width, image_height)
	VALUES(304,
	       'im serious',
	       'framed card',
	       85,
	       60,
	       'im-serious',
	      'original, &pound;150',
	       0,
		650,
		488);
	     
		
INSERT INTO art_pricing(art, item_number, description, price)
	VALUES(LAST_INSERT_ID(), 'jw120', 'original', 150);

##--------------------------------------------------------------- 




                                     
 

INSERT INTO art (artist, title, media, width, height, image, pricing_info, main_image, image_width, image_height)
	VALUES(304,
	       'black madonna',
	       'framed card',
	       85,
	       60,
	       'black-madonna',
	      'original, &pound;150',
	       0,
		488,
		650);
	     
		
INSERT INTO art_pricing(art, item_number, description, price)
	VALUES(LAST_INSERT_ID(), 'jw102', 'original', 150);

##---------------------------------------------------------------         



INSERT INTO art (artist, title, media, width, height, image, pricing_info, main_image, image_width, image_height)
	VALUES(304,
	       'buffalo bill',
	       'framed card',
	       85,
	       60,
	       'buffalo-bill',
	      'original, &pound;350',
	       0,
		488,
		650);
	     
		
INSERT INTO art_pricing(art, item_number, description, price)
	VALUES(LAST_INSERT_ID(), 'jw103', 'original', 350);

##---------------------------------------------------------------          



INSERT INTO art (artist, title, media, width, height, image, pricing_info, main_image, image_width, image_height)
	VALUES(304,
	       'burnt tuxedo',
	       'canvas',
	       101,
	       82,
	       'burnt-tuxedo',
	      'original, &pound;500',
	       0,
		488,
		650);
	     
		
INSERT INTO art_pricing(art, item_number, description, price)
	VALUES(LAST_INSERT_ID(), 'jw104', 'original', 500);

##---------------------------------------------------------------            



INSERT INTO art (artist, title, media, width, height, image, pricing_info, main_image, image_width, image_height)
	VALUES(304,
	       'ceasar',
	       'canvas',
	       82,
	       102,
	       'ceasar',
	      'original, &pound;500',
	       0,
		488,
		650);
	     
		
INSERT INTO art_pricing(art, item_number, description, price)
	VALUES(LAST_INSERT_ID(), 'jw105', 'original', 500);

##---------------------------------------------------------------           



INSERT INTO art (artist, title, media, width, height, image, pricing_info, main_image, image_width, image_height)
	VALUES(304,
	       'cathedral',
	       'deep canvas',
	       90,
	       90,
	       'cathedral',
	      'original, &pound;850',
	       0,
		488,
		650);
	     
		
INSERT INTO art_pricing(art, item_number, description, price)
	VALUES(LAST_INSERT_ID(), 'jw106', 'original', 850);

##---------------------------------------------------------------           



INSERT INTO art (artist, title, media, width, height, image, pricing_info, main_image, image_width, image_height)
	VALUES(304,
	       'cathedral at dawn',
	       'mixed media on canvas',
	       41,
	       52,
	       'cathedral-at-dawn',
	      'original, &pound;150',
	       0,
		488,
		650);
	     
		
INSERT INTO art_pricing(art, item_number, description, price)
	VALUES(LAST_INSERT_ID(), 'jw138', 'original', 150);

##---------------------------------------------------------------  



INSERT INTO art (artist, title, media, width, height, image, pricing_info, main_image, image_width, image_height)
	VALUES(304,
	       'chief',
	       'framed card',
	       85,
	       60,
	       'chief',
	      'original, &pound;200',
	       0,
		488,
		650);
	     
		
INSERT INTO art_pricing(art, item_number, description, price)
	VALUES(LAST_INSERT_ID(), 'jw107', 'original', 200);

##---------------------------------------------------------------               



INSERT INTO art (artist, title, media, width, height, image, pricing_info, main_image, image_width, image_height)
	VALUES(304,
	       'cloak',
	       'framed card',
	       85,
	       60,
	       'cloak',
	      'original, &pound;150',
	       0,
		650,
		482);
	     
		
INSERT INTO art_pricing(art, item_number, description, price)
	VALUES(LAST_INSERT_ID(), 'jw108', 'original', 150);

##---------------------------------------------------------------                   



INSERT INTO art (artist, title, media, width, height, image, pricing_info, main_image, image_width, image_height)
	VALUES(304,
	       'dead boss',
	       'framed print',
	       85,
	       60,
	       'dead-boss',
	      'original, &pound;350',
	       0,
		650,
		488);
	     
		
INSERT INTO art_pricing(art, item_number, description, price)
	VALUES(LAST_INSERT_ID(), 'jw109', 'original', 350);

##---------------------------------------------------------------                    



INSERT INTO art (artist, title, media, width, height, image, pricing_info, main_image, image_width, image_height)
	VALUES(304,
	       'death of the oligarch',
	       'canvas',
	       102,
	       82,
	       'death-of-the',
	      'original, &pound;500',
	       0,
		650,
		488);
	     
		
INSERT INTO art_pricing(art, item_number, description, price)
	VALUES(LAST_INSERT_ID(), 'jw110', 'original', 500);

##---------------------------------------------------------------                     



INSERT INTO art (artist, title, media, width, height, image, pricing_info, main_image, image_width, image_height)
	VALUES(304,
	       'diesel revamp',
	       'canvas',
	       102,
	       82,
	       'diesel-revamp',
	      'original, &pound;500',
	       0,
		491,
		650);
	     
		
INSERT INTO art_pricing(art, item_number, description, price)
	VALUES(LAST_INSERT_ID(), 'jw111', 'original', 500);

##---------------------------------------------------------------                       

                    



INSERT INTO art (artist, title, media, width, height, image, pricing_info, main_image, image_width, image_height)
	VALUES(304,
	       'eh la',
	       'framed card',
	       85,
	       60,
	       'eh-la',
	      'original, &pound;350',
	       0,
		488,
		650);
	     
		
INSERT INTO art_pricing(art, item_number, description, price)
	VALUES(LAST_INSERT_ID(), 'jw113', 'original', 350);

##---------------------------------------------------------------                          



INSERT INTO art (artist, title, media, width, height, image, pricing_info, main_image, image_width, image_height)
	VALUES(304,
	       'foole',
	       'framed card',
	       85,
	       60,
	       'foole',
	      'original, &pound;150',
	       0,
		473,
		650);
	     
		
INSERT INTO art_pricing(art, item_number, description, price)
	VALUES(LAST_INSERT_ID(), 'jw116', 'original', 150);

##---------------------------------------------------------------                                



INSERT INTO art (artist, title, media, width, height, image, pricing_info, main_image, image_width, image_height)
	VALUES(304,
	       'green man',
	       'framed card',
	       85,
	       60,
	       'green-man',
	      'original, &pound;300',
	       0,
		458,
		650);
	     
		
INSERT INTO art_pricing(art, item_number, description, price)
	VALUES(LAST_INSERT_ID(), 'jw117', 'original', 300);

##---------------------------------------------------------------                                



INSERT INTO art (artist, title, media, width, height, image, pricing_info, main_image, image_width, image_height)
	VALUES(304,
	       'head the ball',
	       'framed card',
	       85,
	       60,
	       'head-the-ball',
	      'original, &pound;350',
	       0,
		488,
		650);
	     
		
INSERT INTO art_pricing(art, item_number, description, price)
	VALUES(LAST_INSERT_ID(), 'jw118', 'original', 350);

##---------------------------------------------------------------                                 



INSERT INTO art (artist, title, media, width, height, image, pricing_info, main_image, image_width, image_height)
	VALUES(304,
	       'lucrezia',
	       'canvas',
	       82,
	       102,
	       'lucrezia',
	      'original, &pound;500',
	       0,
		490,
		650);
	     
		
INSERT INTO art_pricing(art, item_number, description, price)
	VALUES(LAST_INSERT_ID(), 'jw123', 'original', 500);

##---------------------------------------------------------------                                         




INSERT INTO art (artist, title, media, width, height, image, pricing_info, main_image, image_width, image_height)
	VALUES(304,
	       'mother',
	       'framed card',
	       85,
	       60,
	       'mother',
	      'original, &pound;200',
	       0,
		650,
		497);
	     
		
INSERT INTO art_pricing(art, item_number, description, price)
	VALUES(LAST_INSERT_ID(), 'jw126', 'original', 200);

##---------------------------------------------------------------                                        



INSERT INTO art (artist, title, media, width, height, image, pricing_info, main_image, image_width, image_height)
	VALUES(304,
	       'naughty nautilus',
	       'framed card',
	       85,
	       60,
	       'naughty-nautilus',
	      'original, &pound;200',
	       0,
		650,
		491);
	     
		
INSERT INTO art_pricing(art, item_number, description, price)
	VALUES(LAST_INSERT_ID(), 'jw127', 'original', 200);

##---------------------------------------------------------------                                       



INSERT INTO art (artist, title, media, width, height, image, pricing_info, main_image, image_width, image_height)
	VALUES(304,
	       'noh',
	       'framed card',
	       85,
	       60,
	       'noh',
	      'original, &pound;150',
	       0,
		488,
		650);
	     
		
INSERT INTO art_pricing(art, item_number, description, price)
	VALUES(LAST_INSERT_ID(), 'jw128', 'original', 150);

##---------------------------------------------------------------                                         


                                        



INSERT INTO art (artist, title, media, width, height, image, pricing_info, main_image, image_width, image_height)
	VALUES(304,
	       'pythoness',
	       'framed card',
	       85,
	       60,
	       'pythoness',
	      'original, &pound;200',
	       0,
		650,
		447);
	     
		
INSERT INTO art_pricing(art, item_number, description, price)
	VALUES(LAST_INSERT_ID(), 'jw130', 'original', 200);

##---------------------------------------------------------------                                            

                                              



INSERT INTO art (artist, title, media, width, height, image, pricing_info, main_image, image_width, image_height)
	VALUES(304,
	       'skitter',
	       'framed card',
	       85,
	       60,
	       'skitter',
	      'original, &pound;350',
	       0,
		650,
		488);
	     
		
INSERT INTO art_pricing(art, item_number, description, price)
	VALUES(LAST_INSERT_ID(), 'jw133', 'original', 350);

##---------------------------------------------------------------                                                   

                                             



INSERT INTO art (artist, title, media, width, height, image, pricing_info, main_image, image_width, image_height)
	VALUES(304,
	       'town',
	       'framed card',
	       85,
	       60,
	       'town',
	      'original, &pound;150',
	       0,
		478,
		650);
	     
		
INSERT INTO art_pricing(art, item_number, description, price)
	VALUES(LAST_INSERT_ID(), 'jw135', 'original', 150);

##---------------------------------------------------------------                                                       

                                                       



INSERT INTO art (artist, title, media, width, height, image, pricing_info, main_image, image_width, image_height)
	VALUES(304,
	       'working your head',
	       'framed card',
	       85,
	       60,
	       'working-your-head',
	      'original, &pound;150',
	       0,
		650,
		488);
	     
		
INSERT INTO art_pricing(art, item_number, description, price)
	VALUES(LAST_INSERT_ID(), 'jw138', 'original', 350);

##---------------------------------------------------------------  




INSERT INTO art (artist, title, media, width, height, image, pricing_info, main_image, image_width, image_height)
	VALUES(304,
	       'abstract gold 1',
	       'oil on board',
	       31,
	       26,
	       'abstract-gold-1',
	      'currently unavailable',
	       0,           
		544,
		650);
	     
		
INSERT INTO art_pricing(art, item_number, description, price)
	VALUES(LAST_INSERT_ID(), 'jw139', 'original', 75);

##---------------------------------------------------------------                                                           

                                                       



INSERT INTO art (artist, title, media, width, height, image, pricing_info, main_image, image_width, image_height)
	VALUES(304,
	       'abstract gold 2',
	       'oil on board',
	       31,
	       26,
	       'abstract-gold-2',
	      'currently unavailable',
	       0,
		544,
		650);
	     
		
INSERT INTO art_pricing(art, item_number, description, price)
	VALUES(LAST_INSERT_ID(), 'jw140', 'original', 75);

##---------------------------------------------------------------                                                              

                                                       



INSERT INTO art (artist, title, media, width, height, image, pricing_info, main_image, image_width, image_height)
	VALUES(304,
	       'abstract 1',
	       'oil on board',
	       31,
	       26,
	       'abstract-1',
	      'original, &pound;75',
	       0,
		538,
		650);
	     
		
INSERT INTO art_pricing(art, item_number, description, price)
	VALUES(LAST_INSERT_ID(), 'jw141', 'original', 75);

##---------------------------------------------------------------                                                                 

                                                       



INSERT INTO art (artist, title, media, width, height, image, pricing_info, main_image, image_width, image_height)
	VALUES(304,
	       'abstract 2',
	       'oil on board',
	       31,
	       26,
	       'abstract-2',
	      'original, &pound;75',
	       0,
		541,
		650);
	     
		
INSERT INTO art_pricing(art, item_number, description, price)
	VALUES(LAST_INSERT_ID(), 'jw142', 'original', 75);

##---------------------------------------------------------------                                                                  

                                                       



INSERT INTO art (artist, title, media, width, height, image, pricing_info, main_image, image_width, image_height)
	VALUES(304,
	       'abstract 3',
	       'oil on board',
	       31,
	       23,
	       'abstract-3',
	      'original, &pound;75',
	       0,
		541,
		650);
	     
		
INSERT INTO art_pricing(art, item_number, description, price)
	VALUES(LAST_INSERT_ID(), 'jw143', 'original', 75);

##---------------------------------------------------------------                                                                  

                                                       



INSERT INTO art (artist, title, media, width, height, image, pricing_info, main_image, image_width, image_height)
	VALUES(304,
	       'abstract 4',
	       'oil on board',
	       26,
	       31,
	       'abstract-4',
	      'original, &pound;75',
	       0,
		534,
		650);
	     
		
INSERT INTO art_pricing(art, item_number, description, price)
	VALUES(LAST_INSERT_ID(), 'jw144', 'original', 75);

##---------------------------------------------------------------                                                                    

                                                       

INSERT INTO art (artist, title, media, width, height, image, pricing_info, main_image, image_width, image_height)
	VALUES(304,
	       'abstract 5',
	       'oil on board',
	       31,
	       26,
	       'abstract-5',
	      'original, &pound;75',
	       0,
		488,
		650);
	     
		
INSERT INTO art_pricing(art, item_number, description, price)
	VALUES(LAST_INSERT_ID(), 'jw145', 'original', 75);

##---------------------------------------------------------------  

                                                                                                                                      

                                                       
INSERT INTO art (artist, title, media, width, height, image, pricing_info, main_image, image_width, image_height)
	VALUES(304,
	       'exploding heart',
	       'oil on canvas',
	       61,
	       61,
	       'exploding-heart',
	      'original, &pound;350',
	       0,
		650,
		645);
	     
		
INSERT INTO art_pricing(art, item_number, description, price)
	VALUES(LAST_INSERT_ID(), 'jw146', 'original', 350);

##---------------------------------------------------------------   

                                                                                                                                      

                                                       
INSERT INTO art (artist, title, media, width, height, image, pricing_info, main_image, image_width, image_height)
	VALUES(304,
	       'memories of a sunset',
	       'mixed media on deep canvas',
	       41,
	       31,
	       'memories-of-a',
	      'original, &pound;150',
	       0,
		487,
		650);
	     
		
INSERT INTO art_pricing(art, item_number, description, price)
	VALUES(LAST_INSERT_ID(), 'jw147', 'original', 150);

##--------------------------------------------------------------- 

                                                                      

                                                                                                                                      

                                                       
INSERT INTO art (artist, title, media, width, height, image, pricing_info, main_image, image_width, image_height)
	VALUES(304,
	       'quattro 1',
	       'mixed media on canvas',
	       30,
	       30,
	       'quattro-1',
	      'currently unavailable',
	       0,
		650,
		640);
	     
		
INSERT INTO art_pricing(art, item_number, description, price)
	VALUES(LAST_INSERT_ID(), 'jw148', 'original', 120);

##---------------------------------------------------------------   

                                                                      

                                                                                                                                      

                                                       
INSERT INTO art (artist, title, media, width, height, image, pricing_info, main_image, image_width, image_height)
	VALUES(304,
	       'quattro 2',
	       'mixed media on canvas',
	       30,
	       30,
	       'quattro-2',
	      'currently unavailable',
	       0,
		646,
		650);
	     
		
INSERT INTO art_pricing(art, item_number, description, price)
	VALUES(LAST_INSERT_ID(), 'jw149', 'original', 120);

##---------------------------------------------------------------       

                                                                      

                                                                                                                                      

                                                       
INSERT INTO art (artist, title, media, width, height, image, pricing_info, main_image, image_width, image_height)
	VALUES(304,
	       'quattro 3',
	       'mixed media on canvas',
	       30,
	       30,
	       'quattro-3',
	      'currently unavailable',
	       0,
		643,
		650);
	     
		
INSERT INTO art_pricing(art, item_number, description, price)
	VALUES(LAST_INSERT_ID(), 'jw150', 'original', 120);

##---------------------------------------------------------------         

                                                                      

                                                                                                                                      

                                                       
INSERT INTO art (artist, title, media, width, height, image, pricing_info, main_image, image_width, image_height)
	VALUES(304,
	       'quattro 4',
	       'mixed media on canvas',
	       30,
	       30,
	       'quattro-4',
	      'currently unavailable',
	       0,
		650,
		643);
	     
		
INSERT INTO art_pricing(art, item_number, description, price)
	VALUES(LAST_INSERT_ID(), 'jw151', 'original', 120);

##---------------------------------------------------------------          

                                                                      

                                                                                                                                      

                                                       
INSERT INTO art (artist, title, media, width, height, image, pricing_info, main_image, image_width, image_height)
	VALUES(304,
	       'snow tracks',
	       'mixed media on deep canvas',
	       41,
	       31,
	       'snow-tracks',
	      'currently unavailable',
	       0,
		481,
		650);
	     
		
INSERT INTO art_pricing(art, item_number, description, price)
	VALUES(LAST_INSERT_ID(), 'jw152', 'original', 150);

##--------------------------------------------------------------- 

 
                                          

INSERT INTO art (artist, title, media, width, height, image, pricing_info, main_image, image_width, image_height)
	VALUES(304,
	       'the vanished',
	       'deep canvas',
	       100,
	       100,
	       'the-vanished',
	      'original, &pound;1200',
	       0,
		646,
		650);
	     
		
INSERT INTO art_pricing(art, item_number, description, price)
	VALUES(LAST_INSERT_ID(), 'jw153', 'original', 1200);

##---------------------------------------------------------------              

                                         

INSERT INTO art (artist, title, media, width, height, image, pricing_info, main_image, image_width, image_height)
	VALUES(304,
	       'teeth',
	       'oil on canvas',
	       100,
	       100,
	       'teeth',
	      'original, &pound;1500',
	       0,
		650,
		611);
	     
		
INSERT INTO art_pricing(art, item_number, description, price)
	VALUES(LAST_INSERT_ID(), 'jw166', 'original', 1500 );

##---------------------------------------------------------------                       

                                                                      

INSERT INTO art (artist, title, media, width, height, image, pricing_info, main_image, image_width, image_height)
	VALUES(304,
	       'moving past the good and the bad',
	       'oil on canvas',
	       100,
	       100,
	       'moving-past-the',
	      'original, &pound;1200 ',
	       0,
		627,
		650);
	     
		
INSERT INTO art_pricing(art, item_number, description, price)
	VALUES(LAST_INSERT_ID(), 'jw167', 'original', 1200 );

##---------------------------------------------------------------                      
                                                                      

INSERT INTO art (artist, title, media, width, height, image, pricing_info, main_image, image_width, image_height)
	VALUES(304,
	       'lost',
	       'deep canvas',
	       100,
	       100,
	       'lost',
	      'original, &pound;1500',
	       0,
		650,
		650);
	     
		
INSERT INTO art_pricing(art, item_number, description, price)
	VALUES(LAST_INSERT_ID(), 'jw154', 'original', 1500);

##---------------------------------------------------------------               

                                                                      

INSERT INTO art (artist, title, media, width, height, image, pricing_info, main_image, image_width, image_height)
	VALUES(304,
	       'sleeping dragons',
	       'deep canvas',
	       100,
	       100,
	       'sleeping-dragons',
	      'currently unavailable',
	       0,
		626,
		650);
	     
		
INSERT INTO art_pricing(art, item_number, description, price)
	VALUES(LAST_INSERT_ID(), 'jw155', 'original', 1200);

##---------------------------------------------------------------               


                                             

INSERT INTO art (artist, title, media, width, height, image, pricing_info, main_image, image_width, image_height)
	VALUES(304,
	       'abstract VI',
	       'oil on board',
	       31,
	       26,
	       'abstract-VI',
	      'currently unavailable',
	       0,
		535,
		650);
	     
		
INSERT INTO art_pricing(art, item_number, description, price)
	VALUES(LAST_INSERT_ID(), 'jw164', 'original', 75);

##---------------------------------------------------------------                      

                                                                      

INSERT INTO art (artist, title, media, width, height, image, pricing_info, main_image, image_width, image_height)
	VALUES(304,
	       'abstract VIII',
	       'oil on board',
	       31,
	       26,
	       'abstract-VIII',
	      'currently unavailable',
	       0,
		537,
		650);
	     
		
INSERT INTO art_pricing(art, item_number, description, price)
	VALUES(LAST_INSERT_ID(), 'jw165', 'original', 75);

##---------------------------------------------------------------                       
                                                                      

INSERT INTO art (artist, title, media, width, height, image, pricing_info, main_image, image_width, image_height)
	VALUES(304,
	       'invention 1',
	       'goache on paper',
	       31,
	       41,
	       'invention-1',
	      'original, &pound;95',
	       0,
		488,
		650);
	     
		
INSERT INTO art_pricing(art, item_number, description, price)
	VALUES(LAST_INSERT_ID(), 'jw156', 'original', 95);

##---------------------------------------------------------------                

                                                                      

INSERT INTO art (artist, title, media, width, height, image, pricing_info, main_image, image_width, image_height)
	VALUES(304,
	       'invention 2',
	       'goache on paper',
	       31,
	       41,
	       'invention-2',
	      'original, &pound;95',
	       0,
		488,
		650);
	     
		
INSERT INTO art_pricing(art, item_number, description, price)
	VALUES(LAST_INSERT_ID(), 'jw157', 'original', 95);

##---------------------------------------------------------------               

                                                                      

INSERT INTO art (artist, title, media, width, height, image, pricing_info, main_image, image_width, image_height)
	VALUES(304,
	       'invention 3',
	       'goache on paper',
	       31,
	       41,
	       'invention-3',
	      'original, &pound;95',
	       0,
		488,
		650);
	     
		
INSERT INTO art_pricing(art, item_number, description, price)
	VALUES(LAST_INSERT_ID(), 'jw158', 'original', 95);

##---------------------------------------------------------------                 

                                                                      

INSERT INTO art (artist, title, media, width, height, image, pricing_info, main_image, image_width, image_height)
	VALUES(304,
	       'invention 4',
	       'goache on paper',
	       31,
	       41,
	       'invention-4',
	      'original, &pound;95',
	       0,
		488,
		650);
	     
		
INSERT INTO art_pricing(art, item_number, description, price)
	VALUES(LAST_INSERT_ID(), 'jw159', 'original', 95);

##---------------------------------------------------------------               

                                                                      

INSERT INTO art (artist, title, media, width, height, image, pricing_info, main_image, image_width, image_height)
	VALUES(304,
	       'invention 5',
	       'goache on paper',
	       31,
	       41,
	       'invention-5',
	      'original, &pound;95',
	       0,
		488,
		650);
	     
		
INSERT INTO art_pricing(art, item_number, description, price)
	VALUES(LAST_INSERT_ID(), 'jw160', 'original', 95);

##---------------------------------------------------------------                 

                                                                      

INSERT INTO art (artist, title, media, width, height, image, pricing_info, main_image, image_width, image_height)
	VALUES(304,
	       'invention 6',
	       'goache on paper',
	       31,
	       41,
	       'invention-6',
	      'original, &pound;95',
	       0,
		488,
		650);
	     
		
INSERT INTO art_pricing(art, item_number, description, price)
	VALUES(LAST_INSERT_ID(), 'jw161', 'original', 95);

##---------------------------------------------------------------                   

                                                                      

INSERT INTO art (artist, title, media, width, height, image, pricing_info, main_image, image_width, image_height)
	VALUES(304,
	       'invention 7',
	       'goache on paper',
	       31,
	       41,
	       'invention-7',
	      'original, &pound;95',
	       0,
		488,
		650);
	     
		
INSERT INTO art_pricing(art, item_number, description, price)
	VALUES(LAST_INSERT_ID(), 'jw162', 'original', 95);

##---------------------------------------------------------------                    

                                                                      

INSERT INTO art (artist, title, media, width, height, image, pricing_info, main_image, image_width, image_height)
	VALUES(304,
	       'invention 8',
	       'goache on paper',
	       31,
	       41,
	       'invention-8',
	      'original, &pound;95',
	       0,
		488,
		650);
	     
		
INSERT INTO art_pricing(art, item_number, description, price)
	VALUES(LAST_INSERT_ID(), 'jw163', 'original', 95);

##---------------------------------------------------------------                      
 

INSERT INTO artist (id, name, statement, notes, display)
	VALUES(306, 'kristel pillkahn',
	'<p class="artist">Born in Puerto La Cruz - Venezuela, Kristel moved to the United Kingdom a few years ago to study. She now lives and works as a freelance artist in Liverpool where she feels captivated by the old streets and landscapes around the Mersey. Her paintings are held in private collections and have been exhibited in venues across Merseyside.</p>

<p class="artist">Kristel mainly works in acrylics and pastel, although she also loves coloured pencils and inks.  Her creations are a celebration of colour. Her palette is vibrant and fascinating. She is always trying to reflect the beautiful colours and forms out there and transform them into unique and beautiful pieces of art that can hopefully lift heavy hearts and bring smiles to people''s faces. That is her greatest desire.</p>


<p class="artist">
</p>

<p class="artist"></p>',
               NULL,
	       1);

##---------------------------------------------------------------



INSERT INTO art (artist, title, media, width, height, image, pricing_info, main_image, image_width, image_height)
	VALUES(306,
	       'enchanted night',
	       'acrylic on canvas',
	       50,
	       70,
	       'enchanted-night',
	      'original, &pound;420',
	       1,
		460,
		650);
	     
		
INSERT INTO art_pricing(art, item_number, description, price)
	VALUES(LAST_INSERT_ID(), 'kh101', 'original', 420);

##---------------------------------------------------------------     



INSERT INTO art (artist, title, media, width, height, image, pricing_info, main_image, image_width, image_height)
	VALUES(306,
	       'suize',
	       'acrylic on canvas',
	       40,
	       40,
	       'suzie',
	      'original, &pound;85',
	       0,
		650,
		645);
	     
		
INSERT INTO art_pricing(art, item_number, description, price)
	VALUES(LAST_INSERT_ID(), 'kh102', 'original', 85);

##---------------------------------------------------------------       



INSERT INTO art (artist, title, media, width, height, image, pricing_info, main_image, image_width, image_height)
	VALUES(306,
	       'new beginning',
	       'acrylic on canvas',
	       50,
	       60,
	       'new-beginning',
	      'original, &pound;350',
	       0,
		650,
		533);
	     
		
INSERT INTO art_pricing(art, item_number, description, price)
	VALUES(LAST_INSERT_ID(), 'kh103', 'original', 350);

##---------------------------------------------------------------          



INSERT INTO art (artist, title, media, width, height, image, pricing_info, main_image, image_width, image_height)
	VALUES(306,
	       'cherry blossom',
	       'acrylic on canvas',
	       60,
	       60,
	       'cherry-blossom',
	      'original, &pound;350',
	       0,
		650,
		649);
	     
		
INSERT INTO art_pricing(art, item_number, description, price)
	VALUES(LAST_INSERT_ID(), 'kh104', 'original', 350);

##---------------------------------------------------------------             



INSERT INTO art (artist, title, media, width, height, image, pricing_info, main_image, image_width, image_height)
	VALUES(306,
	       'spring',
	       'acrylic on canvas',
	       50.5,
	       40.5,
	       'spring',
	      'original, &pound;200',
	       0,
		650,
		515);
	     
		
INSERT INTO art_pricing(art, item_number, description, price)
	VALUES(LAST_INSERT_ID(), 'kh105', 'original', 200);

##---------------------------------------------------------------               



INSERT INTO art (artist, title, media, width, height, image, pricing_info, main_image, image_width, image_height)
	VALUES(306,
	       'golden serenade',
	       'mixed media',
	       40,
	       30,
	       'golden-serenade',
	      'original, &pound;85',
	       0,
		650,
		490);
	     
		
INSERT INTO art_pricing(art, item_number, description, price)
	VALUES(LAST_INSERT_ID(), 'kh106', 'original', 85);

##---------------------------------------------------------------              



INSERT INTO art (artist, title, media, width, height, image, pricing_info, main_image, image_width, image_height)
	VALUES(306,
	       'blossom',
	       'acrylic on canvas',
	       50,
	       40,
	       'blossom',
	      'original, &pound;170',
	       0,
		650,
		522);
	     
		
INSERT INTO art_pricing(art, item_number, description, price)
	VALUES(LAST_INSERT_ID(), 'kh108', 'original', 170);

##---------------------------------------------------------------              


INSERT INTO art (artist, title, media, width, height, image, pricing_info, main_image, image_width, image_height)
	VALUES(306,
	       'lets play',
	       'mixed media',
	       40,
	       30,
	       'lets-play',
	      'original, &pound;85',
	       0,
		650,
		486);
	     
		
INSERT INTO art_pricing(art, item_number, description, price)
	VALUES(LAST_INSERT_ID(), 'kh107', 'original', 85);

##---------------------------------------------------------------               





INSERT INTO artist (id, name, statement, notes, display)
	VALUES(309, 'keith sweeney',
	'<p class="artist">Keith was born in Huyton Merseyside and spent his formative years in Knowsley Village. He now lives in Prescot with his wife and two daughters. He was introduced to photography from an early age, after being given a Kodak 127 Brownie camera as a child. He loved the sounds it made, winding on the film and firing the shutter, he was hooked!</p>

<p class="artist">In 1982, he studied photography at Wigan Technology, after which he initially worked as a photographic technician, before taking up a position as a medical photographer in 1998. Currently, he is employed as a photographer by National Museums Liverpool. Keith specialises in Infrared Landscapes and Documentary Photography. His main inspiration for photography came from photographers, Bill Brandt, Ansel Adams and Henri Cartier Bresson. Keith believes in the ability to capture emotion and express oneself freely without oppression.</p>


<p class="artist">Keith will personally print each photograph using Harman Fine Art Gloss Fibre Based Baryta paper.
Using Epson Ultrachrome K3 ink technology to produce true black and white photographic prints, each print will be mounted, hand signed, numbered with a certificate of authenticity. Other sizes are also available on request.</p>

<p class="artist"></p>',
               NULL,
	       1);

##---------------------------------------------------------------



INSERT INTO art (artist, title, media, width, height, image, pricing_info, main_image, image_width, image_height)
	VALUES(309,
	       'through the langdales',
	       'photographic print on baryta fibre based paper',
	       28,
	       16,
	       'through-the-langdales',
	      'limited edition print, &pound;55',
	       0,
		650,
		354);
	     
		
INSERT INTO art_pricing(art, item_number, description, price)
	VALUES(LAST_INSERT_ID(), 'ks101', 'limited edition print', 55);

##---------------------------------------------------------------  



INSERT INTO art (artist, title, media, width, height, image, pricing_info, main_image, image_width, image_height)
	VALUES(309,
	       'broken tree',
	       'photographic print on baryta fibre based paper',
	       28,
	       20,
	       'broken-tree',
	      'limited edition print, &pound;55',
	       0,
		650,
		429);
	     
		
INSERT INTO art_pricing(art, item_number, description, price)
	VALUES(LAST_INSERT_ID(), 'ks102', 'limited edition print', 55);

##---------------------------------------------------------------       



INSERT INTO art (artist, title, media, width, height, image, pricing_info, main_image, image_width, image_height)
	VALUES(309,
	       'fishermans hut 1',
	       'photographic print on baryta fibre based paper',
	       28,
	       20,
	       'fishermans-hut-1',
	      'limited edition print, &pound;55',
	       0,
		650,
		432);
	     
		
INSERT INTO art_pricing(art, item_number, description, price)
	VALUES(LAST_INSERT_ID(), 'ks103', 'limited edition print', 55);

##---------------------------------------------------------------         



INSERT INTO art (artist, title, media, width, height, image, pricing_info, main_image, image_width, image_height)
	VALUES(309,
	       'formby coast',
	       'photographic print on baryta fibre based paper',
	       28,
	       20,
	       'formby-coast',
	      'limited edition print, &pound;55',
	       0,
		650,
		467);
	     
		
INSERT INTO art_pricing(art, item_number, description, price)
	VALUES(LAST_INSERT_ID(), 'ks104', 'limited edition print', 55);

##---------------------------------------------------------------           



INSERT INTO art (artist, title, media, width, height, image, pricing_info, main_image, image_width, image_height)
	VALUES(309,
	       'formby footprints',
	       'photographic print on baryta fibre based paper',
	       28,
	       20,
	       'formby-footprints',
	      'limited edition print, &pound;55',
	       1,
		650,
		432);
	     
		
INSERT INTO art_pricing(art, item_number, description, price)
	VALUES(LAST_INSERT_ID(), 'ks105', 'limited edition print', 55);

##---------------------------------------------------------------             



INSERT INTO art (artist, title, media, width, height, image, pricing_info, main_image, image_width, image_height)
	VALUES(309,
	       'formby point',
	       'photographic print on baryta fibre based paper',
	       28,
	       20,
	       'formby-point',
	      'limited edition print, &pound;55',
	       0,
		650,
		432);
	     
		
INSERT INTO art_pricing(art, item_number, description, price)
	VALUES(LAST_INSERT_ID(), 'ks106', 'limited edition print', 55);

##---------------------------------------------------------------              



INSERT INTO art (artist, title, media, width, height, image, pricing_info, main_image, image_width, image_height)
	VALUES(309,
	       'kirkstone horse',
	       'photographic print on baryta fibre based paper',
	       28,
	       20,
	       'kirkstone-horse',
	      'limited edition print, &pound;55',
	       0,
		650,
		432);
	     
		
INSERT INTO art_pricing(art, item_number, description, price)
	VALUES(LAST_INSERT_ID(), 'ks108', 'limited edition print', 55);

##---------------------------------------------------------------                  



INSERT INTO art (artist, title, media, width, height, image, pricing_info, main_image, image_width, image_height)
	VALUES(309,
	       'lindisfarne 1',
	       'photographic print on baryta fibre based paper',
	       28,
	       20,
	       'lindisfarne-1',
	      'limited edition print, &pound;55',
	       0,
		650,
		438);
	     
		
INSERT INTO art_pricing(art, item_number, description, price)
	VALUES(LAST_INSERT_ID(), 'ks109', 'limited edition print', 55);

##---------------------------------------------------------------                    



INSERT INTO art (artist, title, media, width, height, image, pricing_info, main_image, image_width, image_height)
	VALUES(309,
	       'road to ffestiniog 1',
	       'photographic print on baryta fibre based paper',
	       28,
	       20,
	       'road-to-ffestiniog-1',
	      'limited edition print, &pound;55',
	       0,
		650,
		432);
	     
		
INSERT INTO art_pricing(art, item_number, description, price)
	VALUES(LAST_INSERT_ID(), 'ks110', 'limited edition print', 55);

##---------------------------------------------------------------  

 



INSERT INTO art (artist, title, media, width, height, image, pricing_info, main_image, image_width, image_height)
	VALUES(309,
	       'john paul george ringo',
	       'photographic print on baryta fibre based paper',
	       25,
	       20,
	       'john-paul-george',
	      'limited edition print, &pound;55',
	       0,
		650,
		575);
	     
		
INSERT INTO art_pricing(art, item_number, description, price)
	VALUES(LAST_INSERT_ID(), 'ks107', 'limited edition print', 55);

##---------------------------------------------------------------                




INSERT INTO artist (id, name, statement, notes, display)
	VALUES(312, 'paula tasker lynch',
	'<p class="artist">I graduated from John Moores University with a BA(Hons) in Fine Art in 1993, was fortunate enough to get a studio at the Bridewell Studios within a year and have been working there ever since. I spent 14 years lecturing in Fine Art and Art and Design at City of Liverpool College while continuing my own studio practice and exhibiting.</p>

<p class="artist">My work is abstract and inspired by landscape, particularly in capturing fleeting moments that create visual drama, be it changing light or the effects of weather. The dramatic landscapes and skies of the Pennines, Northern Ireland and Snowdonia are the key inspiration for much of my work. Strong colour contrasts and use of texture are very important in creating my oil paintings, drawings and mixed media pieces.</p>


<p class="artist">
</p>

<p class="artist"></p>',
               NULL,
	       1);

##---------------------------------------------------------------



INSERT INTO art (artist, title, media, width, height, image, pricing_info, main_image, image_width, image_height)
	VALUES(312,
	       'earth',
	       'oil and corn husk on canvas',
	       60,
	       60,
	       'earth',
	      'original, &pound;300',
	       0,
		650,
		637);
	     
		
INSERT INTO art_pricing(art, item_number, description, price)
	VALUES(LAST_INSERT_ID(), 'pt101', 'original', 300);


##--------------------------------------------------------------- 



INSERT INTO art (artist, title, media, width, height, image, pricing_info, main_image, image_width, image_height)
	VALUES(312,
	       'land',
	       'oil on canvas',
	       60,
	       60,
	       'land',
	      'original, &pound;300',
	       0,
		650,
		648);
	     
		
INSERT INTO art_pricing(art, item_number, description, price)
	VALUES(LAST_INSERT_ID(), 'pt102', 'original', 300);


##--------------------------------------------------------------- 



INSERT INTO art (artist, title, media, width, height, image, pricing_info, main_image, image_width, image_height)
	VALUES(312,
	       'rock',
	       'oil and varnish on canvas',
	       60,
	       60,
	       'rock',
	      'original, &pound;300',
	       0,
		650,
		644);
	     
		
INSERT INTO art_pricing(art, item_number, description, price)
	VALUES(LAST_INSERT_ID(), 'pt103', 'original', 300);


##--------------------------------------------------------------- 



INSERT INTO art (artist, title, media, width, height, image, pricing_info, main_image, image_width, image_height)
	VALUES(312,
	       'skies',
	       'oil and varnish on canvas',
	       60,
	       60,
	       'skies',
	      'original, &pound;300',
	       1,
		645,
		650);
	     
		
INSERT INTO art_pricing(art, item_number, description, price)
	VALUES(LAST_INSERT_ID(), 'pt104', 'original', 300);


##---------------------------------------------------------------  



INSERT INTO art (artist, title, media, width, height, image, pricing_info, main_image, image_width, image_height)
	VALUES(312,
	       'river',
	       'oil and gold leaf on canvas',
	       60,
	       60,
	       'river',
	      'original, &pound;300',
	       0,
		650,
		649);
	     
		
INSERT INTO art_pricing(art, item_number, description, price)
	VALUES(LAST_INSERT_ID(), 'pt105', 'original', 300);


##--------------------------------------------------------------- 



INSERT INTO art (artist, title, media, width, height, image, pricing_info, main_image, image_width, image_height)
	VALUES(312,
	       'shore',
	       'oil and gold leaf on canvas',
	       60,
	       60,
	       'shore',
	      'original, &pound;300',
	       0,
		641,
		650);
	     
		
INSERT INTO art_pricing(art, item_number, description, price)
	VALUES(LAST_INSERT_ID(), 'pt106', 'original', 300);


##---------------------------------------------------------------   



INSERT INTO art (artist, title, media, width, height, image, pricing_info, main_image, image_width, image_height)
	VALUES(312,
	       'under a cloud',
	       'oil on canvas',
	       49,
	       40,
	       'under-a-cloud',
	      'original, &pound;240',
	       0,
		650,
		528);
	     
		
INSERT INTO art_pricing(art, item_number, description, price)
	VALUES(LAST_INSERT_ID(), 'pt107', 'original', 240);


##---------------------------------------------------------------   



INSERT INTO art (artist, title, media, width, height, image, pricing_info, main_image, image_width, image_height)
	VALUES(312,
	       'suspension 2',
	       'oil and varnish on canvas',
	       37,
	       83,
	       'suspension-2',
	      'original, &pound;300',
	       0,
		291,
		650);
	     
		
INSERT INTO art_pricing(art, item_number, description, price)
	VALUES(LAST_INSERT_ID(), 'pt108', 'original', 300);


##---------------------------------------------------------------



INSERT INTO art (artist, title, media, width, height, image, pricing_info, main_image, image_width, image_height)
	VALUES(312,
	       'wordscape 1',
	       'collage on relief',
	       62,
	       90,
	       'wordscape-1',
	      'original, &pound;500',
	       0,
		481,
		650);
	     
		
INSERT INTO art_pricing(art, item_number, description, price)
	VALUES(LAST_INSERT_ID(), 'pt109', 'original', 500);


##---------------------------------------------------------------  



INSERT INTO art (artist, title, media, width, height, image, pricing_info, main_image, image_width, image_height)
	VALUES(312,
	       'wordscape 2',
	       'collage on relief',
	       62,
	       90,
	       'wordscape-2',
	      'original, &pound;500',
	       0,
		479,
		650);
	     
		
INSERT INTO art_pricing(art, item_number, description, price)
	VALUES(LAST_INSERT_ID(), 'pt110', 'original', 500);


##---------------------------------------------------------------  



INSERT INTO art (artist, title, media, width, height, image, pricing_info, main_image, image_width, image_height)
	VALUES(312,
	       'blue estuary',
	       'oil and mixed media on relief',
	       62,
	       90,
	       'blue-estuary',
	      'original, &pound;400',
	       0,
		470,
		650);
	     
		
INSERT INTO art_pricing(art, item_number, description, price)
	VALUES(LAST_INSERT_ID(), 'pt111', 'original', 400);


##---------------------------------------------------------------   



INSERT INTO art (artist, title, media, width, height, image, pricing_info, main_image, image_width, image_height)
	VALUES(312,
	       'blue cove',
	       'oil and mixed media on relief',
	       62,
	       90,
	       'blue-cove',
	      'original, &pound;400',
	       0,
		483,
		650);
	     
		
INSERT INTO art_pricing(art, item_number, description, price)
	VALUES(LAST_INSERT_ID(), 'pt112', 'original', 400);


##---------------------------------------------------------------    



INSERT INTO art (artist, title, media, width, height, image, pricing_info, main_image, image_width, image_height)
	VALUES(312,
	       'reflection in blue and green',
	       'oil and mixed media on canvas',
	       64,
	       94,
	       'reflection-in-blue',
	      'original, &pound;320',
	       0,
		474,
		650);
	     
		
INSERT INTO art_pricing(art, item_number, description, price)
	VALUES(LAST_INSERT_ID(), 'pt113', 'original', 320);


##---------------------------------------------------------------     



INSERT INTO art (artist, title, media, width, height, image, pricing_info, main_image, image_width, image_height)
	VALUES(312,
	       'tidal sand view 1',
	       'mixed media on wood',
	       12,
	       12,
	       'tidal-sand-view1',
	      'original, &pound;45',
	       0,
		650,
		488);
	     
		
INSERT INTO art_pricing(art, item_number, description, price)
	VALUES(LAST_INSERT_ID(), 'pt114', 'original', 45);


##---------------------------------------------------------------      



INSERT INTO art (artist, title, media, width, height, image, pricing_info, main_image, image_width, image_height)
	VALUES(312,
	       'tidal sand view 2',
	       'mixed media on wood',
	       12,
	       12,
	       'tidal-sand-view2',
	      'original, &pound;45',
	       0,
		650,
		488);
	     
		
INSERT INTO art_pricing(art, item_number, description, price)
	VALUES(LAST_INSERT_ID(), 'pt115', 'original', 45);


##---------------------------------------------------------------         



INSERT INTO art (artist, title, media, width, height, image, pricing_info, main_image, image_width, image_height)
	VALUES(312,
	       'tidal sand view 3',
	       'mixed media on wood',
	       12,
	       12,
	       'tidal-sand-view3',
	      'original, &pound;45',
	       0,
		650,
		488);
	     
		
INSERT INTO art_pricing(art, item_number, description, price)
	VALUES(LAST_INSERT_ID(), 'pt116', 'original', 45);


##---------------------------------------------------------------            



INSERT INTO art (artist, title, media, width, height, image, pricing_info, main_image, image_width, image_height)
	VALUES(312,
	       'tidal sand view 4',
	       'mixed media on wood',
	       12,
	       12,
	       'tidal-sand-view4',
	      'original, &pound;45',
	       0,
		650,
		488);
	     
		
INSERT INTO art_pricing(art, item_number, description, price)
	VALUES(LAST_INSERT_ID(), 'pt117', 'original', 45);



 ##---------------------------------------------------------------            



INSERT INTO artist (id, name, statement, notes, display)
	VALUES(314, 'ben hughes',
	'<p class="artist">Growing up in Liverpool, coupled with an insatiable appetite
for scouse culture, has enabled Ben Hughes to create not only his
own visual interpretation of Liverpool and the North West of England,
but also to promote, through art and music, his love of the environment
in which he lives. Ben has a unique artistic style, offering his own interpretation
of life through art, which provides an artistic view that simply attracts
and holds the eye.

.</p>

<p class="artist">In his paintings of Liverpool''s Cathedrals, Railway Station,
Albert Docks, shopping malls and Old Trafford, the daily hustle and bustle
of peoples lives is captured in a simplicity that brings all of that together.
Looking at Ben Hughes'' art, it is easy to feel the passion for Liverpool
and the North East that also comes from his music compositions.  It is as if
the art is full of a huge feeling of joy in the subjects Ben has
chosen to capture.
</p>


<p class="artist">Ben Hughes Music together with Ben Hughes Art both promote what
is really important to this young creative "son of Liverpool".</p>

<p class="artist">Please call 0845 0176660 to arrange viewing of framed original works.</p>',
               NULL,
	       1);

##---------------------------------------------------------------



INSERT INTO art (artist, title, media, width, height, image, pricing_info, main_image, image_width, image_height)
	VALUES(314,
	       'anfield',
	       'watercolour on paper',
	       44.5,
	       39,
	       'anfield',
	      'limited edition print, &pound;99',
	       0,
		650,
		439);
	     
		
INSERT INTO art_pricing(art, item_number, description, price)
	VALUES(LAST_INSERT_ID(), 'bh101', 'limited edition print', 99);


##---------------------------------------------------------------     



INSERT INTO art (artist, title, media, width, height, image, pricing_info, main_image, image_width, image_height)
	VALUES(314,
	       'bold street liverpool',
	   	       'watercolour on paper',
	       44.5,
	       39,
	       'bold-street-liverpool',
	      'limited edition print, &pound;99',
	       0,
		443,
		650);
	     
		
INSERT INTO art_pricing(art, item_number, description, price)
	VALUES(LAST_INSERT_ID(), 'bh102', 'limited edition print', 99);


##---------------------------------------------------------------         




INSERT INTO art (artist, title, media, width, height, image, pricing_info, main_image, image_width, image_height)
	VALUES(314,
	       'bold street liverpool',
	   'watercolour on paper',
	       60,
	       42,
	       'bold-street-liverpool',
	      'framed original, &pound;300',
	       0,
		443,
		650);
	     
INSERT INTO art_pricing(art, item_number, description, price)
	VALUES(LAST_INSERT_ID(), 'bh102', 'framed original', 300);

##---------------------------------------------------------------  


INSERT INTO art (artist, title, media, width, height, image, pricing_info, main_image, image_width, image_height)
	VALUES(314,
	       'goodison park',
	    	       'watercolour on paper',
	       44.5,
	       39,
	       'goodison-park',
	      'limited edition print, &pound;99',
	       0,
		650,
		441);
	     
		
INSERT INTO art_pricing(art, item_number, description, price)
	VALUES(LAST_INSERT_ID(), 'bh103', 'limited edition print', 99);


##---------------------------------------------------------------            



INSERT INTO art (artist, title, media, width, height, image, pricing_info, main_image, image_width, image_height)
	VALUES(314,
	       'liverpool albert dock',
	     	       'watercolour on paper',
	       44.5,
	       39,
	       'liverpool-albert-dock',
	      'limited edition print, &pound;99',
	       0,
		650,
		441);
	     
		
INSERT INTO art_pricing(art, item_number, description, price)
	VALUES(LAST_INSERT_ID(), 'bh104', 'limited edition print', 99);


##---------------------------------------------------------------             



INSERT INTO art (artist, title, media, width, height, image, pricing_info, main_image, image_width, image_height)
	VALUES(314,
	       'liverpool anglican cathedral',
	       'watercolour on paper',
	       44.5,
	       39,
	       'anglican-cathedral',
	      'limited edition print, &pound;99',
	       1,
		492,
		650);
	     
		
INSERT INTO art_pricing(art, item_number, description, price)
	VALUES(LAST_INSERT_ID(), 'bh105', 'limited edition print', 99);


##---------------------------------------------------------------                



INSERT INTO art (artist, title, media, width, height, image, pricing_info, main_image, image_width, image_height)
	VALUES(314,
	       'liverpool echo arena',
	       'watercolour on paper',
	       44.5,
	       39,
	       'liverpool-echo-arena',
	      'limited edition print, &pound;99',
	       0,
		442,
		650);
	     
		
INSERT INTO art_pricing(art, item_number, description, price)
	VALUES(LAST_INSERT_ID(), 'bh106', 'limited edition print', 99);


##---------------------------------------------------------------                    



INSERT INTO art (artist, title, media, width, height, image, pricing_info, main_image, image_width, image_height)
	VALUES(314,
		'liverpool echo arena',
	   'watercolour on paper',
	       60,
	       42,
	      'liverpool-echo-arena',
	      'framed original, &pound;300',
	       0,
		443,
		650);
	     
INSERT INTO art_pricing(art, item_number, description, price)
	VALUES(LAST_INSERT_ID(), 'bh106', 'framed original', 300);

##---------------------------------------------------------------  


INSERT INTO art (artist, title, media, width, height, image, pricing_info, main_image, image_width, image_height)
	VALUES(314,
	       'liverpool lime street station',
	 	       'watercolour on paper',
	       44.5,
	       39,
	       'liverpool-lime-street',
	      'limited edition print, &pound;99',
	       0,
		516,
		650);
	     
		
INSERT INTO art_pricing(art, item_number, description, price)
	VALUES(LAST_INSERT_ID(), 'bh107', 'limited edition print', 99);


##---------------------------------------------------------------                       


INSERT INTO art (artist, title, media, width, height, image, pricing_info, main_image, image_width, image_height)
	VALUES(314,
		'liverpool lime street station',
	   'watercolour on paper',
	       42,
	       30,
	      'liverpool-lime-street',
	    'framed original, &pound;300',
	       0,
		443,
		650);
	     
INSERT INTO art_pricing(art, item_number, description, price)
	VALUES(LAST_INSERT_ID(), 'bh107', 'framed original', 300);

##--------------------------------------------------------------- 

INSERT INTO art (artist, title, media, width, height, image, pricing_info, main_image, image_width, image_height)
	VALUES(314,
	       'liverpool metropolitan cathedral',
		       'watercolour on paper',
	       44.5,
	       39,
	       'metropolitan-cathedral',
	      'limited edition print, &pound;99',
	       0,
		445,
		650);
	     
		
INSERT INTO art_pricing(art, item_number, description, price)
	VALUES(LAST_INSERT_ID(), 'bh108', 'limited edition print', 99);


##---------------------------------------------------------------                         



INSERT INTO art (artist, title, media, width, height, image, pricing_info, main_image, image_width, image_height)
	VALUES(314,
	       'liverpool metropolitan cathedral',
	   'watercolour on paper',
	       60,
	       42,
	       'metropolitan-cathedral',
	      'original, &pound;300',
	       0,
		443,
		650);
	     
  INSERT INTO art_pricing(art, item_number, description, price)
	VALUES(LAST_INSERT_ID(), 'bh108', 'framed original', 300);

##---------------------------------------------------------------  

INSERT INTO art (artist, title, media, width, height, image, pricing_info, main_image, image_width, image_height)
	VALUES(314,
	       'liverpool one',
	       'watercolour on paper',
	       44.5,
	       39,
	       'liverpool-one',
	      'limited edition print, &pound;99',
	       0,
		449,
		650);
	     
		
INSERT INTO art_pricing(art, item_number, description, price)
	VALUES(LAST_INSERT_ID(), 'bh109', 'limited edition print', 99);


##---------------------------------------------------------------                           




INSERT INTO art (artist, title, media, width, height, image, pricing_info, main_image, image_width, image_height)
	VALUES(314,
	     'liverpool one',
	   'watercolour on paper',
	       60,
	       42,
	      'liverpool-one',
	      'framed original, &pound;300',
	       0,
		443,
		650);

INSERT INTO art_pricing(art, item_number, description, price)
	VALUES(LAST_INSERT_ID(), 'bh109', 'framed original', 300);	     


##---------------------------------------------------------------  

INSERT INTO art (artist, title, media, width, height, image, pricing_info, main_image, image_width, image_height)
	VALUES(314,
	       'old trafford',
		       'watercolour on paper',
	       44.5,
	       39,
	       'old-trafford',
	      'limited edition print, &pound;99',
	       0,
		650,
		431);
	     
		
INSERT INTO art_pricing(art, item_number, description, price)
	VALUES(LAST_INSERT_ID(), 'bh110', 'limited edition print', 99);


##---------------------------------------------------------------   

 



INSERT INTO artist (id, name, statement, notes, display)
	VALUES(313, 'eimear kavanagh',
	'<p class="artist">Often, daily experiences inspire me to create a piece of work. Everyday conversations, something someone says or an excitable thought which I might want to delve into more deeply. This is my secret wonderland, an imaginary realm of marvels with which I can play around with & explore on paper.
</p>

<p class="artist">Travel adventures become a crucial part of my creative thinking & visualization as an Artist (be they past or future, real or fantasy) making my feelings & memories more tangible. I like to find the order & harmony of God''s creation.  Beauty and profound symbolism in earth''s nature can be reflected by the order & symmetry in pattern, with kaleidoscopic like patterns & geometric shapes. Emotional & spiritual forces intertwine & weave throughout. I am influenced by Indian culture & beliefs, Tibetan Buddhism & Celtic spiritual wisdom. </p>


<p class="artist">My work in mixed media sometimes begins with found or recycled objects, such as the unpredictable findings in charity shops, vintage fabrics, saris & books, or unusual papers found on travels. I vary the medium I use greatly, so as not to feel repetition in my work & the surfaces I make are often very rich in layers of unique & unusual materials.</p>

<p class="artist">I have worked within fashion, illustration, album art, stage set design, tattoo art, education and community settings.</p>',
               NULL,
	       1);

##---------------------------------------------------------------



INSERT INTO art (artist, title, media, width, height, image, pricing_info, main_image, image_width, image_height)
	VALUES(313,
	       'impermanence',
	       'mixed media collage on paper',
	       54,
	       54,
	       'impermanence',
	      'original, &pound;250',
	       0,
		644,
		650);
	     
		
INSERT INTO art_pricing(art, item_number, description, price)
	VALUES(LAST_INSERT_ID(), 'ek105', 'original', 250);


##---------------------------------------------------------------   



INSERT INTO art (artist, title, media, width, height, image, pricing_info, main_image, image_width, image_height)
	VALUES(313,
	       'the wise man',
	       'mixed media collage on paper',
	       54,
	       54,
	       'the-wise-man',
	      'original, &pound;250',
	       0,
		648,
		650);
	     
		
INSERT INTO art_pricing(art, item_number, description, price)
	VALUES(LAST_INSERT_ID(), 'ek106', 'original', 250);


##---------------------------------------------------------------   



INSERT INTO art (artist, title, media, width, height, image, pricing_info, main_image, image_width, image_height)
	VALUES(313,
	       'right mindfulness',
	       'mixed media collage on paper',
	       54,
	       54,
	       'right-mindfulness',
	      'original, &pound;250',
	       0,
		650,
		606);
	     
		
INSERT INTO art_pricing(art, item_number, description, price)
	VALUES(LAST_INSERT_ID(), 'ek107', 'original', 250);


##---------------------------------------------------------------      



INSERT INTO art (artist, title, media, width, height, image, pricing_info, main_image, image_width, image_height)
	VALUES(313,
	       'reflections 1',
	       'mixed media collage with mirror',
	       50,
	       50,
	       'reflections-1',
	      'original, &pound;225',
	       0,
		600,
		650);
	     
		
INSERT INTO art_pricing(art, item_number, description, price)
	VALUES(LAST_INSERT_ID(), 'ek108', 'original', 225);


##---------------------------------------------------------------       



INSERT INTO art (artist, title, media, width, height, image, pricing_info, main_image, image_width, image_height)
	VALUES(313,
	       'reflections 2',
	       'mixed media paper collage ',
	       39,
	       39,
	       'reflections-2',
	      'original, &pound;225',
	       0,
		645,
		650);
	     
		
INSERT INTO art_pricing(art, item_number, description, price)
	VALUES(LAST_INSERT_ID(), 'ek109', 'original', 225);


##---------------------------------------------------------------        



INSERT INTO art (artist, title, media, width, height, image, pricing_info, main_image, image_width, image_height)
	VALUES(313,
	       'reflections 4',
	       'mixed media collage ',
	       40,
	       40,
	       'reflections-4',
	      'original, &pound;225',
	       0,
		639,
		650);
	     
		
INSERT INTO art_pricing(art, item_number, description, price)
	VALUES(LAST_INSERT_ID(), 'ek111', 'original', 225);


##---------------------------------------------------------------        



INSERT INTO art (artist, title, media, width, height, image, pricing_info, main_image, image_width, image_height)
	VALUES(313,
	       'chunk',
	       'mixed media with tea bags on canvas ',
	       20,
	       25,
	       'chunk',
	      'original, &pound;150',
	       0,
		504,
		650);
	     
		
INSERT INTO art_pricing(art, item_number, description, price)
	VALUES(LAST_INSERT_ID(), 'ek112', 'original', 150);


##---------------------------------------------------------------         



INSERT INTO art (artist, title, media, width, height, image, pricing_info, main_image, image_width, image_height)
	VALUES(313,
	       'radiance',
	       'mixed media with tea bags on hard board ',
	       28,
	       28,
	       'radiance',
	      'original, &pound;140',
	       1,
		644,
		650);
	     
		
INSERT INTO art_pricing(art, item_number, description, price)
	VALUES(LAST_INSERT_ID(), 'ek113', 'original', 140);


##---------------------------------------------------------------            



INSERT INTO art (artist, title, media, width, height, image, pricing_info, main_image, image_width, image_height)
	VALUES(313,
	       'give and take',
	       'mixed media on hard board ',
	       35,
	       41,
	       'give-and-take',
	      'original, &pound;155',
	       0,
		537,
		650);
	     
		
INSERT INTO art_pricing(art, item_number, description, price)
	VALUES(LAST_INSERT_ID(), 'ek114', 'original', 155);


##---------------------------------------------------------------              



INSERT INTO art (artist, title, media, width, height, image, pricing_info, main_image, image_width, image_height)
	VALUES(313,
	       'double terminated',
	       'mixed media on hard board ',
	       23,
	       30,
	       'double-terminated',
	      'original, &pound;140',
	       0,
		544,
		650);
	     
		
INSERT INTO art_pricing(art, item_number, description, price)
	VALUES(LAST_INSERT_ID(), 'ek115', 'original', 140);


##---------------------------------------------------------------                



INSERT INTO art (artist, title, media, width, height, image, pricing_info, main_image, image_width, image_height)
	VALUES(313,
	       'that which sleeps in the city',
	       'mixed media on yoga mat',
	       170,
	       62,
	       'that-which-sleeps',
	      'original, &pound;550',
	       0,
		232,
		650);
	     
		
INSERT INTO art_pricing(art, item_number, description, price)
	VALUES(LAST_INSERT_ID(), 'ek116', 'original', 550);


##---------------------------------------------------------------               



INSERT INTO art (artist, title, media, width, height, image, pricing_info, main_image, image_width, image_height)
	VALUES(313,
	       'untitled 1',
	       'mixed media on watercolour paper ',
	       30,
	       30,
	       'untitled-1',
	      'original, &pound;145',
	       0,
		638,
		650);
	     
		
INSERT INTO art_pricing(art, item_number, description, price)
	VALUES(LAST_INSERT_ID(), 'ek117', 'original', 145);


##---------------------------------------------------------------                 



INSERT INTO art (artist, title, media, width, height, image, pricing_info, main_image, image_width, image_height)
	VALUES(313,
	       'untitled 2',
	       'mixed media on watercolour paper ',
	       30,
	       30,
	       'untitled-2',
	      'original, &pound;145',
	       0,
		648,
		650);
	     
		
INSERT INTO art_pricing(art, item_number, description, price)
	VALUES(LAST_INSERT_ID(), 'ek118', 'original', 145);


##---------------------------------------------------------------                     



INSERT INTO art (artist, title, media, width, height, image, pricing_info, main_image, image_width, image_height)
	VALUES(313,
	       'untitled 3',
	       'mixed media on watercolour paper ',
	       55,
	       55,
	       'untitled-3',
	      'original, &pound;195',
	       0,
		650,
		640);
	     
		
INSERT INTO art_pricing(art, item_number, description, price)
	VALUES(LAST_INSERT_ID(), 'ek119', 'original', 195);


##---------------------------------------------------------------                      



INSERT INTO art (artist, title, media, width, height, image, pricing_info, main_image, image_width, image_height)
	VALUES(313,
	       'rajmandir 1',
	       'screenprint and collage ',
	       30,
	       40,
	       'rajmandir-1',
	      'original, &pound;160',
	       0,
		502,
		650);
	     
		
INSERT INTO art_pricing(art, item_number, description, price)
	VALUES(LAST_INSERT_ID(), 'ek120', 'original', 160);


##---------------------------------------------------------------                        



INSERT INTO art (artist, title, media, width, height, image, pricing_info, main_image, image_width, image_height)
	VALUES(313,
	       'rajmandir 2',
	       'screenprint and collage ',
	       24,
	       33,
	       'rajmandir-2',
	      'original, &pound;160',
	       0,
		470,
		650);
	     
		
INSERT INTO art_pricing(art, item_number, description, price)
	VALUES(LAST_INSERT_ID(), 'ek121', 'original', 160);


##---------------------------------------------------------------                        



INSERT INTO art (artist, title, media, width, height, image, pricing_info, main_image, image_width, image_height)
	VALUES(313,
	       'rajmandir 3',
	       'screenprint with etch ',
	       30,
	       39,
	       'rajmandir-3',
	      'original, &pound;160',
	       0,
		520,
		650);
	     
		
INSERT INTO art_pricing(art, item_number, description, price)
	VALUES(LAST_INSERT_ID(), 'ek122', 'original', 160);


##---------------------------------------------------------------                           



INSERT INTO art (artist, title, media, width, height, image, pricing_info, main_image, image_width, image_height)
	VALUES(313,
	       'rajmandir 4',
	       'paint with collage ',
	       34,
	       32,
	       'rajmandir-4',
	      'original, &pound;160',
	       0,
		577,
		650);
	     
		
INSERT INTO art_pricing(art, item_number, description, price)
	VALUES(LAST_INSERT_ID(), 'ek123', 'original', 160);


##--------------------------------------------------------------- 


 



INSERT INTO artist (id, name, statement, notes, display)
	VALUES(315, 'susan aigelsreiter',
	'<p class="artist">I am a contemporary artist whose work has captured national and international interest. Exhibitions I have taken in, been shortlisted for, or invited to take part in include Liverpool John Moores exhibition, Sefton Open, Best of Merseyside, Capital of Culture celebration, Art Merseywide, Liverpool Biennial, Liverpool Art Fair, Agora Gallery New York and dot-art exhibitions.
</p>

<p class="artist">The focus of my artwork concentrates on either history, architecture or nature. I particularly like painting vastness of space, infinity, moments in time, angles and strong contrasts of light and shade. I possess a BA Hons in Design History with Practice. 
</p>


<p class="artist">
</p>

<p class="artist"></p>',
               NULL,
	       1);

##---------------------------------------------------------------

INSERT INTO art (artist, title, media, width, height, image, pricing_info, main_image, image_width, image_height)
	VALUES(315,
	       'gateacre village 1950s',
	       'acrylic and ink on canvas',
	       40,
	       30,
	       'gateacre-village',
	      'original, &pound;175',
	       0,
		650,
		471);
	     
		
INSERT INTO art_pricing(art, item_number, description, price)
	VALUES(LAST_INSERT_ID(), 'sa130', 'original',175);


##---------------------------------------------------------------                 



INSERT INTO art (artist, title, media, width, height, image, pricing_info, main_image, image_width, image_height)
	VALUES(315,
	       'cavern',
	       'acrylic on canvas',
	       30,
	       40,
	       'cavern',
	      'limited edition print, &pound;65',
	       0,
		485,
		650);
	     
		
INSERT INTO art_pricing(art, item_number, description, price)
	VALUES(LAST_INSERT_ID(), 'sa106', 'limited edition print',65);


##---------------------------------------------------------------                 


INSERT INTO art (artist, title, media, width, height, image, pricing_info, main_image, image_width, image_height)
	VALUES(315,
	       'liver building',
	       'acrylic on canvas',
	       30,
	       40,
	       'liver-building',
	      'limited edition print, &pound;65',
	       0,
		494,
		650);
	     
		
INSERT INTO art_pricing(art, item_number, description, price)
	VALUES(LAST_INSERT_ID(), 'sa112', 'limited edition print',65);


##---------------------------------------------------------------                             



INSERT INTO art (artist, title, media, width, height, image, pricing_info, main_image, image_width, image_height)
	VALUES(315,
	       'palm house',
	       'acrylic on canvas',
	       30,
	       40,
	       'palm-house',
	      'limited edition print, &pound;65',
	       1,
		485,
		650);
	     
		
INSERT INTO art_pricing(art, item_number, description, price)
	VALUES(LAST_INSERT_ID(), 'sa119', 'limited edition print',65);


##---------------------------------------------------------------                                                         



INSERT INTO art (artist, title, media, width, height, image, pricing_info, main_image, image_width, image_height)
	VALUES(315,
	       'pink liver building',
	       'acrylic on canvas',
	       30,
	       40,
	       'pink-liver-building',
	      'limited edition print, &pound;65',
	       0,
		459,
		650);
	     
		
INSERT INTO art_pricing(art, item_number, description, price)
	VALUES(LAST_INSERT_ID(), 'sa120', 'limited edition print',65);


##---------------------------------------------------------------                                                           



INSERT INTO art (artist, title, media, width, height, image, pricing_info, main_image, image_width, image_height)
	VALUES(315,
	       'walker art gallery',
	       'acrylic on canvas',
	       30,
	       40,
	       'walker-art-gallery',
	      'limited edition print, &pound;65',
	       0,
		490,
		650);
	     
		
INSERT INTO art_pricing(art, item_number, description, price)
	VALUES(LAST_INSERT_ID(), 'sa123', 'limited edition print',65);


##---------------------------------------------------------------     




INSERT INTO art (artist, title, media, width, height, image, pricing_info, main_image, image_width, image_height)
	VALUES(315,
	       'liverpool triptych 1',
	       'acrylic on canvas',
	       30,
	       40,
	       'liverpool-triptych-1',
	      'limited edition print, &pound;85',
	       0,
		650,
		429);
	     
		
INSERT INTO art_pricing(art, item_number, description, price)
	VALUES(LAST_INSERT_ID(), 'sa117', 'limited edition print',85);


##---------------------------------------------------------------                                               



INSERT INTO art (artist, title, media, width, height, image, pricing_info, main_image, image_width, image_height)
	VALUES(315,
	       'liverpool triptych 2',
	       'acrylic on canvas',
	       30,
	       40,
	       'liverpool-triptych-2',
	      'limited edition print, &pound;85',
	       0,
		650,
		429);
	     
		
INSERT INTO art_pricing(art, item_number, description, price)
	VALUES(LAST_INSERT_ID(), 'sa118', 'limited edition print',85);


##---------------------------------------------------------------                                                  




INSERT INTO art (artist, title, media, width, height, image, pricing_info, main_image, image_width, image_height)
	VALUES(315,
	       'beach 1',
	       'acrylic on canvas board framed',
	       90,
	       60,
	       'beach-1',
	      'original, &pound;495',
	       0,
		650,
		416);
	     
		
INSERT INTO art_pricing(art, item_number, description, price)
	VALUES(LAST_INSERT_ID(), 'sa101', 'original', 495);


##---------------------------------------------------------------      



INSERT INTO art (artist, title, media, width, height, image, pricing_info, main_image, image_width, image_height)
	VALUES(315,
	       'beach 5',
	       'acrylic on canvas board framed',
	       90,
	       60,
	       'beach-5',
	      'original, &pound;575',
	       0,
		650,
		438);
	     
		
INSERT INTO art_pricing(art, item_number, description, price)
	VALUES(LAST_INSERT_ID(), 'sa105', 'original',575);


##---------------------------------------------------------------                   




INSERT INTO art (artist, title, media, width, height, image, pricing_info, main_image, image_width, image_height)
	VALUES(315,
	       'beachfront 6',
	       'acrylics and ink on streched canvas',
	       50,
	       60,
	       'beachfront-6',
	      'original, &pound;285',
	       0,
		536,
		650);
	     
		
INSERT INTO art_pricing(art, item_number, description, price)
	VALUES(LAST_INSERT_ID(), 'sa123', 'original',285);


##---------------------------------------------------------------                                                                        



INSERT INTO art (artist, title, media, width, height, image, pricing_info, main_image, image_width, image_height)
	VALUES(315,
	       'beachfront 7',
	       'acrylics and ink on streched canvas',
	       50,
	       60,
	       'beachfront-7',
	      'original, &pound;285',
	       0,
		533,
		650);
	     
		
INSERT INTO art_pricing(art, item_number, description, price)
	VALUES(LAST_INSERT_ID(), 'sa124', 'original',285);


##---------------------------------------------------------------     


INSERT INTO art (artist, title, media, width, height, image, pricing_info, main_image, image_width, image_height)
	VALUES(315,
	       'classic 1',
	       'acrylic on streched block canvas',
	       90,
	       60,
	       'classic-1',
	      'original, &pound;450',
	       0,
		433,
		650);
	     
		
INSERT INTO art_pricing(art, item_number, description, price)
	VALUES(LAST_INSERT_ID(), 'sa107', 'original',450);


##---------------------------------------------------------------                      



INSERT INTO art (artist, title, media, width, height, image, pricing_info, main_image, image_width, image_height)
	VALUES(315,
	       'classic 3',
	       'acrylic on streched block canvas',
	       90,
	       60,
	       'classic-3',
	      'original, &pound;450',
	       0,
		403,
		650);
	     
		
INSERT INTO art_pricing(art, item_number, description, price)
	VALUES(LAST_INSERT_ID(), 'sa108', 'original',450);


##---------------------------------------------------------------                         



INSERT INTO art (artist, title, media, width, height, image, pricing_info, main_image, image_width, image_height)
	VALUES(315,
	       'classic 4',
	       'acrylic on streched block canvas',
	       90,
	       60,
	       'classic-4',
	      'original, &pound;450',
	       0,
		447,
		650);
	     
		
INSERT INTO art_pricing(art, item_number, description, price)
	VALUES(LAST_INSERT_ID(), 'sa109', 'original',450);


##---------------------------------------------------------------                           



INSERT INTO art (artist, title, media, width, height, image, pricing_info, main_image, image_width, image_height)
	VALUES(315,
	       'classic 5',
	       'acrylic on streched block canvas',
	       90,
	       60,
	       'classic-5',
	      'original, &pound;450',
	       0,
		459,
		650);
	     
		
INSERT INTO art_pricing(art, item_number, description, price)
	VALUES(LAST_INSERT_ID(), 'sa110', 'original',450);


##---------------------------------------------------------------                             



INSERT INTO art (artist, title, media, width, height, image, pricing_info, main_image, image_width, image_height)
	VALUES(315,
	       'classic 6',
	       'acrylic on streched block canvas',
	       90,
	       60,
	       'classic-6',
	      'original, &pound;450',
	       0,
		455,
		650);
	     
		
INSERT INTO art_pricing(art, item_number, description, price)
	VALUES(LAST_INSERT_ID(), 'sa111', 'original',450);

##---------------------------------------------------------------                   


INSERT INTO art (artist, title, media, width, height, image, pricing_info, main_image, image_width, image_height)
	VALUES(315,
	       'liverpool parks 1',
	       'acrylic and ink on streched canvas',
	       60,
	       60,
	       'liverpool-parks-1',
	      'original, &pound;275',
	       0,
		645,
		650);
	     
		
INSERT INTO art_pricing(art, item_number, description, price)
	VALUES(LAST_INSERT_ID(), 'sa113', 'original',275);


##---------------------------------------------------------------                                



INSERT INTO art (artist, title, media, width, height, image, pricing_info, main_image, image_width, image_height)
	VALUES(315,
	       'liverpool parks 2',
	       'acrylic and ink on streched canvas',
	       60,
	       90,
	       'liverpool-parks-2',
	      'original, &pound;425',
	       0,
		459,
		650);
	     
		
INSERT INTO art_pricing(art, item_number, description, price)
	VALUES(LAST_INSERT_ID(), 'sa114', 'original',425);


##---------------------------------------------------------------                                  



INSERT INTO art (artist, title, media, width, height, image, pricing_info, main_image, image_width, image_height)
	VALUES(315,
	       'liverpool parks 3',
	       'acrylic and ink on streched canvas',
	       60,
	       90,
	       'liverpool-parks-3',
	      'original, &pound;425',
	       0,
		442,
		650);
	     
		
INSERT INTO art_pricing(art, item_number, description, price)
	VALUES(LAST_INSERT_ID(), 'sa115', 'original',425);


##---------------------------------------------------------------                                     



INSERT INTO art (artist, title, media, width, height, image, pricing_info, main_image, image_width, image_height)
	VALUES(315,
	       'liverpool parks 4',
	       'acrylic and ink on streched canvas',
	       76,
	       50,
	       'liverpool-parks-4',
	      'original, &pound;350',
	       0,
		420,
		650);
	     
		
INSERT INTO art_pricing(art, item_number, description, price)
	VALUES(LAST_INSERT_ID(), 'sa116', 'original',350);


##---------------------------------------------------------------                                           







INSERT INTO art (artist, title, media, width, height, image, pricing_info, main_image, image_width, image_height)
	VALUES(315,
	       'stillness 1',
	       'acrylic on streched canvas',
	       30,
	       40,
	       'stillness-1',
	      'original, &pound;175',
	       0,
		650,
		498);
	     
		
INSERT INTO art_pricing(art, item_number, description, price)
	VALUES(LAST_INSERT_ID(), 'sa121', 'original',175);


##---------------------------------------------------------------                                                               



INSERT INTO art (artist, title, media, width, height, image, pricing_info, main_image, image_width, image_height)
	VALUES(315,
	       'stillness 2',
	       'acrylic on streched canvas',
	       30,
	       40,
	       'stillness-2',
	      'original, &pound;175',
	       0,
		650,
		498);
	     
		
INSERT INTO art_pricing(art, item_number, description, price)
	VALUES(LAST_INSERT_ID(), 'sa122', 'original',175);


##---------------------------------------------------------------                                                        



 



INSERT INTO artist (id, name, statement, notes, display)
	VALUES(316, 'anne knight',
	'<p class="artist">I am a self taught mixed media artist from Liverpool, producing an array of colourful collage artwork that incorporates paper, paint, thread, buttons and handmade clay embellishments.</p>

<p class="artist">My work is naive and whimsical in nature and is inspired by my love of the Cornish coast with its harbours and little quaint cottages and also by Liverpool''s waterfront. I love to experiment with different materials and compositions which adds to the playfulness that is at the core of my work. I create collages from my own ideas and designs and I have been exhibiting and selling my work in the region since 2011.</p>


<p class="artist">
</p>

<p class="artist"></p>',
               NULL,
	       1);

##---------------------------------------------------------------


INSERT INTO art (artist, title, media, width, height, image, pricing_info, main_image, image_width, image_height)
	VALUES(316,
	       'my liverpool home',
	       'mixed media collage',
	       40,
	       30,
	       'my-liverpool-home',
	      'original, &pound;195',
	       0,
		650,
		469);
	     
		
INSERT INTO art_pricing(art, item_number, description, price)
	VALUES(LAST_INSERT_ID(), 'ak102', 'original', 195);


##---------------------------------------------------------------     



INSERT INTO art (artist, title, media, width, height, image, pricing_info, main_image, image_width, image_height)
	VALUES(316,
	       'harbour days',
	       'mixed media collage',
	       29,
	       20,
	       'harbour-days',
	      'original, &pound;95',
	       0,
		650,
		478);
	     
		
INSERT INTO art_pricing(art, item_number, description, price)
	VALUES(LAST_INSERT_ID(), 'ak103', 'original', 95);


##---------------------------------------------------------------       



INSERT INTO art (artist, title, media, width, height, image, pricing_info, main_image, image_width, image_height)
	VALUES(316,
	       'summer sailing',
	       'mixed media collage',
	       29,
	       20,
	       'summer-sailing',
	      'original, &pound;95',
	       0,
		650,
		456);
	     
		
INSERT INTO art_pricing(art, item_number, description, price)
	VALUES(LAST_INSERT_ID(), 'ak104', 'original', 95);


##---------------------------------------------------------------         



INSERT INTO art (artist, title, media, width, height, image, pricing_info, main_image, image_width, image_height)
	VALUES(316,
	       'sew nautical',
	       'mixed media collage',
	       19,
	       19,
	       'sew-nautical',
	      'original, &pound;45',
	       1,
		650,
		646);
	     
		
INSERT INTO art_pricing(art, item_number, description, price)
	VALUES(LAST_INSERT_ID(), 'ak105', 'original', 45);


##---------------------------------------------------------------   

 



INSERT INTO artist (id, name, statement, notes, display)
	VALUES(317, 'david andrews',
	'<p class="artist">David Andrews is a Liverpool based artist and designer, specialising in large and small scale street art and framed prints. His background and experience in mixed media, graphic design and Scherenschnitte (paper-cutting) influences his street artwork; using multi-layered stencils and acrylic spray-paint in a range of vibrant colours. Many of David''s current pieces are linked to science and nature, a theme which continues to inspire him.</p>

<p class="artist">David has participated in a number of exhibitions across the North-West and has recently completed large-scale art commissions for Alternative Futures Group and Rex by Revolver Retail. He is also currently working with the Liverpool Poetry Society on a community street art project. David is passionate about changing negative perceptions of street art and graffiti and believes (and indeed demonstrates) that it is possible to create beautiful art from a spray can.</p>


<p class="artist">David is available to discuss bespoke commissions, big or small, and will happily work with you to tailor designs to your needs
</p>

<p class="artist"></p>',
               NULL,
	       1);

##---------------------------------------------------------------

INSERT INTO art (artist, title, media, width, height, image, pricing_info, main_image, image_width, image_height)
	VALUES(317,
	       'blue hummingbird',
	       'spray paint on wood',
	       60,
	       80,
	       'blue-hummingbird',
	      'original, &pound;100',
	       1,
		488,
		650);
	     
		
INSERT INTO art_pricing(art, item_number, description, price)
	VALUES(LAST_INSERT_ID(), 'da107', 'original', 100);


##---------------------------------------------------------------   

INSERT INTO art (artist, title, media, width, height, image, pricing_info, main_image, image_width, image_height)
	VALUES(317,
	       'green hummingbird',
	       'spray paint on wood',
	       60,
	       80,
	       'green-hummingbird',
	      'original, &pound;100',
	       0,
		486,
		650);
	     
		
INSERT INTO art_pricing(art, item_number, description, price)
	VALUES(LAST_INSERT_ID(), 'da108', 'original', 100);


##---------------------------------------------------------------   

INSERT INTO art (artist, title, media, width, height, image, pricing_info, main_image, image_width, image_height)
	VALUES(317,
	       'hummingbird on chrome',
	       'spray paint on wood',
	       60,
	       80,
	       'hummingbird-chrome',
	      'original, &pound;100',
	       0,
		492,
		650);
	     
		
INSERT INTO art_pricing(art, item_number, description, price)
	VALUES(LAST_INSERT_ID(), 'da109', 'original', 100);


##---------------------------------------------------------------  


INSERT INTO art (artist, title, media, width, height, image, pricing_info, main_image, image_width, image_height)
	VALUES(317,
	       'blue dragonfly',
	       'spray paint on wood',
	       80,
	       60,
	       'blue-dragonfly',
	      'original, &pound;100',
	       0,
		650,
		495);
	     
		
INSERT INTO art_pricing(art, item_number, description, price)
	VALUES(LAST_INSERT_ID(), 'da110', 'original', 100);


##---------------------------------------------------------------  


INSERT INTO art (artist, title, media, width, height, image, pricing_info, main_image, image_width, image_height)
	VALUES(317,
	       'butterfly on chrome',
	       'spray paint on wood',
	       80,
	       60,
	       'butterfly-on-chrome',
	      'original, &pound;100',
	       0,
		650,
		503);
	     
		
INSERT INTO art_pricing(art, item_number, description, price)
	VALUES(LAST_INSERT_ID(), 'da111', 'original', 100);


##---------------------------------------------------------------  



INSERT INTO art (artist, title, media, width, height, image, pricing_info, main_image, image_width, image_height)
	VALUES(317,
	       'dragonfly on chrome',
	       'spray paint on wood',
	       80,
	       60,
	       'dragonfly-chrome',
	      'original, &pound;100',
	       0,
		650,
		501);
	     
		
INSERT INTO art_pricing(art, item_number, description, price)
	VALUES(LAST_INSERT_ID(), 'da112', 'original', 100);


##--------------------------------------------------------------- 




INSERT INTO art (artist, title, media, width, height, image, pricing_info, main_image, image_width, image_height)
	VALUES(317,
	       'chrome butterfly',
	       'spray paint on wood',
	       80,
	       60,
	       'chrome-butterfly',
	      'original, &pound;100',
	       0,
		650,
		488);
	     
		
INSERT INTO art_pricing(art, item_number, description, price)
	VALUES(LAST_INSERT_ID(), 'da113', 'original', 100);


##---------------------------------------------------------------   



INSERT INTO art (artist, title, media, width, height, image, pricing_info, main_image, image_width, image_height)
	VALUES(317,
	       'orange butterfly',
	       'spray paint on wood',
	       80,
	       60,
	       'orange-butterfly',
	      'original, &pound;100',
	       0,
		650,
		500);
	     
		
INSERT INTO art_pricing(art, item_number, description, price)
	VALUES(LAST_INSERT_ID(), 'da114', 'original', 100);


##---------------------------------------------------------------   



INSERT INTO art (artist, title, media, width, height, image, pricing_info, main_image, image_width, image_height)
	VALUES(317,
	       'tree frog',
	       'spray paint on wood',
	       80,
	       60,
	       'tree-frog',
	      'original, &pound;100',
	       0,
		650,
		498);
	     
		
INSERT INTO art_pricing(art, item_number, description, price)
	VALUES(LAST_INSERT_ID(), 'da115', 'original', 100);


##---------------------------------------------------------------   



INSERT INTO art (artist, title, media, width, height, image, pricing_info, main_image, image_width, image_height)
	VALUES(317,
	       'butterflies of the soul',
	       'spray paint on canvas board',
	       29,
	       29,
	       'butterflies-of-the',
	      'original, &pound;100',
	       0,
		650,
		650);
	     
		
INSERT INTO art_pricing(art, item_number, description, price)
	VALUES(LAST_INSERT_ID(), 'da101', 'original', 100);


##---------------------------------------------------------------    



INSERT INTO art (artist, title, media, width, height, image, pricing_info, main_image, image_width, image_height)
	VALUES(317,
	       'charismatic megafauna',
	       'spray paint on board in custom frame',
	       29,
	       37,
	       'charismatic-megafauna',
	      'original, &pound;150',
	       0,
		519,
		650);
	     
		
INSERT INTO art_pricing(art, item_number, description, price)
	VALUES(LAST_INSERT_ID(), 'da102', 'original', 150);


##---------------------------------------------------------------       



INSERT INTO art (artist, title, media, width, height, image, pricing_info, main_image, image_width, image_height)
	VALUES(317,
	       'giraffiti',
	       'spray paint on reverse of glass',
	       29,
	       39,
	       'giraffiti',
	      'original, &pound;100',
	       0,
		488,
		650);
	     
		
INSERT INTO art_pricing(art, item_number, description, price)
	VALUES(LAST_INSERT_ID(), 'da103', 'original', 100);


##---------------------------------------------------------------           



INSERT INTO art (artist, title, media, width, height, image, pricing_info, main_image, image_width, image_height)
	VALUES(317,
	       'space scape 1',
	       'spray paint on wooden board',
	       45,
	       78,
	       'space-scape-1',
	      'original, &pound;100',
	       0,
		432,
		650);
	     
		
INSERT INTO art_pricing(art, item_number, description, price)
	VALUES(LAST_INSERT_ID(), 'da104', 'original', 100);


##---------------------------------------------------------------          



INSERT INTO art (artist, title, media, width, height, image, pricing_info, main_image, image_width, image_height)
	VALUES(317,
	       'pink butterfly',
	       'spray paint on wooden board',
	       80,
	       60,
	       'pink-butterfly',
	      'original, &pound;100',
	       0,
		432,
		650);
	     
		
INSERT INTO art_pricing(art, item_number, description, price)
	VALUES(LAST_INSERT_ID(), 'da105', 'original', 100);


##---------------------------------------------------------------              
    



INSERT INTO art (artist, title, media, width, height, image, pricing_info, main_image, image_width, image_height)
	VALUES(317,
	       'blue butterfly',
	       'spray paint on wooden board',
	       80,
	       60,
	        'blue-butterfly',
	      'original, &pound;100',
	       0,
		432,
		650);
	     
		
INSERT INTO art_pricing(art, item_number, description, price)
	VALUES(LAST_INSERT_ID(), 'da106', 'original', 100);


##---------------------------------------------------------------          

INSERT INTO art (artist, title, media, width, height, image, pricing_info, main_image, image_width, image_height)
	VALUES(317,
	       'deirdre barlow',
	       'spray paint on wood',
	       60,
	       80,
	       'deirdre-barlow',
	      'comission example',
	       0,
		488,
		650);
	    

##---------------------------------------------------------------      
    
    
    
INSERT INTO art (artist, title, media, width, height, image, pricing_info, main_image, image_width, image_height)
	VALUES(317,
	       'church of graffiti',
	       'spray paint on wood',
	       150,
	       150,
	       'church-of-graffiti',
	      'live painting example',
	       0,
		650,
		650);
	    

##---------------------------------------------------------------  

    
INSERT INTO art (artist, title, media, width, height, image, pricing_info, main_image, image_width, image_height)
	VALUES(317,
	       'geometric feature wall',
	       'emulsion paint on wall',
	       300,
	       250,
	       'geo-wall',
	      'comission example',
	       0,
		650,
		437);
	    

##---------------------------------------------------------------  

INSERT INTO art (artist, title, media, width, height, image, pricing_info, main_image, image_width, image_height)
	VALUES(317,
	       'nursery',
	       'spray paint on wall',
	       250,
	       200,
	       'nursery-commission',
	      'comission example',
	       0,
		650,
		353);
	    

##---------------------------------------------------------------  


INSERT INTO art (artist, title, media, width, height, image, pricing_info, main_image, image_width, image_height)
	VALUES(317,
	       'tea-rex',
	       'spray paint on wood',
	       150,
	       150,
	       'tea-rex',
	      'comission example',
	       0,
		650,
		600);
	    

##---------------------------------------------------------------  


INSERT INTO art (artist, title, media, width, height, image, pricing_info, main_image, image_width, image_height)
	VALUES(317,
	       'octopus',
	       'spray paint on metal',
	       220,
	       150,
	       'octopus-commission',
	      'comission example',
	       0,
		650,
		507);
	    

##---------------------------------------------------------------  





INSERT INTO art (artist, title, media, width, height, image, pricing_info, main_image, image_width, image_height)
	VALUES(317,
	       'alternative futures',
	       'spray paint on wall',
	       1000,
	       250,
	       'alternative-futures',
	      'commission example',
	       0,
		650,
		386);
	     
		



##---------------------------------------------------------------                 



INSERT INTO art (artist, title, media, width, height, image, pricing_info, main_image, image_width, image_height)
	VALUES(317,
	       'butterflies',
	       'spray paint on wall',
	       130,
	       100,
	       'butterflies',
	      'commission example',
	       0,
		650,
		480);
	     
		


##---------------------------------------------------------------                    



INSERT INTO art (artist, title, media, width, height, image, pricing_info, main_image, image_width, image_height)
	VALUES(317,
	       'rex',
	       'spray paint on wall',
	       0,
	       0,
	       'rex',
	      'commission example',
	       0,
		650,
		578);
	     
		


##--------------------------------------------------------------- 


 



INSERT INTO artist (id, name, statement, notes, display)
	VALUES(318, 'katherine dereli',
	'<p class="artist">I''m Katherine Dereli, I sculpt mostly in clay that I then cast into plaster and occasionally bronze, or else fire to create one off terracotta pieces. I have also worked in carved stone. In the past I have done varying amounts of painting, traditional and digital which I continue to work on though my focus is on sculpture.</p>

<p class="artist"></p>


<p class="artist">
</p>

<p class="artist"></p>',
               NULL,
	       1);

##---------------------------------------------------------------


INSERT INTO art (artist, title, media, width, height, image, pricing_info, main_image, image_width, image_height)
	VALUES(318,
	       'climbing cat',
	       'terracotta',
	       20,
	       30,
	       'climbing-cat',
	      'original, &pound;160',
	       0,
		650,
		488);
	     
		
INSERT INTO art_pricing(art, item_number, description, price)
	VALUES(LAST_INSERT_ID(), 'kd103', 'original', 160);


##---------------------------------------------------------------  



INSERT INTO art (artist, title, media, width, height, image, pricing_info, main_image, image_width, image_height)
	VALUES(318,
	       'george bernard shaw',
	       'plaster',
	       35,
	       20,
	       'george-bernard-shaw',
	      'original, &pound;220',
	       0,
		425,
		650);
	     
		
INSERT INTO art_pricing(art, item_number, description, price)
	VALUES(LAST_INSERT_ID(), 'kd105', 'original', 220);


##--------------------------------------------------------------- 

INSERT INTO art (artist, title, media, width, height, image, pricing_info, main_image, image_width, image_height)
	VALUES(318,
	       'arrangement',
	       'acrylic on canvas',
	       30,
	       40,
	       'arrangement',
	      'original, &pound;150',
	       0,
		504,
		650);
	     
		
INSERT INTO art_pricing(art, item_number, description, price)
	VALUES(LAST_INSERT_ID(), 'kd101', 'original', 150);


##---------------------------------------------------------------   



INSERT INTO art (artist, title, media, width, height, image, pricing_info, main_image, image_width, image_height)
	VALUES(318,
	       'carnations and poppies',
	       'acrylic on canvas',
	       40,
	       50,
	       'carnations-and-poppies',
	      'original, &pound;230',
	       0,
		551,
		650);
	     
		
INSERT INTO art_pricing(art, item_number, description, price)
	VALUES(LAST_INSERT_ID(), 'kd102', 'original', 230);


##---------------------------------------------------------------      






INSERT INTO art (artist, title, media, width, height, image, pricing_info, main_image, image_width, image_height)
	VALUES(318,
	       'flowers in a cornell box',
	       'acrylic on canvas',
	       25,
	       30,
	       'flowers-in-a',
	      'original, &pound;150',
	       0,
		572,
		650);
	     
		
INSERT INTO art_pricing(art, item_number, description, price)
	VALUES(LAST_INSERT_ID(), 'kd104', 'original', 150);


##---------------------------------------------------------------      





INSERT INTO art (artist, title, media, width, height, image, pricing_info, main_image, image_width, image_height)
	VALUES(318,
	       'red flowers',
	       'acrylic on canvas',
	       40,
	       55,
	       'red-flowers',
	      'original, &pound;230',
	       0,
		650,
		483);
	     
		
INSERT INTO art_pricing(art, item_number, description, price)
	VALUES(LAST_INSERT_ID(), 'kd106', 'original', 230);


##---------------------------------------------------------------   



INSERT INTO art (artist, title, media, width, height, image, pricing_info, main_image, image_width, image_height)
	VALUES(318,
	       'white carnations',
	       'acrylic on canvas',
	       40,
	       40,
	       'white-carnations',
	      'original, &pound;200',
	       1,
		650,
		632);
	     
		
INSERT INTO art_pricing(art, item_number, description, price)
	VALUES(LAST_INSERT_ID(), 'kd107', 'original', 200);


##---------------------------------------------------------------     



INSERT INTO artist (id, name, statement, notes, display)
	VALUES(319, 'lottie hulse',
	'<p class="artist">Lottie, a Year 9 student from St Hilda''s CofE High School, is the second recipient of the dot-art Scholarship, 
giving her a years membership to dot-art''s network, allowing her to showcase and sell her work alongside professional artists;
after being named Overall Winner (secondary) in the second dot-art Schools Competition in May 2014. Her winning piece of work, Heat, can be seen below.
</p>

<p class="artist">The dot-art Schools programme is an annual, interactive, online, inter-school art competition, launched in 2012 and culminating in an end of year 
exhibition for the top students in each participating school. The winners of the 2014 dot-art Schools Competition were announced at a prize-giving 
ceremony at the Walker Art Gallery in Liverpool on 16th May 2014, where as well as the overall winners, the top three students from each of 
the participating schools were all presented with a certificate by the Lord Mayor, Councillor Gary Millar.
</p>

<p class="artist">You can find out more about dot-art Schools at <a class="art_prices" href="http://schools.dot-art.com/">schools.dot-art.com.</a>
</p>

<p class="artist"></p>',
               NULL,
	       1);

##---------------------------------------------------------------


INSERT INTO art (artist, title, media, width, height, image, pricing_info, main_image, image_width, image_height)
	VALUES(319,
	       'heat',
	       'pen on paper',
	       29,
	       21,
	       'heat',
	      'not available',
	       0,
		554,
		 650);
	     
		

##---------------------------------------------------------------


INSERT INTO art (artist, title, media, width, height, image, pricing_info, main_image, image_width, image_height)
	VALUES(319,
	       'youth 1',
	       'pen on paper',
	       29,
	       21,
	       'youth-1',
	     'original, &pound;45',
	       1,
		459,
		 650);
	     
INSERT INTO art_pricing(art, item_number, description, price)
	VALUES(LAST_INSERT_ID(), 'lh101', 'original', 45);
		

##---------------------------------------------------------------


INSERT INTO art (artist, title, media, width, height, image, pricing_info, main_image, image_width, image_height)
	VALUES(319,
	       'youth 2',
	       'pen on paper',
	       29,
	       21,
	       'youth-2',
	     'original, &pound;45',
	       0,
		454,
		 650);
	     
INSERT INTO art_pricing(art, item_number, description, price)
	VALUES(LAST_INSERT_ID(), 'lh101', 'original', 45);
		

##---------------------------------------------------------------



INSERT INTO art (artist, title, media, width, height, image, pricing_info, main_image, image_width, image_height)
	VALUES(319,
	       'glasses',
	       'pen on paper',
	       21,
	       14.6,
	       'glasses',
	     'original, &pound;40',
	       0,
		650,
		 474);
	     
INSERT INTO art_pricing(art, item_number, description, price)
	VALUES(LAST_INSERT_ID(), 'lh102', 'original', 40);
		

##---------------------------------------------------------------   


INSERT INTO art (artist, title, media, width, height, image, pricing_info, main_image, image_width, image_height)
	VALUES(319,
	       'fridge',
	       'pen on paper',
	       29,
	       21,
	       'fridge',
	     'original, &pound;45',
	       0,
		420,
		 650);
	     
INSERT INTO art_pricing(art, item_number, description, price)
	VALUES(LAST_INSERT_ID(), 'lh103', 'original', 45);
		

##---------------------------------------------------------------


INSERT INTO art (artist, title, media, width, height, image, pricing_info, main_image, image_width, image_height)
	VALUES(319,
	       'garden',
	       'pen on paper',
	       29,
	       21,
	       'garden',
	     'original, &pound;45',
	       0,
		439,
		 650);
	     
INSERT INTO art_pricing(art, item_number, description, price)
	VALUES(LAST_INSERT_ID(), 'lh104', 'original', 45);
		

##---------------------------------------

 



INSERT INTO artist (id, name, statement, notes, display)
	VALUES(320, 'nicky armstrong',
	'<p class="artist">Trained in both traditional stained glass and Contemporary Architectural Glass Design Nicky has developed a reputation as a fine art glass/ mixed media Applied Artist often incorporating textiles into pieces to touch on social and political observations. Intent on pushing boundaries, Nicky''s strengths lie in innovative manipulation of material combined with social comment.</p>

<p class="artist">Matriarchal Trapping is a body of work touching on the issues off class diversity. The works recognise and expresses personal experiences of living amid oppressed stereotypical working class woman, and the strong comradeship between social groups amongst these tight knit communities.
The loss of industry within Victorian towns reflects in the ghostly remains of garments, carbon echoes industrial bi-product and speaks volumes of lifetimes spent serving the machine
</p>


<p class="artist">"Even today I remember vividly the memories 
of an up bringing in a Northern working community and the personality traits of women whom I have known throughout my life are still with me. 
Women from industrial working communities whom have spent a lifetime working in the confinement of a factory.  Remnants of tools and learnt tacit skills of times when women were not only slave to the industrial machine but also oppressed in the home."</p>

<p class="artist">Matriarchal Trapping is a reflection of the past and a celebration of woman in the future.</p>',
               NULL,
	       1);

##---------------------------------------------------------------



INSERT INTO art (artist, title, media, width, height, image, pricing_info, main_image, image_width, image_height)
	VALUES(320,
	       'barbaras pinny',
	       'carbon print on glass reclamed window pane',
	       61,
	       100,
	       'barbaras-pinny',
	      'original, &pound;700',
	       0,
		390,
		650);
	     
		
INSERT INTO art_pricing(art, item_number, description, price)
	VALUES(LAST_INSERT_ID(), 'na101', 'original', 700);


##---------------------------------------------------------------  



INSERT INTO art (artist, title, media, width, height, image, pricing_info, main_image, image_width, image_height)
	VALUES(320,
	       'irenes pinny',
	       'carbon print on glass reclamed window pane',
	       61,
	       100,
	       'irenes-pinny',
	      'original, &pound;700',
	       0,
		391,
		650);
	     
		
INSERT INTO art_pricing(art, item_number, description, price)
	VALUES(LAST_INSERT_ID(), 'na102', 'original', 700);


##---------------------------------------------------------------        



INSERT INTO art (artist, title, media, width, height, image, pricing_info, main_image, image_width, image_height)
	VALUES(320,
	       'margarets pinny',
	       'carbon print on glass reclamed window pane',
	       61,
	       100,
	       'margarets-pinny',
	      'original, &pound;700',
	       0,
		405,
		650);
	     
		
INSERT INTO art_pricing(art, item_number, description, price)
	VALUES(LAST_INSERT_ID(), 'na103', 'original', 700);


##---------------------------------------------------------------         



INSERT INTO art (artist, title, media, width, height, image, pricing_info, main_image, image_width, image_height)
	VALUES(320,
	       'ritas pinny',
	       'carbon print on glass reclamed window pane',
	       61,
	       100,
	       'ritas-pinny',
	      'original, &pound;700',
	       0,
		402,
		650);
	     
		
INSERT INTO art_pricing(art, item_number, description, price)
	VALUES(LAST_INSERT_ID(), 'na104', 'original', 700);


##---------------------------------------------------------------              



INSERT INTO art (artist, title, media, width, height, image, pricing_info, main_image, image_width, image_height)
	VALUES(320,
	       'doreens pinny',
	       'carbon print on glass',
	       61,
	       100,
	       'doreens-pinny',
	      'original, &pound;750',
	       0,
		650,
		410);
	     
		
INSERT INTO art_pricing(art, item_number, description, price)
	VALUES(LAST_INSERT_ID(), 'na105', 'original', 750);


##---------------------------------------------------------------                



INSERT INTO art (artist, title, media, width, height, image, pricing_info, main_image, image_width, image_height)
	VALUES(320,
	       'sylvias pinny',
	       'carbon print on glass',
	       61,
	       100,
	       'sylvias-pinny',
	      'original, &pound;500',
	       0,
		417,
		650);
	     
		
INSERT INTO art_pricing(art, item_number, description, price)
	VALUES(LAST_INSERT_ID(), 'na106', 'original', 500);


##---------------------------------------------------------------                    



INSERT INTO art (artist, title, media, width, height, image, pricing_info, main_image, image_width, image_height)
	VALUES(320,
	       'peg bag',
	       'carbon print on glass',
	       61,
	       100,
	       'peg-bag',
	      'original, &pound;500',
	       0,
		387,
		650);
	     
		
INSERT INTO art_pricing(art, item_number, description, price)
	VALUES(LAST_INSERT_ID(), 'na107', 'original', 500);


##---------------------------------------------------------------                      



INSERT INTO art (artist, title, media, width, height, image, pricing_info, main_image, image_width, image_height)
	VALUES(320,
	       'gloves',
	       'carbon print on glass',
	       62,
	       62,
	       'gloves',
	      'original, &pound;166',
	       1,
		650,
		627);
	     
		
INSERT INTO art_pricing(art, item_number, description, price)
	VALUES(LAST_INSERT_ID(), 'na108', 'original', 166);


##---------------------------------------------------------------                        



INSERT INTO art (artist, title, media, width, height, image, pricing_info, main_image, image_width, image_height)
	VALUES(320,
	       'irons',
	       'branded calico mixed media',
	       75,
	       160,
	       'irons',
	      'original, &pound;300',
	       0,
		650,
		332);
	     
		
INSERT INTO art_pricing(art, item_number, description, price)
	VALUES(LAST_INSERT_ID(), 'na109', 'original', 300);


##---------------------------------------------------------------                           



INSERT INTO art (artist, title, media, width, height, image, pricing_info, main_image, image_width, image_height)
	VALUES(320,
	       'patterns',
	       'screen printed glass gold leaf',
	       60,
	       75,
	       'patterns',
	      'original, &pound;333',
	       0,
		464,
		650);
	     
		
INSERT INTO art_pricing(art, item_number, description, price)
	VALUES(LAST_INSERT_ID(), 'na110', 'original', 333);


##---------------------------------------------------------------                               



INSERT INTO art (artist, title, media, width, height, image, pricing_info, main_image, image_width, image_height)
	VALUES(320,
	       'patterns and shuttle',
	       'mixed media',
	       94,
	       102,
	       'patterns-and-shuttle',
	      'original, &pound;200',
	       0,
		514,
		650);
	     
		
INSERT INTO art_pricing(art, item_number, description, price)
	VALUES(LAST_INSERT_ID(), 'na111', 'original', 200);


##---------------------------------------------------------------                                    



INSERT INTO art (artist, title, media, width, height, image, pricing_info, main_image, image_width, image_height)
	VALUES(320,
	       'shuttle panel',
	       'screen printed glass branded wood',
	       85,
	       106,
	       'shuttle-panel',
	      'original, &pound;600',
	       0,
		650,
		529);
	     
		
INSERT INTO art_pricing(art, item_number, description, price)
	VALUES(LAST_INSERT_ID(), 'na112', 'original', 600);


##---------------------------------------------------------------                                     



INSERT INTO art (artist, title, media, width, height, image, pricing_info, main_image, image_width, image_height)
	VALUES(320,
	       'shuttle screen',
	       'screen printed glass branded wood',
	       180,
	       62,
	       'shuttle-screen',
	      'original, &pound;1166',
	       0,
		423,
		650);
	     
		
INSERT INTO art_pricing(art, item_number, description, price)
	VALUES(LAST_INSERT_ID(), 'na113', 'original', 1166);


##---------------------------------------------------------------                                       



INSERT INTO art (artist, title, media, width, height, image, pricing_info, main_image, image_width, image_height)
	VALUES(320,
	       'untitled',
	       'carbon print on glass mixed media',
	       90,
	       45,
	       'untitled',
	      'original, &pound;140',
	       0,
		650,
		488);
	     
		
INSERT INTO art_pricing(art, item_number, description, price)
	VALUES(LAST_INSERT_ID(), 'na114', 'original', 140);


##---------------------------------------------------------------                                            



INSERT INTO art (artist, title, media, width, height, image, pricing_info, main_image, image_width, image_height)
	VALUES(320,
	       'street',
	       'soot and vinyl letters installation piece',
	         0,
	         0,
	       'street',
	      'commission example',
	       0,
		650,
		459);
	     
		


##--------------------------------------------------------------- 


INSERT INTO artist (id, name, statement, notes, display)
	VALUES(321, 'david grimbleby',
	'<p class="artist">David Grimbleby was born in Lincolnshire, studied graphic design and worked as a decorative and 
  lettering artist. In the south west and London, he worked in several outdoor jobs, exhibiting locally and nationally. 
  On moving to Southport he became a member of Merseyside Contemporary Artists and has exhibited widely in both solo 
  and mixed exhibitions. David has won several awards and prizes and has work in the BBC Public Catalogue Foundation site, 
  Your Paintings, as well as in many private and public collections. His work has been influenced by surrealism, landscape 
  and nature; continuing to experiment with various materials in painting, collage and assemblage.
</p>

<p class="artist"></p>

<p class="artist"></p>

<p class="artist"></p>',
               NULL,
	       1);

##---------------------------------------------------------------


INSERT INTO art (artist, title, media, width, height, image, pricing_info, main_image, image_width, image_height)
	VALUES(321,
	       'mythic future',
	       'mixed media',
	       31,
	       39,
	       'mythic-future',
	      'original, &pound;140',
	       0,
		650,
		519);
	     
		
INSERT INTO art_pricing(art, item_number, description, price)
	VALUES(LAST_INSERT_ID(), 'dg101', 'original', 140);


##---------------------------------------------------------------  


INSERT INTO art (artist, title, media, width, height, image, pricing_info, main_image, image_width, image_height)
	VALUES(321,
	       'secret place',
	       'mixed media',
	       46,
	       61,
	       'secret-place',
	      'original, &pound;230',
	       0,
		650,
		467);
	     
		
INSERT INTO art_pricing(art, item_number, description, price)
	VALUES(LAST_INSERT_ID(), 'dg102', 'original', 230);


##---------------------------------------------------------------  

 
INSERT INTO art (artist, title, media, width, height, image, pricing_info, main_image, image_width, image_height)
	VALUES(321,
	       'ness gardens bands',
	       'oil and collage',
	       51,
	       66,
	       'ness-gardens-bands',
	      'original, &pound;300',
	       0,
		650,
		495);
	     
		
INSERT INTO art_pricing(art, item_number, description, price)
	VALUES(LAST_INSERT_ID(), 'dg111', 'original', 300);


##---------------------------------------------------------------            


INSERT INTO art (artist, title, media, width, height, image, pricing_info, main_image, image_width, image_height)
	VALUES(321,
	       'the brood',
	       'oil and collage',
	       30,
	       41,
	       'the-brood',
	      'original, &pound;150',
	       0,
		650,
		491);
	     
		
INSERT INTO art_pricing(art, item_number, description, price)
	VALUES(LAST_INSERT_ID(), 'dg112', 'original', 150);

##--------------------------------------------------------------     


INSERT INTO art (artist, title, media, width, height, image, pricing_info, main_image, image_width, image_height)
	VALUES(321,
	       'garden of the birds',
	       'mixed media',
	       51,
	       51,
	       'garden-of-the',
	      'original, &pound;250',
	       0,
		650,
		645);
	     
		
INSERT INTO art_pricing(art, item_number, description, price)
	VALUES(LAST_INSERT_ID(), 'dg104', 'original', 250);


##---------------------------------------------------------------      


INSERT INTO art (artist, title, media, width, height, image, pricing_info, main_image, image_width, image_height)
	VALUES(321,
	       'rose mandala',
	       'mixed media',
	       51,
	       51,
	       'rose-mandala',
	      'original, &pound;250',
	       0,
		644,
		650);
	     
		
INSERT INTO art_pricing(art, item_number, description, price)
	VALUES(LAST_INSERT_ID(), 'dg105', 'original', 250);


##---------------------------------------------------------------      


INSERT INTO art (artist, title, media, width, height, image, pricing_info, main_image, image_width, image_height)
	VALUES(321,
	       'wind song',
	       'oil on canvas',
	       51,
	       51,
	       'wind-song',
	      'original, &pound;250',
	       0,
		643,
		650);
	     
		
INSERT INTO art_pricing(art, item_number, description, price)
	VALUES(LAST_INSERT_ID(), 'dg115', 'original', 250);


##---------------------------------------------------------------         

INSERT INTO art (artist, title, media, width, height, image, pricing_info, main_image, image_width, image_height)
	VALUES(321,
	       'higgs boson decay',
	       'mixed media',
	       31,
	       31,
	       'higgs-boson-decay',
	      'original, &pound;140',
	       0,
		650,
		641);
	     
		
INSERT INTO art_pricing(art, item_number, description, price)
	VALUES(LAST_INSERT_ID(), 'dg106', 'original', 140);


##---------------------------------------------------------------        


INSERT INTO art (artist, title, media, width, height, image, pricing_info, main_image, image_width, image_height)
	VALUES(321,
	       'time',
	       'mixed media',
	       22,
	       22,
	       'time',
	      'original, &pound;130',
	       1,
		644,
		650);
	     
		
INSERT INTO art_pricing(art, item_number, description, price)
	VALUES(LAST_INSERT_ID(), 'dg107', 'original', 130);


##---------------------------------------------------------------          


INSERT INTO art (artist, title, media, width, height, image, pricing_info, main_image, image_width, image_height)
	VALUES(321,
	       'words from the wise',
	       'mixed media',
	       26,
	       21,
	       'words-from-the',
	      'original, &pound;130',
	       0,
		550,
		650);
	     
		
INSERT INTO art_pricing(art, item_number, description, price)
	VALUES(LAST_INSERT_ID(), 'dg108', 'original', 130);


##---------------------------------------------------------------          


INSERT INTO art (artist, title, media, width, height, image, pricing_info, main_image, image_width, image_height)
	VALUES(321,
	       'remnants',
	       'mixed media',
	       28,
	       23,
	       'remnants',
	      'original, &pound;130',
	       0,
		536,
		650);
	     
		
INSERT INTO art_pricing(art, item_number, description, price)
	VALUES(LAST_INSERT_ID(), 'dg109', 'original', 130);


##---------------------------------------------------------------          


INSERT INTO art (artist, title, media, width, height, image, pricing_info, main_image, image_width, image_height)
	VALUES(321,
	       'whats is left behind',
	       'mixed media',
	       34,
	       29,
	       'what-is-left',
	      'original, &pound;130',
	       0,
		553,
		650);
	     
		
INSERT INTO art_pricing(art, item_number, description, price)
	VALUES(LAST_INSERT_ID(), 'dg110', 'original', 130);


##---------------------------------------------------------------          

                                                                        


INSERT INTO art (artist, title, media, width, height, image, pricing_info, main_image, image_width, image_height)
	VALUES(321,
	       'coastal road',
	       'oil on canvas',
	       41,
	       51,
	       'costal-road',
	      'original, &pound;150',
	       0,
		650,
		501);
	     
		
INSERT INTO art_pricing(art, item_number, description, price)
	VALUES(LAST_INSERT_ID(), 'dg113', 'original', 150);


##---------------------------------------------------------------                                                                               


INSERT INTO art (artist, title, media, width, height, image, pricing_info, main_image, image_width, image_height)
	VALUES(321,
	       'foxglove sentinel',
	       'oil on canvas',
	       40,
	       36,
	       'foxglove-sentinel',
	      'original, &pound;180',
	       0,
		500,
		650);
	     
		
INSERT INTO art_pricing(art, item_number, description, price)
	VALUES(LAST_INSERT_ID(), 'dg114', 'original', 180);


##---------------------------------------------------------------                                                                                 

                                                                        


INSERT INTO art (artist, title, media, width, height, image, pricing_info, main_image, image_width, image_height)
	VALUES(321,
	       'beacon fell junction',
	       'oil on canvas',
	       41,
	       51,
	       'beacon-fell-junction',
	      'original, &pound;150',
	       0,
		650,
		505);
	     
		
INSERT INTO art_pricing(art, item_number, description, price)
	VALUES(LAST_INSERT_ID(), 'dg116', 'original', 150);


##--------------------------------------------------------------- 
 
 
  
INSERT INTO art (artist, title, media, width, height, image, pricing_info, main_image, image_width, image_height)
	VALUES(321,
	       'rambler chic',
	       'mixed media',
	       60,
	       50,
	       'rambler-chic',
	      'original, &pound;230',
	       0,
		525,
		650);
	     
		
INSERT INTO art_pricing(art, item_number, description, price)
	VALUES(LAST_INSERT_ID(), 'dg103', 'original', 230);


##---------------------------------------------------------------   


INSERT INTO artist (id, name, statement, notes, display)
	VALUES(322, 'clare bates',
	'<p class="artist">For 24 years I was privileged to work with & photograph the amazing collections that make up 
  The National Museums Liverpool, to work with curators, scholars and collections from every corner of the world, 
  producing images for exhibitions, publications, records and conservation work.
  I have also been lucky enough to work for private museums, stately homes & estates, cathedrals and private collectors 
  and individuals. Having spent the majority of my 26 years as a photographer producing pure record photography for 
  the purposes of exhibitions, publication & conservation work and been restricted to studios and darkrooms, 
  I have now returned to my first love, which is trying to capture & create new and different images of the world 
  around us through the medium of landscape photography.</p>

<p class="artist">I am at my absolutely my happiest when I am out in the fresh air, with a camera in my hands, 
experiencing the elements (almost always with my dog at my side) where the camera becomes a sketch book. 
It''s almost therapy, it relaxes and calms me. I am a very solitary photographer and use the space that 
the solitude affords me to try and "see" properly, to experience what is going on around me and to capture that fleeting image.
It has always been art in one form or another for me, for as long as I can remember I have always been content when 
producing an image of some description, whether it be with pencils, paint, or a camera. I use the shapes, 
the colours, the space and the light that naturally occur in nature to create the picture.</p>

<p class="artist">All prints are produced in limited editions of either 25 or 50.</p>

<p class="artist"></p>',
               NULL,
	       1);

##---------------------------------------------------------------


INSERT INTO art (artist, title, media, width, height, image, pricing_info, main_image, image_width, image_height)
	VALUES(322,
	       'palm house sefton park no1',
	       'photographic print',
	       26,
	       26,
	       'palm-house-no1',
	      'limited edition print, &pound;50',
	       1,
		650,
		650);
	     
		
INSERT INTO art_pricing(art, item_number, description, price)
	VALUES(LAST_INSERT_ID(), 'cb132', 'original', 50);


##---------------------------------------------------------------                                                        


INSERT INTO art (artist, title, media, width, height, image, pricing_info, main_image, image_width, image_height)
	VALUES(322,
	       'palm house sefton park no2',
	       'photographic print',
	       26,
	       26,
	       'palm-house-no2',
	      'limited edition print, &pound;50',
	       0,
		650,
		650);
	     
		
INSERT INTO art_pricing(art, item_number, description, price)
	VALUES(LAST_INSERT_ID(), 'cb133', 'original', 50);

##---------------------------------------------------------------  



INSERT INTO art (artist, title, media, width, height, image, pricing_info, main_image, image_width, image_height)
	VALUES(322,
	       'sad days dark days',
	       'photographic print',
	       26,
	       26,
	       'sad-days-dark',
	      'limited edition print, &pound;40',
	       0,
		650,
		650);
	     
		
INSERT INTO art_pricing(art, item_number, description, price)
	VALUES(LAST_INSERT_ID(), 'cb136', 'original', 40);


##---------------------------------------------------------------                                                            


INSERT INTO art (artist, title, media, width, height, image, pricing_info, main_image, image_width, image_height)
	VALUES(322,
	       'shanks',
	       'photographic print',
	       26,
	       26,
	       'shanks',
	      'limited edition print, &pound;40',
	       0,
		650,
		650);
	     
		
INSERT INTO art_pricing(art, item_number, description, price)
	VALUES(LAST_INSERT_ID(), 'cb137', 'original', 40);


##---------------------------------------------------------------                                                               


INSERT INTO art (artist, title, media, width, height, image, pricing_info, main_image, image_width, image_height)
	VALUES(322,
	       'somewhere',
	       'photographic print',
	       26,
	       26,
	       'somewhere',
	      'limited edition print, &pound;40',
	       0,
		650,
		650);
	     
		
INSERT INTO art_pricing(art, item_number, description, price)
	VALUES(LAST_INSERT_ID(), 'cb138', 'original', 40);


##---------------------------------------------------------------                                                                 


INSERT INTO art (artist, title, media, width, height, image, pricing_info, main_image, image_width, image_height)
	VALUES(322,
	       'standing still',
	       'photographic print',
	       26,
	       26,
	       'standing-still',
	      'limited edition print, &pound;40',
	       0,
		650,
		650);
	     
		
INSERT INTO art_pricing(art, item_number, description, price)
	VALUES(LAST_INSERT_ID(), 'cb139', 'original', 40);


##---------------------------------------------------------------                                                                  


INSERT INTO art (artist, title, media, width, height, image, pricing_info, main_image, image_width, image_height)
	VALUES(322,
	       'strawberry fields',
	       'photographic print',
	       26,
	       26,
	       'strawberry-fields',
	      'limited edition print, &pound;40',
	       0,
		650,
		650);
	     
		
INSERT INTO art_pricing(art, item_number, description, price)
	VALUES(LAST_INSERT_ID(), 'cb140', 'original', 40);


##---------------------------------------------------------------                                                                     


INSERT INTO art (artist, title, media, width, height, image, pricing_info, main_image, image_width, image_height)
	VALUES(322,
	       'the distant sky',
	       'photographic print',
	       26,
	       26,
	       'the-distant-sky',
	      'limited edition print, &pound;40',
	       0,
		650,
		650);
	     
		
INSERT INTO art_pricing(art, item_number, description, price)
	VALUES(LAST_INSERT_ID(), 'cb141', 'original', 40);


##---------------------------------------------------------------                                                 



INSERT INTO art (artist, title, media, width, height, image, pricing_info, main_image, image_width, image_height)
	VALUES(322,
	       'little eye from red rocks',
	       'photographic print',
	       26,
	       26,
	       'little-eye-from',
	      'limited edition print, &pound;40',
	       0,
		650,
		650);
	     
		
INSERT INTO art_pricing(art, item_number, description, price)
	VALUES(LAST_INSERT_ID(), 'cb120', 'original', 40);


##---------------------------------------------------------------                                       


INSERT INTO art (artist, title, media, width, height, image, pricing_info, main_image, image_width, image_height)
	VALUES(322,
	       'little glimpse of heaven',
	       'photographic print',
	       26,
	       26,
	       'little-glimpse-of',
	      'limited edition print, &pound;40',
	       0,
		650,
		650);
	     
		
INSERT INTO art_pricing(art, item_number, description, price)
	VALUES(LAST_INSERT_ID(), 'cb121', 'original', 40);


##---------------------------------------------------------------                                           


INSERT INTO art (artist, title, media, width, height, image, pricing_info, main_image, image_width, image_height)
	VALUES(322,
	       'loves need does not cease',
	       'photographic print',
	       26,
	       26,
	       'loves-need-does',
	      'limited edition print, &pound;50',
	       0,
		650,
		650);
	     
		
INSERT INTO art_pricing(art, item_number, description, price)
	VALUES(LAST_INSERT_ID(), 'cb122', 'original', 50);


##---------------------------------------------------------------                        

INSERT INTO art (artist, title, media, width, height, image, pricing_info, main_image, image_width, image_height)
	VALUES(322,
	       '2 islands 2 suns',
	       'limited ed print',
	       40,
	       23,
	       '2-islands-2',
	      'limited edition print, &pound;50',
	       0,
		650,
		374);
	     
		
INSERT INTO art_pricing(art, item_number, description, price)
	VALUES(LAST_INSERT_ID(), 'cb101', 'original', 50);


##---------------------------------------------------------------   


INSERT INTO art (artist, title, media, width, height, image, pricing_info, main_image, image_width, image_height)
	VALUES(322,
	       '3 little islands',
	       'photographic print',
	       40,
	       23,
	       '3-little-islands',
	      'limited edition print, &pound;50',
	       0,
		650,
		374);
	     
		
INSERT INTO art_pricing(art, item_number, description, price)
	VALUES(LAST_INSERT_ID(), 'cb102', 'original', 50);


##---------------------------------------------------------------     


INSERT INTO art (artist, title, media, width, height, image, pricing_info, main_image, image_width, image_height)
	VALUES(322,
	       'a jetty gathering',
	       'photographic print',
	       26,
	       26,
	       'a-jetty-gathering',
	      'limited edition print, &pound;40',
	       0,
		650,
		650);
	     
		
INSERT INTO art_pricing(art, item_number, description, price)
	VALUES(LAST_INSERT_ID(), 'cb103', 'original', 40);


##---------------------------------------------------------------        


INSERT INTO art (artist, title, media, width, height, image, pricing_info, main_image, image_width, image_height)
	VALUES(322,
	       'a lonely little heart',
	       'photographic print',
	       26,
	       26,
	       'a-lonely-little',
	      'limited edition print, &pound;40',
	       0,
		650,
		650);
	     
		
INSERT INTO art_pricing(art, item_number, description, price)
	VALUES(LAST_INSERT_ID(), 'cb104', 'original', 40);


##---------------------------------------------------------------           


INSERT INTO art (artist, title, media, width, height, image, pricing_info, main_image, image_width, image_height)
	VALUES(322,
	       'all that you are is all i''ll ever need',
	       'photographic print',
	       26,
	       26,
	       'all-that-you',
	      'limited edition print, &pound;50',
	       0,
		650,
		650);
	     
		
INSERT INTO art_pricing(art, item_number, description, price)
	VALUES(LAST_INSERT_ID(), 'cb105', 'original', 50);


##---------------------------------------------------------------               


INSERT INTO art (artist, title, media, width, height, image, pricing_info, main_image, image_width, image_height)
	VALUES(322,
	       'at the end of the day',
	       'photographic print',
	       40,
	       23,
	       'at-the-end',
	      'limited edition print, &pound;60',
	       0,
		650,
		371);
	     
		
INSERT INTO art_pricing(art, item_number, description, price)
	VALUES(LAST_INSERT_ID(), 'cb106', 'original', 60);


##---------------------------------------------------------------                 


INSERT INTO art (artist, title, media, width, height, image, pricing_info, main_image, image_width, image_height)
	VALUES(322,
	       'blue jetty',
	       'photographic print',
	       26,
	       26,
	       'blue-jetty',
	      'limited edition print, &pound;40',
	       0,
		650,
		650);
	     
		
INSERT INTO art_pricing(art, item_number, description, price)
	VALUES(LAST_INSERT_ID(), 'cb107', 'original', 40);


##---------------------------------------------------------------                    


INSERT INTO art (artist, title, media, width, height, image, pricing_info, main_image, image_width, image_height)
	VALUES(322,
	       'calling home',
	       'photographic print',
	       26,
	       26,
	       'calling-home',
	      'limited edition print, &pound;40',
	       0,
		650,
		650);
	     
		
INSERT INTO art_pricing(art, item_number, description, price)
	VALUES(LAST_INSERT_ID(), 'cb108', 'original', 40);


##---------------------------------------------------------------                       


INSERT INTO art (artist, title, media, width, height, image, pricing_info, main_image, image_width, image_height)
	VALUES(322,
	       'dreams do come true',
	       'photographic print',
	       26,
	       26,
	       'dreams-do-come',
	      'limited edition print, &pound;40',
	       0,
		650,
		650);
	     
		
INSERT INTO art_pricing(art, item_number, description, price)
	VALUES(LAST_INSERT_ID(), 'cb109', 'original', 40);


##---------------------------------------------------------------                


INSERT INTO art (artist, title, media, width, height, image, pricing_info, main_image, image_width, image_height)
	VALUES(322,
	       'dusk on the lake',
	       'photographic print',
	       40,
	       23,
	       'dusk-on-the',
	      'limited edition print, &pound;40',
	       0,
		650,
		374);
	     
		
INSERT INTO art_pricing(art, item_number, description, price)
	VALUES(LAST_INSERT_ID(), 'cb110', 'original', 40);


##---------------------------------------------------------------                  


INSERT INTO art (artist, title, media, width, height, image, pricing_info, main_image, image_width, image_height)
	VALUES(322,
	       'foggy day in west kirby',
	       'photographic print',
	       40,
	       23,
	       'foggy-day-in',
	      'limited edition print, &pound;50',
	       0,
		650,
		367);
	     
		
INSERT INTO art_pricing(art, item_number, description, price)
	VALUES(LAST_INSERT_ID(), 'cb111', 'original', 50);


##---------------------------------------------------------------                        


INSERT INTO art (artist, title, media, width, height, image, pricing_info, main_image, image_width, image_height)
	VALUES(322,
	       'forever',
	       'photographic print',
	       26,
	       26,
	       'forever',
	      'limited edition print, &pound;40',
	       0,
		650,
		650);
	     
		
INSERT INTO art_pricing(art, item_number, description, price)
	VALUES(LAST_INSERT_ID(), 'cb112', 'original', 40);


##---------------------------------------------------------------                         


INSERT INTO art (artist, title, media, width, height, image, pricing_info, main_image, image_width, image_height)
	VALUES(322,
	       'high tide',
	       'photographic print',
	       26,
	       26,
	       'high-tide',
	      'limited edition print, &pound;40',
	       0,
		650,
		650);
	     
		
INSERT INTO art_pricing(art, item_number, description, price)
	VALUES(LAST_INSERT_ID(), 'cb113', 'original', 40);


##---------------------------------------------------------------                           


INSERT INTO art (artist, title, media, width, height, image, pricing_info, main_image, image_width, image_height)
	VALUES(322,
	       'howling of heaven',
	       'photographic print',
	       26,
	       26,
	       'howling-of-heaven',
	      'limited edition print, &pound;40',
	       0,
		650,
		650);
	     
		
INSERT INTO art_pricing(art, item_number, description, price)
	VALUES(LAST_INSERT_ID(), 'cb114', 'original', 40);


##---------------------------------------------------------------                               


INSERT INTO art (artist, title, media, width, height, image, pricing_info, main_image, image_width, image_height)
	VALUES(322,
	       'i believe in angels',
	       'photographic print',
	       26,
	       26,
	       'i-believe-in',
	      'limited edition print, &pound;40',
	       0,
		650,
		650);
	     
		
INSERT INTO art_pricing(art, item_number, description, price)
	VALUES(LAST_INSERT_ID(), 'cb115', 'original', 40);


##---------------------------------------------------------------                                 


INSERT INTO art (artist, title, media, width, height, image, pricing_info, main_image, image_width, image_height)
	VALUES(322,
	       'i believe in angels (red heart)',
	       'photographic print',
	       26,
	       26,
	       'i-believe-red',
	      'limited edition print, &pound;40',
	       0,
		650,
		650);
	     
		
INSERT INTO art_pricing(art, item_number, description, price)
	VALUES(LAST_INSERT_ID(), 'cb116', 'original', 40);


##---------------------------------------------------------------                                   


INSERT INTO art (artist, title, media, width, height, image, pricing_info, main_image, image_width, image_height)
	VALUES(322,
	       'i believe in angels (blue heart)',
	       'photographic print',
	       26,
	       26,
	       'i-believe-blue',
	      'limited edition print, &pound;40',
	       0,
		650,
		650);
	     
		
INSERT INTO art_pricing(art, item_number, description, price)
	VALUES(LAST_INSERT_ID(), 'cb117', 'original', 40);


##---------------------------------------------------------------                   


INSERT INTO art (artist, title, media, width, height, image, pricing_info, main_image, image_width, image_height)
	VALUES(322,
	       'it comes to us in rainbow dreams',
	       'photographic print',
	       40,
	       23,
	       'it-comes-to',
	      'limited edition print, &pound;60',
	       0,
		650,
		375);
	     
		
INSERT INTO art_pricing(art, item_number, description, price)
	VALUES(LAST_INSERT_ID(), 'cb118', 'original', 60);


##---------------------------------------------------------------                        


INSERT INTO art (artist, title, media, width, height, image, pricing_info, main_image, image_width, image_height)
	VALUES(322,
	       'last walk of the day',
	       'photographic print',
	       40,
	       23,
	       'last-walk-of',
	      'limited edition print, &pound;60',
	       0,
		650,
		374);
	     
		
INSERT INTO art_pricing(art, item_number, description, price)
	VALUES(LAST_INSERT_ID(), 'cb119', 'original', 60);


##---------------------------------------------------------------                                     



INSERT INTO art (artist, title, media, width, height, image, pricing_info, main_image, image_width, image_height)
	VALUES(322,
	       'middle eye and hilbre island',
	       'photographic print',
	       40,
	       23,
	       'middle-eye-and',
	      'limited edition print, &pound;50',
	       0,
		650,
		374);
	     
		
INSERT INTO art_pricing(art, item_number, description, price)
	VALUES(LAST_INSERT_ID(), 'cb123', 'original', 50);


##---------------------------------------------------------------                                         


INSERT INTO art (artist, title, media, width, height, image, pricing_info, main_image, image_width, image_height)
	VALUES(322,
	       'no beginning or end',
	       'photographic print',
	       26,
	       26,
	       'no-beginning-or',
	      'limited edition print, &pound;40',
	       0,
		650,
		650);
	     
		
INSERT INTO art_pricing(art, item_number, description, price)
	VALUES(LAST_INSERT_ID(), 'cb124', 'original', 40);


##---------------------------------------------------------------                                            


INSERT INTO art (artist, title, media, width, height, image, pricing_info, main_image, image_width, image_height)
	VALUES(322,
	       'october lighthouse new brighton',
	       'photographic print',
	       31,
	       26,
	       'october-lighthouse',
	      'limited edition print, &pound;45',
	       0,
		650,
		494);
	     
		
INSERT INTO art_pricing(art, item_number, description, price)
	VALUES(LAST_INSERT_ID(), 'cb125', 'original', 45);


##---------------------------------------------------------------                        


INSERT INTO art (artist, title, media, width, height, image, pricing_info, main_image, image_width, image_height)
	VALUES(322,
	       'on the edge of being',
	       'photographic print',
	       40,
	       23,
	       'on-the-edge',
	      'limited edition print, &pound;60',
	       0,
		650,
		375);
	     
		
INSERT INTO art_pricing(art, item_number, description, price)
	VALUES(LAST_INSERT_ID(), 'cb126', 'original', 60);


##---------------------------------------------------------------                                         


INSERT INTO art (artist, title, media, width, height, image, pricing_info, main_image, image_width, image_height)
	VALUES(322,
	       'on the red rock tide no1',
	       'photographic print',
	       26,
	       26,
	       'on-the-no1',
	      'limited edition print, &pound;50',
	       0,
		650,
		650);
	     
		
INSERT INTO art_pricing(art, item_number, description, price)
	VALUES(LAST_INSERT_ID(), 'cb127', 'original', 50);


##---------------------------------------------------------------                                             


INSERT INTO art (artist, title, media, width, height, image, pricing_info, main_image, image_width, image_height)
	VALUES(322,
	       'on the red rock tide no2',
	       'photographic print',
	       26,
	       26,
	       'on-the-no2',
	      'limited edition print, &pound;50',
	       0,
		650,
		650);
	     
		
INSERT INTO art_pricing(art, item_number, description, price)
	VALUES(LAST_INSERT_ID(), 'cb128', 'original', 50);


##---------------------------------------------------------------                                            


INSERT INTO art (artist, title, media, width, height, image, pricing_info, main_image, image_width, image_height)
	VALUES(322,
	       'only the sun goes silently and endlessly...',
	       'photographic print',
	       31,
	       23,
	       'only-the-sun',
	      'limited edition print, &pound;45',
	       0,
		650,
		494);
	     
		
INSERT INTO art_pricing(art, item_number, description, price)
	VALUES(LAST_INSERT_ID(), 'cb129', 'original', 45);


##---------------------------------------------------------------                                                  


INSERT INTO art (artist, title, media, width, height, image, pricing_info, main_image, image_width, image_height)
	VALUES(322,
	       'over the sands rushes the wind',
	       'photographic print',
	       23,
	       31,
	       'over-the-sands',
	      'limited edition print, &pound;45',
	       0,
		497,
		650);
	     
		
INSERT INTO art_pricing(art, item_number, description, price)
	VALUES(LAST_INSERT_ID(), 'cb130', 'original', 45);


##---------------------------------------------------------------                                               


INSERT INTO art (artist, title, media, width, height, image, pricing_info, main_image, image_width, image_height)
	VALUES(322,
	       'paisley gates',
	       'photographic print',
	       26,
	       26,
	       'paisley-gates',
	      'limited edition print, &pound;40',
	       0,
		650,
		650);
	     
		
INSERT INTO art_pricing(art, item_number, description, price)
	VALUES(LAST_INSERT_ID(), 'cb131', 'original', 40);


##---------------------------------------------------------------                                                   



##---------------------------------------------------------------                        


INSERT INTO art (artist, title, media, width, height, image, pricing_info, main_image, image_width, image_height)
	VALUES(322,
	       'red rocks sunset hoylake',
	       'photographic print',
	       40,
	       23,
	       'red-rocks-sunset',
	      'limited edition print, &pound;50',
	       0,
		650,
		374);
	     
		
INSERT INTO art_pricing(art, item_number, description, price)
	VALUES(LAST_INSERT_ID(), 'cb134', 'original', 50);


##---------------------------------------------------------------                           


INSERT INTO art (artist, title, media, width, height, image, pricing_info, main_image, image_width, image_height)
	VALUES(322,
	       'reflected sunset west kirby',
	       'photographic print',
	       40,
	       23,
	       'reflected-sunset-west',
	      'limited edition print, &pound;50',
	       0,
		650,
		366);
	     
		
INSERT INTO art_pricing(art, item_number, description, price)
	VALUES(LAST_INSERT_ID(), 'cb135', 'original', 50);


##---------------------------------------------------------------                                                        



INSERT INTO art (artist, title, media, width, height, image, pricing_info, main_image, image_width, image_height)
	VALUES(322,
	       'the fallen sun no1',
	       'photographic print',
	       31,
	       23,
	       'the-fallen-no1',
	      'limited edition print, &pound;55',
	       0,
		494,
		650);
	     
		
INSERT INTO art_pricing(art, item_number, description, price)
	VALUES(LAST_INSERT_ID(), 'cb142', 'original', 55);


##---------------------------------------------------------------                                                   


INSERT INTO art (artist, title, media, width, height, image, pricing_info, main_image, image_width, image_height)
	VALUES(322,
	       'the fallen sun no2',
	       'photographic print',
	       31,
	       23,
	       'the-fallen-no2',
	      'limited edition print, &pound;55',
	       0,
		494,
		650);
	     
		
INSERT INTO art_pricing(art, item_number, description, price)
	VALUES(LAST_INSERT_ID(), 'cb143', 'original', 55);


##---------------------------------------------------------------                                                                     


INSERT INTO art (artist, title, media, width, height, image, pricing_info, main_image, image_width, image_height)
	VALUES(322,
	       'the whispering sea',
	       'photographic print',
	       26,
	       26,
	       'the-whispering-sea',
	      'limited edition print, &pound;50',
	       0,
		650,
		650);
	     
		
INSERT INTO art_pricing(art, item_number, description, price)
	VALUES(LAST_INSERT_ID(), 'cb144', 'original', 50);


##---------------------------------------------------------------                                                                         


INSERT INTO art (artist, title, media, width, height, image, pricing_info, main_image, image_width, image_height)
	VALUES(322,
	       'when you feel like nobody hears you',
	       'photographic print',
	       26,
	       26,
	       'when-you-feel',
	      'limited edition print, &pound;40',
	       0,
		650,
		650);
	     
		
INSERT INTO art_pricing(art, item_number, description, price)
	VALUES(LAST_INSERT_ID(), 'cb145', 'original', 40);


##---------------------------------------------------------------                                                    


INSERT INTO art (artist, title, media, width, height, image, pricing_info, main_image, image_width, image_height)
	VALUES(322,
	       'where the fallen leaves blow no1',
	       'photographic print',
	       31,
	       23,
	       'where-the-no1',
	      'limited edition print, &pound;45',
	       0,
		650,
		494);
	     
		
INSERT INTO art_pricing(art, item_number, description, price)
	VALUES(LAST_INSERT_ID(), 'cb146', 'original', 45);


##---------------------------------------------------------------                                                         


INSERT INTO art (artist, title, media, width, height, image, pricing_info, main_image, image_width, image_height)
	VALUES(322,
	       'where the fallen leaves blow no2',
	       'photographic print',
	       31,
	       23,
	       'where-the-no2',
	      'limited edition print, &pound;45',
	       0,
		650,
		494);
	     
		
INSERT INTO art_pricing(art, item_number, description, price)
	VALUES(LAST_INSERT_ID(), 'cb147', 'original', 45);


##---------------------------------------------------------------                                                            


INSERT INTO art (artist, title, media, width, height, image, pricing_info, main_image, image_width, image_height)
	VALUES(322,
	       'where the fallen leaves blow no3',
	       'photographic print',
	       31,
	       23,
	       'where-the-no3',
	      'limited edition print, &pound;45',
	       0,
		650,
		494);
	     
		
INSERT INTO art_pricing(art, item_number, description, price)
	VALUES(LAST_INSERT_ID(), 'cb148', 'original', 45);


##---------------------------------------------------------------                                                                         


INSERT INTO art (artist, title, media, width, height, image, pricing_info, main_image, image_width, image_height)
	VALUES(322,
	       'the winter sands',
	       'photographic print',
	       26,
	       26,
	       'the-winter-sands',
	      'limited edition print, &pound;50',
	       0,
		650,
		650);
	     
		
INSERT INTO art_pricing(art, item_number, description, price)
	VALUES(LAST_INSERT_ID(), 'cb149', 'original', 50);


##---------------------------------------------------------------                                                                              


INSERT INTO art (artist, title, media, width, height, image, pricing_info, main_image, image_width, image_height)
	VALUES(322,
	       'winter room',
	       'photographic print',
	       26,
	       26,
	       'winter-room',
	      'limited edition print, &pound;50',
	       0,
		650,
		650);
	     
		
INSERT INTO art_pricing(art, item_number, description, price)
	VALUES(LAST_INSERT_ID(), 'cb150', 'original', 50);


##---------------------------------------------------------------                                                                                  


INSERT INTO art (artist, title, media, width, height, image, pricing_info, main_image, image_width, image_height)
	VALUES(322,
	       'youll never walk alone colour',
	       'photographic print',
	       26,
	       26,
	       'youll-never-colour',
	      'limited edition print, &pound;40',
	       0,
		650,
		650);
	     
		
INSERT INTO art_pricing(art, item_number, description, price)
	VALUES(LAST_INSERT_ID(), 'cb150', 'original', 40);


##---------------------------------------------------------------                                                                                       


INSERT INTO art (artist, title, media, width, height, image, pricing_info, main_image, image_width, image_height)
	VALUES(322,
	       'youll never walk alone bw',
	       'photographic print',
	       26,
	       26,
	       'youll-never-bw',
	      'limited edition print, &pound;40',
	       0,
		650,
		650);
	     
		
INSERT INTO art_pricing(art, item_number, description, price)
	VALUES(LAST_INSERT_ID(), 'cb151', 'original', 40);


##---------------------------------------------------------------   

 INSERT INTO artist (id, name, statement, notes, display)
	VALUES(323, 'faith bebbington',
	'<p class="artist">Faith Bebbington gained her BA Hons. Degree in Fine Art: Sculpture from Winchester School of Art. 
  She has over twenty years experience of creating sculpture, exhibiting and selling work across the UK and Europe, 
  from her studio base in Liverpool.  Her work has been commissioned for private, public and corporate settings across 
  the UK by a range of clients including Knowsley Borough Council, The Football Association, the Canal and River Trust 
  and Veolia Environment.</p>

<p class="artist">Faith talks about her approach: "I enjoy the challenge of creating site-specific sculptures for 
public spaces, to interact with and humanize the built environment.  It''s important to me that my artwork is accessible, 
to spark a personal connection with the viewer. My sculptural practice stems partly from being born with mild cerebral palsy- 
a disability that is almost imperceptible to most people, but has a daily impact on my life and makes me particularly 
conscious of my own and other people''s physical movements.  So I create sculpture that explores the process of movement; 
from the subtle actions many people take for granted such as being able to balance and simple coordinated movements 
like walking; to the more energetic actions used by sportspeople and performers."
</p>


<p class="artist"></p>

<p class="artist"></p>',
               NULL,
	       1);

##---------------------------------------------------------------



INSERT INTO art (artist, title, media, width, height, image, pricing_info, main_image, image_width, image_height)
	VALUES(323,
	       'balancing act',
	       'pigment fiberglass resin freestanding',
	       17,
	       14,
	       'balancing-act',
	      'original, &pound;250',
	       0,
		650,
		433);
	     
		
INSERT INTO art_pricing(art, item_number, description, price)
	VALUES(LAST_INSERT_ID(), 'fb101', 'original', 250);


##---------------------------------------------------------------  



INSERT INTO art (artist, title, media, width, height, image, pricing_info, main_image, image_width, image_height)
	VALUES(323,
	       'black swan',
	       'pigment fiberglass resin freestanding on base',
	       54,
	       30,
	       'black-swan',
	      'original, &pound;834',
	       1,
		427,
		650);
	     
		
INSERT INTO art_pricing(art, item_number, description, price)
	VALUES(LAST_INSERT_ID(), 'fb102', 'original', 834);


##---------------------------------------------------------------   



INSERT INTO art (artist, title, media, width, height, image, pricing_info, main_image, image_width, image_height)
	VALUES(323,
	       'cat walk',
	       'painted fiberglass resin freestanding on base',
	       70,
	       25,
	       'cat-walk',
	      'original, &pound;834',
	       0,
		427,
		650);
	     
		
INSERT INTO art_pricing(art, item_number, description, price)
	VALUES(LAST_INSERT_ID(), 'fb103', 'original', 834);


##---------------------------------------------------------------      


   



INSERT INTO art (artist, title, media, width, height, image, pricing_info, main_image, image_width, image_height)
	VALUES(323,
	       'flying couple',
	       'painted fiberglass resin oak base free standing on base',
	       48,
	       35,
	       'flying-couple',
	      'original, &pound;584',
	       0,
		650,
		433);
	     
		
INSERT INTO art_pricing(art, item_number, description, price)
	VALUES(LAST_INSERT_ID(), 'fb105', 'original', 584);


##---------------------------------------------------------------        



INSERT INTO art (artist, title, media, width, height, image, pricing_info, main_image, image_width, image_height)
	VALUES(323,
	       'grace',
	       'pigment fiberglass resin suspended',
	       62,
	       53,
	       'grace',
	      'original, &pound;667',
	       0,
		433,
		650);
	     
		
INSERT INTO art_pricing(art, item_number, description, price)
	VALUES(LAST_INSERT_ID(), 'fb106', 'original', 667);


##---------------------------------------------------------------        



INSERT INTO art (artist, title, media, width, height, image, pricing_info, main_image, image_width, image_height)
	VALUES(323,
	       'king of queens',
	       'pigment fiberglass resin suspended',
	       51,
	       36,
	       'king-of-queen',
	      'original, &pound;584',
	       0,
		433,
		650);
	     
		
INSERT INTO art_pricing(art, item_number, description, price)
	VALUES(LAST_INSERT_ID(), 'fb107', 'original', 584);


##---------------------------------------------------------------         


     



INSERT INTO art (artist, title, media, width, height, image, pricing_info, main_image, image_width, image_height)
	VALUES(323,
	       'leap of faith',
	       'iron fiberglass suspended',
	       45,
	       39,
	       'leap-of-faith',
	      'original, &pound;584',
	       0,
		433,
		650);
	     
		
INSERT INTO art_pricing(art, item_number, description, price)
	VALUES(LAST_INSERT_ID(), 'fb109', 'original', 584);


##---------------------------------------------------------------           



INSERT INTO art (artist, title, media, width, height, image, pricing_info, main_image, image_width, image_height)
	VALUES(323,
	       'lift',
	       'pigment fiberglass resin free standing on pole lead base',
	       52,
	       28,
	       'lift',
	      'original, &pound;250',
	       0,
		466,
		650);
	     
		
INSERT INTO art_pricing(art, item_number, description, price)
	VALUES(LAST_INSERT_ID(), 'fb110', 'original', 250);


##---------------------------------------------------------------             



INSERT INTO art (artist, title, media, width, height, image, pricing_info, main_image, image_width, image_height)
	VALUES(323,
	       'oh my',
	       'iron and fiberglass resin wall mounted',
	       39,
	       12,
	       'oh-my',
	      'original, &pound;334',
	       0,
		433,
		650);
	     
		
INSERT INTO art_pricing(art, item_number, description, price)
	VALUES(LAST_INSERT_ID(), 'fb111', 'original', 334);


##---------------------------------------------------------------              



INSERT INTO art (artist, title, media, width, height, image, pricing_info, main_image, image_width, image_height)
	VALUES(323,
	       'reclining',
	       'painted fiberglass resin free standing',
	       16,
	       36,
	       'reclining',
	      'original, &pound;334',
	       0,
		650,
		427);
	     
		
INSERT INTO art_pricing(art, item_number, description, price)
	VALUES(LAST_INSERT_ID(), 'fb112', 'original', 334);


##---------------------------------------------------------------             



INSERT INTO art (artist, title, media, width, height, image, pricing_info, main_image, image_width, image_height)
	VALUES(323,
	       'swing low',
	       'painted fiberglass resin free standing on base',
	       24,
	       31,
	       'swing-low',
	      'original, &pound;667',
	       0,
		650,
		433);
	     
		
INSERT INTO art_pricing(art, item_number, description, price)
	VALUES(LAST_INSERT_ID(), 'fb114', 'original', 667);


##---------------------------------------------------------------              



INSERT INTO art (artist, title, media, width, height, image, pricing_info, main_image, image_width, image_height)
	VALUES(323,
	       'trophy',
	       'pigment fiberglass resin free standing on base',
	       50,
	       12,
	       'trophy',
	      'original, &pound;417',
	       0,
		433,
		650);
	     
		
INSERT INTO art_pricing(art, item_number, description, price)
	VALUES(LAST_INSERT_ID(), 'fb115', 'original', 417);


##---------------------------------------------------------------                



INSERT INTO art (artist, title, media, width, height, image, pricing_info, main_image, image_width, image_height)
	VALUES(323,
	       'tut',
	       'pigment fiberglass resin free standing on base',
	       47,
	       20,
	       'tut',
	      'original, &pound;667',
	       0,
		433,
		650);
	     
		
INSERT INTO art_pricing(art, item_number, description, price)
	VALUES(LAST_INSERT_ID(), 'fb116', 'original', 667);


##---------------------------------------------------------------                



INSERT INTO art (artist, title, media, width, height, image, pricing_info, main_image, image_width, image_height)
	VALUES(323,
	       'voguetastic',
	       'pigment fiberglass resin free standing on base',
	       50,
	       20,
	       'voguetastic',
	      'original, &pound;667',
	       0,
		433,
		650);
	     
		
INSERT INTO art_pricing(art, item_number, description, price)
	VALUES(LAST_INSERT_ID(), 'fb117', 'original', 667);


##---------------------------------------------------------------                



INSERT INTO art (artist, title, media, width, height, image, pricing_info, main_image, image_width, image_height)
	VALUES(323,
	       'watch your step',
	       'pigment and painted fiberglass resin wall mounted',
	       35,
	       35,
	       'watch-your-step',
	      'original, &pound;584',
	       0,
		433,
		650);
	     
		
INSERT INTO art_pricing(art, item_number, description, price)
	VALUES(LAST_INSERT_ID(), 'fb118', 'original', 584);


##---------------------------------------------------------------               



INSERT INTO art (artist, title, media, width, height, image, pricing_info, main_image, image_width, image_height)
	VALUES(323,
	       'wave',
	       'bronze metal base free standing',
	       35,
	       14,
	       'wave',
	      'limited edition, &pound;1334',
	       0,
		650,
		427);
	     
		
INSERT INTO art_pricing(art, item_number, description, price)
	VALUES(LAST_INSERT_ID(), 'fb119', 'limited edition', 1334);


##---------------------------------------------------------------






INSERT INTO artist (id, name, statement, notes, display)
	VALUES(324, 'kirsten little',
	'<p class="artist">Kirsten Little''s practise is situated within a personal need and profound obsession with collecting, 
  fabricating and recreating histories and functions of an object. As a general line of enquiry the objects are ones without 
  love, a bit dead exposing discolouration, disintegration, disregard and decay; slightly grubby around the edges. 
  They have lost the importance they once held and it is this hidden, and even diminished, beauty within the concrete 
  object she seek to explore. Recreating histories owned by no one; anonymous and of non importance, preserving the 
  otherwise lost and iconizing it through small metamorphosis.</p>

<p class="artist">Dabbling with the cabinet of curiosities, the domestic, the gothic, surrealism, abjection and modern 
culture the final result is often an amalgamation of material types crudely displayed to be on the edge of taste 
compromising the beauty they once held; whilst hopefully recreating new realms of beauty often with an underlying 
message of wit and sarcasm. Suggestive as apposed to narrative the works indirectly hint at humanness symptomatic of a 
degree of disturbance, poetic, poignant yet hilarious resulting in an artist/narrator dialogue. Titles are considered an 
integral part of the work , often borrowed from love songs, nursery rhymes or old books, they seek to add another edge 
to the uncertainty the work pursues.</p>

<p class="artist"></p>

<p class="artist"></p>',
               NULL,
	       1);

##---------------------------------------------------------------


INSERT INTO art (artist, title, media, width, height, image, pricing_info, main_image, image_width, image_height)
	VALUES(324,
	       'austin reed in tweed',
	       'mixed media collage',
	       65,
	       45,
	       'austin-reed-in',
	      'original, &pound;785',
	       0,
		650,
		432);
	     
		
INSERT INTO art_pricing(art, item_number, description, price)
	VALUES(LAST_INSERT_ID(), 'kl101', 'original', 785);


##---------------------------------------------------------------    


INSERT INTO art (artist, title, media, width, height, image, pricing_info, main_image, image_width, image_height)
	VALUES(324,
	       'chancer',
	       'mixed media collage',
	       23,
	       23,
	       'chancer',
	      'original, &pound;75',
	       0,
		650,
		433);
	     
		
INSERT INTO art_pricing(art, item_number, description, price)
	VALUES(LAST_INSERT_ID(), 'kl102', 'original', 75);


##---------------------------------------------------------------      



INSERT INTO art (artist, title, media, width, height, image, pricing_info, main_image, image_width, image_height)
	VALUES(324,
	       'in front of the broken',
	       'mixed media collage',
	       23,
	       23,
	       'in-front-of',
	      'original, &pound;75',
	       0,
		650,
		433);
	     
		
INSERT INTO art_pricing(art, item_number, description, price)
	VALUES(LAST_INSERT_ID(), 'kl104', 'original',75);


##---------------------------------------------------------------          


INSERT INTO art (artist, title, media, width, height, image, pricing_info, main_image, image_width, image_height)
	VALUES(324,
	       'jack jones',
	       'mixed media collage',
	       23,
	       23,
	       'jack-jones',
	      'original, &pound;75',
	       0,
		650,
		433);
	     
		
INSERT INTO art_pricing(art, item_number, description, price)
	VALUES(LAST_INSERT_ID(), 'kl105', 'original',75);


##---------------------------------------------------------------             


INSERT INTO art (artist, title, media, width, height, image, pricing_info, main_image, image_width, image_height)
	VALUES(324,
	       'our darling joey',
	       'mixed media collage',
	       52,
	       52,
	       'our-darling-joey',
	      'original, &pound;120',
	       0,
		650,
		433);
	     
		
INSERT INTO art_pricing(art, item_number, description, price)
	VALUES(LAST_INSERT_ID(), 'kl106', 'original',120);


##---------------------------------------------------------------             


INSERT INTO art (artist, title, media, width, height, image, pricing_info, main_image, image_width, image_height)
	VALUES(324,
	       'sensuch',
	       'mixed media collage',
	       23,
	       23,
	       'sensuch',
	      'original, &pound;75',
	       1,
		650,
		433);
	     
		
INSERT INTO art_pricing(art, item_number, description, price)
	VALUES(LAST_INSERT_ID(), 'kl107', 'original',75);


##---------------------------------------------------------------             


INSERT INTO art (artist, title, media, width, height, image, pricing_info, main_image, image_width, image_height)
	VALUES(324,
	       'the crowned king',
	       'mixed media collage',
	       55,
	       25,
	       'the-crowned-king',
	      'original, &pound;45',
	       0,
		433,
		650);
	     
		
INSERT INTO art_pricing(art, item_number, description, price)
	VALUES(LAST_INSERT_ID(), 'kl108', 'original',45);


##---------------------------------------------------------------              


INSERT INTO art (artist, title, media, width, height, image, pricing_info, main_image, image_width, image_height)
	VALUES(324,
	       'untitled',
	       'mixed media collage',
	       55,
	       25,
	       'untitled',
	      'original, &pound;45',
	       0,
		433,
		650);
	     
		
INSERT INTO art_pricing(art, item_number, description, price)
	VALUES(LAST_INSERT_ID(), 'kl109', 'original',45);


##---------------------------------------------------------------   



INSERT INTO art (artist, title, media, width, height, image, pricing_info, main_image, image_width, image_height)
	VALUES(324,
	       'ideal 2',
	       'mixed media sculpture',
	       200,
	       200,
	       'ideal-2',
	      'commission example',
	       0,
		487,
		650);
	     
		


##---------------------------------------------------------------         



INSERT INTO artist (id, name, statement, notes, display, keywords)
	VALUES(325, 'jacqui chapman',
	'<p class="artist">Originally from South Africa, I have lived in the UK since 1995 and moved to Oxton, Wirral,
  in 1997. I worked as a senior art director in international advertising agencies for 13 years. Before I left SA
  I was responsible in a team for the non-political independent business initiative when Nelson Mandela was elected
  as president in 1994 in the first free elections in SA. I emigrated to be married soon after and retrained, graduating
  with a first class BA (Hons) Fine Art Degree in 2006 followed by a fellowship at Wirral Metropolitan College,
  accredited by Liverpool John Moores University.</p> 
  
  <p class="artist">Here a personal painterly language developed where mark making
  had a direct connection with the sensorial aspects of places I remembered. Much more than just the visual, other
  sensations were explored. Sound, smell and touch became equally important considerations in these momentary works.
  Recent paintings include British landscapes which are places of personal refuge within an urban environment.
  Here contradictions occur being both a public and a private place. These familiar new places offer inner explorations
  where questions of belonging and strangeness surface inexplicably, to be discarded with a will to focus on the sensation
  of now, however fleeting.</p>

<p class="artist"></p>

<p class="artist"></p>

<p class="artist"></p>',
               NULL,
	       1,
          'jacqui chapman, liverpool artist, contemporary art, oil on canvas, landscape');

##---------------------------------------------------------------


	
INSERT INTO art (artist, title, media, width, height, image, pricing_info, main_image, image_width, image_height)
	VALUES(325,
	       'estuary',
	       'oil on paper',
	       73,
	       52,
	       'estuary',
	      'framed original, &pound;750',
	       0,
		650,
		470);
	     
		
INSERT INTO art_pricing(art, item_number, description, price)
	VALUES(LAST_INSERT_ID(), 'jc110', 'framed original', 750);
	
##---------------------------------------------------------------

INSERT INTO art (artist, title, media, width, height, image, pricing_info, main_image, image_width, image_height)
	VALUES(325,
	       'evening',
	       'oil on paper',
	       73,
	       52,
	       'evening',
	      'framed original, &pound;750',
	       0,
		650,
		464);
	     
		
INSERT INTO art_pricing(art, item_number, description, price)
	VALUES(LAST_INSERT_ID(), 'jc111', 'framed original', 750);
	
##---------------------------------------------------------------

INSERT INTO art (artist, title, media, width, height, image, pricing_info, main_image, image_width, image_height)
	VALUES(325,
	       'gully',
	       'oil on paper',
	       73,
	       52,
	       'gully',
	      'framed original, &pound;750',
	       0,
		650,
		472);
	     
		
INSERT INTO art_pricing(art, item_number, description, price)
	VALUES(LAST_INSERT_ID(), 'jc112', 'framed original', 750);
	
##---------------------------------------------------------------

INSERT INTO art (artist, title, media, width, height, image, pricing_info, main_image, image_width, image_height)
	VALUES(325,
	       'christmas in africa',
	       'oil on canvas',
	       138,
	       107,
	       'christmas-in-africa',
	      'currently unavailable',
	       0,
		650,
		503);
	     


##---------------------------------------------------------------

INSERT INTO art (artist, title, media, width, height, image, pricing_info, main_image, image_width, image_height)
	VALUES(325,
	       'cliffs',
	       'oil on canvas',
	       90,
	       90,
	       'cliffs',
	      'currently unavailable',
	       0,
		650,
		650);
	     
		

##---------------------------------------------------------------	
	
INSERT INTO art (artist, title, media, width, height, image, pricing_info, main_image, image_width, image_height)
	VALUES(325,
	       'heat ii',
	       'oil on canvas',
	       160,
	       80,
	       'heat-ii',
	      'original, &pound;1250',
	       0,
		650,
		316);
	     
		
INSERT INTO art_pricing(art, item_number, description, price)
	VALUES(LAST_INSERT_ID(), 'jc103', 'original', 1250);
	
##---------------------------------------------------------------



INSERT INTO art (artist, title, media, width, height, image, pricing_info, main_image, image_width, image_height)
	VALUES(325,
	       'icarus',
	       'oil on canvas',
	       59,
	       59,
	       'icarus',
	      'original, &pound;550',
	       1,
		650,
		650);
	     
		
INSERT INTO art_pricing(art, item_number, description, price)
	VALUES(LAST_INSERT_ID(), 'jc105', 'original', 550);
	
##---------------------------------------------------------------	

INSERT INTO art (artist, title, media, width, height, image, pricing_info, main_image, image_width, image_height)
	VALUES(325,
	       'marina i',
	       'oil on canvas',
	       90,
	       90,
	       'marina-i',
	      'currently unavailable',
	       0,
		646,
		650);
	     
	
##---------------------------------------------------------------	

	
INSERT INTO art (artist, title, media, width, height, image, pricing_info, main_image, image_width, image_height)
	VALUES(325,
	       'snakes and ladders',
	       'oil on canvas',
	       90,
	       90,
	       'snakes-and-ladders',
	      'currently unavailable',
	       0,
		647,
		650);
	     

##---------------------------------------------------------------

INSERT INTO art (artist, title, media, width, height, image, pricing_info, main_image, image_width, image_height)
	VALUES(325,
	       'snow crows',
	       'oil on canvas',
	       107,
	       154,
	       'snow-crows',
	      'currently unavailable',
	       0,
		458,
		650);
	     

	
##---------------------------------------------------------------	
	
INSERT INTO art (artist, title, media, width, height, image, pricing_info, main_image, image_width, image_height)
	VALUES(325,
	       'stir',
	       'oil on canvas',
	       90,
	       90,
	       'stir',
	      'currently unavailable',
	       0,
		645,
		650);
	     
		
	
##---------------------------------------------------------------	
	
INSERT INTO art (artist, title, media, width, height, image, pricing_info, main_image, image_width, image_height)
	VALUES(325,
	       'wave ii',
	       'oil on canvas',
	       160,
	       80,
	       'wave-ii',
	      'currently unavailable',
	       0,
		650,
		321);
	     
		
	
	
##---------------------------------------------------------------    

       


INSERT INTO artist (id, name, statement, notes, display, keywords)
	VALUES(326, 'lorraine harrison',
	'<p class="artist">Lorraine gained her B.Des honours degree at Liverpool in 1995. This particular design
   study was craft-based and multi-disciplinary so provided the opportunity to explore various 
   materials and techniques. Apart from drawing and painting to design, she used print-making, textiles, 
   metal, wood, plastic and ceramics. The course requirement was to select two specialist areas and Lorraine
    chose textiles and wood. However, her work has continued to include many of the other techniques
     with the inclusion of digitally enhanced imagery, glass and mixed media.</p>

<p class="artist"></p>

<p class="artist"></p>

<p class="artist"></p>',
               NULL,
	       1,
          'lorraine harrison, liverpool artist, contemporary art, acrylic on canvas, landscape, silhouette, mixed media');

##---------------------------------------------------------------


INSERT INTO art (artist, title, media, width, height, image, pricing_info, main_image, image_width, image_height)
	VALUES(326,
	       'silhouette tree',
	       'acrylic on canvas',
	       20,
	       20,
	       'silhouette-tree',
	      'original, &pound;95',
	       1,
		650,
		650);
	     
		
INSERT INTO art_pricing(art, item_number, description, price)
	VALUES(LAST_INSERT_ID(), 'lh101', 'original', 95);

##---------------------------------------------------------------

INSERT INTO art (artist, title, media, width, height, image, pricing_info, main_image, image_width, image_height)
	VALUES(326,
	       'tree silhouette',
	       'acrylic on canvas',
	       20,
	       20,
	       'tree-silhouette',
	      'original, &pound;95',
	       0,
		485,
		650);
	     
		
INSERT INTO art_pricing(art, item_number, description, price)
	VALUES(LAST_INSERT_ID(), 'lh102', 'original', 95);

##---------------------------------------------------------------	
	
INSERT INTO art (artist, title, media, width, height, image, pricing_info, main_image, image_width, image_height)
	VALUES(326,
	       'single tree',
	       'acrylic on canvas',
	       30,
	       40,
	       'single-tree',
	      'original, &pound;135',
	       0,
		650,
		650);
	     
		
INSERT INTO art_pricing(art, item_number, description, price)
	VALUES(LAST_INSERT_ID(), 'lh103', 'original', 135);
	
##---------------------------------------------------------------


 

INSERT INTO artist (id, name, statement, notes, display, keywords)
	VALUES(327, 'simon job',
	'<p class="artist">There are many themes that influence my art practice. My materials, working method and processes 
  vary greatly to articulate different ideas. I work in paint, photography, digital media, collage and anything that
   works best for what I am trying to communicate. Painting is at the core of my practice, I often look at pattern in
   nature and take elemental features like skys, mountains and seas as my subject matter. However my work is about 
   its own construction as much as it is about landscape, I&#39;m interested in the physical act of painting and the
    conscious and subconscious decisions made during that process. I use traditional and more unusual mark making 
    materials such as oil paint, crayon, spray paint and graphite to feel my way through a painting. The elemental 
    nature of the subjects I choose act as a great basis for exploring painting in this way.

<p class="artist">Although painting is a key part of my practice, photography and other &#39;dry&#39; working methods 
are more suited to some aspects of my work and are just as important. One theme that I frequently return to is the art 
world itself and the issues that surround it. I&#39;m interested in issues of authorship and originality, of censorship,
 value and the history of art and its influence on the contemporary scene. 
</p> 
  

<p class="artist"></p>

<p class="artist"></p>

<p class="artist"></p>',
               NULL,
	       1,
          'simon job, liverpool artist, contemporary art, mixed media, censorship, photography, print');

##---------------------------------------------------------------


INSERT INTO art (artist, title, media, width, height, image, pricing_info, main_image, image_width, image_height)
	VALUES(327,
	       'a quiet place no.1',
	       'gicl&eacute;e print, edition of 20',
	       42,
	       59,
	       'quiet-place-1',
	      'limited edition, &pound;70',
	       0,
		460,
		650);
	     
		
INSERT INTO art_pricing(art, item_number, description, price)
	VALUES(LAST_INSERT_ID(), 'sj101', 'limited edition', 70);

##---------------------------------------------------------------


INSERT INTO art (artist, title, media, width, height, image, pricing_info, main_image, image_width, image_height)
	VALUES(327,
	       'a quiet place no.2',
	       'gicl&eacute;e print, edition of 20',
	       42,
	       59,
	       'quiet-place-2',
	      'limited edition, &pound;70',
	       0,
		460,
		650);
	     
		
INSERT INTO art_pricing(art, item_number, description, price)
	VALUES(LAST_INSERT_ID(), 'sj102', 'limited edition', 70);

##---------------------------------------------------------------


INSERT INTO art (artist, title, media, width, height, image, pricing_info, main_image, image_width, image_height)
	VALUES(327,
	       'a quiet place no.3',
	       'gicl&eacute;e print, edition of 20',
	       42,
	       59,
	       'quiet-place-3',
	      'limited edition, &pound;70',
	       0,
		460,
		650);
	     
		
INSERT INTO art_pricing(art, item_number, description, price)
	VALUES(LAST_INSERT_ID(), 'sj103', 'limited edition', 70);

##---------------------------------------------------------------


INSERT INTO art (artist, title, media, width, height, image, pricing_info, main_image, image_width, image_height)
	VALUES(327,
	       'acid rain drops',
	       'mixed media on canvas',
	       81,
	       102,
	       'acid-rain-drops',
	      'commission example',
	       0,
		523,
		650);


##---------------------------------------------------------------


INSERT INTO art (artist, title, media, width, height, image, pricing_info, main_image, image_width, image_height)
	VALUES(327,
	       'altocumulus sundown no.1',
	       'mixed media on canvas',
	       81,
	       102,
	       'altocumulus-sundown-1',
	      'original, &pound;500',
	       0,
		519,
		650);
	     
		
INSERT INTO art_pricing(art, item_number, description, price)
	VALUES(LAST_INSERT_ID(), 'sj105', 'original', 500);

##---------------------------------------------------------------


INSERT INTO art (artist, title, media, width, height, image, pricing_info, main_image, image_width, image_height)
	VALUES(327,
	       'altocumulus sundown no.2',
	       'mixed media on canvas',
	       57.5,
	       71,
	       'altocumulus-sundown-2',
	      'original, &pound;220',
	       0,
		532,
		650);
	     
		
INSERT INTO art_pricing(art, item_number, description, price)
	VALUES(LAST_INSERT_ID(), 'sj106', 'original', 220);

##---------------------------------------------------------------


INSERT INTO art (artist, title, media, width, height, image, pricing_info, main_image, image_width, image_height)
	VALUES(327,
	       'cactus',
	       'oil on canvas',
	       39,
	       39,
	       'cactus',
	      'original, &pound;160',
	       0,
		632,
		650);
	     
		
INSERT INTO art_pricing(art, item_number, description, price)
	VALUES(LAST_INSERT_ID(), 'sj07', 'original', 160);

##---------------------------------------------------------------


INSERT INTO art (artist, title, media, width, height, image, pricing_info, main_image, image_width, image_height)
	VALUES(327,
	       'campbell&#39;s soup scan',
	       'gicl&eacute;e print, edition of 20',
	       42,
	       59,
	       'campbells-soup-scan',
	      'limited edition, &pound;70',
	       0,
		405,
		650);
	     
		
INSERT INTO art_pricing(art, item_number, description, price)
	VALUES(LAST_INSERT_ID(), 'sj08', 'limited edition', 70);

##---------------------------------------------------------------


INSERT INTO art (artist, title, media, width, height, image, pricing_info, main_image, image_width, image_height)
	VALUES(327,
	       'campbell&#39;s soup variations',
	       'photogram, edition of 100',
	       13,
	       19,
	       'campbells-variations',
	      'limited edition, &pound;35',
	       0,
		385,
		650);
	     
		
INSERT INTO art_pricing(art, item_number, description, price)
	VALUES(LAST_INSERT_ID(), 'sj09', 'limited edition', 35);

##---------------------------------------------------------------


INSERT INTO art (artist, title, media, width, height, image, pricing_info, main_image, image_width, image_height)
	VALUES(327,
	       'cloud noise',
	       'mixed media on canvas',
	       40,
	       60,
	       'cloud-noise',
	      'original, &pound;220',
	       0,
		480,
		650);
	     
		
INSERT INTO art_pricing(art, item_number, description, price)
	VALUES(LAST_INSERT_ID(), 'sj10', 'original', 220);

##---------------------------------------------------------------


INSERT INTO art (artist, title, media, width, height, image, pricing_info, main_image, image_width, image_height)
	VALUES(327,
	       'cloudburst',
	       'mixed media on canvas',
	       59,
	       90,
	       'cloudburst',
	      'original, &pound;400',
	       0,
		437,
		650);
	     
		
INSERT INTO art_pricing(art, item_number, description, price)
	VALUES(LAST_INSERT_ID(), 'sj11', 'original', 400);

##---------------------------------------------------------------


INSERT INTO art (artist, title, media, width, height, image, pricing_info, main_image, image_width, image_height)
	VALUES(327,
	       'dead silence',
	       'mixed media on steel',
	       45,
	       76,
	       'dead-silence',
	      'original, &pound;300',
	       0,
		406,
		650);
	     
		
INSERT INTO art_pricing(art, item_number, description, price)
	VALUES(LAST_INSERT_ID(), 'sj12', 'original', 300);

##---------------------------------------------------------------


INSERT INTO art (artist, title, media, width, height, image, pricing_info, main_image, image_width, image_height)
	VALUES(327,
	       'disorder no.1',
	       'collage on cartridge paper',
	       42,
	       59,
	       'disorder-1',
	      'original, &pound;120',
	       0,
		484,
		650);
	     
		
INSERT INTO art_pricing(art, item_number, description, price)
	VALUES(LAST_INSERT_ID(), 'sj13', 'original', 120);

##---------------------------------------------------------------


INSERT INTO art (artist, title, media, width, height, image, pricing_info, main_image, image_width, image_height)
	VALUES(327,
	       'disorder no.2',
	       'collage on cartridge paper',
	       42,
	       59,
	       'disorder-2',
	      'original, &pound;120',
	       0,
		484,
		650);
	     
		
INSERT INTO art_pricing(art, item_number, description, price)
	VALUES(LAST_INSERT_ID(), 'sj14', 'original', 120);

##---------------------------------------------------------------


INSERT INTO art (artist, title, media, width, height, image, pricing_info, main_image, image_width, image_height)
	VALUES(327,
	       'disorder no.3',
	       'collage on cartridge paper',
	       42,
	       59,
	       'disorder-3',
	      'original, &pound;120',
	       1,
		484,
		650);
	     
		
INSERT INTO art_pricing(art, item_number, description, price)
	VALUES(LAST_INSERT_ID(), 'sj15', 'original', 120);

##---------------------------------------------------------------


INSERT INTO art (artist, title, media, width, height, image, pricing_info, main_image, image_width, image_height)
	VALUES(327,
	       'disorder no.4',
	       'collage on cartridge paper',
	       42,
	       59,
	       'disorder-4',
	      'original, &pound;120',
	       0,
		484,
		650);
	     
		
INSERT INTO art_pricing(art, item_number, description, price)
	VALUES(LAST_INSERT_ID(), 'sj16', 'original', 120);

##---------------------------------------------------------------


INSERT INTO art (artist, title, media, width, height, image, pricing_info, main_image, image_width, image_height)
	VALUES(327,
	       'disorder no.5',
	       'collage on cartridge paper',
	       42,
	       59,
	       'disorder-5',
	      'original, &pound;120',
	       0,
		484,
		650);
	     
		
INSERT INTO art_pricing(art, item_number, description, price)
	VALUES(LAST_INSERT_ID(), 'sj17', 'original', 120);

##---------------------------------------------------------------


INSERT INTO art (artist, title, media, width, height, image, pricing_info, main_image, image_width, image_height)
	VALUES(327,
	       'disorder no.6',
	       'collage on cartridge paper',
	       42,
	       59,
	       'disorder-6',
	      'commission example',
	       0,
		484,
		650);
	     
##---------------------------------------------------------------


INSERT INTO art (artist, title, media, width, height, image, pricing_info, main_image, image_width, image_height)
	VALUES(327,
	       'dog fight',
	       'mixed media on heavy cartridge paper',
	       55,
	       77,
	       'dog-fight',
	      'original, &pound;200',
	       0,
		484,
		650);
	     
		
INSERT INTO art_pricing(art, item_number, description, price)
	VALUES(LAST_INSERT_ID(), 'sj19', 'original', 200);

##---------------------------------------------------------------


INSERT INTO art (artist, title, media, width, height, image, pricing_info, main_image, image_width, image_height)
	VALUES(327,
	       'grlwthprlrng',
	       'gicl&eacute;e print, edition of 20',
	       42,
	       59,
	       'grlwthprlrng',
	      'original, &pound;70',
	       0,
		454,
		650);
	     
		
INSERT INTO art_pricing(art, item_number, description, price)
	VALUES(LAST_INSERT_ID(), 'sj20', 'original', 70);

##---------------------------------------------------------------


INSERT INTO art (artist, title, media, width, height, image, pricing_info, main_image, image_width, image_height)
	VALUES(327,
	       'howl',
	       'mixed media on canvas',
	       80,
	       120,
	       'howl',
	       'commission example',
	       0,
		650,
		434);
	     
##---------------------------------------------------------------


INSERT INTO art (artist, title, media, width, height, image, pricing_info, main_image, image_width, image_height)
	VALUES(327,
	       'magic window',
	       'mixed media on canvas',
	       81,
	       102,
	       'magic-window',
	      'original, &pound;500',
	       0,
		515,
		650);
	     
		
INSERT INTO art_pricing(art, item_number, description, price)
	VALUES(LAST_INSERT_ID(), 'sj22', 'original', 500);

##---------------------------------------------------------------


INSERT INTO art (artist, title, media, width, height, image, pricing_info, main_image, image_width, image_height)
	VALUES(327,
	       'mountain study no.1',
	       'watercolour, graphite and ink on paper',
	       42,
	       59,
	       'mountain-study-1',
	      'original, &pound;120',
	       0,
		455,
		650);
	     
		
INSERT INTO art_pricing(art, item_number, description, price)
	VALUES(LAST_INSERT_ID(), 'sj23', 'original', 120);

##---------------------------------------------------------------


INSERT INTO art (artist, title, media, width, height, image, pricing_info, main_image, image_width, image_height)
	VALUES(327,
	       'mountain study no.2',
	       'watercolour, graphite and ink on paper',
	       42,
	       59,
	       'mountain-study-2',
	  'commission example',
	       0,
		442,
		650);
	     

##---------------------------------------------------------------


INSERT INTO art (artist, title, media, width, height, image, pricing_info, main_image, image_width, image_height)
	VALUES(327,
	       'sine wave',
	       'mixed media on steel',
	       90,
	       60,
	       'sine-wave',
	      'original, &pound;400',
	       0,
		437,
		650);
	     
		
INSERT INTO art_pricing(art, item_number, description, price)
	VALUES(LAST_INSERT_ID(), 'sj25', 'original', 400);

##---------------------------------------------------------------


INSERT INTO art (artist, title, media, width, height, image, pricing_info, main_image, image_width, image_height)
	VALUES(327,
	       'sky study no.1',
	       'oil on canvas',
	       60,
	       60,
	       'sky-study-1',
	      'original, &pound;400',
	       0,
		650,
		530);
	     
		
INSERT INTO art_pricing(art, item_number, description, price)
	VALUES(LAST_INSERT_ID(), 'sj27', 'original', 400);

##---------------------------------------------------------------


INSERT INTO art (artist, title, media, width, height, image, pricing_info, main_image, image_width, image_height)
	VALUES(327,
	       'sky study no.2',
	       'oil on canvas',
	       60,
	       60,
	       'sky-study-2',
	      'commission example',
	       0,
		650,
		646);
	     

##---------------------------------------------------------------


INSERT INTO art (artist, title, media, width, height, image, pricing_info, main_image, image_width, image_height)
	VALUES(327,
	       'sky study no.3',
	       'watercolur, graphite and ink on paper',
	       42,
	       59,
	       'sky-study-3',
	      'original, &pound;120',
	       0,
		458,
		650);
	     
		
INSERT INTO art_pricing(art, item_number, description, price)
	VALUES(LAST_INSERT_ID(), 'sj29', 'original', 120);

##---------------------------------------------------------------


INSERT INTO art (artist, title, media, width, height, image, pricing_info, main_image, image_width, image_height)
	VALUES(327,
	       'sky study no.4',
	       'watercolur, graphite and ink on paper',
	       42,
	       59,
	       'sky-study-4',
	      'original, &pound;120',
	       0,
		452,
		650);
	     
		
INSERT INTO art_pricing(art, item_number, description, price)
	VALUES(LAST_INSERT_ID(), 'sj30', 'original', 120);

##---------------------------------------------------------------


INSERT INTO art (artist, title, media, width, height, image, pricing_info, main_image, image_width, image_height)
	VALUES(327,
	       'sky study no.5',
	       'watercolur, graphite and ink on paper',
	       42,
	       59,
	       'sky-study-5',
	      'original, &pound;120',
	       0,
		451,
		650);
	     
		
INSERT INTO art_pricing(art, item_number, description, price)
	VALUES(LAST_INSERT_ID(), 'sj31', 'original', 120);

##---------------------------------------------------------------


INSERT INTO art (artist, title, media, width, height, image, pricing_info, main_image, image_width, image_height)
	VALUES(327,
	       'succulent',
	       'oil on canvas',
	       39,
	       39,
	       'succulent',
	     'commission example',
	       0,
		650,
		649);
	     


##---------------------------------------------------------------


INSERT INTO art (artist, title, media, width, height, image, pricing_info, main_image, image_width, image_height)
	VALUES(327,
	       'sun showers',
	       'mixed media on canvas',
	       102,
	       81,
	       'sun-showers',
	      'original, &pound;500',
	       0,
		650,
		520);
	     
		
INSERT INTO art_pricing(art, item_number, description, price)
	VALUES(LAST_INSERT_ID(), 'sj33', 'original', 500);

##---------------------------------------------------------------


INSERT INTO art (artist, title, media, width, height, image, pricing_info, main_image, image_width, image_height)
	VALUES(327,
	       'system of edges',
	       'acrylic on graphite and steel',
	       90,
	       90,
	       'system-of-edges',
	     'commission example',
	       0,
		650,
		641);


##---------------------------------------------------------------


INSERT INTO art (artist, title, media, width, height, image, pricing_info, main_image, image_width, image_height)
	VALUES(327,
	       'triangulating',
	       'watercolour on heavy cartridge paper',
	       42,
	       42,
	       'triangulating',
	   'commission example',
	       0,
		650,
		648);
	     


##---------------------------------------------------------------


INSERT INTO art (artist, title, media, width, height, image, pricing_info, main_image, image_width, image_height)
	VALUES(327,
	       'urban sky',
	       'oil on canvas',
	       50,
	       70,
	       'urban-sky',
	      'original, &pound;250',
	       0,
		471,
		650);
	     
		
INSERT INTO art_pricing(art, item_number, description, price)
	VALUES(LAST_INSERT_ID(), 'sj36', 'original', 250);

##---------------------------------------------------------------


INSERT INTO art (artist, title, media, width, height, image, pricing_info, main_image, image_width, image_height)
	VALUES(327,
	       'sketch no.16',
	       'mixed media on board',
	       66,
	       82,
	       'sketch-16',
	      'original, &pound;400',
	       0,
		526,
		650);
	     
		
INSERT INTO art_pricing(art, item_number, description, price)
	VALUES(LAST_INSERT_ID(), 'sj37', 'original', 400);
	
##---------------------------------------------------------------


INSERT INTO art (artist, title, media, width, height, image, pricing_info, main_image, image_width, image_height)
	VALUES(327,
	       'moon',
	       'mixed media on sandpaper and board',
	       46,
	       56,
	       'moon',
	      'original, &pound;160',
	       0,
		526,
		650);
	     
		
INSERT INTO art_pricing(art, item_number, description, price)
	VALUES(LAST_INSERT_ID(), 'sj38', 'original', 160);
	
##---------------------------------------------------------------



INSERT INTO artist (id, name, statement, notes, display, keywords)
	VALUES(328, 'karen gilbert',
	'<p class="artist">The history of painting is intrinsically linked to developments in paint technology. Although there
   is a long tradition of water colours and oils, acrylic paint has only a relatively brief history having been developed
    in the late 1940s. As with all other paints, acrylics have their own unique attributes. My work is an evolution of thoughts
     interwoven with the physical process of applying acrylic paint to canvas.</p>

<p class="artist">Textured and tactile, paint is often mistaken for being mixed media, with metallic paint looking like 
wire or embroidery thread and perhaps dried paint appearing like paper. This is paint creating an illusion of reality; 
representation, but in a non-traditional way. An awareness that the work is not of mixed media but acrylic paint confuses
 the senses, encouraging the viewers to question their perception, to challenge and re-evaluate, to look again.</p>
</p> 
  
<p class="artist">Dried, peeling paint is extremely evocative in itself. It is the fragile evidence of passing time on 
previous activity, human traces of the past. Similarly metallic and reflective paint and the flickering sparkles of glitter
 with their dependance upon the quality of the light is a manifestation of the impermanence and fragility of human
  perception and experience.</p>

<p class="artist"></p>

<p class="artist"></p>',
               NULL,
	       1,
          'karen gilbert, liverpool artist, contemporary art, colourful, acrylic, texture, painting, flowers');

##---------------------------------------------------------------


INSERT INTO art (artist, title, media, width, height, image, pricing_info, main_image, image_width, image_height)
	VALUES(328,
	       'meadow',
	      'acrylic & dried paint on canvas',
	       61,
	       51,
	       'meadow',
	      'original, &pound;400',
	       0,
		650,
		537);
	     
		
INSERT INTO art_pricing(art, item_number, description, price)
	VALUES(LAST_INSERT_ID(), 'kg101', 'original', 400);

##---------------------------------------------------------------

INSERT INTO art (artist, title, media, width, height, image, pricing_info, main_image, image_width, image_height)
	VALUES(328,
	       'water study v',
	       'acrylic & dried paint on canvas',
	       40.5,
	       50.5,
	       'water-study-v',
	      'original, &pound;350',
	       0,
		512,
		650);
	     
		
INSERT INTO art_pricing(art, item_number, description, price)
	VALUES(LAST_INSERT_ID(), 'kg103', 'original', 350);

##---------------------------------------------------------------

INSERT INTO art (artist, title, media, width, height, image, pricing_info, main_image, image_width, image_height)
	VALUES(328,
	       'water study vi',
	       'acrylic & dried paint on canvas',
	       40.5,
	       50.5,
	       'water-study-vi',
	      'original, &pound;350',
	       0,
		516,
		650);
	     
		
INSERT INTO art_pricing(art, item_number, description, price)
	VALUES(LAST_INSERT_ID(), 'kg104', 'original', 350);

##---------------------------------------------------------------

INSERT INTO art (artist, title, media, width, height, image, pricing_info, main_image, image_width, image_height)
	VALUES(328,
	       'water study vii',
	       'acrylic & dried paint on canvas',
	       40.5,
	       50.5,
	       'water-study-vii',
	      'original, &pound;350',
	       1,
		518,
		650);
	     
		
INSERT INTO art_pricing(art, item_number, description, price)
	VALUES(LAST_INSERT_ID(), 'kg105', 'original', 350);

##---------------------------------------------------------------

INSERT INTO art (artist, title, media, width, height, image, pricing_info, main_image, image_width, image_height)
	VALUES(328,
	       'bouquet',
	       'acrylic on canvas',
	       40,
	       50,
	       'bouquet',
	      'original, &pound;200',
	       0,
		519,
		650);
	     
		
INSERT INTO art_pricing(art, item_number, description, price)
	VALUES(LAST_INSERT_ID(), 'kg106', 'original', 200);

##---------------------------------------------------------------


INSERT INTO art (artist, title, media, width, height, image, pricing_info, main_image, image_width, image_height)
	VALUES(328,
	       'french lavenders',
	       'acrylic on canvas',
	       41,
	       51,
	       'french-lavenders',
	      'original, &pound;200',
	       0,
		520,
		650);
	     
		
INSERT INTO art_pricing(art, item_number, description, price)
	VALUES(LAST_INSERT_ID(), 'kg107', 'original', 200);

##---------------------------------------------------------------


INSERT INTO art (artist, title, media, width, height, image, pricing_info, main_image, image_width, image_height)
	VALUES(328,
	       'lavenders',
	       'acrylic on canvas',
	       50,
	       50,
	       'lavenders',
	      'original, &pound;200',
	       0,
		650,
		649);
	     
		
INSERT INTO art_pricing(art, item_number, description, price)
	VALUES(LAST_INSERT_ID(), 'kg108', 'original', 200);

##---------------------------------------------------------------



INSERT INTO art (artist, title, media, width, height, image, pricing_info, main_image, image_width, image_height)
	VALUES(328,
	       'lilacs-pinks-daisies',
	       'acrylic on canvas',
	       60,
	       60,
	       'lilacs-pinks-daisies',
	      'original, &pound;250',
	       0,
		650,
		645);
	     
		
INSERT INTO art_pricing(art, item_number, description, price)
	VALUES(LAST_INSERT_ID(), 'kg109', 'original', 250);

##---------------------------------------------------------------




INSERT INTO art (artist, title, media, width, height, image, pricing_info, main_image, image_width, image_height)
	VALUES(328,
	       'lilacs',
	       'acrylic on canvas',
	       41,
	       51,
	       'lilacs',
	      'original, &pound;200',
	       0,
		515,
		650);
	     
		
INSERT INTO art_pricing(art, item_number, description, price)
	VALUES(LAST_INSERT_ID(), 'kg110', 'original', 200);

##---------------------------------------------------------------



INSERT INTO art (artist, title, media, width, height, image, pricing_info, main_image, image_width, image_height)
	VALUES(328,
	       'pink reflections',
	       'acrylic on canvas',
	       61,
	       51,
	       'pink-reflections',
	      'original, &pound;250',
	       0,
		650,
		537);
	     
		
INSERT INTO art_pricing(art, item_number, description, price)
	VALUES(LAST_INSERT_ID(), 'kg111', 'original', 250);

##---------------------------------------------------------------



INSERT INTO art (artist, title, media, width, height, image, pricing_info, main_image, image_width, image_height)
	VALUES(328,
	       'pinks',
	       'acrylic on canvas',
	       20,
	       50,
	       'pinks',
	      'original, &pound;125',
	       0,
		247,
		650);
	     
		
INSERT INTO art_pricing(art, item_number, description, price)
	VALUES(LAST_INSERT_ID(), 'kg112', 'original', 125);

##---------------------------------------------------------------


INSERT INTO art (artist, title, media, width, height, image, pricing_info, main_image, image_width, image_height)
	VALUES(328,
	       'purples',
	       'acrylic on canvas',
	       20,
	       50,
	       'purples',
	      'original, &pound;125',
	       0,
		252,
		650);
	     
		
INSERT INTO art_pricing(art, item_number, description, price)
	VALUES(LAST_INSERT_ID(), 'kg113', 'original', 125);

##---------------------------------------------------------------


INSERT INTO art (artist, title, media, width, height, image, pricing_info, main_image, image_width, image_height)
	VALUES(328,
	       'water study viii',
	       'acrylic on canvas',
	       40,
	       50,
	       'water-study-viii',
	      'original, &pound;200',
	       0,
		514,
		650);
	     
		
INSERT INTO art_pricing(art, item_number, description, price)
	VALUES(LAST_INSERT_ID(), 'kg114', 'original', 200);

##---------------------------------------------------------------



INSERT INTO art (artist, title, media, width, height, image, pricing_info, main_image, image_width, image_height)
	VALUES(328,
	       'sea breeze i',
	       'acrylic on canvas',
	       41,
	       51,
	       'sea-breeze-i',
	      'original, &pound;200',
	       0,
		517,
		650);
	     
		
INSERT INTO art_pricing(art, item_number, description, price)
	VALUES(LAST_INSERT_ID(), 'kg115', 'original', 200);

##---------------------------------------------------------------


INSERT INTO art (artist, title, media, width, height, image, pricing_info, main_image, image_width, image_height)
	VALUES(328,
	       'sea breeze ii',
	       'acrylic on canvas',
	       40,
	       50,
	       'sea-breeze-ii',
	      'original, &pound;200',
	       0,
		509,
		650);
	     
		
INSERT INTO art_pricing(art, item_number, description, price)
	VALUES(LAST_INSERT_ID(), 'kg116', 'original', 200);

##---------------------------------------------------------------


INSERT INTO art (artist, title, media, width, height, image, pricing_info, main_image, image_width, image_height)
	VALUES(328,
	       'striped jug',
	       'acrylic on canvas',
	       41,
	       51,
	       'striped-jug',
	      'original, &pound;200',
	       0,
		528,
		650);
	     
		
INSERT INTO art_pricing(art, item_number, description, price)
	VALUES(LAST_INSERT_ID(), 'kg117', 'original', 200);

##---------------------------------------------------------------


INSERT INTO art (artist, title, media, width, height, image, pricing_info, main_image, image_width, image_height)
	VALUES(328,
	       'blue vase and pink flowers',
	       'acrylic on canvas',
	       41,
	       51,
	       'blue-vase-pink',
	      'original, &pound;200',
	       0,
		510,
		650);
	     
		
INSERT INTO art_pricing(art, item_number, description, price)
	VALUES(LAST_INSERT_ID(), 'kg118', 'original', 200);

##---------------------------------------------------------------


INSERT INTO artist (id, name, statement, notes, display, keywords)
	VALUES(329, 'paul anderson',
	'<p class="artist">Paul is a local, regional and international, multi-award winning Fine Art Photographer and Photo-artist. 
  Based in New Brighton on the Wirral Peninsula. Paul offers the discerning collector an enviable portfolio of both Merseyside
   and world-wide photography spanning over 50 countries. Paul has spent much of the last 4 years in India, Nepal and the whole
    of S.E. Asia assimilating the very essence of the cultures, the places and the people. He has had a solo exhibition 
    "Asian Adventures" in New Brighton and has had images used commercially.</p> 

<p class="artist">"Each of my images are unique and are crafted individually as would a bespoke commission. I take time to
 acclimatize to the culture, ambience, light and "feel" of the image locale and subject. I lavish individual preparation, 
 attention and time, before, during and after a shoot, in order to provide a unique sense of time and place. The commissioning 
 of each image is carefully considered and meticulously executed, specifically to maximise the impact, sensation and joy of the 
 piece. The end result is so much more than just a photo, it is a truly unique and timeless story that my collectors can enjoy, forever..."</p> 
  

<p class="artist">With such attention to detail, each print comes with a signed certificate of authenticity, edition numbered, supplied
 with a unique map showing the actual GPS location of the shot, the date, time and the story behind the image.</p>

<p class="artist">Each image is limited to an edition of just 50 prints. Prints will be centrally mounted on a complementary colour
 mount, of Black, Antique White or White as specified. Including mount, each print measures at 40 x 50cm. A bespoke toning and 
 colouration to match prints and/or mounts to a particular decor is also available on request. Other personalised sizes, off-centre
  mounting, finishes and frames are also available on request. Unique international and UK commissions considered.</p>

<p class="artist">All strictly limited editions are finished on high quality, Fuji lustre paper.</p>',
               NULL,
	       1,
          'paul anderson, liverpool artist, photography, new brighton, asia, print');

##---------------------------------------------------------------


INSERT INTO art (artist, title, media, width, height, image, pricing_info, main_image, image_width, image_height)
	VALUES(329,
	       'agios nikalaos church, crete',
	       'photographic print',
	       41,
	       23,
	       'agios-nikalaos',
	      'limited edition print, &pound;95',
	       0,
		650,
		420);
	     
		
INSERT INTO art_pricing(art, item_number, description, price)
	VALUES(LAST_INSERT_ID(), 'pa101', 'limited edition', 95);

##---------------------------------------------------------------


INSERT INTO art (artist, title, media, width, height, image, pricing_info, main_image, image_width, image_height)
	VALUES(329,
	       'contemplation',
	       'photographic print',
	       40,
	       26,
	       'contemplation',
	      'limited edition print, &pound;95',
	       1,
		650,
		378);
	     
		
INSERT INTO art_pricing(art, item_number, description, price)
	VALUES(LAST_INSERT_ID(), 'pa102', 'limited edition', 95);

##---------------------------------------------------------------



INSERT INTO art (artist, title, media, width, height, image, pricing_info, main_image, image_width, image_height)
	VALUES(329,
	       'emerald and blue',
	       'photographic print',
	       40,
	       27,
	       'emerald-and-blue',
	      'limited edition print, &pound;95',
	       0,
		650,
		433);
	     
		
INSERT INTO art_pricing(art, item_number, description, price)
	VALUES(LAST_INSERT_ID(), 'pa103', 'limited edition', 95);

##---------------------------------------------------------------




INSERT INTO art (artist, title, media, width, height, image, pricing_info, main_image, image_width, image_height)
	VALUES(329,
	       'gili meno at dawn',
	       'photographic print',
	       44,
	       27,
	       'gili-meno-dawn',
	      'limited edition print, &pound;95',
	       0,
		650,
		419);
	     
		
INSERT INTO art_pricing(art, item_number, description, price)
	VALUES(LAST_INSERT_ID(), 'pa104', 'limited edition', 95);

##---------------------------------------------------------------



INSERT INTO art (artist, title, media, width, height, image, pricing_info, main_image, image_width, image_height)
	VALUES(329,
	       'japanese bridge',
	       'photographic print',
	       44,
	       27,
	       'japanese-bridge',
	      'limited edition print, &pound;95',
	       0,
		650,
		404);
	     
		
INSERT INTO art_pricing(art, item_number, description, price)
	VALUES(LAST_INSERT_ID(), 'pa105', 'limited edition', 95);

##---------------------------------------------------------------



INSERT INTO art (artist, title, media, width, height, image, pricing_info, main_image, image_width, image_height)
	VALUES(329,
	       'japanese garden',
	       'photographic print',
	       40,
	       27,
	       'japanese-garden',
	      'limited edition print, &pound;95',
	       0,
		650,
		435);
	     
		
INSERT INTO art_pricing(art, item_number, description, price)
	VALUES(LAST_INSERT_ID(), 'pa106', 'limited edition', 95);

##---------------------------------------------------------------


INSERT INTO art (artist, title, media, width, height, image, pricing_info, main_image, image_width, image_height)
	VALUES(329,
	       'mekong buddhas',
	       'photographic print',
	       40,
	       27,
	       'mekong-buddhas',
	      'limited edition print, &pound;95',
	       0,
		650,
		405);
	     
		
INSERT INTO art_pricing(art, item_number, description, price)
	VALUES(LAST_INSERT_ID(), 'pa107', 'limited edition', 95);

##---------------------------------------------------------------

INSERT INTO art (artist, title, media, width, height, image, pricing_info, main_image, image_width, image_height)
	VALUES(329,
	       'mersey sentinel',
	       'photographic print',
	       40,
	       26,
	       'mersey-sentinel',
	      'limited edition print, &pound;95',
	       0,
		418,
		650);
	     
		
INSERT INTO art_pricing(art, item_number, description, price)
	VALUES(LAST_INSERT_ID(), 'pa108', 'limited edition', 95);

##---------------------------------------------------------------

INSERT INTO art (artist, title, media, width, height, image, pricing_info, main_image, image_width, image_height)
	VALUES(329,
	       'queen and her guardsmen',
	       'photographic print',
	       41,
	       17,
	       'queen-and-guardsmen',
	      'limited edition print, &pound;95',
	       0,
		650,
		284);
	     
		
INSERT INTO art_pricing(art, item_number, description, price)
	VALUES(LAST_INSERT_ID(), 'pa109', 'limited edition', 95);

##---------------------------------------------------------------


INSERT INTO art (artist, title, media, width, height, image, pricing_info, main_image, image_width, image_height)
	VALUES(329,
	       'qm2',
	       'photographic print',
	       36,
	       28,
	       'qm2',
	      'limited edition print, &pound;95',
	       0,
		518,
		650);
	     
		
INSERT INTO art_pricing(art, item_number, description, price)
	VALUES(LAST_INSERT_ID(), 'pa110', 'limited edition', 95);

##---------------------------------------------------------------

INSERT INTO art (artist, title, media, width, height, image, pricing_info, main_image, image_width, image_height)
	VALUES(329,
	       'santorini',
	       'photographic print',
	       40,
	       28,
	       'santorini',
	      'limited edition print, &pound;95',
	       0,
		650,
		407);
	     
		
INSERT INTO art_pricing(art, item_number, description, price)
	VALUES(LAST_INSERT_ID(), 'pa111', 'limited edition', 95);

##---------------------------------------------------------------







INSERT INTO artist (id, name, statement, notes, display, keywords)
	VALUES(330, 'ali barker',
	'<p class="artist">Music is a major influence on my work, which is currently exploring visual representations of music and sound in colour,
   inspired by my sound-colour synaesthesia. When I listen to music, each note of the musical scale is perceived as a different colour.</p> 

<p class="artist">Many of my paintings are based on geometric forms, ranging from rigidly transcribed music to patterns derived from
 the highs and lows 
of the melody. Other paintings are instinctive synaesthetic responses made by directly applying the colours to the paper or canvas
 whilst listening to the music. I am also exploring combinations of these styles. The choice of music can be my own, or chosen by 
 a client for a commission.</p>
 
<p class="artist">Recently I have started to explore translating other sounds into colours. Any sound could be considered to be music;
 non-musical sounds have frequencies, equivalent to notes. I have recorded sounds in different locations, then translated the sounds 
 into notes - and thus colours, which are linked to when they appeared on the timeline of the recording, or the location of the recording.</p>

<p class="artist">Another area of interest is the skyline. In 2011 I won the Merseytravel Art on the Network competition to design a new skyline, 
for the Queensway (Birkenhead) Tunnel. My Liverpool Composition and Wirral Composition designs were made into murals on the
 new cladding, approximately 5m high and 22m wide, and are public artworks on permanent display at each end of the tunnel.</p>

<p class="artist">Originally from Sheffield, I moved to Merseyside in 1995. In my spare time, I play violin and viola in several
 local amateur orchestras.</p>


<p class="artist"></p>',
               NULL,
	       1,
          'ali barker, liverpool artist, music, synaesthesia, sound, print, acrylic');
          

##---------------------------------------------------------------



INSERT INTO art (artist, title, media, width, height, image, pricing_info, main_image, image_width, image_height)
	VALUES(330,
	       'carnival of the animals: the swan (synaesthesia 37)',
	       'acrylic on canvas',
	       20,
	       50,
	       'carnival-animals',
	      'original, &pound;75',
	       0,
		650,
		251);
	     
		
INSERT INTO art_pricing(art, item_number, description, price)
	VALUES(LAST_INSERT_ID(), 'ab112', 'original', 75);

##---------------------------------------------------------------

INSERT INTO art (artist, title, media, width, height, image, pricing_info, main_image, image_width, image_height)
	VALUES(330,
	       'liverpool composition 3 (synaesthesia 43)',
	       'gouache and pen on paper',
	       21,
	       30,
	       'liverpool-composition-3',
	      'original, &pound;60',
	       0,
		650,
		463);
	     
		
INSERT INTO art_pricing(art, item_number, description, price)
	VALUES(LAST_INSERT_ID(), 'ab114', 'original', 60);

##---------------------------------------------------------------


INSERT INTO art (artist, title, media, width, height, image, pricing_info, main_image, image_width, image_height)
	VALUES(330,
	       'synaesthesia 6: prelude in c',
	       'acrylic on canvas',
	       29,
	       39,
	       'prelude-in-c',
	      'limited edition print, &pound;40',
	       1,
		650,
		486);
	     
		
INSERT INTO art_pricing(art, item_number, description, price)
	VALUES(LAST_INSERT_ID(), 'ab108', 'limited edition', 40);

##---------------------------------------------------------------

INSERT INTO art (artist, title, media, width, height, image, pricing_info, main_image, image_width, image_height)
	VALUES(330,
	       'outside 2 (synaesthesia 30)',
	       'acrylic on canvas',
	       40,
	       40,
	       'outside-2',
	      'original, &pound;90',
	       0,
		650,
		650);
	     
		
INSERT INTO art_pricing(art, item_number, description, price)
	VALUES(LAST_INSERT_ID(), 'ab111', 'original', 90);

##---------------------------------------------------------------


INSERT INTO art (artist, title, media, width, height, image, pricing_info, main_image, image_width, image_height)
	VALUES(330,
	       'outside (synaesthesia 29)',
	       'acrylic on canvas',
	       100,
	       100,
	       'outside',
	      'original, &pound;200',
	       0,
		647,
		650);
	     
		
INSERT INTO art_pricing(art, item_number, description, price)
	VALUES(LAST_INSERT_ID(), 'ab101', 'original', 200);

##---------------------------------------------------------------


INSERT INTO art (artist, title, media, width, height, image, pricing_info, main_image, image_width, image_height)
	VALUES(330,
	       'inside (synaesthesia 28)',
	       'acrylic on canvas',
	       100,
	       100,
	       'inside',
	      'original, &pound;200',
	       0,
		650,
		641);
	     
		
INSERT INTO art_pricing(art, item_number, description, price)
	VALUES(LAST_INSERT_ID(), 'ab102', 'original', 200);

##---------------------------------------------------------------


INSERT INTO art (artist, title, media, width, height, image, pricing_info, main_image, image_width, image_height)
	VALUES(330,
	       'three timelines in g major  (synaesthesia 24)',
	       'acrylic on canvas',
	       50,
	       60,
	       'three-timelines',
	      'original, &pound;140',
	       0,
		650,
		543);
	     
		
INSERT INTO art_pricing(art, item_number, description, price)
	VALUES(LAST_INSERT_ID(), 'ab103', 'original', 140);

##---------------------------------------------------------------


INSERT INTO art (artist, title, media, width, height, image, pricing_info, main_image, image_width, image_height)
	VALUES(330,
	       'bruch violin concerto no. 1 adagio (b)',
	       'acrylic on canvas',
	       30,
	       40,
	       'bruch-violin-b',
	      'original, &pound;75',
	       0,
		650,
		480);
	     
		
INSERT INTO art_pricing(art, item_number, description, price)
	VALUES(LAST_INSERT_ID(), 'ab110', 'original', 75);

##---------------------------------------------------------------

INSERT INTO art (artist, title, media, width, height, image, pricing_info, main_image, image_width, image_height)
	VALUES(330,
	       'bruch violin concerto no.1, adagio (c)',
	       'acrylic on canvas',
	       29,
	       39,
	       'bruch-violin-c',
	      'limited edition print, &pound;40',
	       0,
		650,
		472);
	     
		
INSERT INTO art_pricing(art, item_number, description, price)
	VALUES(LAST_INSERT_ID(), 'ab104', 'limited edition', 40);

##---------------------------------------------------------------

INSERT INTO art (artist, title, media, width, height, image, pricing_info, main_image, image_width, image_height)
	VALUES(330,
	       'bruch violin concerto no.1, adagio (a)',
	       'acrylic on canvas',
	       30,
	       40,
	       'bruch-version-a',
	     'original, &pound;75',
	       0,
		650,
		488);
	     
		
INSERT INTO art_pricing(art, item_number, description, price)
	VALUES(LAST_INSERT_ID(), 'ab106', 'original', 75);

##---------------------------------------------------------------


INSERT INTO art (artist, title, media, width, height, image, pricing_info, main_image, image_width, image_height)
	VALUES(330,
	       'synaesthesia 20: theme from the big bang theory',
	       'acrylic on canvas',
	       30,
	       30,
	       'big-bang-theory',
	      'currently unavailable',
	       0,
		650,
		650);
	     
		
INSERT INTO art_pricing(art, item_number, description, price)
	VALUES(LAST_INSERT_ID(), 'ab107', 'original', 75);

##---------------------------------------------------------------



INSERT INTO art (artist, title, media, width, height, image, pricing_info, main_image, image_width, image_height)
	VALUES(330,
	       'synaesthesia 12: keep the faith',
	       'acrylic on canvas',
	       19,
	       29,
	       'keep-the-faith',
	      'limited edition print, &pound;30',
	       0,
		650,
		428);
	     
		
INSERT INTO art_pricing(art, item_number, description, price)
	VALUES(LAST_INSERT_ID(), 'ab109', 'limited edition', 30);

##---------------------------------------------------------------



INSERT INTO artist (id, name, statement, notes, display, keywords)
	VALUES(332, 'mark nelson',
	'<p class="artist">Mark Nelson is widely acclaimed for his Urban Landscape work which has been described as a refreshing 
  representation of the region by Judith Nesbitt, Chief Curator at Tate Britain. Mark is proud of his Northern heritage:
 "my paintings represent a vision of the North which is a bright and vibrant mesh of culture and creativity". His successful
   recent shows attracted big audiences and have been very well received.</p> 

<p class="artist">His background is diverse, with successful careers in professional rugby, including Premiership and International
 Level alongside teaching. Mark is also a published songwriter and has written for the iconic band "The Hollies", for whom he 
 also painted the album cover "Then, Now and Always".</p>
 
<p class="artist">Mark is the creator of "The Paradox View": "as a society we are becoming increasingly at odds with ourselves and 
the world in which we live. Social attitudes, science and technology, religion, politics, global awareness, poverty and wealth
 bombard our stability and rationality. Much of our life experience is a complete contradiction. We live in a paradox. This is my 
 Paradox View".</p>

<p class="artist">Limited edition prints are available in a variety of sizes. Please contact dot-art directly to discuss. </p>


<p class="artist"></p>',
               NULL,
	       1,
          'mark nelson, liverpool artist, paradox view, north west, landscapes, print, acrylic');

##---------------------------------------------------------------


INSERT INTO art (artist, title, media, width, height, image, pricing_info, main_image, image_width, image_height)
	VALUES(332,
	       'metropolis',
	       'acrylic on canvas',
	       90,
	       60,
	       'metropolis',
	      'limited edition print, &pound;85',
	       1,
		650,
		426);
	     
		
INSERT INTO art_pricing(art, item_number, description, price)
	VALUES(LAST_INSERT_ID(), 'mn101', 'limited edition', 85);

##---------------------------------------------------------------


INSERT INTO art (artist, title, media, width, height, image, pricing_info, main_image, image_width, image_height)
	VALUES(332,
	       'snowy town',
	       'acrylic on canvas',
	       30,
	       40,
	       'snowy-town',
	      'limited edition print, &pound;85',
	       0,
		513,
		650);
	     
		
INSERT INTO art_pricing(art, item_number, description, price)
	VALUES(LAST_INSERT_ID(), 'mn102', 'limited edition', 85);
	
##---------------------------------------------------------------


INSERT INTO art (artist, title, media, width, height, image, pricing_info, main_image, image_width, image_height)
	VALUES(332,
	       'snowy town',
	       'acrylic on canvas',
	       40,
	       50,
	       'snowy-town',
	      'original, &pound;1595',
	       0,
		513,
		650);
	     
		
INSERT INTO art_pricing(art, item_number, description, price)
	VALUES(LAST_INSERT_ID(), 'mn103', 'original', 1595);
	
##---------------------------------------------------------------


INSERT INTO art (artist, title, media, width, height, image, pricing_info, main_image, image_width, image_height)
	VALUES(332,
	       'storm brewing',
	       'acrylic on canvas',
	       30,
	       40,
	       'storm-brewing',
	      'limited edition print, &pound;85',
	       0,
		528,
		650);
	     
		
INSERT INTO art_pricing(art, item_number, description, price)
	VALUES(LAST_INSERT_ID(), 'mn104', 'limited edition', 85);
	
##---------------------------------------------------------------


INSERT INTO art (artist, title, media, width, height, image, pricing_info, main_image, image_width, image_height)
	VALUES(332,
	       'storm brewing',
	       'acrylic on canvas',
	       60,
	       75,
	       'storm-brewing',
	      'original, &pound;1795',
	       0,
		528,
		650);
	     
		
INSERT INTO art_pricing(art, item_number, description, price)
	VALUES(LAST_INSERT_ID(), 'mn105', 'original', 1795);
	
	
##---------------------------------------------------------------


INSERT INTO art (artist, title, media, width, height, image, pricing_info, main_image, image_width, image_height)
	VALUES(332,
	       'the jetty',
	       'acrylic on canvas',
	       30,
	       40,
	       'the-jetty',
	      'limited edition print, &pound;85',
	       0,
		482,
		650);
	     
		
INSERT INTO art_pricing(art, item_number, description, price)
	VALUES(LAST_INSERT_ID(), 'mn106', 'limited edition', 85);
	
##---------------------------------------------------------------


INSERT INTO art (artist, title, media, width, height, image, pricing_info, main_image, image_width, image_height)
	VALUES(332,
	       'the jetty',
	       'acrylic on canvas',
	       50,
	       60,
	       'the-jetty',
	      'original, &pound;1795',
	       0,
		482,
		650);
	     
		
INSERT INTO art_pricing(art, item_number, description, price)
	VALUES(LAST_INSERT_ID(), 'mn107', 'original', 1795);
	
	
##---------------------------------------------------------------


INSERT INTO art (artist, title, media, width, height, image, pricing_info, main_image, image_width, image_height)
	VALUES(332,
	       'dark lytham the pier',
	       'acrylic on canvas',
	       40,
	       30,
	       'pier-on-beach',
	      'limited edition print, &pound;85',
	       0,
		650,
		527);
	     
		
INSERT INTO art_pricing(art, item_number, description, price)
	VALUES(LAST_INSERT_ID(), 'mn108', 'limited edition', 85);
	
##---------------------------------------------------------------


INSERT INTO art (artist, title, media, width, height, image, pricing_info, main_image, image_width, image_height)
	VALUES(332,
	       'dark lytham the pier',
	       'acrylic on canvas',
	       40,
	       50,
	       'pier-on-beach',
	      'original, &pound;1795',
	       0,
		650,
		527);
	     
		
INSERT INTO art_pricing(art, item_number, description, price)
	VALUES(LAST_INSERT_ID(), 'mn109', 'original', 1795);
	
##---------------------------------------------------------------


INSERT INTO art (artist, title, media, width, height, image, pricing_info, main_image, image_width, image_height)
	VALUES(332,
	       'shrimp boat',
	       'acrylic on canvas',
	       30,
	       40,
	       'shrimp-boat',
	      'limited edition print, &pound;85',
	       0,
		486,
		650);
	     
		
INSERT INTO art_pricing(art, item_number, description, price)
	VALUES(LAST_INSERT_ID(), 'mn110', 'limited edition', 85);
	
##---------------------------------------------------------------


INSERT INTO art (artist, title, media, width, height, image, pricing_info, main_image, image_width, image_height)
	VALUES(332,
	       'shrimp boat',
	       'acrylic on canvas',
	       30,
	       40,
	       'shrimp-boat',
	      'original, &pound;1395',
	       0,
		486,
		650);
	     
		
INSERT INTO art_pricing(art, item_number, description, price)
	VALUES(LAST_INSERT_ID(), 'mn111', 'original', 1395);
	
##---------------------------------------------------------------


INSERT INTO art (artist, title, media, width, height, image, pricing_info, main_image, image_width, image_height)
	VALUES(332,
	       'across the bay to the lakes',
	       'acrylic on canvas',
	       40,
	       30,
	       'across-the-bay',
	      'limited edition print, &pound;85',
	       0,
		650,
		434);
	     
		
INSERT INTO art_pricing(art, item_number, description, price)
	VALUES(LAST_INSERT_ID(), 'mn112', 'limited edition', 85);
	
##---------------------------------------------------------------


INSERT INTO art (artist, title, media, width, height, image, pricing_info, main_image, image_width, image_height)
	VALUES(332,
	       'across the bay to the lakes',
	       'acrylic on canvas',
	       75,
	       50,
	       'across-the-bay',
	      'original, &pound;1895',
	       0,
		650,
		434);
	     
		
INSERT INTO art_pricing(art, item_number, description, price)
	VALUES(LAST_INSERT_ID(), 'mn113', 'original', 1895);
	
##---------------------------------------------------------------


INSERT INTO art (artist, title, media, width, height, image, pricing_info, main_image, image_width, image_height)
	VALUES(332,
	       'lowry street&#59; different faces',
	       'acrylic on canvas',
	       40,
	       30,
	       'lowry',
	      'limited edition print, &pound;85',
	       0,
		650,
		262);
	     
		
INSERT INTO art_pricing(art, item_number, description, price)
	VALUES(LAST_INSERT_ID(), 'mn114', 'limited edition', 85);
	
##---------------------------------------------------------------


INSERT INTO art (artist, title, media, width, height, image, pricing_info, main_image, image_width, image_height)
	VALUES(332,
	       'lowry street&#59; different faces',
	       'acrylic on canvas',
	       50,
	       20,
	       'lowry',
	      'original, &pound;995',
	       0,
		650,
		262);
	     
		
INSERT INTO art_pricing(art, item_number, description, price)
	VALUES(LAST_INSERT_ID(), 'mn115', 'original', 995);
	
##---------------------------------------------------------------



INSERT INTO artist (id, name, statement, notes, display, keywords)
	VALUES(333, 'julie james turner',
	'<p class="artist">The inspiration for my practice is womanhood. I seek to emphasis the tensions and celebrate the diverseness of 
  female identity, drawing from both an individual and a collective identity. Period garments and clothing patterns fascinate me. 
  Using their symbolic associations as stimulus, I reinterpret them using traditional textiles and embroidery techniques with
   contemporary technologies.</p> 

<p class="artist">My most recent pieces aim to comment on women''s gynaecological anatomy, celebrating the "inside on the outside". 
By using a 1940s style pair of knickers as the main vehicle of expression, I aim to bring a familiar and playful twist to the 
subject matter.</p>
 
<p class="artist">James-Turner was winner of The Textile Society Bursary Postgraduate Award 2010.</p>



<p class="artist">Please note, "Knickers" 1, 2 and 3 are displayed in white frames without glass. The wearable art pieces are
wrap around and come in one size to fit all.</p>',
               NULL,
	       1,
          'julie james turner, liverpool artist, textiles, north west, embroidery, feminism');

##---------------------------------------------------------------


INSERT INTO art (artist, title, media, width, height, image, pricing_info, main_image, image_width, image_height)
	VALUES(333,
	       'knickers 1 - uterus',
	       'hand knitted',
	       40,
	       40,
	       'knickers-1',
	      'framed original, &pound;1000',
	       0,
		650,
		512);
	     
		
INSERT INTO art_pricing(art, item_number, description, price)
	VALUES(LAST_INSERT_ID(), 'jj101', 'original', 1000);

##---------------------------------------------------------------

INSERT INTO art (artist, title, media, width, height, image, pricing_info, main_image, image_width, image_height)
	VALUES(333,
	       'knickers 2 - uterine artery and brances to the fundus',
	       'machine and hand embroidery',
	       40,
	       40,
	       'knickers-2',
	      'framed original, &pound;1000',
	       1,
		650,
		551);
	     
		
INSERT INTO art_pricing(art, item_number, description, price)
	VALUES(LAST_INSERT_ID(), 'jj102', 'original', 1000);

##---------------------------------------------------------------

INSERT INTO art (artist, title, media, width, height, image, pricing_info, main_image, image_width, image_height)
	VALUES(333,
	       'knickers 3 - ovarian follicle atresia',
	       'digital and hand embroidery',
	       40,
	       40,
	       'knickers-3',
	      'framed original, &pound;1000',
	       0,
		650,
		478);
	     
		
INSERT INTO art_pricing(art, item_number, description, price)
	VALUES(LAST_INSERT_ID(), 'jj103', 'original', 1000);

##---------------------------------------------------------------

INSERT INTO art (artist, title, media, width, height, image, pricing_info, main_image, image_width, image_height)
	VALUES(333,
	       'study of clematis (wearable art)',
	       'reclaimed silk scarves',
	       0,
	       0,
	       'clematis-skirt',
	      'original, &pound;300',
	       0,
		455,
		650);
	     
		
INSERT INTO art_pricing(art, item_number, description, price)
	VALUES(LAST_INSERT_ID(), 'jj104', 'original', 300);

##---------------------------------------------------------------


INSERT INTO art (artist, title, media, width, height, image, pricing_info, main_image, image_width, image_height)
	VALUES(333,
	       'dark roses (wearable art)',
	       'chiffon',
	       0,
	       0,
	       'rose-skirt',
	      'original, &pound;300',
	       0,
		488,
		650);
	     
		
INSERT INTO art_pricing(art, item_number, description, price)
	VALUES(LAST_INSERT_ID(), 'jj105', 'original', 300);

##---------------------------------------------------------------



INSERT INTO art (artist, title, media, width, height, image, pricing_info, main_image, image_width, image_height)
	VALUES(333,
	       'old leaves and lace (wearable art)',
	       'cotton lace',
	       0,
	       0,
	       'leaves-skirt',
	      'original, &pound;350',
	       0,
		650,
		624);
	     
		
INSERT INTO art_pricing(art, item_number, description, price)
	VALUES(LAST_INSERT_ID(), 'jj106', 'original', 350);

##---------------------------------------------------------------



INSERT INTO artist (id, name, statement, notes, display, keywords)
	VALUES(334, 'jayne hillis',
	'<p class="artist">Jayne Hillis&#39;s	style is contemporary, stylish and sophisticated with a touch of humour. Her aim is to create an
	environment that is enriching and inspiring whilst remaining friendly and inviting. Coming from a background of artists, Hillis&#39;
   background in tailoring enables her to balance the vibrancy of colour with her skill for detailed and intricate mark making.</p>
    
<p class="artist">Influence by Matisse, Modigliani and Chagall, her work is always filled with expressive movement and passion. Hillis&#39;
work consists mainly of oil and acrylic paints but also experiments with watercolour, pastels and gouache.</p>',


               NULL,
	       1,
          'janye hillis, oil, acrylic, painter, matisse, chagall, contemporary, artist, liverpool');

##---------------------------------------------------------------


INSERT INTO art (artist, title, media, width, height, image, pricing_info, main_image, image_width, image_height)
	VALUES(334,
	       'mojito',
	       'oil on canvas',
	       50,
	       50,
	       'mojito',
	      'original, &pound;250',
	       0,
		650,
		642);
	     
		
INSERT INTO art_pricing(art, item_number, description, price)
	VALUES(LAST_INSERT_ID(), 'jh101', 'original', 250);

##---------------------------------------------------------------

INSERT INTO art (artist, title, media, width, height, image, pricing_info, main_image, image_width, image_height)
	VALUES(334,
	       'meditate',
	       'oil on canvas',
	       20,
	       20,
	       'meditate',
	      'original, &pound;180',
	       0,
		650,
		650);
	     
		
INSERT INTO art_pricing(art, item_number, description, price)
	VALUES(LAST_INSERT_ID(), 'jh102', 'original', 180);

##---------------------------------------------------------------

INSERT INTO art (artist, title, media, width, height, image, pricing_info, main_image, image_width, image_height)
	VALUES(334,
	       'sea of thought',
	       'oil on canvas',
	       61,
	       61,
	       'sea-of-thought',
	      'original, &pound;350',
	       0,
		650,
		633);
	     
		
INSERT INTO art_pricing(art, item_number, description, price)
	VALUES(LAST_INSERT_ID(), 'jh103', 'original', 350);

##---------------------------------------------------------------

INSERT INTO art (artist, title, media, width, height, image, pricing_info, main_image, image_width, image_height)
	VALUES(334,
	       'secret garden',
	       'oil on canvas',
	       51,
	       76,
	       'secret-garden',
	      'original, &pound;250',
	       0,
		434,
		650);
	     
		
INSERT INTO art_pricing(art, item_number, description, price)
	VALUES(LAST_INSERT_ID(), 'jh104', 'original', 250);

##---------------------------------------------------------------


INSERT INTO art (artist, title, media, width, height, image, pricing_info, main_image, image_width, image_height)
	VALUES(334,
	       'venice',
	       'oil on canvas',
	       50,
	       61,
	       'venice',
	      'original, &pound;250',
	       0,
		501,
		650);
	     
		
INSERT INTO art_pricing(art, item_number, description, price)
	VALUES(LAST_INSERT_ID(), 'jh105', 'original', 250);

##---------------------------------------------------------------



INSERT INTO art (artist, title, media, width, height, image, pricing_info, main_image, image_width, image_height)
	VALUES(334,
	       'reflections',
	       'oil on canvas',
	       40,
	       40,
	       'reflections',
	      'original, &pound;350',
	       0,
		586,
		650);
	     
		
INSERT INTO art_pricing(art, item_number, description, price)
	VALUES(LAST_INSERT_ID(), 'jh106', 'original', 350);

##---------------------------------------------------------------



INSERT INTO art (artist, title, media, width, height, image, pricing_info, main_image, image_width, image_height)
	VALUES(334,
	       'bay of naples',
	       'oil on canvas',
	       40,
	       40,
	       'bay-of-naples',
	      'original, &pound;250',
	       0,
		645,
		650);
	     
		
INSERT INTO art_pricing(art, item_number, description, price)
	VALUES(LAST_INSERT_ID(), 'jh107', 'original', 250);

##---------------------------------------------------------------



INSERT INTO art (artist, title, media, width, height, image, pricing_info, main_image, image_width, image_height)
	VALUES(334,
	       'in two minds',
	       'oil on canvas',
	       45,
	       60,
	       'in-two-minds',
	      'original, &pound;350',
	       0,
		454,
		650);
	     
		
INSERT INTO art_pricing(art, item_number, description, price)
	VALUES(LAST_INSERT_ID(), 'jh108', 'original', 350);

##---------------------------------------------------------------




INSERT INTO art (artist, title, media, width, height, image, pricing_info, main_image, image_width, image_height)
	VALUES(334,
	       'blue',
	       'oil on canvas',
	       60,
	       80,
	       'blue',
	      'original, &pound;350',
	       0,
		436,
		650);
	     
		
INSERT INTO art_pricing(art, item_number, description, price)
	VALUES(LAST_INSERT_ID(), 'jh109', 'original', 350);

##---------------------------------------------------------------




INSERT INTO art (artist, title, media, width, height, image, pricing_info, main_image, image_width, image_height)
	VALUES(334,
	       'cats life',
	       'acrylic on canvas',
	       76,
	       51,
	       'cats-life',
	      'original, &pound;250',
	       0,
		650,
		437);
	     
		
INSERT INTO art_pricing(art, item_number, description, price)
	VALUES(LAST_INSERT_ID(), 'jh110', 'original', 250);

##---------------------------------------------------------------




INSERT INTO art (artist, title, media, width, height, image, pricing_info, main_image, image_width, image_height)
	VALUES(334,
	       'poppies',
	       'acrylic on canvas',
	       20,
	       20,
	       'poppies',
	      'original, &pound;120',
	       0,
		467,
		650);
	     
		
INSERT INTO art_pricing(art, item_number, description, price)
	VALUES(LAST_INSERT_ID(), 'jh111', 'original', 120);

##---------------------------------------------------------------

INSERT INTO art (artist, title, media, width, height, image, pricing_info, main_image, image_width, image_height)
	VALUES(334,
	       'rouge',
	       'oil on canvas',
	       46,
	       60,
	       'rouge',
	      'original, &pound;350',
	       0,
		496,
		650);
	     
		
INSERT INTO art_pricing(art, item_number, description, price)
	VALUES(LAST_INSERT_ID(), 'jh112', 'original', 350);

##---------------------------------------------------------------

INSERT INTO art (artist, title, media, width, height, image, pricing_info, main_image, image_width, image_height)
	VALUES(334,
	       'lily',
	       'oil on canvas',
	       50,
	       60,
	       'lily',
	      'original, &pound;350',
	       0,
		526,
		650);
	     
		
INSERT INTO art_pricing(art, item_number, description, price)
	VALUES(LAST_INSERT_ID(), 'jh113', 'original', 350);

##---------------------------------------------------------------

INSERT INTO art (artist, title, media, width, height, image, pricing_info, main_image, image_width, image_height)
	VALUES(334,
	       'powder puff',
	       'oil on canvas',
	       50,
	       50,
	       'powder-puff',
	      'original, &pound;250',
	       0,
		650,
		610);
	     
		
INSERT INTO art_pricing(art, item_number, description, price)
	VALUES(LAST_INSERT_ID(), 'jh114', 'original', 250);

##---------------------------------------------------------------

INSERT INTO art (artist, title, media, width, height, image, pricing_info, main_image, image_width, image_height)
	VALUES(334,
	       'new york',
	       'oil on canvas',
	       40,
	       40,
	       'new-york',
	      'original, &pound;350',
	       0,
		650,
		627);
	     
		
INSERT INTO art_pricing(art, item_number, description, price)
	VALUES(LAST_INSERT_ID(), 'jh115', 'original', 350);

##---------------------------------------------------------------

INSERT INTO art (artist, title, media, width, height, image, pricing_info, main_image, image_width, image_height)
	VALUES(334,
	       'curly locks',
	       'oil on canvas',
	       49,
	       60,
	       'curly-locks',
	      'original, &pound;350',
	       0,
		480,
		650);
	     
		
INSERT INTO art_pricing(art, item_number, description, price)
	VALUES(LAST_INSERT_ID(), 'jh116', 'original', 350);

##---------------------------------------------------------------

INSERT INTO art (artist, title, media, width, height, image, pricing_info, main_image, image_width, image_height)
	VALUES(334,
	       'pride of place',
	       'oil on canvas',
	       24,
	       30,
	       'pride-of-place',
	      'original, &pound;180',
	       0,
		618,
		650);
	     
		
INSERT INTO art_pricing(art, item_number, description, price)
	VALUES(LAST_INSERT_ID(), 'jh117', 'original', 180);

##---------------------------------------------------------------


INSERT INTO art (artist, title, media, width, height, image, pricing_info, main_image, image_width, image_height)
	VALUES(334,
	       'bath time' ,
	       'oil on canvas',
	       41,
	       41,
	       'bath-time',
	      'original, &pound;140',
	       0,
		648,
		650);
	     
		
INSERT INTO art_pricing(art, item_number, description, price)
	VALUES(LAST_INSERT_ID(), 'jh118', 'original', 140);

##---------------------------------------------------------------


INSERT INTO art (artist, title, media, width, height, image, pricing_info, main_image, image_width, image_height)
	VALUES(334,
	       'bird cage',
	       'oil on canvas',
	       61,
	       61,
	       'bird-cage',
	      'original, &pound;250',
	       0,
		650,
		629);
	     
		
INSERT INTO art_pricing(art, item_number, description, price)
	VALUES(LAST_INSERT_ID(), 'jh119', 'original', 250);

##---------------------------------------------------------------


INSERT INTO art (artist, title, media, width, height, image, pricing_info, main_image, image_width, image_height)
	VALUES(334,
	       'starry night',
	       'acrylic on canvas',
	       76,
	       51,
	       'starry-night',
	      'original, &pound;250',
	       0,
		650,
		431);
	     
		
INSERT INTO art_pricing(art, item_number, description, price)
	VALUES(LAST_INSERT_ID(), 'jh120', 'original', 250);

##---------------------------------------------------------------


INSERT INTO art (artist, title, media, width, height, image, pricing_info, main_image, image_width, image_height)
	VALUES(334,
	       'orchids',
	       'acrylic on canvas',
	       79,
	       79,
	       'orchids',
	      'original, &pound;350',
	       0,
		650,
		650);
	     
		
INSERT INTO art_pricing(art, item_number, description, price)
	VALUES(LAST_INSERT_ID(), 'jh121', 'original', 350);

##---------------------------------------------------------------


INSERT INTO art (artist, title, media, width, height, image, pricing_info, main_image, image_width, image_height)
	VALUES(334,
	       'camels',
	       'acrylic on canvas',
	       101,
	       81,
	       'camels',
	      'original, &pound;350',
	       0,
		650,
		477);
	     
		
INSERT INTO art_pricing(art, item_number, description, price)
	VALUES(LAST_INSERT_ID(), 'jh122', 'original', 350);

##---------------------------------------------------------------


INSERT INTO art (artist, title, media, width, height, image, pricing_info, main_image, image_width, image_height)
	VALUES(334,
	       'cornish haven',
	       'oil on canvas',
	       101,
	       81,
	       'cornish-haven',
	      'original, &pound;350',
	       0,
		650,
		538);
	     
		
INSERT INTO art_pricing(art, item_number, description, price)
	VALUES(LAST_INSERT_ID(), 'jh123', 'original', 350);

##---------------------------------------------------------------

INSERT INTO art (artist, title, media, width, height, image, pricing_info, main_image, image_width, image_height)
	VALUES(334,
	       'last post',
	       'oil on canvas',
	       91,
	       101,
	       'last-post',
	      'original, &pound;180',
	       0,
		398,
		650);
	     
		
INSERT INTO art_pricing(art, item_number, description, price)
	VALUES(LAST_INSERT_ID(), 'jh124', 'original', 180);

##---------------------------------------------------------------

INSERT INTO art (artist, title, media, width, height, image, pricing_info, main_image, image_width, image_height)
	VALUES(334,
	       'egypt',
	       'oil on canvas',
	       101,
	       81,
	       'egypt',
	      'original, &pound;350',
	       1,
		650,
		504);
	     
		
INSERT INTO art_pricing(art, item_number, description, price)
	VALUES(LAST_INSERT_ID(), 'jh125', 'original', 350);

##---------------------------------------------------------------



INSERT INTO artist (id, name, statement, notes, display, keywords)
	VALUES(336, 'bethany fuller',
	'<p class="artist">I always have been inspired by photography from a young age. I was a painter before I became a full 
	time photographer. My photographs are normally based on flora because of the huge range of different specimens. I love
	focusing on the beauty and how it was created. It amazes me how each specimen can have a different hue of colour or 
	different shape and form. I have photographed every subject you can imagine but flora subjects will always be close
	to my heart</p>',
        
        
        
        
               NULL,
	       1,
          'bethany fuller, southport, photography, north west, southport college, print, flowers, nature, georgia okeeffe');



##---------------------------------------------------------------


INSERT INTO art (artist, title, media, width, height, image, pricing_info, main_image, image_width, image_height)
	VALUES(336,
	       'dancing in the wind',
	       'limited edition print',
	       30,
	       20,
	       'dancing-in-wind',
	      'limited edition of 50, &pound;50',
	       1,
		650,
		434);
	     
		
INSERT INTO art_pricing(art, item_number, description, price)
	VALUES(LAST_INSERT_ID(), 'bf101', 'limited edition', 50);
	


##---------------------------------------------------------------


INSERT INTO art (artist, title, media, width, height, image, pricing_info, main_image, image_width, image_height)
	VALUES(336,
	       'declaration of love',
	       'limited edition print',
	       30,
	       20,
	       'declaration-love',
	      'limited edition of 50, &pound;50',
	       0,
		650,
		434);
	     
		
INSERT INTO art_pricing(art, item_number, description, price)
	VALUES(LAST_INSERT_ID(), 'bf102', 'limited edition', 50);	
	

##---------------------------------------------------------------


INSERT INTO art (artist, title, media, width, height, image, pricing_info, main_image, image_width, image_height)
	VALUES(336,
	       'dreams of beauty',
	       'limited edition print',
	       30,
	       20,
	       'dreams-of-beauty',
	      'limited edition of 50, &pound;50',
	       0,
		650,
		434);
	     
		
INSERT INTO art_pricing(art, item_number, description, price)
	VALUES(LAST_INSERT_ID(), 'bf103', 'limited edition', 50);	

	
##---------------------------------------------------------------

 
INSERT INTO art (artist, title, media, width, height, image, pricing_info, main_image, image_width, image_height)
	VALUES(336,
	       'growing beauty',
	       'limited edition print',
	       30,
	       20,
	       'growing-beauty',
	      'limited edition of 50, &pound;50',
	       0,
		650,
		434);
	     
		
INSERT INTO art_pricing(art, item_number, description, price)
	VALUES(LAST_INSERT_ID(), 'bf105', 'limited edition', 50);		
	

##---------------------------------------------------------------


INSERT INTO art (artist, title, media, width, height, image, pricing_info, main_image, image_width, image_height)
	VALUES(336,
	       'magnificence',
	       'limited edition print',
	       30,
	       20,
	       'magnificence',
	      'limited edition of 50, &pound;50',
	       0,
		650,
		434);
	     
		
INSERT INTO art_pricing(art, item_number, description, price)
	VALUES(LAST_INSERT_ID(), 'bf108', 'limited edition', 50);
	

	
##---------------------------------------------------------------

INSERT INTO art (artist, title, media, width, height, image, pricing_info, main_image, image_width, image_height)
	VALUES(336,
	       'faith',
	       'limited edition print',
	       30,
	       20,
	       'faith',
	      'limited edition of 50, &pound;50',
	       0,
		434,
		650);
	     
		
INSERT INTO art_pricing(art, item_number, description, price)
	VALUES(LAST_INSERT_ID(), 'bf104', 'limited edition', 50);	
	

	
	##---------------------------------------------------------------




INSERT INTO art (artist, title, media, width, height, image, pricing_info, main_image, image_width, image_height)
	VALUES(336,
	       'hiding beauty',
	       'limited edition print',
	       30,
	       20,
	       'hiding-beauty',
	      'limited edition of 50, &pound;50',
	       0,
		434,
		650);
	     
		
INSERT INTO art_pricing(art, item_number, description, price)
	VALUES(LAST_INSERT_ID(), 'bf106', 'limited edition', 50);

##---------------------------------------------------------------


INSERT INTO art (artist, title, media, width, height, image, pricing_info, main_image, image_width, image_height)
	VALUES(336,
	       'innocent',
	       'limited edition print',
	       30,
	       20,
	       'innocent',
	      'limited edition of 50, &pound;50',
	       0,
		434,
		650);
	     
		
INSERT INTO art_pricing(art, item_number, description, price)
	VALUES(LAST_INSERT_ID(), 'bf107', 'limited edition', 50);

	
##---------------------------------------------------------------




INSERT INTO art (artist, title, media, width, height, image, pricing_info, main_image, image_width, image_height)
	VALUES(336,
	       'pink beauty',
	       'limited edition print',
	       30,
	       20,
	       'pink-beauty',
	      'limited edition of 50, &pound;50',
	       0,
		434,
		650);
	     
		
INSERT INTO art_pricing(art, item_number, description, price)
	VALUES(LAST_INSERT_ID(), 'bf109', 'limited edition', 50);	
	
##---------------------------------------------------------------




INSERT INTO artist (id, name, statement, notes, display, keywords)
	VALUES(338, 'helen biles',
	'<p class="artist">Helen&#39;s current research is centered predominantly around themes related to the landscape. Her ideas are presented
  and communicated through installations, prints, photographs and video. Whether it is through an installation or a simple two dimensional
  print, she offers the viewer a chance to reflect n the effect that contemporary trends, actions and movements have on communities
  and the land on which they live. Helen&#39;s interest in global landscapes drives her to travel extensively and experience many places. By
  immersing herself in different environments, she researchs themes within the local setting, giving her work a strong connection to a
  paticular place and culture.</p> 

<p class="artist">One of her frequently practiced techniques is to use iron rusted objects, found locally, and print images onto cloth using a rust
printing technique. This work is made into installations which communicate her ideas. The rust element in her work speaks to a past that is fading.
The properties in rust eventually breakdown, degrade and disappear over time. Rust communicates a sense of something that was once there but will, 
over time, no longer exist in its original form&#59; it records the history and memory of a place.</p>

<p class="artist">Helen holds a Master&#39;s degree in Art from the UNSW College of Fine Art (COFA), majoring in painting. To date, Helen has 
had 5 solo exhibitions, 12 group shows and has recently been involved in two international artist residency programs. In June 2015, Helen undertook
the Traidhos artist residency in Mae Rim, Thailand. Her research focused on the &#39;slash and burn&#39; agriculture tradition which is used in local ethnic
hill tribe communities. In the installation &#39;rice paddies&#39;, she explored and communicated ideas relating to this subject.</p>


<p class="artist">In September 2014, Helen was the resident artist of i&#58;cat gallery, Vientiane, Laos&#59; exhibiting a show entitled &#34;A Memory
of Loss&#34; within the local arts community. Living in Laos for 2 years enabled her to introduce new local elements into her work&#59; working 
alongside and learning from traditional textile artist as part of the countys longstanding craft tradition.</p>


<p class="artist">All prints are available in a variety of sizes. Prints of originals are also available upon request. For enquiries, please contact
dot-art on 0345 0176660. All prints are limited editions of 30, mounted and signed.</p>',
               NULL,
	       1,
          'helen biles, liverpool artist, print, rust, textiles, printmaker, fabric, landscape, bronze, craft');

##---------------------------------------------------------------


INSERT INTO art (artist, title, media, width, height, image, pricing_info, main_image, image_width, image_height)
	VALUES(338,
	       'landscape-i',
	       'photographic print on cotton art paper',
	       21,
	       29,
	       'landscape-i',
	      'limited edition print, &pound;120',
	       1,
		434,
		650);
	     
		
INSERT INTO art_pricing(art, item_number, description, price)
	VALUES(LAST_INSERT_ID(), 'hb101', 'limited edition', 120);

##---------------------------------------------------------------



INSERT INTO art (artist, title, media, width, height, image, pricing_info, main_image, image_width, image_height)
	VALUES(338,
	       'memory of loss',
	       'photographic print on cotton art paper',
	       21,
	       29,
	       'memory-of-loss',
	      'limited edition print, &pound;120',
	       0,
		433,
		650);
	     
		
INSERT INTO art_pricing(art, item_number, description, price)
	VALUES(LAST_INSERT_ID(), 'hb102', 'limited edition', 120);

##---------------------------------------------------------------

INSERT INTO art (artist, title, media, width, height, image, pricing_info, main_image, image_width, image_height)
	VALUES(338,
	       'landscape ii',
	       'rust on cotton',
	       50,
	       135,
	       'landscape-ii',
	      'original, &pound;590',
	       0,
		203,
		650);
	     
		
INSERT INTO art_pricing(art, item_number, description, price)
	VALUES(LAST_INSERT_ID(), 'hb103', 'original', 590);

##---------------------------------------------------------------

INSERT INTO art (artist, title, media, width, height, image, pricing_info, main_image, image_width, image_height)
	VALUES(338,
	       'landscape iii',
	       'rust on cotton',
	       50,
	       135,
	       'landscape-iii',
	      'original, &pound;590',
	       0,
		220,
		650);
	     
		
INSERT INTO art_pricing(art, item_number, description, price)
	VALUES(LAST_INSERT_ID(), 'hb104', 'original', 590);

##---------------------------------------------------------------


INSERT INTO art (artist, title, media, width, height, image, pricing_info, main_image, image_width, image_height)
	VALUES(338,
	       'landscape iv',
	       'photographic print on cotton art paper',
	       21,
	       29,
	       'landscape-iv',
	      'limited edition print, &pound;120',
	       0,
		650,
		433);
	     
		
INSERT INTO art_pricing(art, item_number, description, price)
	VALUES(LAST_INSERT_ID(), 'hb105', 'limited edition', 120);

##---------------------------------------------------------------

INSERT INTO art (artist, title, media, width, height, image, pricing_info, main_image, image_width, image_height)
	VALUES(338,
	       'landscape v',
	       'photographic print on cotton art paper',
	       21,
	       29,
	       'landscape-v',
	      'limited edition print, &pound;120',
	       0,
		650,
		433);
	     
		
INSERT INTO art_pricing(art, item_number, description, price)
	VALUES(LAST_INSERT_ID(), 'hb106', 'limited edition', 120);

##---------------------------------------------------------------

INSERT INTO art (artist, title, media, width, height, image, pricing_info, main_image, image_width, image_height)
	VALUES(338,
	       'landscape vi',
	       'photographic print on cotton art paper',
	       21,
	       29,
	       'landscape-vi',
	      'limited edition print, &pound;120',
	       0,
		650,
		433);
	     
		
INSERT INTO art_pricing(art, item_number, description, price)
	VALUES(LAST_INSERT_ID(), 'hb107', 'limited edition', 120);

##---------------------------------------------------------------

INSERT INTO art (artist, title, media, width, height, image, pricing_info, main_image, image_width, image_height)
	VALUES(338,
	       'landscape vii',
	       'photographic print on cotton art paper',
	       21,
	       29,
	       'landscape-vii',
	      'limited edition print, &pound;120',
	       0,
		650,
		433);
	     
		
INSERT INTO art_pricing(art, item_number, description, price)
	VALUES(LAST_INSERT_ID(), 'hb108', 'limited edition', 120);

##---------------------------------------------------------------


INSERT INTO art (artist, title, media, width, height, image, pricing_info, main_image, image_width, image_height)
	VALUES(338,
	       'landscape viii',
	       'photographic print on cotton art paper',
	       21,
	       29,
	       'landscape-viii',
	      'limited edition print, &pound;120',
	       0,
		433,
		650);
	     
		
INSERT INTO art_pricing(art, item_number, description, price)
	VALUES(LAST_INSERT_ID(), 'hb109', 'limited edition', 120);

##---------------------------------------------------------------

INSERT INTO art (artist, title, media, width, height, image, pricing_info, main_image, image_width, image_height)
	VALUES(338,
	       'landscape ix',
	       'photographic print on cotton art paper',
	       21,
	       29,
	       'landscape-ix',
	      'limited edition print, &pound;120',
	       0,
		650,
		433);
	     
		
INSERT INTO art_pricing(art, item_number, description, price)
	VALUES(LAST_INSERT_ID(), 'hb110', 'limited edition', 120);

##---------------------------------------------------------------


INSERT INTO art (artist, title, media, width, height, image, pricing_info, main_image, image_width, image_height)
	VALUES(338,
	       'landscape x',
	       'photographic print on cotton art paper',
	       21,
	       29,
	       'landscape-x',
	      'limited edition print, &pound;120',
	       0,
		650,
		434);
	     
		
INSERT INTO art_pricing(art, item_number, description, price)
	VALUES(LAST_INSERT_ID(), 'hb111', 'limited edition', 120);

##---------------------------------------------------------------

INSERT INTO art (artist, title, media, width, height, image, pricing_info, main_image, image_width, image_height)
	VALUES(338,
	       'landscape xi',
	       'photographic print on cotton art paper',
	       21,
	       29,
	       'landscape-xi',
	      'limited edition print, &pound;120',
	       0,
		650,
		433);
	     
		
INSERT INTO art_pricing(art, item_number, description, price)
	VALUES(LAST_INSERT_ID(), 'hb112', 'limited edition', 120);

##---------------------------------------------------------------

INSERT INTO art (artist, title, media, width, height, image, pricing_info, main_image, image_width, image_height)
	VALUES(338,
	       'landscape xii',
	       'photographic print on cotton art paper',
	       21,
	       29,
	       'landscape-xii',
	      'limited edition print, &pound;120',
	       0,
		650,
		433);
	     
		
INSERT INTO art_pricing(art, item_number, description, price)
	VALUES(LAST_INSERT_ID(), 'hb113', 'limited edition', 120);

##---------------------------------------------------------------


INSERT INTO art (artist, title, media, width, height, image, pricing_info, main_image, image_width, image_height)
	VALUES(338,
	       'landscape xiii',
	       'photographic print on cotton art paper',
	       21,
	       29,
	       'landscape-xiii',
	      'limited edition print, &pound;120',
	       0,
		650,
		434);
	     
		
INSERT INTO art_pricing(art, item_number, description, price)
	VALUES(LAST_INSERT_ID(), 'hb114', 'limited edition', 120);

##---------------------------------------------------------------


INSERT INTO art (artist, title, media, width, height, image, pricing_info, main_image, image_width, image_height)
	VALUES(338,
	       'landscape xiv',
	       'photographic print on cotton art paper',
	       21,
	       29,
	       'landscape-xiv',
	      'limited edition print, &pound;120',
	       0,
		650,
		433);
	     
		
INSERT INTO art_pricing(art, item_number, description, price)
	VALUES(LAST_INSERT_ID(), 'hb115', 'limited edition', 120);

##---------------------------------------------------------------


INSERT INTO art (artist, title, media, width, height, image, pricing_info, main_image, image_width, image_height)
	VALUES(338,
	       'landscape xv',
	       'photographic print on cotton art paper',
	       21,
	       29,
	       'landscape-xv',
	      'limited edition print, &pound;120',
	       0,
		650,
		433);
	     
		
INSERT INTO art_pricing(art, item_number, description, price)
	VALUES(LAST_INSERT_ID(), 'hb116', 'limited edition', 120);

##---------------------------------------------------------------

INSERT INTO art (artist, title, media, width, height, image, pricing_info, main_image, image_width, image_height)
	VALUES(338,
	       'landscape xvi',
	       'photographic print on cotton art paper',
	       21,
	       29,
	       'landscape-xvi',
	      'limited edition print, &pound;120',
	       0,
		650,
		433);
	     
		
INSERT INTO art_pricing(art, item_number, description, price)
	VALUES(LAST_INSERT_ID(), 'hb117', 'limited edition', 120);

##---------------------------------------------------------------


INSERT INTO art (artist, title, media, width, height, image, pricing_info, main_image, image_width, image_height)
	VALUES(338,
	       'landscape xvii',
	       'photographic print on cotton art paper',
	       21,
	       29,
	       'landscape-xvii',
	      'limited edition print, &pound;120',
	       0,
		650,
		433);
	     
		
INSERT INTO art_pricing(art, item_number, description, price)
	VALUES(LAST_INSERT_ID(), 'hb118', 'limited edition', 120);

##---------------------------------------------------------------

INSERT INTO art (artist, title, media, width, height, image, pricing_info, main_image, image_width, image_height)
	VALUES(338,
	       'landscape xviii',
	       'photographic print on cotton art paper',
	       21,
	       29,
	       'landscape-xviii',
	      'limited edition print, &pound;120',
	       0,
		650,
		433);
	     
		
INSERT INTO art_pricing(art, item_number, description, price)
	VALUES(LAST_INSERT_ID(), 'hb119', 'limited edition', 120);

##---------------------------------------------------------------


INSERT INTO artist (id, name, statement, notes, display, keywords)
	VALUES(340, 'jay hampton',
		'<p class="artist">I first started painting at the age of 14 when I completed my first Art GCSE (grade A). One of my final 
  pieces was sent to The Royal Society of British Artists Summer Exhibition (2007) and I received a certificate highly
   commending my work. After completing my Art A-level (grade A*) in 2008 I studied BSc Earth and Ocean Sciences and Zoology
    at The University of Liverpool. My A-level exam piece won first place in the Liverpool Schools Arts Competition (2008) 
    and was included in an exhibition in the Echo Arena. After university I started working with the Princes Trust who have 
    helped me to set up as a professional artist.</p>

<p class="artist">I like to work in acrylic as it dries quickly so layers of colour can be added to build up the piece. 
I am inspired by natural forms but I also paint about issues that affect me. There is something therapeutic about finishing 
a piece which really says something about how I am feeling.</p>',
               NULL,
	       1,
          'jay hampton, liverpool artist, acrylic, princes trust');
          
##---------------------------------------------------------------


INSERT INTO art (artist, title, media, width, height, image, pricing_info, main_image, image_width, image_height)
	VALUES(340,
	       'masquerade',
	       'acrylic on canvas',
	       50,
	       60,
	       'masquerade',
	      'original, &pound;350',
	       0,
		650,
		534);
	     
		
INSERT INTO art_pricing(art, item_number, description, price)
	VALUES(LAST_INSERT_ID(), 'jh101', 'original', 350);

##---------------------------------------------------------------


INSERT INTO art (artist, title, media, width, height, image, pricing_info, main_image, image_width, image_height)
	VALUES(340,
	       'masquerade',
	       'acrylic on canvas',
	       27,
	       40,
	       'masquerade',
	      'limited edition giclee print, &pound;50',
	       0,
		650,
		534);
	     
		
INSERT INTO art_pricing(art, item_number, description, price)
	VALUES(LAST_INSERT_ID(), 'jh102', 'limited edition print', 50);

##---------------------------------------------------------------


INSERT INTO art (artist, title, media, width, height, image, pricing_info, main_image, image_width, image_height)
	VALUES(340,
	       'rocking horse',
	       'acrylic on canvas',
	       27,
	       40,
	       'rocking-horse',
	      'limited edition giclee print, &pound;50',
	       1,
		650,
		501);
	     
		
INSERT INTO art_pricing(art, item_number, description, price)
	VALUES(LAST_INSERT_ID(), 'jh103', 'limited edition print', 50);

##---------------------------------------------------------------

INSERT INTO art (artist, title, media, width, height, image, pricing_info, main_image, image_width, image_height)
	VALUES(340,
	       'bird skull',
	       'acrylic on canvas',
	       27,
	       40,
	       'bird-skull',
	      'limited edition giclee print, &pound;50',
	       0,
		650,
		488);
	     
		
INSERT INTO art_pricing(art, item_number, description, price)
	VALUES(LAST_INSERT_ID(), 'jh104', 'limited edition print', 50);

##---------------------------------------------------------------

INSERT INTO art (artist, title, media, width, height, image, pricing_info, main_image, image_width, image_height)
	VALUES(340,
	       'doll face',
	       'acrylic on canvas',
	       27,
	       40,
	       'doll-face',
	      'limited edition giclee print, &pound;50',
	       0,
		650,
		488);
	     
		
INSERT INTO art_pricing(art, item_number, description, price)
	VALUES(LAST_INSERT_ID(), 'jh105', 'limited edition print', 50);

##---------------------------------------------------------------


INSERT INTO artist (id, name, statement, notes, display, keywords)
	VALUES(341, 'david john pearson',
		'<p class="artist">David John Pearson is an emerging artist making prints from digital photographs and drawings.</p>
    
    <p class="artist">Having supported himself as a musician for a decade, he has undergone a creative renewal in his art practice, following a shift 
    away fromthe fields of his study.</p>

<p class="artist">The artist uses cameras on a variety of mobile phones to take pictures with a compelling tension between the figurative
and the abstract. He then builds upon layer of drawing, applying editing techniques adapted from film photography, painting, linocut
and etching, before printing with archival inks onto fine art paper.</p>

<p class="artist">The resulting images have a dream-like quality, sites for forms becoming and undone, as though seen on the periphery of vision.</p>',
               NULL,
	       1,
          'david john pearson, liverpool artist, digital, print, photography, abstract, drawing ');
          
##---------------------------------------------------------------


INSERT INTO art (artist, title, media, width, height, image, pricing_info, main_image, image_width, image_height)
	VALUES(341,
	       'garden 001',
	       'photographic print',
	       38,
	       38,
	       'garden-1',
	      'limited edition inkjet print, &pound;85',
	       0,
		650,
		650);
	     
		
INSERT INTO art_pricing(art, item_number, description, price)
	VALUES(LAST_INSERT_ID(), 'djp101', 'limited edition print', 85);

##---------------------------------------------------------------


INSERT INTO art (artist, title, media, width, height, image, pricing_info, main_image, image_width, image_height)
	VALUES(341,
	       'garden 002',
	       'photographic print',
	       38,
	       38,
	       'garden-2',
	      'limited edition inkjet print, &pound;85',
	       0,
		650,
		650);
	     
		
INSERT INTO art_pricing(art, item_number, description, price)
	VALUES(LAST_INSERT_ID(), 'djp102', 'limited edition print', 85);

##---------------------------------------------------------------


INSERT INTO art (artist, title, media, width, height, image, pricing_info, main_image, image_width, image_height)
	VALUES(341,
	       'garden 003',
	       'photographic print',
	       38,
	       38,
	       'garden-3',
	      'limited edition inkjet print, &pound;85',
	       0,
		650,
		650);
	     
		
INSERT INTO art_pricing(art, item_number, description, price)
	VALUES(LAST_INSERT_ID(), 'djp103', 'limited edition print', 85);

##---------------------------------------------------------------

INSERT INTO art (artist, title, media, width, height, image, pricing_info, main_image, image_width, image_height)
	VALUES(341,
	       'garden 004',
	       'photographic print',
	       38,
	       38,
	       'garden-4',
	      'limited edition inkjet print, &pound;85',
	       0,
		650,
		650);
	     
		
INSERT INTO art_pricing(art, item_number, description, price)
	VALUES(LAST_INSERT_ID(), 'djp104', 'limited edition print', 85);

##---------------------------------------------------------------

INSERT INTO art (artist, title, media, width, height, image, pricing_info, main_image, image_width, image_height)
	VALUES(341,
	       'garden 005',
	       'photographic print',
	       38,
	       38,
	       'garden-5',
	      'limited edition inkjet print, &pound;85',
	       1,
		650,
		650);
	     
		
INSERT INTO art_pricing(art, item_number, description, price)
	VALUES(LAST_INSERT_ID(), 'djp105', 'limited edition print', 85);

##---------------------------------------------------------------

INSERT INTO art (artist, title, media, width, height, image, pricing_info, main_image, image_width, image_height)
	VALUES(341,
	       'washitsu spume',
	       'photographic print',
	       38,
	       38,
	       'washitsu-spume',
	      'limited edition inkjet print, &pound;85',
	       0,
		650,
		650);
	     
		
INSERT INTO art_pricing(art, item_number, description, price)
	VALUES(LAST_INSERT_ID(), 'djp106', 'limited edition print', 85);

##---------------------------------------------------------------


INSERT INTO art (artist, title, media, width, height, image, pricing_info, main_image, image_width, image_height)
	VALUES(341,
	       'boughs',
	       'photographic print',
	       38,
	       28,
	       'boughs',
	      'limited edition inkjet print, &pound;75',
	       0,
		650,
		472);
	     
		
INSERT INTO art_pricing(art, item_number, description, price)
	VALUES(LAST_INSERT_ID(), 'djp107', 'limited edition print', 75);

##---------------------------------------------------------------



INSERT INTO art (artist, title, media, width, height, image, pricing_info, main_image, image_width, image_height)
	VALUES(341,
	       'by starlight',
	       'photographic print',
	       38,
	       28,
	       'by-starlight',
	      'limited edition inkjet print, &pound;75',
	       0,
		650,
		472);
	     
		
INSERT INTO art_pricing(art, item_number, description, price)
	VALUES(LAST_INSERT_ID(), 'djp108', 'limited edition print', 75);

##---------------------------------------------------------------

INSERT INTO art (artist, title, media, width, height, image, pricing_info, main_image, image_width, image_height)
	VALUES(341,
	       'foldings',
	       'photographic print',
	       38,
	       28,
	       'foldings',
	      'limited edition inkjet print, &pound;75',
	       0,
		650,
		480);
	     
		
INSERT INTO art_pricing(art, item_number, description, price)
	VALUES(LAST_INSERT_ID(), 'djp109', 'limited edition print', 75);

##---------------------------------------------------------------


INSERT INTO art (artist, title, media, width, height, image, pricing_info, main_image, image_width, image_height)
	VALUES(341,
	       'graphite core',
	       'photographic print',
	       38,
	       28,
	       'graphite-core',
	      'limited edition inkjet print, &pound;75',
	       0,
		650,
		479);
	     
		
INSERT INTO art_pricing(art, item_number, description, price)
	VALUES(LAST_INSERT_ID(), 'djp110', 'limited edition print', 75);

##---------------------------------------------------------------

INSERT INTO art (artist, title, media, width, height, image, pricing_info, main_image, image_width, image_height)
	VALUES(341,
	       'kansas still',
	       'photographic print',
	       38,
	       28,
	       'kansas-still',
	      'limited edition inkjet print, &pound;75',
	       0,
		650,
		479);
	     
		
INSERT INTO art_pricing(art, item_number, description, price)
	VALUES(LAST_INSERT_ID(), 'djp111', 'limited edition print', 75);

##---------------------------------------------------------------


INSERT INTO art (artist, title, media, width, height, image, pricing_info, main_image, image_width, image_height)
	VALUES(341,
	       'left hand of darkness',
	       'photographic print',
	       38,
	       28,
	       'hand-of-darkness',
	      'limited edition inkjet print, &pound;75',
	       0,
		650,
		479);
	     
		
INSERT INTO art_pricing(art, item_number, description, price)
	VALUES(LAST_INSERT_ID(), 'djp112', 'limited edition print', 75);

##---------------------------------------------------------------


INSERT INTO art (artist, title, media, width, height, image, pricing_info, main_image, image_width, image_height)
	VALUES(341,
	       'not',
	       'photographic print',
	       38,
	       25,
	       'not',
	      'limited edition inkjet print, &pound;75',
	       0,
		650,
		472);
	     
		
INSERT INTO art_pricing(art, item_number, description, price)
	VALUES(LAST_INSERT_ID(), 'djp113', 'limited edition print', 75);

##---------------------------------------------------------------

INSERT INTO art (artist, title, media, width, height, image, pricing_info, main_image, image_width, image_height)
	VALUES(341,
	       'over the rainbow',
	       'photographic print',
	       34,
	       25,
	       'over-the-rainbow',
	      'limited edition inkjet print, &pound;75',
	       0,
		650,
		472);
	     
		
INSERT INTO art_pricing(art, item_number, description, price)
	VALUES(LAST_INSERT_ID(), 'djp114', 'limited edition print', 75);

##---------------------------------------------------------------

INSERT INTO art (artist, title, media, width, height, image, pricing_info, main_image, image_width, image_height)
	VALUES(341,
	       'shipbuilding',
	       'photographic print',
	       38,
	       28,
	       'shipbuilding',
	      'limited edition inkjet print, &pound;75',
	       0,
		650,
		478);
	     
		
INSERT INTO art_pricing(art, item_number, description, price)
	VALUES(LAST_INSERT_ID(), 'djp115', 'limited edition print', 75);

##---------------------------------------------------------------


INSERT INTO art (artist, title, media, width, height, image, pricing_info, main_image, image_width, image_height)
	VALUES(341,
	       'shivers',
	       'photographic print',
	       38,
	       28,
	       'shivers',
	      'limited edition inkjet print, &pound;75',
	       0,
		650,
		479);
	     
		
INSERT INTO art_pricing(art, item_number, description, price)
	VALUES(LAST_INSERT_ID(), 'djp116', 'limited edition print', 75);

##---------------------------------------------------------------


INSERT INTO art (artist, title, media, width, height, image, pricing_info, main_image, image_width, image_height)
	VALUES(341,
	       'shut the light',
	       'photographic print',
	       34,
	       25,
	       'shut-the-light',
	      'limited edition inkjet print, &pound;75',
	       0,
		650,
		472);
	     
		
INSERT INTO art_pricing(art, item_number, description, price)
	VALUES(LAST_INSERT_ID(), 'djp117', 'limited edition print', 75);

##---------------------------------------------------------------


INSERT INTO art (artist, title, media, width, height, image, pricing_info, main_image, image_width, image_height)
	VALUES(341,
	       'silken',
	       'photographic print',
	       38,
	       28,
	       'silken',
	      'limited edition inkjet print, &pound;75',
	       0,
		650,
		472);
	     
		
INSERT INTO art_pricing(art, item_number, description, price)
	VALUES(LAST_INSERT_ID(), 'djp118', 'limited edition print', 75);

##---------------------------------------------------------------

INSERT INTO art (artist, title, media, width, height, image, pricing_info, main_image, image_width, image_height)
	VALUES(341,
	       'silt dream',
	       'photographic print',
	       34,
	       25,
	       'silt-dream',
	      'limited edition inkjet print, &pound;75',
	       0,
		650,
		473);
	     
		
INSERT INTO art_pricing(art, item_number, description, price)
	VALUES(LAST_INSERT_ID(), 'djp119', 'limited edition print', 75);

##---------------------------------------------------------------

INSERT INTO art (artist, title, media, width, height, image, pricing_info, main_image, image_width, image_height)
	VALUES(341,
	       'trachea',
	       'photographic print',
	       34,
	       25,
	       'trachea',
	      'limited edition inkjet print, &pound;75',
	       0,
		650,
		465);
	     
		
INSERT INTO art_pricing(art, item_number, description, price)
	VALUES(LAST_INSERT_ID(), 'djp120', 'limited edition print', 75);

##---------------------------------------------------------------


INSERT INTO artist (id, name, statement, notes, display, keywords)
	VALUES(342, 'verity breeze',
		'<p class="artist">Verity is a self-taught artist based in Cheshire who has used painting as a way to express her feelings and 
    emotions from an early age. Her first painting, aged 12, was on her bedroom wall in the early hours of the morning, using any
    media she could find in order to produce a wall sized painting of the sea. </p>
    
    <p class="artist">Verity creates her work with a passion for realism. She likes to paint people, situations and places 
    by recalling memories and previous experiences. She enjoys observing people and capturing both joy and melancholy through her 
    artworks.</p>     

',
               NULL,
	       1,
          'verity breeze, liverpool artist, vicky heywood, painting, realism, cheshire ');
          
##---------------------------------------------------------------


INSERT INTO art (artist, title, media, width, height, image, pricing_info, main_image, image_width, image_height)
	VALUES(342,
	       'she is not sure what she has done',
	       'acrylic on canvas',
	       100,
	       30,
	       'she-is-not',
	      'original, &pound;400',
	       0,
		650,
		193);
	     
		
INSERT INTO art_pricing(art, item_number, description, price)
	VALUES(LAST_INSERT_ID(), 'vb101', 'original', 400);

##---------------------------------------------------------------

INSERT INTO art (artist, title, media, width, height, image, pricing_info, main_image, image_width, image_height)
	VALUES(342,
	       'the sea on the street',
	       'acrylic on canvas',
	       120,
	       30,
	       'the-sea-on',
	      'original, &pound;400',
	       0,
		650,
		157);
	     
		
INSERT INTO art_pricing(art, item_number, description, price)
	VALUES(LAST_INSERT_ID(), 'vb102', 'original', 400);

##---------------------------------------------------------------

INSERT INTO art (artist, title, media, width, height, image, pricing_info, main_image, image_width, image_height)
	VALUES(342,
	       'i want to get off',
	       'acrylic on canvas',
	       120,
	       40,
	       'i-want-to',
	      'original, &pound;400',
	       0,
		650,
		212);
	     
		
INSERT INTO art_pricing(art, item_number, description, price)
	VALUES(LAST_INSERT_ID(), 'vb103', 'original', 400);

##---------------------------------------------------------------


INSERT INTO art (artist, title, media, width, height, image, pricing_info, main_image, image_width, image_height)
	VALUES(342,
	       'early mornings',
	       'acrylic on canvas',
	       100,
	       30,
	       'early-mornings',
	      'original, &pound;400',
	       1,
		650,
		192);
	     
		
INSERT INTO art_pricing(art, item_number, description, price)
	VALUES(LAST_INSERT_ID(), 'vb104', 'original', 400);

##---------------------------------------------------------------




INSERT INTO art (artist, title, media, width, height, image, pricing_info, main_image, image_width, image_height)
	VALUES(342,
	       'somewhere i would like to be',
	       'acrylic on canvas',
	       100,
	       30,
	       'somewhere-i-would',
	      'original, &pound;400',
	       0,
		650,
		191);
	     
		
INSERT INTO art_pricing(art, item_number, description, price)
	VALUES(LAST_INSERT_ID(), 'vb105', 'original', 400);

##---------------------------------------------------------------




INSERT INTO art (artist, title, media, width, height, image, pricing_info, main_image, image_width, image_height)
	VALUES(342,
	       'hear me',
	       'acrylic on canvas',
	       100,
	       30,
	       'hear-me',
	      'original, &pound;400',
	       0,
		650,
		193);
	     
		
INSERT INTO art_pricing(art, item_number, description, price)
	VALUES(LAST_INSERT_ID(), 'vb106', 'original', 400);

##---------------------------------------------------------------


INSERT INTO art (artist, title, media, width, height, image, pricing_info, main_image, image_width, image_height)
	VALUES(342,
	       'bad therapy',
	       'acrylic on canvas',
	       100,
	       30,
	       'bad-therapy',
	      'original, &pound;400',
	       0,
		650,
		193);
	     
		
INSERT INTO art_pricing(art, item_number, description, price)
	VALUES(LAST_INSERT_ID(), 'vb107', 'original', 400);

##---------------------------------------------------------------


INSERT INTO art (artist, title, media, width, height, image, pricing_info, main_image, image_width, image_height)
	VALUES(342,
	       'bad into good',
	       'acrylic on canvas',
	       120,
	       30,
	       'bad-into-good',
	      'original, &pound;400',
	       0,
		650,
		160);
	     
		
INSERT INTO art_pricing(art, item_number, description, price)
	VALUES(LAST_INSERT_ID(), 'vb108', 'original', 400);

##---------------------------------------------------------------


INSERT INTO art (artist, title, media, width, height, image, pricing_info, main_image, image_width, image_height)
	VALUES(342,
	       'no place like home',
	       'acrylic on canvas',
	       22,
	       46,
	       'no-place-like',
	      'original, currently unavailable',
	       0,
		528,
		650);
	     
		
INSERT INTO art_pricing(art, item_number, description, price)
	VALUES(LAST_INSERT_ID(), 'vb109', 'original', 400);

##---------------------------------------------------------------


INSERT INTO artist (id, name, statement, notes, display, keywords)
	VALUES(343, 'julie jones',
		'<p class="artist">Julie Jones is a local artist, working mainly in acrylic on canvas. Her work is primarily inspired by 
    her love of colour, with plenty of clashes and vibrant jewel tones. She paints to evoke a mood, and to elicit an emotional 
    response in the viewer. Inspirations are taken from the natural world and twisted through a lens of literature, medieval
     history and mythology.</p>
    
    <p class="artist">Julie has been interested in art from an early age, but this was not given expression until a serious
     illness forced a change of both lifestyle and career 8 years ago. During a period of 9 months during which she was housebound,
      she started to paint, first becoming fascinated by items in nature which she found in her small garden, then starting to
       incorporate influences form much loved artists such as the Pre-Raphaelite Brotherhood, Georgia OKeefe, and from
        medieval illustrations.</p>     

',
               NULL,
	       1,
          'julie jones, liverpool artist, painting, floral, liverpool ');
          
##---------------------------------------------------------------


INSERT INTO art (artist, title, media, width, height, image, pricing_info, main_image, image_width, image_height)
	VALUES(343,
	       'anenome',
	       'acrylic on canvas',
	       15,
	       15,
	       'anenome',
	      'original, &pound;80',
	       0,
		643,
		650);
	     
		
INSERT INTO art_pricing(art, item_number, description, price)
	VALUES(LAST_INSERT_ID(), 'jj101', 'original', 80);

##---------------------------------------------------------------


INSERT INTO art (artist, title, media, width, height, image, pricing_info, main_image, image_width, image_height)
	VALUES(343,
	       'clematis',
	       'acrylic on canvas',
	       15,
	       15,
	       'clematis',
	      'original, &pound;80',
	       0,
		650,
		649);
	     
		
INSERT INTO art_pricing(art, item_number, description, price)
	VALUES(LAST_INSERT_ID(), 'jj102', 'original', 80);

##---------------------------------------------------------------


INSERT INTO art (artist, title, media, width, height, image, pricing_info, main_image, image_width, image_height)
	VALUES(343,
	       'gazania',
	       'acrylic on canvas',
	       90,
	       90,
	       'gazania',
	      'original, &pound;280',
	       1,
		650,
		629);
	     
		
INSERT INTO art_pricing(art, item_number, description, price)
	VALUES(LAST_INSERT_ID(), 'jj103', 'original', 280);

##---------------------------------------------------------------


INSERT INTO art (artist, title, media, width, height, image, pricing_info, main_image, image_width, image_height)
	VALUES(343,
	       'poppy',
	       'acrylic on canvas',
	       30,
	       30,
	       'poppy',
	      'original, &pound;140',
	       0,
		647,
		650);
	     
		
INSERT INTO art_pricing(art, item_number, description, price)
	VALUES(LAST_INSERT_ID(), 'jj104', 'original', 140);

##---------------------------------------------------------------

INSERT INTO art (artist, title, media, width, height, image, pricing_info, main_image, image_width, image_height)
	VALUES(343,
	       'night',
	       'acrylic on canvas',
	       50,
	       70,
	       'night',
	      'original, &pound;210',
	       0,
		454,
		650);
	     
		
INSERT INTO art_pricing(art, item_number, description, price)
	VALUES(LAST_INSERT_ID(), 'jj105', 'original', 210);

##---------------------------------------------------------------

INSERT INTO art (artist, title, media, width, height, image, pricing_info, main_image, image_width, image_height)
	VALUES(343,
	       'sleep',
	       'acrylic on canvas',
	       60,
	       30,
	       'sleep',
	      'original, &pound;180',
	       0,
		318,
		650);
	     
		
INSERT INTO art_pricing(art, item_number, description, price)
	VALUES(LAST_INSERT_ID(), 'jj106', 'original', 180);

##---------------------------------------------------------------




INSERT INTO artist (id, name, statement, notes, display, keywords)
	VALUES(344, 'nicola rowley',
		'<p class="artist">Nicola Rowley creates art that is about connections and relationships. The relationships between people,
     between light and dark, and colour and tone. She is exploring how emotions and intimacy can be portrayed in a variety of figuartive styles</p>     

',
               NULL,
	       1,
          'nicola rowley, liverpool artist, still life, figurative, painting, drawing, liverpool ');
          
##---------------------------------------------------------------


INSERT INTO art (artist, title, media, width, height, image, pricing_info, main_image, image_width, image_height)
	VALUES(344,
	       'entangled',
	       'oil on canvas',
	       74,
	       96,
	       'entangled-oil',
	      'original, &pound;1200',
	       0,
		650,
		501);
	     
		
INSERT INTO art_pricing(art, item_number, description, price)
	VALUES(LAST_INSERT_ID(), 'nr101', 'original', 1200);

##---------------------------------------------------------------


INSERT INTO art (artist, title, media, width, height, image, pricing_info, main_image, image_width, image_height)
	VALUES(344,
	       'the beginning (after lehmbruck)',
	       'oil on canvas',
	       46,
	       56,
	       'beginning-oil',
	      'original, &pound;650',
	       0,
		650,
		520);
	     
		
INSERT INTO art_pricing(art, item_number, description, price)
	VALUES(LAST_INSERT_ID(), 'nr102', 'original', 650);

##---------------------------------------------------------------


INSERT INTO art (artist, title, media, width, height, image, pricing_info, main_image, image_width, image_height)
	VALUES(344,
	       'moonlight',
	       'oil on canvas',
	       25,
	       36,
	       'moonlight',
	      'framed original, &pound;400',
	       0,
		650,
		462);
	     
		
INSERT INTO art_pricing(art, item_number, description, price)
	VALUES(LAST_INSERT_ID(), 'nr103', 'framed original', 400);

##---------------------------------------------------------------



INSERT INTO art (artist, title, media, width, height, image, pricing_info, main_image, image_width, image_height)
	VALUES(344,
	       'first steps',
	       'oil on canvas',
	       46,
	       56,
	       'first-steps',
	      'original, &pound;650',
	       1,
		650,
		633);
	     
		
INSERT INTO art_pricing(art, item_number, description, price)
	VALUES(LAST_INSERT_ID(), 'nr104', 'original', 650);

##---------------------------------------------------------------


INSERT INTO art (artist, title, media, width, height, image, pricing_info, main_image, image_width, image_height)
	VALUES(344,
	       'timeless (after rodin)',
	       'acrylic on canvas',
	       70,
	       55,
	       'timeless-acrylic',
	      'framed original, &pound;500',
	       0,
		500,
		650);
	     
		
INSERT INTO art_pricing(art, item_number, description, price)
	VALUES(LAST_INSERT_ID(), 'nr105', 'original', 500);

##---------------------------------------------------------------


INSERT INTO art (artist, title, media, width, height, image, pricing_info, main_image, image_width, image_height)
	VALUES(344,
	       'unity',
	       'oil on canvas',
	       46,
	       56,
	       'unity',
	      'framed original, &pound;700',
	       0,
		650,
		522);
	     
		
INSERT INTO art_pricing(art, item_number, description, price)
	VALUES(LAST_INSERT_ID(), 'nr106', 'framed original', 700);

##---------------------------------------------------------------


INSERT INTO art (artist, title, media, width, height, image, pricing_info, main_image, image_width, image_height)
	VALUES(344,
	       'friendship',
	       'oil on canvas',
	       28,
	       42,
	       'friendship',
	      'framed original, &pound;160',
	       0,
		650,
		488);
	     
		
INSERT INTO art_pricing(art, item_number, description, price)
	VALUES(LAST_INSERT_ID(), 'nr107', 'original', 160);

##---------------------------------------------------------------


INSERT INTO art (artist, title, media, width, height, image, pricing_info, main_image, image_width, image_height)
	VALUES(344,
	       'timeless (after rodin)',
	       'ink on paper',
	       42,
	       30,
	       'timeless-drawing',
	      'limited edition, &pound;45',
	       0,
		487,
		650);
	     
		
INSERT INTO art_pricing(art, item_number, description, price)
	VALUES(LAST_INSERT_ID(), 'nr108', 'limited edition', 45);

##---------------------------------------------------------------

INSERT INTO art (artist, title, media, width, height, image, pricing_info, main_image, image_width, image_height)
	VALUES(344,
	       'entwined',
	       'ink on paper',
	       30,
	       41,
	       'entwined',
	      'original, &pound;140',
	       0,
		650,
		520);
	     
		
INSERT INTO art_pricing(art, item_number, description, price)
	VALUES(LAST_INSERT_ID(), 'nr109', 'original', 140);

##---------------------------------------------------------------

INSERT INTO art (artist, title, media, width, height, image, pricing_info, main_image, image_width, image_height)
	VALUES(344,
	       'the beginning (after lehmbruck)',
	       'charcoal on paper',
	       63,
	       78,
	       'beginning-charcoal',
	      'original, &pound;300',
	       0,
		650,
		488);
	     
		
INSERT INTO art_pricing(art, item_number, description, price)
	VALUES(LAST_INSERT_ID(), 'nr110', 'original', 300);

##---------------------------------------------------------------

INSERT INTO artist (id, name, statement, notes, display, keywords)
	VALUES(345, 'jim smith',
		'<p class="artist">I am 59 years old and I attended Cheltenham School of Art, completeing my final year at Liverpool John 
    Moores University in the 90s. After a considerable hiatus, I have restarted painting and it now forms a mainstay of my life.</p> 
<p class="artist">My work is strongly influenced and informed by experiences of Liverpool life both having
     been born and brought up in Liverpool 8 and also twenty years as a betting shop manager throughout Liverpool where all human
      life was displayed. I like to take different aspects of life and make a visual commentary on them bringing a personal slant on them
 and using emotional response including humour as a central conduit of expression.</p>     

',
               NULL,
	       1,
          'jim smith, liverpool artist, painting, drawing, liverpool');
          
##---------------------------------------------------------------


INSERT INTO art (artist, title, media, width, height, image, pricing_info, main_image, image_width, image_height)
	VALUES(345,
	       'teddy boys 1',
	       'oil on canvas',
	       25,
	       25,
	       'afro-teddy',
	      'original, &pound;100',
	       0,
		650,
		621);
	     
		
INSERT INTO art_pricing(art, item_number, description, price)
	VALUES(LAST_INSERT_ID(), 'js101', 'original', 100);

##---------------------------------------------------------------


INSERT INTO art (artist, title, media, width, height, image, pricing_info, main_image, image_width, image_height)
	VALUES(345,
	       'teddy boys 2',
	       'oil on canvas',
	       25,
	       25,
	       'teddy-california',
	      'original, &pound;100',
	       0,
		650,
		638);
	     
		
INSERT INTO art_pricing(art, item_number, description, price)
	VALUES(LAST_INSERT_ID(), 'js102', 'original', 100);

##---------------------------------------------------------------

INSERT INTO art (artist, title, media, width, height, image, pricing_info, main_image, image_width, image_height)
	VALUES(345,
	       'teddy boys 3',
	       'oil on canvas',
	       25,
	       25,
	       'teddy-football',
	      'original, &pound;100',
	       0,
		650,
		626);
	     
		
INSERT INTO art_pricing(art, item_number, description, price)
	VALUES(LAST_INSERT_ID(), 'js103', 'original', 100);

##---------------------------------------------------------------

INSERT INTO art (artist, title, media, width, height, image, pricing_info, main_image, image_width, image_height)
	VALUES(345,
	       'heebeegeebees',
	       'oil on canvas',
	       60,
	       50,
	       'heebeegeebees',
	      'original, &pound;350',
	       1,
		650,
		535);
	     
		
INSERT INTO art_pricing(art, item_number, description, price)
	VALUES(LAST_INSERT_ID(), 'js104', 'original', 350);

##---------------------------------------------------------------

INSERT INTO art (artist, title, media, width, height, image, pricing_info, main_image, image_width, image_height)
	VALUES(345,
	       'memories of gnomes past',
	       'acrylic on canvas',
	       45,
	       35,
	       'gnomes-past',
	      'original, &pound;100',
	       0,
		650,
		509);
	     
		
INSERT INTO art_pricing(art, item_number, description, price)
	VALUES(LAST_INSERT_ID(), 'js108', 'original', 100);

##---------------------------------------------------------------

INSERT INTO art (artist, title, media, width, height, image, pricing_info, main_image, image_width, image_height)
	VALUES(345,
	       'mole assisted treasure hunt',
	       'acrylic on canvas',
	       45,
	       35,
	       'mole-treasure-hunt',
	      'original, &pound;100',
	       0,
		650,
		649);
	     
		
INSERT INTO art_pricing(art, item_number, description, price)
	VALUES(LAST_INSERT_ID(), 'js105', 'original', 100);

##---------------------------------------------------------------

INSERT INTO art (artist, title, media, width, height, image, pricing_info, main_image, image_width, image_height)
	VALUES(345,
	       'pond maintenance gnome style',
	       'acrylic on canvas',
	       45,
	       35,
	       'gnome',
	      'original, &pound;100',
	       0,
		650,
		434);
	     
		
INSERT INTO art_pricing(art, item_number, description, price)
	VALUES(LAST_INSERT_ID(), 'js106', 'original', 100);

##---------------------------------------------------------------

INSERT INTO art (artist, title, media, width, height, image, pricing_info, main_image, image_width, image_height)
	VALUES(345,
	       'we have lived too long',
	       'acrylic on canvas',
	       60,
	       40,
	       'lived-too-long',
	      'framed original, &pound;350',
	       0,
		650,
		541);
	     
		
INSERT INTO art_pricing(art, item_number, description, price)
	VALUES(LAST_INSERT_ID(), 'js107', 'framed original', 350);

##---------------------------------------------------------------

INSERT INTO art (artist, title, media, width, height, image, pricing_info, main_image, image_width, image_height)
	VALUES(345,
	       'jack',
	       'charcoal on paper',
	       40,
	       50,
	       'jack',
	      'commission example',
	       0,
		650,
		541);


##---------------------------------------------------------------

INSERT INTO art (artist, title, media, width, height, image, pricing_info, main_image, image_width, image_height)
	VALUES(345,
	       'pat',
	       'oil on canvas',
	       20,
	       30,
	       'pat',
	      'commission example',
	       0,
		413,
		650);


##---------------------------------------------------------------

INSERT INTO art (artist, title, media, width, height, image, pricing_info, main_image, image_width, image_height)
	VALUES(345,
	       'tony',
	       'oil on canvas',
	       45,
	       60,
	       'tony',
	      'commission example',
	       0,
		500,
		650);


##---------------------------------------------------------------





INSERT INTO artist (id, name, statement, notes, display, keywords)
	VALUES(346, 'ian lawson',
		'<p class="artist">My interest in art and in its different forms stems from the experiences I have had from life and the various 
    occupations that I have been involved in. Though I mainly have an interest in painting (oil on canvas is my main medium, landscapes
     and abstract imagery my subject matter) and photographic art (predominantly landscapes and abstract images), most forms of art garner 
     my interest such as literature, poetry and scriptwriting. The vast cornucopia of other arts are also fascinating, whether they 
     be ceramics, tapestry making or wood carving; these mediums prove to be an inspiration to my compositions.

<p class="artist">I am currently in the process of organising a project that will be aimed at supporting young and disabled artists, 
helping them get the recognition they deserve by finding exhibition space and by featuring their compositions on a website. 
</p>     

',
               NULL,
	       1,
          'ian lawson, liverpool artist, painting, drawing, liverpool');
          
##---------------------------------------------------------------


INSERT INTO art (artist, title, media, width, height, image, pricing_info, main_image, image_width, image_height)
	VALUES(346,
	       'after the storm',
	       'oil on canvas',
	       60,
	       50,
	       'after-the-storm',
	      'original, &pound;400',
	       1,
		650,
		547);
	     
		
INSERT INTO art_pricing(art, item_number, description, price)
	VALUES(LAST_INSERT_ID(), 'il101', 'original', 400);

##---------------------------------------------------------------


INSERT INTO art (artist, title, media, width, height, image, pricing_info, main_image, image_width, image_height)
	VALUES(346,
	       'event horizon',
	       'oil on canvas',
	       40,
	       30,
	       'event-horizon',
	      'original, &pound;300',
	       0,
		650,
		492);
	     
		
INSERT INTO art_pricing(art, item_number, description, price)
	VALUES(LAST_INSERT_ID(), 'il103', 'original', 300);

##---------------------------------------------------------------

INSERT INTO art (artist, title, media, width, height, image, pricing_info, main_image, image_width, image_height)
	VALUES(346,
	       'mexican heatwave',
	       'oil on canvas',
	       40,
	       30,
	       'mexican-heatwave',
	      'original, &pound;300',
	       0,
		650,
		488);
	     
		
INSERT INTO art_pricing(art, item_number, description, price)
	VALUES(LAST_INSERT_ID(), 'il106', 'original', 300);

##---------------------------------------------------------------



INSERT INTO art (artist, title, media, width, height, image, pricing_info, main_image, image_width, image_height)
	VALUES(346,
	       'chanteloup',
	       'oil on canvas',
	       60,
	       50,
	       'chanteloup',
	      'original, &pound;400',
	       0,
		650,
		543);
	     
		
INSERT INTO art_pricing(art, item_number, description, price)
	VALUES(LAST_INSERT_ID(), 'il102', 'original', 400);

##---------------------------------------------------------------




INSERT INTO art (artist, title, media, width, height, image, pricing_info, main_image, image_width, image_height)
	VALUES(346,
	       'frank stubbs',
	       'oil on canvas',
	       40,
	       30,
	       'frank-stubbs',
	      'original, &pound;300',
	       0,
		650,
		489);
	     
		
INSERT INTO art_pricing(art, item_number, description, price)
	VALUES(LAST_INSERT_ID(), 'il104', 'original', 300);

##---------------------------------------------------------------

 
INSERT INTO art (artist, title, media, width, height, image, pricing_info, main_image, image_width, image_height)
	VALUES(346,
	       'la maison rose',
	       'oil on canvas',
	       40,
	       30,
	       'la-maison-rose',
	      'original, &pound;400',
	       0,
		650,
		480);
	     
		
INSERT INTO art_pricing(art, item_number, description, price)
	VALUES(LAST_INSERT_ID(), 'il105', 'original', 400);

##---------------------------------------------------------------



INSERT INTO art (artist, title, media, width, height, image, pricing_info, main_image, image_width, image_height)
	VALUES(346,
	       'montego bay',
	       'oil on canvas',
	       60,
	       50,
	       'montego-bay',
	      'original, &pound;350',
	       0,
		650,
		548);
	     
		
INSERT INTO art_pricing(art, item_number, description, price)
	VALUES(LAST_INSERT_ID(), 'il107', 'original', 350);

##---------------------------------------------------------------

INSERT INTO art (artist, title, media, width, height, image, pricing_info, main_image, image_width, image_height)
	VALUES(346,
	       'two trees',
	       'oil on canvas',
	       40,
	       30,
	       'two-trees',
	      'original, &pound;250',
	       0,
		650,
		479);
	     
		
INSERT INTO art_pricing(art, item_number, description, price)
	VALUES(LAST_INSERT_ID(), 'il108', 'original', 250);

##---------------------------------------------------------------

INSERT INTO art (artist, title, media, width, height, image, pricing_info, main_image, image_width, image_height)
	VALUES(346,
	       'ribstoker',
	       'oil on canvas',
	       60,
	       50,
	       'ribstoker',
	      'original, &pound;300',
	       0,
		548,
		650);
	     
		
INSERT INTO art_pricing(art, item_number, description, price)
	VALUES(LAST_INSERT_ID(), 'il109', 'original', 300);

##---------------------------------------------------------------


INSERT INTO art (artist, title, media, width, height, image, pricing_info, main_image, image_width, image_height)
	VALUES(346,
	       'pensive thought',
	       'oil on canvas',
	       60,
	       50,
	       'pensive-thought',
	      'original, &pound;300',
	       0,
		650,
		542);
	     
		
INSERT INTO art_pricing(art, item_number, description, price)
	VALUES(LAST_INSERT_ID(), 'il110', 'original', 300);

##---------------------------------------------------------------


INSERT INTO artist (id, name, statement, notes, display, keywords)
	VALUES(347, 'stephen mcnally',
		'<p class="artist">Stephen was born and still lives in Newton-le-Willows where he has been producing black and white landscape 
    photography for 8 years. His work mainly focuses on the North West of England and uses a long exposure technique to capture these images at night
    or in low light conditions. Each photograph has been carefully and meticulously composed and incorporates both digital and film photography in 
    order to  be achieved.</p> 

		<p class="artist">Stephen&#39;s work has featured in photography magazines, Liverpool Echo, Daily Post, The Guardian and many online
		photography blogs. Stephen has also just finished making a short documentary of his work for Canon which is set to be released
    later in 2016. His work has been exhibited both nationally and internationally and some of his work is currently on display at St Helens 
    Glass Museum . </p> 
    
<p class="artist">All photographic prints are sold double mounted, signed and numbered in limited editions of 50 prints. Square format images 
are 20.32cm x 20.32cm on white 50cm x 40cm matting. Landcapes and portrait formats are 25cm x 20 cm on white 50cm x 40cm matting.</p> 	
   

',
               NULL,
	       1,
          'stephen mcnally, liverpool artist, photography, black and white, liverpool, newton le willows, warrington, landscape');
          
##---------------------------------------------------------------


INSERT INTO art (artist, title, media, width, height, image, pricing_info, main_image, image_width, image_height)
	VALUES(347,
	       'boat house birkenhead park',
	       'photographic print',
	       20,
	       20,
	       'boat-house',
	      'limited edition, &pound;160',
	       1,
		650,
		650);
	     
		
INSERT INTO art_pricing(art, item_number, description, price)
	VALUES(LAST_INSERT_ID(), 'sm101', 'limited edition', 160);

##---------------------------------------------------------------


INSERT INTO art (artist, title, media, width, height, image, pricing_info, main_image, image_width, image_height)
	VALUES(347,
	       'chaos',
	       'photographic print',
	       20,
	       20,
	       'chaos',
	      'limited edition, &pound;160',
	       0,
		650,
		650);
	     
		
INSERT INTO art_pricing(art, item_number, description, price)
	VALUES(LAST_INSERT_ID(), 'sm102', 'limited edition', 160);

##---------------------------------------------------------------

INSERT INTO art (artist, title, media, width, height, image, pricing_info, main_image, image_width, image_height)
	VALUES(347,
	       'coniston jetty',
	       'photographic print',
	       25,
	       20,
	       'coniston-jetty',
	      'limited edition, &pound;160',
	       0,
		650,
		413);
	     
		
INSERT INTO art_pricing(art, item_number, description, price)
	VALUES(LAST_INSERT_ID(), 'sm103', 'limited edition', 160);

##---------------------------------------------------------------


INSERT INTO art (artist, title, media, width, height, image, pricing_info, main_image, image_width, image_height)
	VALUES(347,
	       'crosby',
	       'photographic print',
	       25,
	       20,
	       'crosby',
	      'limited edition, &pound;160',
	       0,
		650,
		433);
	     
		
INSERT INTO art_pricing(art, item_number, description, price)
	VALUES(LAST_INSERT_ID(), 'sm104', 'limited edition', 160);

##---------------------------------------------------------------

INSERT INTO art (artist, title, media, width, height, image, pricing_info, main_image, image_width, image_height)
	VALUES(347,
	       'curve new  brighton',
	       'photographic print',
	       20,
	       20,
	       'curve-new-brighton',
	      'limited edition, &pound;160',
	       0,
		650,
		650);
	     
		
INSERT INTO art_pricing(art, item_number, description, price)
	VALUES(LAST_INSERT_ID(), 'sm105', 'limited edition', 160);

##---------------------------------------------------------------

INSERT INTO art (artist, title, media, width, height, image, pricing_info, main_image, image_width, image_height)
	VALUES(347,
	       'dullas wreck',
	       'photographic print',
	       20,
	       20,
	       'dullas-wreck',
	      'limited edition, &pound;160',
	       0,
		650,
		650);
	     
		
INSERT INTO art_pricing(art, item_number, description, price)
	VALUES(LAST_INSERT_ID(), 'sm106', 'limited edition', 160);

##---------------------------------------------------------------


INSERT INTO art (artist, title, media, width, height, image, pricing_info, main_image, image_width, image_height)
	VALUES(347,
	       'floating in the sky',
	       'photographic print',
	       20,
	       20,
	       'floating-in-sky',
	      'limited edition, &pound;160',
	       0,
		650,
		650);
	     
		
INSERT INTO art_pricing(art, item_number, description, price)
	VALUES(LAST_INSERT_ID(), 'sm107', 'limited edition', 160);

##---------------------------------------------------------------

INSERT INTO art (artist, title, media, width, height, image, pricing_info, main_image, image_width, image_height)
	VALUES(347,
	       'formby pines',
	       'photographic print',
	       25,
	       20,
	       'formby-pines',
	      'limited edition, &pound;160',
	       0,
		650,
		415);
	     
		
INSERT INTO art_pricing(art, item_number, description, price)
	VALUES(LAST_INSERT_ID(), 'sm108', 'limited edition', 160);

##---------------------------------------------------------------

INSERT INTO art (artist, title, media, width, height, image, pricing_info, main_image, image_width, image_height)
	VALUES(347,
	       'helsby wreck',
	       'photographic print',
	       20,
	       20,
	       'helsby-wreck',
	      'limited edition, &pound;160',
	       0,
		650,
		650);
	     
		
INSERT INTO art_pricing(art, item_number, description, price)
	VALUES(LAST_INSERT_ID(), 'sm109', 'limited edition', 160);

##---------------------------------------------------------------

INSERT INTO art (artist, title, media, width, height, image, pricing_info, main_image, image_width, image_height)
	VALUES(347,
	       'infinitio',
	       'photographic print',
	       25,
	       20,
	       'infinitio',
	      'limited edition, &pound;160',
	       0,
		650,
		433);
	     
		
INSERT INTO art_pricing(art, item_number, description, price)
	VALUES(LAST_INSERT_ID(), 'sm110', 'limited edition', 160);

##---------------------------------------------------------------

INSERT INTO art (artist, title, media, width, height, image, pricing_info, main_image, image_width, image_height)
	VALUES(347,
	       'iron man',
	       'photographic print',
	       25,
	       20,
	       'iron-man',
	      'limited edition, &pound;160',
	       0,
		650,
		433);
	     
		
INSERT INTO art_pricing(art, item_number, description, price)
	VALUES(LAST_INSERT_ID(), 'sm111', 'limited edition', 160);

##---------------------------------------------------------------


INSERT INTO art (artist, title, media, width, height, image, pricing_info, main_image, image_width, image_height)
	VALUES(347,
	       'ladybower reflection',
	       'photographic print',
	       20,
	       20,
	       'ladybower-reflection',
	      'limited edition, &pound;160',
	       0,
		650,
		650);
	     
		
INSERT INTO art_pricing(art, item_number, description, price)
	VALUES(LAST_INSERT_ID(), 'sm112', 'limited edition', 160);

##---------------------------------------------------------------



INSERT INTO art (artist, title, media, width, height, image, pricing_info, main_image, image_width, image_height)
	VALUES(347,
	       'lovers locks liverpool 1',
	       'photographic print',
	       20,
	       20,
	       'lovers-locks-liverpool',
	      'limited edition, &pound;160',
	       0,
		650,
		650);
	     
		
INSERT INTO art_pricing(art, item_number, description, price)
	VALUES(LAST_INSERT_ID(), 'sm114', 'limited edition', 160);

##---------------------------------------------------------------


INSERT INTO art (artist, title, media, width, height, image, pricing_info, main_image, image_width, image_height)
	VALUES(347,
	       'lovers locks liverpool',
	       'photographic print',
	       25,
	       20,
	       'lovers-locks',
	      'limited edition, &pound;160',
	       0,
		650,
		433);
	     
		
INSERT INTO art_pricing(art, item_number, description, price)
	VALUES(LAST_INSERT_ID(), 'sm115', 'limited edition', 160);

##---------------------------------------------------------------

INSERT INTO art (artist, title, media, width, height, image, pricing_info, main_image, image_width, image_height)
	VALUES(347,
	       'night time cleveleys',
	       'photographic print',
	       25,
	       20,
	       'night-time',
	      'limited edition, &pound;160',
	       0,
		650,
		400);
	     
		
INSERT INTO art_pricing(art, item_number, description, price)
	VALUES(LAST_INSERT_ID(), 'sm116', 'limited edition', 160);

##---------------------------------------------------------------

INSERT INTO art (artist, title, media, width, height, image, pricing_info, main_image, image_width, image_height)
	VALUES(347,
	       'penmon lighthouse',
	       'photographic print',
	       25,
	       20,
	       'penmon-lighthouse',
	      'limited edition, &pound;160',
	       0,
		650,
		433);
	     
		
INSERT INTO art_pricing(art, item_number, description, price)
	VALUES(LAST_INSERT_ID(), 'sm117', 'limited edition', 160);

##---------------------------------------------------------------

INSERT INTO art (artist, title, media, width, height, image, pricing_info, main_image, image_width, image_height)
	VALUES(347,
	       'perch rock lighthouse',
	       'photographic print',
	       20,
	       20,
	       'perch-rock-lighthouse',
	      'limited edition, &pound;160',
	       0,
		650,
		650);
	     
		
INSERT INTO art_pricing(art, item_number, description, price)
	VALUES(LAST_INSERT_ID(), 'sm118', 'limited edition', 160);

##---------------------------------------------------------------


INSERT INTO art (artist, title, media, width, height, image, pricing_info, main_image, image_width, image_height)
	VALUES(347,
	       'perch rock',
	       'photographic print',
	       20,
	       20,
	       'perch-rock',
	      'limited edition, &pound;160',
	       0,
		650,
		650);
	     
		
INSERT INTO art_pricing(art, item_number, description, price)
	VALUES(LAST_INSERT_ID(), 'sm119', 'limited edition', 160);

##---------------------------------------------------------------

INSERT INTO art (artist, title, media, width, height, image, pricing_info, main_image, image_width, image_height)
	VALUES(347,
	       'piano',
	       'photographic print',
	       20,
	       20,
	       'piano',
	      'limited edition, &pound;160',
	       0,
		650,
		650);
	     
		
INSERT INTO art_pricing(art, item_number, description, price)
	VALUES(LAST_INSERT_ID(), 'sm120', 'limited edition', 160);

##---------------------------------------------------------------


INSERT INTO art (artist, title, media, width, height, image, pricing_info, main_image, image_width, image_height)
	VALUES(347,
	       'porth wem anglesey',
	       'photographic print',
	       25,
	       20,
	       'porth-wem-anglesey',
	      'limited edition, &pound;160',
	       0,
		650,
		411);
	     
		
INSERT INTO art_pricing(art, item_number, description, price)
	VALUES(LAST_INSERT_ID(), 'sm122', 'limited edition', 160);

##---------------------------------------------------------------


INSERT INTO art (artist, title, media, width, height, image, pricing_info, main_image, image_width, image_height)
	VALUES(347,
	       'rank and file',
	       'photographic print',
	       20,
	       20,
	       'rank-and-file',
	      'limited edition, &pound;160',
	       0,
		650,
		650);
	     
		
INSERT INTO art_pricing(art, item_number, description, price)
	VALUES(LAST_INSERT_ID(), 'sm123', 'limited edition', 160);

##---------------------------------------------------------------

INSERT INTO art (artist, title, media, width, height, image, pricing_info, main_image, image_width, image_height)
	VALUES(347,
	       'rock pool',
	       'photographic print',
	       20,
	       20,
	       'rock-pool',
	      'limited edition, &pound;160',
	       0,
		650,
		650);
	     
		
INSERT INTO art_pricing(art, item_number, description, price)
	VALUES(LAST_INSERT_ID(), 'sm124', 'limited edition', 160);

##---------------------------------------------------------------


INSERT INTO art (artist, title, media, width, height, image, pricing_info, main_image, image_width, image_height)
	VALUES(347,
	       'sea shell',
	       'photographic print',
	       20,
	       20,
	       'sea-shell',
	      'limited edition, &pound;160',
	       0,
		650,
		650);
	     
		
INSERT INTO art_pricing(art, item_number, description, price)
	VALUES(LAST_INSERT_ID(), 'sm125', 'limited edition', 160);

##---------------------------------------------------------------

INSERT INTO art (artist, title, media, width, height, image, pricing_info, main_image, image_width, image_height)
	VALUES(347,
	       'silence',
	       'photographic print',
	       20,
	       20,
	       'silence',
	      'limited edition, &pound;160',
	       0,
		650,
		650);
	     
		
INSERT INTO art_pricing(art, item_number, description, price)
	VALUES(LAST_INSERT_ID(), 'sm126', 'limited edition', 160);

##---------------------------------------------------------------


INSERT INTO art (artist, title, media, width, height, image, pricing_info, main_image, image_width, image_height)
	VALUES(347,
	       'smooth sea',
	       'photographic print',
	       25,
	       20,
	       'smooth-sea',
	      'limited edition, &pound;160',
	       0,
		650,
		433);
	     
		
INSERT INTO art_pricing(art, item_number, description, price)
	VALUES(LAST_INSERT_ID(), 'sm127', 'limited edition', 160);

##--------------------------------------------------------------- 


INSERT INTO art (artist, title, media, width, height, image, pricing_info, main_image, image_width, image_height)
	VALUES(347,
	       'storm clouds',
	       'photographic print',
	       20,
	       20,
	       'storm-clouds',
	      'limited edition, &pound;160',
	       0,
		650,
		650);
	     
		
INSERT INTO art_pricing(art, item_number, description, price)
	VALUES(LAST_INSERT_ID(), 'sm128', 'limited edition', 160);

##--------------------------------------------------------------- 

INSERT INTO art (artist, title, media, width, height, image, pricing_info, main_image, image_width, image_height)
	VALUES(347,
	       'the tail',
	       'photographic print',
	       20,
	       20,
	       'the-tail',
	      'limited edition, &pound;160',
	       0,
		650,
		650);
	     
		
INSERT INTO art_pricing(art, item_number, description, price)
	VALUES(LAST_INSERT_ID(), 'sm129', 'limited edition', 160);

##--------------------------------------------------------------- 

INSERT INTO art (artist, title, media, width, height, image, pricing_info, main_image, image_width, image_height)
	VALUES(347,
	       'time',
	       'photographic print',
	       20,
	       20,
	       'time',
	      'limited edition, &pound;160',
	       0,
		650,
		650);
	     
		
INSERT INTO art_pricing(art, item_number, description, price)
	VALUES(LAST_INSERT_ID(), 'sm130', 'limited edition', 160);

##--------------------------------------------------------------- 

INSERT INTO art (artist, title, media, width, height, image, pricing_info, main_image, image_width, image_height)
	VALUES(347,
	       'vast world',
	       'photographic print',
	       25,
	       20,
	       'vast-world',
	      'limited edition, &pound;160',
	       0,
		650,
		433);
	     
		
INSERT INTO art_pricing(art, item_number, description, price)
	VALUES(LAST_INSERT_ID(), 'sm131', 'limited edition', 160);

##--------------------------------------------------------------- 

INSERT INTO art (artist, title, media, width, height, image, pricing_info, main_image, image_width, image_height)
	VALUES(347,
	       'white scarf',
	       'photographic print',
	       20,
	       20,
	       'white-scarf',
	      'limited edition, &pound;160',
	       0,
		650,
		650);
	     
		
INSERT INTO art_pricing(art, item_number, description, price)
	VALUES(LAST_INSERT_ID(), 'sm132', 'limited edition', 160);

##--------------------------------------------------------------- 

INSERT INTO art (artist, title, media, width, height, image, pricing_info, main_image, image_width, image_height)
	VALUES(347,
	       'wild clouds beaumaris',
	       'photographic print',
	       20,
	       20,
	       'wild-clouds',
	      'limited edition, &pound;160',
	       0,
		650,
		650);
	     
		
INSERT INTO art_pricing(art, item_number, description, price)
	VALUES(LAST_INSERT_ID(), 'sm133', 'limited edition', 160);

##--------------------------------------------------------------- 


INSERT INTO artist (id, name, statement, notes, display, keywords)
	VALUES(348, 'jon paul lavelle',
		'<p class="artist">Born and raised in Birkenhead, Jon Paul spent several years living in Leeds before returning
    to Merseyside in 2007. Jon Paul&#39;s work combines accuracy and detail with an innate, natural and instinctive
     approach. Each piece begins with a statement representing a sign post in a chain of thought. It will always
      be an idea that resonates with me in the moment.
 
<p class="artist">This ignition will quite often occur spontaneously, utilising the nearest canvas, board, pen
 or brush. From there the image evolves. Free of any pre-conceived form, each mark or stroke dictating the next. 
 This subconscious intent is deeply embodied in the original spark of inspiration driving the development of 
 each piece.    </p>
 
 <p class="artist">Jon Paul&#39;s intent is to stimulate the eye and the mind by creating work that is energetic,
  captivating and symbolically charged.</p>
  
   <p class="artist">Prints are produced in a limited edtion of 10.</p>	
   

',
               NULL,
	       1,
          'jon paul lavelle, liverpool artist, graffiti, street art, acrylic, oil, canvas, birkenhead');
          
##---------------------------------------------------------------


INSERT INTO art (artist, title, media, width, height, image, pricing_info, main_image, image_width, image_height)
	VALUES(348,
	       'anubis',
	       'acrylic paint, liquid pen on card',
	       47,
	       57,
	       'anubis',
	      'limited edition, &pound;100',
	       0,
		535,
		650);
	     
		
INSERT INTO art_pricing(art, item_number, description, price)
	VALUES(LAST_INSERT_ID(), 'jp101', 'limited edition', 100);

##---------------------------------------------------------------


INSERT INTO art (artist, title, media, width, height, image, pricing_info, main_image, image_width, image_height)
	VALUES(348,
	       'celtic lion',
	       'acrylic paint, liquid pen on canvas',
	       47,
	       59,
	       'celtic-lion',
	      'limited edition, &pound;100',
	       0,
		540,
		650);
	     
		
INSERT INTO art_pricing(art, item_number, description, price)
	VALUES(LAST_INSERT_ID(), 'jp102', 'limited edition', 100);

##---------------------------------------------------------------


INSERT INTO art (artist, title, media, width, height, image, pricing_info, main_image, image_width, image_height)
	VALUES(348,
	       'cryptic architect',
	       'acrylic paint, liquid pen on card',
	       47,
	       59,
	       'cryptic-architect',
	      'limited edition, &pound;100',
	       0,
		553,
		650);
	     
		
INSERT INTO art_pricing(art, item_number, description, price)
	VALUES(LAST_INSERT_ID(), 'jp103', 'limited edition', 100);

##---------------------------------------------------------------


INSERT INTO art (artist, title, media, width, height, image, pricing_info, main_image, image_width, image_height)
	VALUES(348,
	       'daughter of water',
	       'acrylic paint, liquid pen on canvas',
	       30,
	       80,
	       'daughter-of-water',
	      'limited edition, &pound;100',
	       0,
		244,
		650);
	     
		
INSERT INTO art_pricing(art, item_number, description, price)
	VALUES(LAST_INSERT_ID(), 'jp104', 'limited edition', 100);

##---------------------------------------------------------------

INSERT INTO art (artist, title, media, width, height, image, pricing_info, main_image, image_width, image_height)
	VALUES(348,
	       'depth of perception',
	       'acrylic paint, liquid pen on hardboard',
	       60,
	       87,
	       'depth-of-perception',
	      'limited edition, &pound;100',
	       0,
		454,
		650);
	     
		
INSERT INTO art_pricing(art, item_number, description, price)
	VALUES(LAST_INSERT_ID(), 'jp105', 'limited edition', 100);

##---------------------------------------------------------------


INSERT INTO art (artist, title, media, width, height, image, pricing_info, main_image, image_width, image_height)
	VALUES(348,
	       'fusion',
	       'acrylic paint, liquid pen on hardboard',
	       52,
	       92,
	       'fusion',
	      'limited edition, &pound;100',
	       0,
		368,
		650);
	     
		
INSERT INTO art_pricing(art, item_number, description, price)
	VALUES(LAST_INSERT_ID(), 'jp106', 'limited edition', 100);

##---------------------------------------------------------------


INSERT INTO art (artist, title, media, width, height, image, pricing_info, main_image, image_width, image_height)
	VALUES(348,
	       'herbal wellness',
	       'acrylic paint, liquid pen on canvas',
	       30,
	       80,
	       'herbal-wellness',
	      'limited edition, &pound;100',
	       0,
		244,
		650);
	     
		
INSERT INTO art_pricing(art, item_number, description, price)
	VALUES(LAST_INSERT_ID(), 'jp107', 'limited edition', 100);

##---------------------------------------------------------------


INSERT INTO art (artist, title, media, width, height, image, pricing_info, main_image, image_width, image_height)
	VALUES(348,
	       'master of momentum',
	       'acrylic paint, liquid pen on hardboard',
	       52,
	       79,
	       'master-of-momentum',
	      'limited edition, &pound;100',
	       0,
		428,
		650);
	     
		
INSERT INTO art_pricing(art, item_number, description, price)
	VALUES(LAST_INSERT_ID(), 'jp108', 'limited edition', 100);

##---------------------------------------------------------------


INSERT INTO art (artist, title, media, width, height, image, pricing_info, main_image, image_width, image_height)
	VALUES(348,
	       'old man time',
	       'acrylic paint, liquid pen on card',
	       47,
	       57,
	       'old-man-time',
	      'limited edition, &pound;100',
	       0,
		532,
		650);
	     
		
INSERT INTO art_pricing(art, item_number, description, price)
	VALUES(LAST_INSERT_ID(), 'jp109', 'limited edition', 100);

##---------------------------------------------------------------

INSERT INTO art (artist, title, media, width, height, image, pricing_info, main_image, image_width, image_height)
	VALUES(348,
	       'phoenix sea horse',
	       'acrylic paint, liquid pen on canvas',
	       57,
	       57,
	       'phoenix-sea-horse',
	      'limited edition, &pound;100',
	       0,
		428,
		650);
	     
		
INSERT INTO art_pricing(art, item_number, description, price)
	VALUES(LAST_INSERT_ID(), 'jp110', 'limited edition', 100);

##---------------------------------------------------------------


INSERT INTO art (artist, title, media, width, height, image, pricing_info, main_image, image_width, image_height)
	VALUES(348,
	       'portrait of an angel',
	       'acrylic paint, liquid pen on card',
	       61,
	       86,
	       'portrait-of-angel',
	      'limited edition, &pound;100',
	       0,
		458,
		650);
	     
		
INSERT INTO art_pricing(art, item_number, description, price)
	VALUES(LAST_INSERT_ID(), 'jp111', 'limited edition', 100);

##---------------------------------------------------------------


INSERT INTO art (artist, title, media, width, height, image, pricing_info, main_image, image_width, image_height)
	VALUES(348,
	       'selfie',
	       'acrylic paint, liquid pen on card',
	       61,
	       78,
	       'selfie',
	      'limited edition, &pound;150',
	       0,
		512,
		650);
	     
		
INSERT INTO art_pricing(art, item_number, description, price)
	VALUES(LAST_INSERT_ID(), 'jp112', 'limited edition', 150);

##---------------------------------------------------------------


INSERT INTO art (artist, title, media, width, height, image, pricing_info, main_image, image_width, image_height)
	VALUES(348,
	       'serpent',
	       'acrylic paint, liquid pen on hardboard',
	       62,
	       86,
	       'serpent',
	      'limited edition, &pound;100',
	       0,
		458,
		650);
	     
		
INSERT INTO art_pricing(art, item_number, description, price)
	VALUES(LAST_INSERT_ID(), 'jp113', 'limited edition', 100);

##---------------------------------------------------------------

INSERT INTO art (artist, title, media, width, height, image, pricing_info, main_image, image_width, image_height)
	VALUES(348,
	       'spark',
	       'acrylic paint, liquid pen on card',
	       47,
	       58,
	       'spark',
	      'limited edition, &pound;100',
	       0,
		529,
		650);
	     
		
INSERT INTO art_pricing(art, item_number, description, price)
	VALUES(LAST_INSERT_ID(), 'jp114', 'limited edition', 100);

##---------------------------------------------------------------

INSERT INTO art (artist, title, media, width, height, image, pricing_info, main_image, image_width, image_height)
	VALUES(348,
	       'susie',
	       'acrylic paint, liquid pen on card',
	       61,
	       78,
	       'susie',
	      'limited edition, &pound;150',
	       0,
		501,
		650);
	     
		
INSERT INTO art_pricing(art, item_number, description, price)
	VALUES(LAST_INSERT_ID(), 'jp115', 'limited edition', 150);

##---------------------------------------------------------------

INSERT INTO art (artist, title, media, width, height, image, pricing_info, main_image, image_width, image_height)
	VALUES(348,
	       'synaptic energy',
	       'acrylic paint, liquid pen on card',
	       161,
	       60,
	       'synaptic-energy',
	      'limited edition, &pound;150',
	       0,
		650,
		403);
	     
		
INSERT INTO art_pricing(art, item_number, description, price)
	VALUES(LAST_INSERT_ID(), 'jp116', 'limited edition', 150);

##---------------------------------------------------------------


INSERT INTO art (artist, title, media, width, height, image, pricing_info, main_image, image_width, image_height)
	VALUES(348,
	       'the declaration',
	       'acrylic paint, liquid pen on hardboard',
	       52,
	       79,
	       'the-declaration',
	      'limited edition, &pound;100',
	       0,
		463,
		650);
	     
		
INSERT INTO art_pricing(art, item_number, description, price)
	VALUES(LAST_INSERT_ID(), 'jp117', 'limited edition', 100);

##---------------------------------------------------------------

INSERT INTO art (artist, title, media, width, height, image, pricing_info, main_image, image_width, image_height)
	VALUES(348,
	       'the undeniable truth',
	       'acrylic paint, liquid pen on card',
	       78,
	       61,
	       'the-undeniable-truth',
	      'limited edition, &pound;120',
	       0,
		650,
		508);
	     
		
INSERT INTO art_pricing(art, item_number, description, price)
	VALUES(LAST_INSERT_ID(), 'jp118', 'limited edition', 120);

##---------------------------------------------------------------



INSERT INTO art (artist, title, media, width, height, image, pricing_info, main_image, image_width, image_height)
	VALUES(348,
	       'anubis',
	       'acrylic paint, liquid pen on card',
	       47,
	       57,
	       'anubis',
	      'original, &pound;700',
	       0,
		535,
		650);
	     
		
INSERT INTO art_pricing(art, item_number, description, price)
	VALUES(LAST_INSERT_ID(), 'jp119', 'original', 700);

##---------------------------------------------------------------


INSERT INTO art (artist, title, media, width, height, image, pricing_info, main_image, image_width, image_height)
	VALUES(348,
	       'cryptic architect',
	       'acrylic paint, liquid pen on card',
	       47,
	       59,
	       'cryptic-architect',
	      'original, &pound;1000',
	       0,
		553,
		650);
	     
		
INSERT INTO art_pricing(art, item_number, description, price)
	VALUES(LAST_INSERT_ID(), 'jp120', 'original', 1000);

##---------------------------------------------------------------


INSERT INTO art (artist, title, media, width, height, image, pricing_info, main_image, image_width, image_height)
	VALUES(348,
	       'daughter of water',
	       'acrylic paint, liquid pen on canvas',
	       30,
	       80,
	       'daughter-of-water',
	      'original, &pound;600',
	       0,
		244,
		650);
	     
		
INSERT INTO art_pricing(art, item_number, description, price)
	VALUES(LAST_INSERT_ID(), 'jp121', 'original', 600);

##---------------------------------------------------------------

INSERT INTO art (artist, title, media, width, height, image, pricing_info, main_image, image_width, image_height)
	VALUES(348,
	       'depth of perception',
	       'acrylic paint, liquid pen on hardboard',
	       60,
	       87,
	       'depth-of-perception',
	      'original, &pound;1000',
	       0,
		454,
		650);
	     
		
INSERT INTO art_pricing(art, item_number, description, price)
	VALUES(LAST_INSERT_ID(), 'jp122', 'original', 1000);

##---------------------------------------------------------------


INSERT INTO art (artist, title, media, width, height, image, pricing_info, main_image, image_width, image_height)
	VALUES(348,
	       'fusion',
	       'acrylic paint, liquid pen on hardboard',
	       52,
	       92,
	       'fusion',
	      'original, &pound;1000',
	       0,
		368,
		650);
	     
		
INSERT INTO art_pricing(art, item_number, description, price)
	VALUES(LAST_INSERT_ID(), 'jp123', 'original', 1000);

##---------------------------------------------------------------


INSERT INTO art (artist, title, media, width, height, image, pricing_info, main_image, image_width, image_height)
	VALUES(348,
	       'herbal wellness',
	       'acrylic paint, liquid pen on canvas',
	       30,
	       80,
	       'herbal-wellness',
	      'original, &pound;600',
	       0,
		244,
		650);
	     
		
INSERT INTO art_pricing(art, item_number, description, price)
	VALUES(LAST_INSERT_ID(), 'jp124', 'original', 600);

##---------------------------------------------------------------


INSERT INTO art (artist, title, media, width, height, image, pricing_info, main_image, image_width, image_height)
	VALUES(348,
	       'master of momentum',
	       'acrylic paint, liquid pen on hardboard',
	       52,
	       79,
	       'master-of-momentum',
	      'original, &pound;1000',
	       0,
		428,
		650);
	     
		
INSERT INTO art_pricing(art, item_number, description, price)
	VALUES(LAST_INSERT_ID(), 'jp125', 'original', 1000);

##---------------------------------------------------------------


INSERT INTO art (artist, title, media, width, height, image, pricing_info, main_image, image_width, image_height)
	VALUES(348,
	       'limbic',
	       'acrylic paint, liquid pen on canvas',
	       30,
	       30,
	       'limbic',
	      'original, &pound;1000',
	       0,
		644,
		650);
	     
		
INSERT INTO art_pricing(art, item_number, description, price)
	VALUES(LAST_INSERT_ID(), 'jp126', 'original', 1000);

##---------------------------------------------------------------

INSERT INTO art (artist, title, media, width, height, image, pricing_info, main_image, image_width, image_height)
	VALUES(348,
	       'phoenix sea horse',
	       'acrylic paint, liquid pen on canvas',
	       57,
	       57,
	       'phoenix-sea-horse',
	      'original, &pound;500',
	       0,
		428,
		650);
	     
		
INSERT INTO art_pricing(art, item_number, description, price)
	VALUES(LAST_INSERT_ID(), 'jp127', 'original', 500);

##---------------------------------------------------------------


INSERT INTO art (artist, title, media, width, height, image, pricing_info, main_image, image_width, image_height)
	VALUES(348,
	       'portrait of an angel',
	       'acrylic paint, liquid pen on card',
	       61,
	       86,
	       'portrait-of-angel',
	      'original, &pound;1000',
	       0,
		458,
		650);
	     
		
INSERT INTO art_pricing(art, item_number, description, price)
	VALUES(LAST_INSERT_ID(), 'jp128', 'original', 1000);

##---------------------------------------------------------------


INSERT INTO art (artist, title, media, width, height, image, pricing_info, main_image, image_width, image_height)
	VALUES(348,
	       'selfie',
	       'acrylic paint, liquid pen on card',
	       61,
	       78,
	       'selfie',
	      'original, &pound;1000',
	       1,
		512,
		650);
	     
		
INSERT INTO art_pricing(art, item_number, description, price)
	VALUES(LAST_INSERT_ID(), 'jp129', 'original', 1000);

##---------------------------------------------------------------


INSERT INTO art (artist, title, media, width, height, image, pricing_info, main_image, image_width, image_height)
	VALUES(348,
	       'serpent',
	       'acrylic paint, liquid pen on hardboard',
	       62,
	       86,
	       'serpent',
	      'original, &pound;1000',
	       0,
		458,
		650);
	     
		
INSERT INTO art_pricing(art, item_number, description, price)
	VALUES(LAST_INSERT_ID(), 'jp130', 'original', 1000);

##---------------------------------------------------------------


INSERT INTO art (artist, title, media, width, height, image, pricing_info, main_image, image_width, image_height)
	VALUES(348,
	       'synaptic energy',
	       'acrylic paint, liquid pen on card',
	       161,
	       60,
	       'synaptic-energy',
	      'original, &pound;1000',
	       0,
		650,
		403);
	     
		
INSERT INTO art_pricing(art, item_number, description, price)
	VALUES(LAST_INSERT_ID(), 'jp131', 'original', 1000);

##---------------------------------------------------------------


INSERT INTO art (artist, title, media, width, height, image, pricing_info, main_image, image_width, image_height)
	VALUES(348,
	       'the declaration',
	       'acrylic paint, liquid pen on hardboard',
	       52,
	       79,
	       'the-declaration',
	      'original, &pound;1000',
	       0,
		463,
		650);
	     
		
INSERT INTO art_pricing(art, item_number, description, price)
	VALUES(LAST_INSERT_ID(), 'jp132', 'original', 1000);

##---------------------------------------------------------------

INSERT INTO art (artist, title, media, width, height, image, pricing_info, main_image, image_width, image_height)
	VALUES(348,
	       'the undeniable truth',
	       'acrylic paint, liquid pen on card',
	       78,
	       61,
	       'the-undeniable-truth',
	      'original, &pound;1000',
	       0,
		650,
		508);
	     
		
INSERT INTO art_pricing(art, item_number, description, price)
	VALUES(LAST_INSERT_ID(), 'jp133', 'original', 1000);

##---------------------------------------------------------------

INSERT INTO art (artist, title, media, width, height, image, pricing_info, main_image, image_width, image_height)
	VALUES(348,
	       'the irruption of intent',
	       'acrylic paint, liquid pen on canvas',
	       78,
	       61,
	       'irruption-of-intent',
	      'original, &pound;750',
	       0,
		650,
		508);
	     
		
INSERT INTO art_pricing(art, item_number, description, price)
	VALUES(LAST_INSERT_ID(), 'jp134', 'original', 750);

##---------------------------------------------------------------

INSERT INTO art (artist, title, media, width, height, image, pricing_info, main_image, image_width, image_height)
	VALUES(348,
	       'ignition 1 2 3 triptych',
	       'acrylic paint, liquid pen on canvas',
	       70,
	       30,
	       'ignition-triptych',
	      'original, &pound;1000',
	       0,
		650,
		211);
	     
		
INSERT INTO art_pricing(art, item_number, description, price)
	VALUES(LAST_INSERT_ID(), 'jp135', 'original', 1000);

##---------------------------------------------------------------



INSERT INTO artist (id, name, statement, notes, display, keywords)
	VALUES(349, 'hazel thomson',
		'<p class="artist">I have travelled to various parts of the world, and met all sorts of people in the arts,
     and sciences and people who are very spiritual. I am always learning in life and observing the obvious 
     and not so obvious. I am always looking to conceive, cultivate and embrace new concepts and ideas in my
      art work. I go on walkabout around the country, observing places in all seasons and different times of
       the day. People have described my style of painting as classical and natural with a hint of contemporary
        and a new depth of atmosphere. I have sold many paintings in the UK and overseas.</p>	
        
<p class="artist">Since I started painting full time in 2012, my paintings have been exhibited in Egg Space 
Liverpool, Corridor Gallery, Barts Arts, Palm House Sefton Park, Malvern Theatres, The Art Gallery Tetbury and 
Calderstones Park Gallery. Recent exhibitions include Frodsham Arts Centre, The Grosvenor Museum, Open Mind
 Open Art, Virgin Art, Royal Cambrian Academy and Deeside Open.</p>	 


',
               NULL,
	       1,
          'hazel thomson, liverpool artist, landscape, painting, wirral, cheshire, canvas, oil, acrylic');
          
##---------------------------------------------------------------


INSERT INTO art (artist, title, media, width, height, image, pricing_info, main_image, image_width, image_height)
	VALUES(349,
	       'magical forest',
	       'oil on canvas',
	       122,
	       91,
	       'magical-forest',
	      'original, &pound;1260',
	       1,
		650,
		484);
	     
		
INSERT INTO art_pricing(art, item_number, description, price)
	VALUES(LAST_INSERT_ID(), 'ht101', 'original', 1260);

##---------------------------------------------------------------

INSERT INTO art (artist, title, media, width, height, image, pricing_info, main_image, image_width, image_height)
	VALUES(349,
	       'oak tree',
	       'oil on canvas',
	       152,
	       91,
	       'oak-tree',
	      'original, &pound;2000',
	       0,
		650,
		392);
	     
		
INSERT INTO art_pricing(art, item_number, description, price)
	VALUES(LAST_INSERT_ID(), 'ht102', 'original', 2000);

##---------------------------------------------------------------

INSERT INTO art (artist, title, media, width, height, image, pricing_info, main_image, image_width, image_height)
	VALUES(349,
	       'twisted tree',
	       'oil on canvas',
	       91,
	       122,
	       'twisted-tree',
	      'original, &pound;1260',
	       0,
		484,
		650);
	     
		
INSERT INTO art_pricing(art, item_number, description, price)
	VALUES(LAST_INSERT_ID(), 'ht103', 'original', 1260);

##---------------------------------------------------------------

INSERT INTO art (artist, title, media, width, height, image, pricing_info, main_image, image_width, image_height)
	VALUES(349,
	       'waiting',
	       'oil on canvas',
	       51,
	       61,
	       'waiting',
	      'original, &pound;180',
	       0,
		541,
		650);
	     
		
INSERT INTO art_pricing(art, item_number, description, price)
	VALUES(LAST_INSERT_ID(), 'ht104', 'original', 180);

##---------------------------------------------------------------

INSERT INTO art (artist, title, media, width, height, image, pricing_info, main_image, image_width, image_height)
	VALUES(349,
	       'oak lane',
	       'oil on canvas',
	       61,
	       91,
	       'oak-lane',
	      'original, &pound;480',
	       0,
		430,
		650);
	     
		
INSERT INTO art_pricing(art, item_number, description, price)
	VALUES(LAST_INSERT_ID(), 'ht105', 'original', 480);

##---------------------------------------------------------------


INSERT INTO art (artist, title, media, width, height, image, pricing_info, main_image, image_width, image_height)
	VALUES(349,
	       'loch assynt',
	       'oil on canvas',
	       76,
	       51,
	       'loch-assynt',
	      'original, &pound;260',
	       0,
		650,
		436);
	     
		
INSERT INTO art_pricing(art, item_number, description, price)
	VALUES(LAST_INSERT_ID(), 'ht106', 'original', 260);

##---------------------------------------------------------------



INSERT INTO art (artist, title, media, width, height, image, pricing_info, main_image, image_width, image_height)
	VALUES(349,
	       'spring at ness gardens',
	       'oil on canvas',
	       51,
	       61,
	       'spring-ness-gardens',
	      'original, &pound;180',
	       0,
		552,
		650);
	     
		
INSERT INTO art_pricing(art, item_number, description, price)
	VALUES(LAST_INSERT_ID(), 'ht107', 'original', 180);

##---------------------------------------------------------------

INSERT INTO art (artist, title, media, width, height, image, pricing_info, main_image, image_width, image_height)
	VALUES(349,
	       'spring time',
	       'oil on canvas',
	       61,
	       91,
	       'spring-time',
	      'original, &pound;420',
	       0,
		431,
		650);
	     
		
INSERT INTO art_pricing(art, item_number, description, price)
	VALUES(LAST_INSERT_ID(), 'ht108', 'original', 420);

##---------------------------------------------------------------


INSERT INTO art (artist, title, media, width, height, image, pricing_info, main_image, image_width, image_height)
	VALUES(349,
	       'end of the day',
	       'oil on canvas',
	       76,
	       51,
	       'end-of-day',
	      'original, &pound;260',
	       0,
		650,
		435);
	     
		
INSERT INTO art_pricing(art, item_number, description, price)
	VALUES(LAST_INSERT_ID(), 'ht109', 'original', 260);

##---------------------------------------------------------------



INSERT INTO art (artist, title, media, width, height, image, pricing_info, main_image, image_width, image_height)
	VALUES(349,
	       'enchanted sunlit forest',
	       'oil on canvas',
	       91,
	       122,
	       'enchanted-sunlit-forest',
	      'original, &pound;1260',
	       0,
		483,
		650);
	     
		
INSERT INTO art_pricing(art, item_number, description, price)
	VALUES(LAST_INSERT_ID(), 'ht110', 'original', 1260);

##---------------------------------------------------------------


INSERT INTO art (artist, title, media, width, height, image, pricing_info, main_image, image_width, image_height)
	VALUES(349,
	       'magical evening sunset',
	       'oil on canvas',
	       76,
	       51,
	       'magical-evening-sunset',
	      'original, &pound;260',
	       0,
		650,
		428);
	     
		
INSERT INTO art_pricing(art, item_number, description, price)
	VALUES(LAST_INSERT_ID(), 'ht111', 'original', 260);

##---------------------------------------------------------------     

INSERT INTO art (artist, title, media, width, height, image, pricing_info, main_image, image_width, image_height)
	VALUES(349,
	       'seasons changing',
	       'oil on canvas',
	       183,
	       122,
	       'seasons-changing',
	      'original, &pound;4000',
	       0,
		650,
		433);
	     
		
INSERT INTO art_pricing(art, item_number, description, price)
	VALUES(LAST_INSERT_ID(), 'ht112', 'original', 4000);

##---------------------------------------------------------------

INSERT INTO art (artist, title, media, width, height, image, pricing_info, main_image, image_width, image_height)
	VALUES(349,
	       'river druie',
	       'oil on canvas',
	       76,
	       51,
	       'river-druie',
	      'original, &pound;260',
	       0,
		650,
		436);
	     
		
INSERT INTO art_pricing(art, item_number, description, price)
	VALUES(LAST_INSERT_ID(), 'ht113', 'original', 260);

##---------------------------------------------------------------

INSERT INTO art (artist, title, media, width, height, image, pricing_info, main_image, image_width, image_height)
	VALUES(349,
	       'morning bluebells',
	       'oil on canvas',
	       76,
	       51,
	       'morning-bluebells',
	      'original, &pound;260',
	       0,
		650,
		427);
	     
		
INSERT INTO art_pricing(art, item_number, description, price)
	VALUES(LAST_INSERT_ID(), 'ht114', 'original', 260);

##---------------------------------------------------------------

INSERT INTO art (artist, title, media, width, height, image, pricing_info, main_image, image_width, image_height)
	VALUES(349,
	       'winters day sunset',
	       'oil on canvas',
	       61,
	       51,
	       'winters-day-sunset',
	      'original, &pound;180',
	       0,
		650,
		546);
	     
		
INSERT INTO art_pricing(art, item_number, description, price)
	VALUES(LAST_INSERT_ID(), 'ht115', 'original', 180);

##---------------------------------------------------------------

INSERT INTO art (artist, title, media, width, height, image, pricing_info, main_image, image_width, image_height)
	VALUES(349,
	       'cheshire plains from peckforton',
	       'oil on canvas',
	       61,
	       46,
	       'peckforton',
	      'original, &pound;130',
	       0,
		650,
		487);
	     
		
INSERT INTO art_pricing(art, item_number, description, price)
	VALUES(LAST_INSERT_ID(), 'ht116', 'original', 130);

##---------------------------------------------------------------


INSERT INTO art (artist, title, media, width, height, image, pricing_info, main_image, image_width, image_height)
	VALUES(349,
	       'sunrise over bute',
	       'oil on canvas',
	       76,
	       51,
	       'sunrise-over-bute',
	      'original, &pound;260',
	       0,
		650,
		434);
	     
		
INSERT INTO art_pricing(art, item_number, description, price)
	VALUES(LAST_INSERT_ID(), 'ht118', 'original', 260);

##---------------------------------------------------------------


INSERT INTO art (artist, title, media, width, height, image, pricing_info, main_image, image_width, image_height)
	VALUES(349,
	       'rushing waters',
	       'oil on canvas',
	       61,
	       51,
	       'rushing-waters',
	      'original, &pound;180',
	       0,
		650,
		541);
	     
		
INSERT INTO art_pricing(art, item_number, description, price)
	VALUES(LAST_INSERT_ID(), 'ht119', 'original', 180);

##---------------------------------------------------------------

INSERT INTO art (artist, title, media, width, height, image, pricing_info, main_image, image_width, image_height)
	VALUES(349,
	       'spring tree lined walk',
	       'oil on canvas',
	       122,
	       91,
	       'tree-lined-walk',
	      'original, &pound;1260',
	       0,
		650,
		489);
	     
		
INSERT INTO art_pricing(art, item_number, description, price)
	VALUES(LAST_INSERT_ID(), 'ht120', 'original', 1260);

##---------------------------------------------------------------


INSERT INTO art (artist, title, media, width, height, image, pricing_info, main_image, image_width, image_height)
	VALUES(349,
	       'lavender',
	       'oil on canvas',
	       76,
	       51,
	       'lavender',
	      'original, &pound;260',
	       0,
		650,
		436);
	     
		
INSERT INTO art_pricing(art, item_number, description, price)
	VALUES(LAST_INSERT_ID(), 'ht121', 'original', 260);

##---------------------------------------------------------------


INSERT INTO art (artist, title, media, width, height, image, pricing_info, main_image, image_width, image_height)
	VALUES(349,
	       'illuminated forest path',
	       'oil on canvas',
	       122,
	       91,
	       'illuminated-forest-path',
	      'original, &pound;1260',
	       0,
		650,
		490);
	     
		
INSERT INTO art_pricing(art, item_number, description, price)
	VALUES(LAST_INSERT_ID(), 'ht122', 'original', 1260);

##---------------------------------------------------------------


INSERT INTO art (artist, title, media, width, height, image, pricing_info, main_image, image_width, image_height)
	VALUES(349,
	       'dandelions',
	       'oil on canvas',
	       76,
	       51,
	       'dandelions',
	      'original, &pound;260',
	       0,
		650,
		437);
	     
		
INSERT INTO art_pricing(art, item_number, description, price)
	VALUES(LAST_INSERT_ID(), 'ht123', 'original', 260);

##---------------------------------------------------------------


INSERT INTO art (artist, title, media, width, height, image, pricing_info, main_image, image_width, image_height)
	VALUES(349,
	       'spring light in the forest',
	       'oil on canvas',
	       76,
	       52,
	       'spring-light-forest',
	      'original, &pound;260',
	       0,
		650,
		423);
	     
		
INSERT INTO art_pricing(art, item_number, description, price)
	VALUES(LAST_INSERT_ID(), 'ht124', 'original', 260);

##---------------------------------------------------------------

INSERT INTO art (artist, title, media, width, height, image, pricing_info, main_image, image_width, image_height)
	VALUES(349,
	       'leaving arran',
	       'oil on canvas',
	       76,
	       51,
	       'leaving-arran',
	      'original, &pound;260',
	       0,
		650,
		430);
	     
		
INSERT INTO art_pricing(art, item_number, description, price)
	VALUES(LAST_INSERT_ID(), 'ht125', 'original', 260);

##---------------------------------------------------------------

INSERT INTO art (artist, title, media, width, height, image, pricing_info, main_image, image_width, image_height)
	VALUES(349,
	       'glorious autumn',
	       'oil on canvas',
	       122,
	       91,
	       'glorious-autumn',
	      'original, &pound;1260',
	       0,
		650,
		489);
	     
		
INSERT INTO art_pricing(art, item_number, description, price)
	VALUES(LAST_INSERT_ID(), 'ht126', 'original', 1260);

##---------------------------------------------------------------

INSERT INTO art (artist, title, media, width, height, image, pricing_info, main_image, image_width, image_height)
	VALUES(349,
	       'forest glow',
	       'oil on canvas',
	       76,
	       51,
	       'forest-glow',
	      'original, &pound;260',
	       0,
		650,
		435);
	     
		
INSERT INTO art_pricing(art, item_number, description, price)
	VALUES(LAST_INSERT_ID(), 'ht127', 'original', 260);

##---------------------------------------------------------------


INSERT INTO art (artist, title, media, width, height, image, pricing_info, main_image, image_width, image_height)
	VALUES(349,
	       'fields of remembrance',
	       'oil on canvas',
	       122,
	       91,
	       'remembrance',
	      'original, &pound;900',
	       0,
		650,
		488);
	     
		
INSERT INTO art_pricing(art, item_number, description, price)
	VALUES(LAST_INSERT_ID(), 'ht128', 'original', 900);

##---------------------------------------------------------------

INSERT INTO art (artist, title, media, width, height, image, pricing_info, main_image, image_width, image_height)
	VALUES(349,
	       'autumn to winter in the wood',
	       'oil on canvas',
	       91,
	       61,
	       'autumn-to-winter',
	      'original, &pound;480',
	       0,
		650,
		436);
	     
		
INSERT INTO art_pricing(art, item_number, description, price)
	VALUES(LAST_INSERT_ID(), 'ht129', 'original', 480);

##---------------------------------------------------------------

INSERT INTO art (artist, title, media, width, height, image, pricing_info, main_image, image_width, image_height)
	VALUES(349,
	       'spectacular idyllic sunset',
	       'oil on canvas',
	       122,
	       91,
	       'spectacular',
	      'original, &pound;900',
	       0,
		650,
		487);
	     
		
INSERT INTO art_pricing(art, item_number, description, price)
	VALUES(LAST_INSERT_ID(), 'ht130', 'original', 900);

##---------------------------------------------------------------


INSERT INTO art (artist, title, media, width, height, image, pricing_info, main_image, image_width, image_height)
	VALUES(349,
	       'serene sunset',
	       'oil on canvas',
	       76,
	       51,
	       'serene-sunset',
	      'original, &pound;250',
	       0,
		650,
		433);
	     
		
INSERT INTO art_pricing(art, item_number, description, price)
	VALUES(LAST_INSERT_ID(), 'ht131', 'original', 250);

##---------------------------------------------------------------

INSERT INTO art (artist, title, media, width, height, image, pricing_info, main_image, image_width, image_height)
	VALUES(349,
	       'seasons winter time',
	       'oil on canvas',
	       61,
	       51,
	       'seasons-winter-time',
	      'original, &pound;150',
	       0,
		650,
		540);
	     
		
INSERT INTO art_pricing(art, item_number, description, price)
	VALUES(LAST_INSERT_ID(), 'ht132', 'original', 150);

##---------------------------------------------------------------

INSERT INTO art (artist, title, media, width, height, image, pricing_info, main_image, image_width, image_height)
	VALUES(349,
	       'mystical evening',
	       'oil on canvas',
	       61,
	       51,
	       'mystical-evening',
	      'original, &pound;150',
	       0,
		650,
		548);
	     
		
INSERT INTO art_pricing(art, item_number, description, price)
	VALUES(LAST_INSERT_ID(), 'ht133', 'original', 150);

##---------------------------------------------------------------


INSERT INTO art (artist, title, media, width, height, image, pricing_info, main_image, image_width, image_height)
	VALUES(349,
	       'inveroykel path',
	       'oil on canvas',
	       51,
	       61,
	       'inveroykel-path',
	      'original, &pound;150',
	       0,
		544,
		650);
	     
		
INSERT INTO art_pricing(art, item_number, description, price)
	VALUES(LAST_INSERT_ID(), 'ht134', 'original', 150);



##---------------------------------------------------------------

INSERT INTO art (artist, title, media, width, height, image, pricing_info, main_image, image_width, image_height)
	VALUES(349,
	       'winter mountain loch',
	       'oil on canvas',
	       80,
	       60,
	       'winter-mountain-loch',
	      'original, &pound;350',
	       0,
		650,
		487);
	     
		
INSERT INTO art_pricing(art, item_number, description, price)
	VALUES(LAST_INSERT_ID(), 'ht135', 'original', 350);

##---------------------------------------------------------------

INSERT INTO art (artist, title, media, width, height, image, pricing_info, main_image, image_width, image_height)
	VALUES(349,
	       'lake view',
	       'oil on canvas',
	       76,
	       51,
	       'lake-view',
	      'original, &pound;250',
	       0,
		650,
		431);
	     
		
INSERT INTO art_pricing(art, item_number, description, price)
	VALUES(LAST_INSERT_ID(), 'ht136', 'original', 250);

##---------------------------------------------------------------

INSERT INTO art (artist, title, media, width, height, image, pricing_info, main_image, image_width, image_height)
	VALUES(349,
	       'just before sundown',
	       'oil on canvas',
	       80,
	       60,
	       'just-before-sundown',
	      'original, &pound;350',
	       0,
		650,
		486);
	     
		
INSERT INTO art_pricing(art, item_number, description, price)
	VALUES(LAST_INSERT_ID(), 'ht137', 'original', 350);

##---------------------------------------------------------------

INSERT INTO art (artist, title, media, width, height, image, pricing_info, main_image, image_width, image_height)
	VALUES(349,
	       'rabbit in the grass',
	       'oil on canvas',
	       61,
	       46,
	       'rabbit-in-grass',
	      'original, &pound;125',
	       0,
		650,
		486);
	     
		
INSERT INTO art_pricing(art, item_number, description, price)
	VALUES(LAST_INSERT_ID(), 'ht138', 'original', 125);

##---------------------------------------------------------------

INSERT INTO art (artist, title, media, width, height, image, pricing_info, main_image, image_width, image_height)
	VALUES(349,
	       'jungle',
	       'oil on canvas',
	       76,
	       51,
	       'jungle',
	      'original, &pound;125',
	       0,
		650,
		430);
	     
		
INSERT INTO art_pricing(art, item_number, description, price)
	VALUES(LAST_INSERT_ID(), 'ht139', 'original', 125);

##---------------------------------------------------------------


INSERT INTO art (artist, title, media, width, height, image, pricing_info, main_image, image_width, image_height)
	VALUES(349,
	       'it&#39;s hot',
	       'oil on canvas',
	       61,
	       46,
	       'its-hot',
	      'original, &pound;125',
	       0,
		650,
		485);
	     
		
INSERT INTO art_pricing(art, item_number, description, price)
	VALUES(LAST_INSERT_ID(), 'ht140', 'original', 125);

##---------------------------------------------------------------

INSERT INTO art (artist, title, media, width, height, image, pricing_info, main_image, image_width, image_height)
	VALUES(349,
	       'who&#39;s that',
	       'oil on canvas',
	       61,
	       46,
	       'whos-that',
	      'original, &pound;125',
	       0,
		650,
		481);
	     
		
INSERT INTO art_pricing(art, item_number, description, price)
	VALUES(LAST_INSERT_ID(), 'ht141', 'original', 125);

##---------------------------------------------------------------

INSERT INTO art (artist, title, media, width, height, image, pricing_info, main_image, image_width, image_height)
	VALUES(349,
	       'it&#39;s mine',
	       'oil on canvas',
	       51,
	       61,
	       'its-mine',
	      'original, &pound;180',
	       0,
		650,
		541);
	     
		
INSERT INTO art_pricing(art, item_number, description, price)
	VALUES(LAST_INSERT_ID(), 'ht142', 'original', 180);

##---------------------------------------------------------------




INSERT INTO artist (id, name, statement, notes, display)
	VALUES(308, 'jessica a stanley',
	'<p class="artist"></p>

<p class="artist">Although born near Liverpool, Jessica Arrowsmith Stanley has recently returned from London where she worked as a freelance painter and mural artist with high profile clients such as Beyond Retro and the Underworld, Camden after receiving a Bachelor''s degree in Mixed Media Fine Art from Westminster University.</p>

<p class="artist">For the most part her works are a collision of objects, pop culture references and typography bursting with colour and movement. From her canvases to her wall pieces, Jessica''s works are lovingly hand painted in rich detail and tailor made for the client in question while retaining Jessica''s distinctive style, blending retro iconography and contemporary street art.</p>

<p class="artist"></p>',
               NULL,
	       1);

##---------------------------------------------------------------



INSERT INTO art (artist, title, media, width, height, image, pricing_info, main_image, image_width, image_height)
	VALUES(308,
	       'wall pt 3',
	       'mixed media on mdf',
	       365,
	       250,
	       'wall-pt-3',
	      'commission example',
	       0,
		650,
		433);
	     
##---------------------------------------------------------------



INSERT INTO art (artist, title, media, width, height, image, pricing_info, main_image, image_width, image_height)
	VALUES(308,
	       'underworld mural',
	       'mixed media on wall',
	       400,
	       210,
	       'underworld-mural',
	      'commission example',
	       0,
		650,
		392);
	     


##---------------------------------------------------------------



INSERT INTO art (artist, title, media, width, height, image, pricing_info, main_image, image_width, image_height)
	VALUES(308,
	       'like digital media mural',
	       'mixed media on wall',
	       300,
	       250,
	       'like-digital-media',
	      'commission example',
	       0,
		650,
		414);
	     


##---------------------------------------------------------------



INSERT INTO art (artist, title, media, width, height, image, pricing_info, main_image, image_width, image_height)
	VALUES(308,
	       'mayfly',
	       'mixed media on wall',
	       490,
	       275,
	       'mayfly',
	      'commission example',
	       1,
		650,
		414);
	     


##---------------------------------------------------------------



INSERT INTO art (artist, title, media, width, height, image, pricing_info, main_image, image_width, image_height)
	VALUES(308,
	       'spin',
	       'acrylic on canvas',
	       180,
	       120,
	       'spin',
	      'commission example',
	       0,
		650,
		435);
	     


##---------------------------------------------------------------



INSERT INTO art (artist, title, media, width, height, image, pricing_info, main_image, image_width, image_height)
	VALUES(308,
	       'ringmaster',
	       'mixed media on canvas',
	       210,
	       120,
	       'ringmaster',
	      'commission example',
	       0,
		650,
		348);
	     


##---------------------------------------------------------------



INSERT INTO art (artist, title, media, width, height, image, pricing_info, main_image, image_width, image_height)
	VALUES(308,
	       'vice',
	       'mixed media on mdf',
	       210,
	       120,
	       'vice',
	      'commission example',
	       0,
		650,
		354);
	     

##---------------------------------------------------------------	  



INSERT INTO artist (id, name, statement, notes, display, keywords)
	VALUES(350, 'stephen curtis',
		'<p class="artist"></p>	 


',
               NULL,
	       1,
          'stephen curtis, liverpool artist, landscape, painting, seascape, cheshire, canvas, oil, acrylic');
          
##---------------------------------------------------------------


INSERT INTO art (artist, title, media, width, height, image, pricing_info, main_image, image_width, image_height)
	VALUES(350,
	       'new dawn fades',
	       'acrylic on canvas',
	       101,
	       80,
	       'new-dawn-fades',
	      'original, &pound;395',
	       1,
		518,
		650);
	     
		
INSERT INTO art_pricing(art, item_number, description, price)
	VALUES(LAST_INSERT_ID(), 'sc101', 'original', 395);

##---------------------------------------------------------------


INSERT INTO art (artist, title, media, width, height, image, pricing_info, main_image, image_width, image_height)
	VALUES(350,
	       'universal',
	       'acrylic on canvas',
	       76,
	       61,
	       'universal',
	      'original, &pound;250',
	       0,
		490,
		650);
	     
		
INSERT INTO art_pricing(art, item_number, description, price)
	VALUES(LAST_INSERT_ID(), 'sc102', 'original', 250);

##---------------------------------------------------------------


INSERT INTO art (artist, title, media, width, height, image, pricing_info, main_image, image_width, image_height)
	VALUES(350,
	       'dee estuary - orange',
	       'acrylic on canvas',
	       40,
	       100,
	       'orange',
	      'original, &pound;275',
	       0,
		505,
		650);
	     
		
INSERT INTO art_pricing(art, item_number, description, price)
	VALUES(LAST_INSERT_ID(), 'sc103', 'original', 275);

##---------------------------------------------------------------


INSERT INTO art (artist, title, media, width, height, image, pricing_info, main_image, image_width, image_height)
	VALUES(350,
	       'moon above the ocean',
	       'acrylic on canvas',
	       80,
	       101,
	       'moon-above-ocean',
	      'original, &pound;295',
	       0,
		512,
		650);
	     
		
INSERT INTO art_pricing(art, item_number, description, price)
	VALUES(LAST_INSERT_ID(), 'sc104', 'original', 295);

##---------------------------------------------------------------


INSERT INTO art (artist, title, media, width, height, image, pricing_info, main_image, image_width, image_height)
	VALUES(350,
	       'little eye - girl',
	       'acrylic on canvas',
	       51,
	       40,
	       'little-eye-girl',
	      'original, &pound;150',
	       0,
		517,
		650);
	     
		
INSERT INTO art_pricing(art, item_number, description, price)
	VALUES(LAST_INSERT_ID(), 'sc105', 'original', 150);

##---------------------------------------------------------------



INSERT INTO art (artist, title, media, width, height, image, pricing_info, main_image, image_width, image_height)
	VALUES(350,
	       'little eye - summer',
	       'acrylic on canvas',
	       51,
	       40,
	       'little-eye-summer',
	      'original, &pound;150',
	       0,
		506,
		650);
	     
		
INSERT INTO art_pricing(art, item_number, description, price)
	VALUES(LAST_INSERT_ID(), 'sc106', 'original', 150);

##---------------------------------------------------------------


INSERT INTO art (artist, title, media, width, height, image, pricing_info, main_image, image_width, image_height)
	VALUES(350,
	       'pink clouds above fir trees',
	       'acrylic on canvas',
	       60,
	       90,
	       'pink-clouds',
	      'original, &pound;250',
	       0,
		650,
		488);
	     
		
INSERT INTO art_pricing(art, item_number, description, price)
	VALUES(LAST_INSERT_ID(), 'sc107', 'original', 250);

##---------------------------------------------------------------

INSERT INTO art (artist, title, media, width, height, image, pricing_info, main_image, image_width, image_height)
	VALUES(350,
	       'trees in winter',
	       'acrylic on canvas',
	       60,
	       90,
	       'trees-in-winter',
	      'original, &pound;250',
	       0,
		650,
		442);
	     
		
INSERT INTO art_pricing(art, item_number, description, price)
	VALUES(LAST_INSERT_ID(), 'sc108', 'original', 250);

##---------------------------------------------------------------


INSERT INTO art (artist, title, media, width, height, image, pricing_info, main_image, image_width, image_height)
	VALUES(350,
	       'dee estuary - silver and orange reflection',
	       'acrylic on canvas',
	       40,
	       100,
	       'silver-and-orange',
	      'original, &pound;275',
	       0,
		650,
		429);
	     
		
INSERT INTO art_pricing(art, item_number, description, price)
	VALUES(LAST_INSERT_ID(), 'sc109', 'original', 275);

##---------------------------------------------------------------


INSERT INTO art (artist, title, media, width, height, image, pricing_info, main_image, image_width, image_height)
	VALUES(350,
	       'above',
	       'acrylic on canvas',
	       80,
	       101,
	       'above',
	      'original, &pound;275',
	       0,
		495,
		650);
	     
		
INSERT INTO art_pricing(art, item_number, description, price)
	VALUES(LAST_INSERT_ID(), 'sc121', 'original', 275);

##---------------------------------------------------------------


INSERT INTO art (artist, title, media, width, height, image, pricing_info, main_image, image_width, image_height)
	VALUES(350,
	       'colwyn bay',
	       'oil on canvas',
	       61,
	       46,
	       'colwyn-bay',
	      'original, &pound;225',
	       0,
		483,
		650);
	     
		
INSERT INTO art_pricing(art, item_number, description, price)
	VALUES(LAST_INSERT_ID(), 'sc110', 'original', 225);

##---------------------------------------------------------------


INSERT INTO art (artist, title, media, width, height, image, pricing_info, main_image, image_width, image_height)
	VALUES(350,
	       'golden sun',
	       'acrylic on canvas',
	       51,
	       40,
	       'golden-sun',
	      'original, &pound;150',
	       0,
		504,
		650);
	     
		
INSERT INTO art_pricing(art, item_number, description, price)
	VALUES(LAST_INSERT_ID(), 'sc111', 'original', 150);

##--------------------------------------------------------------- 



INSERT INTO art (artist, title, media, width, height, image, pricing_info, main_image, image_width, image_height)
	VALUES(350,
	       'orange reflection - rising tide',
	       'acrylic on canvas',
	       40,
	       30,
	       'rising-tide',
	      'original, &pound;125',
	       0,
		650,
		478);
	     
		
INSERT INTO art_pricing(art, item_number, description, price)
	VALUES(LAST_INSERT_ID(), 'sc112', 'original', 125);

##--------------------------------------------------------------- 

INSERT INTO art (artist, title, media, width, height, image, pricing_info, main_image, image_width, image_height)
	VALUES(350,
	       'abstract poppyfield',
	       'acrylic on canvas',
	       61,
	       75,
	       'abstract-poppyfield',
	      'original, &pound;275',
	       0,
		650,
		500);
	     
		
INSERT INTO art_pricing(art, item_number, description, price)
	VALUES(LAST_INSERT_ID(), 'sc113', 'original', 275);

##--------------------------------------------------------------- 

INSERT INTO art (artist, title, media, width, height, image, pricing_info, main_image, image_width, image_height)
	VALUES(350,
	       'poppyfield',
	       'acrylic on canvas',
	       60,
	       90,
	       'poppyfield',
	      'original, &pound;325',
	       0,
		650,
		423);
	     
		
INSERT INTO art_pricing(art, item_number, description, price)
	VALUES(LAST_INSERT_ID(), 'sc114', 'original', 325);

##--------------------------------------------------------------- 

INSERT INTO art (artist, title, media, width, height, image, pricing_info, main_image, image_width, image_height)
	VALUES(350,
	       'harbour approach',
	       'acrylic on canvas',
	       62,
	       26,
	       'harbour-approach',
	      'original, &pound;150',
	       0,
		650,
		263);
	     
		
INSERT INTO art_pricing(art, item_number, description, price)
	VALUES(LAST_INSERT_ID(), 'sc115', 'original', 150);

##--------------------------------------------------------------- 


INSERT INTO art (artist, title, media, width, height, image, pricing_info, main_image, image_width, image_height)
	VALUES(350,
	       'drifting clouds above hilbre island',
	       'acrylic on canvas',
	       80,
	       30,
	       'drifting-clouds',
	      'original, &pound;225',
	       0,
		650,
		420);
	     
		
INSERT INTO art_pricing(art, item_number, description, price)
	VALUES(LAST_INSERT_ID(), 'sc116', 'original', 225);

##--------------------------------------------------------------- 


INSERT INTO art (artist, title, media, width, height, image, pricing_info, main_image, image_width, image_height)
	VALUES(350,
	       'dee estuary with little eye',
	       'acrylic on canvas',
	       51,
	       40,
	       'little-eye',
	      'original, &pound;275',
	       0,
		650,
		237);
	     
		
INSERT INTO art_pricing(art, item_number, description, price)
	VALUES(LAST_INSERT_ID(), 'sc117', 'original', 275);

##--------------------------------------------------------------- 


INSERT INTO art (artist, title, media, width, height, image, pricing_info, main_image, image_width, image_height)
	VALUES(350,
	       'full moon',
	       'acrylic on canvas',
	       80,
	       101,
	       'full-moon',
	      'original, &pound;295',
	       0,
		650,
		495);
	     
		
INSERT INTO art_pricing(art, item_number, description, price)
	VALUES(LAST_INSERT_ID(), 'sc118', 'original', 295);

##--------------------------------------------------------------- 



INSERT INTO art (artist, title, media, width, height, image, pricing_info, main_image, image_width, image_height)
	VALUES(350,
	       'silhouette of trees',
	       'acrylic on canvas',
	       61,
	       61,
	       'silhouette-of-trees',
	      'original, &pound;195',
	       0,
		639,
		650);
	     
		
INSERT INTO art_pricing(art, item_number, description, price)
	VALUES(LAST_INSERT_ID(), 'sc119', 'original', 195);

##--------------------------------------------------------------- 



INSERT INTO art (artist, title, media, width, height, image, pricing_info, main_image, image_width, image_height)
	VALUES(350,
	       'golden sunset in thurstaston',
	       'acrylic on canvas',
	       101,
	       80,
	       'golden-sunset',
	      'original, &pound;350',
	       0,
		650,
		510);
	     
		
INSERT INTO art_pricing(art, item_number, description, price)
	VALUES(LAST_INSERT_ID(), 'sc120', 'original', 350);

##--------------------------------------------------------------- 
   




































































































	  			
	  		
	  	
	







































	
	
	
	


